Image_ID;File;Status;Centroid;Orientation;X_0;X_1;X_2;X_3;X_4;X_5;X_6;X_7;X_8;X_9;X_10;X_11;X_12;X_13;X_14;X_15;X_16;Y_0;Y_1;Y_2;Y_3;Y_4;Y_5;Y_6;Y_7;Y_8;Y_9;Y_10;Y_11;Y_12;Y_13;Y_14;Y_15;Y_16;File_Name
00001:Ae_aegypti/K10_1_m_L.tif;/Users/kristophernolte/Downloads/Fluegelfotos_Nora/ithildin_batch_20260617_135245/Ae_aegypti__K10_1_m_L.png;Failed Repair;1065;left;0.46875;0.059375;0.04375;0.0328125;0.034375;0.08125;0.1328125;0.1953125;0.2875;0.434375;0.3453125;0.3375;0.30625;0.3046875;0.3109375;0.1984375;0.1953125;0.3625;0.371875;0.403125;0.440625;0.4875;0.528125;0.55625;0.58125;0.615625;0.503125;0.484375;0.4625;0.45625;0.4375;0.409375;0.4;0.503125;Ae_aegypti__K10_1_m_L.png
00002:Ae_aegypti/K10_3_m_R.tif;/Users/kristophernolte/Downloads/Fluegelfotos_Nora/ithildin_batch_20260617_135245/Ae_aegypti__K10_3_m_R.png;Failed Repair;1257;right;0.440625;0.9640625;0.9578125;0.9640625;0.9625;0.934375;0.934375;0.85;0.7421875;0.51875;0.6328125;0.6453125;0.6828125;0.6859375;0.671875;0.8;0.796875;0.33125;0.30625;0.384375;0.465625;0.509375;0.578125;0.584375;0.628125;0.703125;0.50625;0.496875;0.446875;0.446875;0.403125;0.359375;0.35;0.503125;Ae_aegypti__K10_3_m_R.png
00003:Ae_aegypti/K10_5_m_l.tif;/Users/kristophernolte/Downloads/Fluegelfotos_Nora/ithildin_batch_20260617_135245/Ae_aegypti__K10_5_m_l.png;Full Skeleton;1028;left;0.596875;0.06875;0.0421875;0.01875;0.0234375;0.0671875;0.1359375;0.2046875;0.3421875;0.5140625;0.4046875;0.4046875;0.359375;0.3578125;0.3640625;0.25;0.2328125;0.428125;0.38125;425;0.484375;0.540625;0.596875;0.65;0.684375;0.721875;0.5625;0.55;0.5125;0.5125;0.48125;0.446875;0.428125;0.571875;Ae_aegypti__K10_5_m_l.png
00004:Ae_aegypti/K10_6_m_L.tif;/Users/kristophernolte/Downloads/Fluegelfotos_Nora/ithildin_batch_20260617_135245/Ae_aegypti__K10_6_m_L.png;Repaired;1117;left;0.646875;0.090625;0.065625;0.0484375;0.053125;0.10625;0.1609375;0.23125;0.34375;0.5171875;0.4078125;0.4015625;0.36875;0.3703125;0.3734375;0.2359375;0.2328125;0.3625;0.309375;0.346875;0.396875;0.446875;0.50625;0.546875;0.584375;0.640625;0.496875;0.4875;0.44375;0.4375;0.403125;0.384375;0.359375;0.4875;Ae_aegypti__K10_6_m_L.png
00005:Ae_aegypti/K10_6_m_R.tif;/Users/kristophernolte/Downloads/Fluegelfotos_Nora/ithildin_batch_20260617_135245/Ae_aegypti__K10_6_m_R.png;Repaired;1090;right;0.365625;0.91875;0.9421875;0.9609375;0.959375;0.90625;0.8453125;0.7703125;0.65625;0.4734375;0.590625;0.59375;0.634375;0.6375;0.6359375;775;0.771875;0.328125;0.328125;0.36875;425;0.478125;0.528125;0.565625;0.603125;0.6375;0.48125;0.471875;0.43125;0.43125;0.403125;0.378125;0.3625;0.5;Ae_aegypti__K10_6_m_R.png
00006:Ae_aegypti/K11_1_m_L.tif;/Users/kristophernolte/Downloads/Fluegelfotos_Nora/ithildin_batch_20260617_135245/Ae_aegypti__K11_1_m_L.png;Full Skeleton;1027;left;0.571875;0.06875;0.0375;0.01875;0.0203125;0.0640625;0.1328125;0.203125;0.315625;0.4953125;0.3796875;375;0.3421875;0.3359375;0.3484375;0.2234375;0.2078125;0.346875;0.309375;0.34375;0.39375;0.45;0.509375;0.559375;0.5875;625;475;0.46875;0.434375;0.4375;0.403125;0.378125;0.353125;0.484375;Ae_aegypti__K11_1_m_L.png
00007:Ae_aegypti/K11_1_m_R.tif;/Users/kristophernolte/Downloads/Fluegelfotos_Nora/ithildin_batch_20260617_135245/Ae_aegypti__K11_1_m_R.png;Repaired;1009;right;0.3828125;0.9046875;0.9390625;0.9578125;0.953125;0.90625;0.84375;0.759375;0.64375;0.45625;0.571875;575;0.615625;0.6171875;0.6125;0.73125;0.7421875;0.365625;0.315625;0.359375;0.415625;0.46875;0.53125;0.578125;0.6125;0.659375;0.5;0.490625;0.446875;0.446875;0.415625;0.3875;0.365625;0.49375;Ae_aegypti__K11_1_m_R.png
00008:Ae_aegypti/K11_2_m_l.tif;/Users/kristophernolte/Downloads/Fluegelfotos_Nora/ithildin_batch_20260617_135245/Ae_aegypti__K11_2_m_l.png;Repaired;1095;left;0.5828125;0.0625;0.0296875;0.0140625;0.01875;0.0625;0.13125;0.203125;0.309375;0.4875;0.3796875;0.378125;0.3375;0.3375;0.3453125;0.2234375;0.209375;0.4;0.340625;0.378125;0.428125;0.48125;0.5375;575;0.61875;0.671875;525;0.50625;0.46875;0.46875;0.4375;0.409375;0.390625;0.515625;Ae_aegypti__K11_2_m_l.png
00009:Ae_aegypti/K11_3_w_L.tif;/Users/kristophernolte/Downloads/Fluegelfotos_Nora/ithildin_batch_20260617_135245/Ae_aegypti__K11_3_w_L.png;Full Skeleton;1413;left;0.56875;75;0.0484375;0.0359375;0.0421875;0.0765625;0.1296875;0.1984375;0.3078125;0.4859375;0.3828125;0.3828125;0.35625;0.3484375;0.35625;0.2609375;0.24375;0.35625;325;0.38125;0.43125;0.484375;0.521875;0.565625;0.609375;0.640625;0.48125;475;0.43125;0.434375;0.403125;0.378125;0.35;0.484375;Ae_aegypti__K11_3_w_L.png
00010:Ae_aegypti/K11_3_w_R.tif;/Users/kristophernolte/Downloads/Fluegelfotos_Nora/ithildin_batch_20260617_135245/Ae_aegypti__K11_3_w_R.png;Failed Repair;1360;right;0.396875;0.9125;0.940625;0.9546875;0.9421875;0.9140625;0.8671875;0.753125;0.6734375;0.496875;0.5875;0.5984375;0.64375;0.64375;0.628125;0.7265625;0.7328125;0.390625;0.365625;0.415625;0.4875;0.53125;0.5625;0.559375;0.584375;0.621875;0.503125;0.49375;0.459375;0.459375;0.428125;0.403125;375;0.503125;Ae_aegypti__K11_3_w_R.png
00011:Ae_aegypti/K12_1_w_R.tif;/Users/kristophernolte/Downloads/Fluegelfotos_Nora/ithildin_batch_20260617_135245/Ae_aegypti__K12_1_w_R.png;Failed Repair;1354;right;0.446875;0.940625;0.96875;0.9828125;0.9734375;0.9296875;0.865625;0.8078125;0.703125;0.5078125;0.609375;0.61875;0.653125;0.65625;0.6421875;0.7640625;0.7765625;0.346875;0.3125;0.353125;0.41875;0.46875;0.521875;0.56875;0.6;0.653125;0.4875;0.484375;0.4375;0.4375;0.40625;0.378125;0.359375;0.490625;Ae_aegypti__K12_1_w_R.png
00012:Ae_aegypti/K12_3_m_L.tif;/Users/kristophernolte/Downloads/Fluegelfotos_Nora/ithildin_batch_20260617_135245/Ae_aegypti__K12_3_m_L.png;Full Skeleton;1050;left;0.553125;0.065625;0.034375;0.01875;25;0.0734375;0.128125;0.203125;0.3078125;0.4890625;0.371875;0.3734375;0.3421875;0.3390625;0.3390625;0.234375;0.2140625;0.359375;0.31875;0.3625;0.409375;0.4625;0.5125;0.553125;0.596875;0.63125;0.4875;0.478125;0.440625;0.434375;0.40625;0.390625;0.359375;0.4875;Ae_aegypti__K12_3_m_L.png
00013:Ae_aegypti/K12_3_m_R.tif;/Users/kristophernolte/Downloads/Fluegelfotos_Nora/ithildin_batch_20260617_135245/Ae_aegypti__K12_3_m_R.png;Repaired;1044;right;0.4984375;0.928125;0.9484375;0.965625;0.9609375;0.9171875;0.8625;0.7953125;0.7015625;0.540625;0.6421875;0.64375;0.678125;0.6796875;0.6671875;0.7765625;0.7984375;0.35;0.33125;0.35625;0.409375;0.4625;0.50625;0.54375;0.571875;0.615625;0.490625;0.478125;0.44375;0.440625;0.415625;0.384375;0.36875;0.484375;Ae_aegypti__K12_3_m_R.png
00014:Ae_aegypti/K12_4_u_l.tif;/Users/kristophernolte/Downloads/Fluegelfotos_Nora/ithildin_batch_20260617_135245/Ae_aegypti__K12_4_u_l.png;Full Skeleton;1289;left;0.58125;0.0890625;0.05625;0.04375;0.046875;0.09375;0.146875;0.23125;0.3421875;0.53125;0.41875;0.4140625;0.378125;0.3765625;0.38125;0.2734375;0.253125;0.353125;0.33125;0.378125;0.428125;0.478125;0.521875;0.56875;0.6125;0.6625;0.49375;0.4875;0.44375;0.44375;0.41875;0.39375;0.36875;0.5;Ae_aegypti__K12_4_u_l.png
00015:Ae_aegypti/K12_5_w_L.tif;/Users/kristophernolte/Downloads/Fluegelfotos_Nora/ithildin_batch_20260617_135245/Ae_aegypti__K12_5_w_L.png;Repaired;1441;left;0.6234375;0.071875;0.0484375;0.0328125;0.034375;0.078125;0.1375;0.2109375;325;0.5296875;0.4140625;0.4078125;0.36875;0.3671875;0.3734375;0.271875;0.2609375;0.3875;325;0.365625;0.41875;0.478125;0.540625;0.603125;0.64375;0.703125;0.534375;525;475;0.471875;0.434375;0.40625;0.38125;0.51875;Ae_aegypti__K12_5_w_L.png
00016:Ae_aegypti/K12_5_w_R.tif;/Users/kristophernolte/Downloads/Fluegelfotos_Nora/ithildin_batch_20260617_135245/Ae_aegypti__K12_5_w_R.png;Full Skeleton;1417;right;0.390625;0.9328125;0.965625;0.9765625;0.971875;0.9234375;0.8640625;0.7890625;0.6828125;0.4734375;0.5859375;0.59375;0.6296875;0.6359375;0.6203125;0.74375;0.7421875;0.359375;0.309375;0.359375;0.41875;0.471875;0.5375;0.5875;0.6375;0.696875;0.5125;0.503125;0.45625;0.453125;0.4125;0.384375;0.35;0.50625;Ae_aegypti__K12_5_w_R.png
00017:Ae_aegypti/K13_10_w_L.tif;/Users/kristophernolte/Downloads/Fluegelfotos_Nora/ithildin_batch_20260617_135245/Ae_aegypti__K13_10_w_L.png;Full Skeleton;1354;left;0.571875;0.0640625;0.0453125;25;0.0296875;0.071875;0.14375;0.2125;0.3;0.484375;0.3765625;0.3671875;0.34375;0.3390625;0.3578125;0.2609375;0.234375;0.4125;0.371875;0.4;0.459375;0.515625;575;625;0.665625;0.715625;0.55625;0.55;0.509375;0.509375;0.465625;0.43125;0.4125;0.553125;Ae_aegypti__K13_10_w_L.png
00018:Ae_aegypti/K13_10_w_R.tif;/Users/kristophernolte/Downloads/Fluegelfotos_Nora/ithildin_batch_20260617_135245/Ae_aegypti__K13_10_w_R.png;Repaired;1390;right;0.41875;0.94375;0.971875;0.9875;0.9875;0.9453125;0.8890625;0.7921875;0.7046875;0.4953125;0.61875;0.628125;0.6578125;0.6671875;0.6390625;0.740625;0.7703125;0.39375;0.328125;0.38125;0.434375;0.490625;0.559375;0.6125;0.646875;0.709375;0.540625;0.5375;0.490625;0.49375;0.45;425;0.39375;0.53125;Ae_aegypti__K13_10_w_R.png
00019:Ae_aegypti/K13_1_w_L.tif;/Users/kristophernolte/Downloads/Fluegelfotos_Nora/ithildin_batch_20260617_135245/Ae_aegypti__K13_1_w_L.png;Full Skeleton;1353;left;0.5796875;0.1203125;0.0859375;0.06875;75;0.1171875;0.1703125;0.2484375;0.340625;0.5234375;0.4171875;0.4171875;375;0.36875;0.3859375;0.259375;0.2578125;0.378125;0.321875;0.3625;0.4125;0.459375;0.5125;0.55625;0.5875;0.6375;0.496875;0.484375;0.453125;0.453125;0.41875;0.384375;0.36875;0.490625;Ae_aegypti__K13_1_w_L.png
00020:Ae_aegypti/K13_1_w_R.tif;/Users/kristophernolte/Downloads/Fluegelfotos_Nora/ithildin_batch_20260617_135245/Ae_aegypti__K13_1_w_R.png;Repaired;1341;right;0.3984375;0.94375;0.9609375;0.9734375;0.9484375;0.9109375;0.8609375;0.7796875;0.6703125;0.4671875;0.5875;0.5875;0.6265625;0.6484375;0.61875;0.7390625;0.75;0.315625;0.3125;0.353125;0.40625;0.45;0.5;0.553125;0.590625;0.646875;0.484375;0.478125;0.4375;0.4375;0.40625;0.36875;0.35;0.478125;Ae_aegypti__K13_1_w_R.png
00021:Ae_aegypti/K13_3_m_L.tif;/Users/kristophernolte/Downloads/Fluegelfotos_Nora/ithildin_batch_20260617_135245/Ae_aegypti__K13_3_m_L.png;Failed Repair;992;left;0.5375;0.08125;0.0515625;0.0375;0.046875;0.090625;0.14375;0.33125;0.4125;0.515625;0.3640625;0.3765625;0.3421875;0.3421875;0.3578125;0.2515625;0.2328125;0.3875;0.3625;0.4;0.453125;0.50625;0.546875;0.578125;0.60625;0.634375;0.4875;0.496875;475;0.434375;0.434375;0.40625;0.39375;0.534375;Ae_aegypti__K13_3_m_L.png
00022:Ae_aegypti/K13_6_w_l.tif;/Users/kristophernolte/Downloads/Fluegelfotos_Nora/ithildin_batch_20260617_135245/Ae_aegypti__K13_6_w_l.png;Full Skeleton;1491;left;0.584375;0.065625;0.040625;0.0234375;0.028125;0.06875;0.1265625;0.203125;0.3046875;0.4953125;0.396875;0.39375;0.359375;0.3578125;0.3671875;0.253125;0.2359375;0.403125;0.34375;0.38125;0.434375;0.484375;0.534375;0.584375;625;675;0.540625;0.51875;0.48125;475;0.446875;0.4125;0.3875;0.51875;Ae_aegypti__K13_6_w_l.png
00023:Ae_aegypti/K13_7_w_L.tif;/Users/kristophernolte/Downloads/Fluegelfotos_Nora/ithildin_batch_20260617_135245/Ae_aegypti__K13_7_w_L.png;Full Skeleton;1399;left;0.59375;0.0875;0.0609375;0.0421875;0.0453125;0.090625;0.14375;0.21875;0.3265625;0.5234375;0.415625;0.40625;0.371875;0.371875;0.38125;0.2859375;0.253125;0.353125;0.315625;0.3625;0.41875;0.478125;0.528125;0.571875;0.609375;0.65625;0.490625;0.484375;0.440625;0.440625;0.409375;0.3875;0.35625;0.49375;Ae_aegypti__K13_7_w_L.png
00024:Ae_aegypti/K13_8_w_L.tif;/Users/kristophernolte/Downloads/Fluegelfotos_Nora/ithildin_batch_20260617_135245/Ae_aegypti__K13_8_w_L.png;Full Skeleton;1355;left;0.5671875;0.0578125;0.028125;0.0109375;0.0125;0.0546875;0.1171875;0.196875;0.2984375;0.496875;0.3921875;0.3859375;0.3453125;0.3421875;0.3421875;0.2390625;225;0.33125;0.315625;0.35625;0.415625;0.46875;525;0.571875;0.609375;0.64375;0.48125;0.471875;0.434375;0.43125;0.39375;375;0.346875;0.490625;Ae_aegypti__K13_8_w_L.png
00025:Ae_aegypti/K13_8_w_R.tif;/Users/kristophernolte/Downloads/Fluegelfotos_Nora/ithildin_batch_20260617_135245/Ae_aegypti__K13_8_w_R.png;Full Skeleton;1379;right;0.403125;0.940625;0.9703125;0.9890625;0.984375;0.9453125;875;0.790625;0.690625;0.4609375;0.5828125;0.5890625;0.6359375;0.6421875;625;0.7515625;0.759375;0.4;0.36875;0.409375;0.478125;0.521875;0.5875;0.6375;0.678125;0.715625;0.540625;0.540625;0.5;0.503125;0.4625;425;0.4125;0.553125;Ae_aegypti__K13_8_w_R.png
00026:Ae_aegypti/K13_9_w_L.tif;/Users/kristophernolte/Downloads/Fluegelfotos_Nora/ithildin_batch_20260617_135245/Ae_aegypti__K13_9_w_L.png;Repaired;1423;left;0.609375;0.071875;0.0421875;0.028125;0.0359375;0.078125;0.1484375;0.2140625;0.3125;0.5265625;0.4203125;0.4140625;0.38125;0.3703125;0.3875;0.284375;0.2578125;0.334375;0.334375;0.384375;0.44375;0.496875;0.54375;0.58125;0.60625;0.6625;0.496875;0.4875;0.44375;0.446875;0.40625;0.36875;0.353125;0.5;Ae_aegypti__K13_9_w_L.png
00027:Ae_aegypti/K14_2_m_L.tif;/Users/kristophernolte/Downloads/Fluegelfotos_Nora/ithildin_batch_20260617_135245/Ae_aegypti__K14_2_m_L.png;Failed Repair;1212;left;0.5609375;0.1234375;0.096875;0.846875;0.1046875;0.1671875;0.2109375;0.1953125;0.30625;0.478125;0.3703125;0.36875;0.3296875;0.3234375;0.3375;0.2203125;0.20625;0.390625;0.378125;0.421875;0.3875;0.465625;0.571875;0.628125;0.621875;675;0.51875;0.5125;475;475;0.440625;0.4;0.403125;525;Ae_aegypti__K14_2_m_L.png
00028:Ae_aegypti/K14_2_m_R.tif;/Users/kristophernolte/Downloads/Fluegelfotos_Nora/ithildin_batch_20260617_135245/Ae_aegypti__K14_2_m_R.png;Repaired;1102;right;0.446875;0.9390625;0.9671875;0.9859375;0.9828125;0.9328125;875;0.7984375;0.69375;0.51875;0.6234375;625;0.6640625;0.6640625;0.6609375;0.7703125;0.7859375;0.396875;325;0.3625;0.415625;0.471875;0.528125;0.571875;0.6125;0.65625;0.515625;0.5;0.459375;0.45625;0.428125;0.4;0.378125;0.503125;Ae_aegypti__K14_2_m_R.png
00029:Ae_aegypti/K14_3_m_L.tif;/Users/kristophernolte/Downloads/Fluegelfotos_Nora/ithildin_batch_20260617_135245/Ae_aegypti__K14_3_m_L.png;Repaired;1128;left;0.5953125;0.0875;0.0640625;0.0515625;0.0578125;0.10625;0.1609375;0.228125;0.3359375;0.4984375;0.3953125;0.39375;0.3640625;0.35625;0.3625;0.2328125;0.23125;375;0.36875;0.4;0.44375;0.503125;0.55;0.5875;0.609375;0.64375;0.503125;0.49375;0.45625;0.453125;0.43125;0.40625;0.390625;0.515625;Ae_aegypti__K14_3_m_L.png
00030:Ae_aegypti/K14_3_m_R.tif;/Users/kristophernolte/Downloads/Fluegelfotos_Nora/ithildin_batch_20260617_135245/Ae_aegypti__K14_3_m_R.png;Repaired;1117;right;0.4234375;0.9328125;0.9671875;0.9859375;0.984375;0.9328125;0.8765625;0.803125;0.69375;0.509375;0.628125;0.6296875;0.671875;0.671875;0.66875;0.7828125;0.7890625;0.36875;0.334375;0.371875;0.421875;475;0.528125;0.56875;0.596875;0.6375;0.503125;0.4875;0.453125;0.446875;0.421875;0.4;375;0.496875;Ae_aegypti__K14_3_m_R.png
00031:Ae_aegypti/K14_4_m_L.tif;/Users/kristophernolte/Downloads/Fluegelfotos_Nora/ithildin_batch_20260617_135245/Ae_aegypti__K14_4_m_L.png;Repaired;1069;left;0.5609375;0.0546875;0.028125;0.0125;0.0125;0.0671875;0.1234375;0.19375;0.3046875;0.478125;0.3796875;375;0.3546875;0.35625;0.3578125;0.2109375;0.2078125;0.378125;0.346875;0.38125;0.43125;0.490625;0.546875;0.584375;0.61875;0.65625;0.515625;0.49375;0.45625;0.446875;0.421875;0.396875;0.384375;0.51875;Ae_aegypti__K14_4_m_L.png
00032:Ae_aegypti/K14_5_w_L.tif;/Users/kristophernolte/Downloads/Fluegelfotos_Nora/ithildin_batch_20260617_135245/Ae_aegypti__K14_5_w_L.png;Failed Repair;1375;left;0.5875;0.08125;0.0515625;0.03125;0.0375;0.078125;0.1421875;0.2203125;325;0.521875;0.4078125;0.4046875;0.3703125;0.359375;0.3734375;0.259375;0.253125;0.371875;0.3;0.35;0.40625;0.4625;525;575;0.603125;0.646875;0.4625;0.46875;0.434375;0.43125;0.39375;0.390625;0.353125;0.4875;Ae_aegypti__K14_5_w_L.png
00033:Ae_aegypti/K14_5_w_R.tif;/Users/kristophernolte/Downloads/Fluegelfotos_Nora/ithildin_batch_20260617_135245/Ae_aegypti__K14_5_w_R.png;Repaired;1395;right;0.4234375;0.9140625;0.940625;0.9578125;0.95625;0.9125;0.8578125;0.78125;0.684375;0.4921875;0.596875;0.6;0.6375;0.64375;0.634375;0.734375;0.7484375;0.35625;0.3375;375;0.43125;0.48125;0.53125;0.58125;0.615625;0.65625;0.490625;0.484375;0.45;0.45;0.415625;0.3875;0.36875;0.49375;Ae_aegypti__K14_5_w_R.png
00034:Ae_aegypti/K14_6_u_L.tif;/Users/kristophernolte/Downloads/Fluegelfotos_Nora/ithildin_batch_20260617_135245/Ae_aegypti__K14_6_u_L.png;Repaired;1543;left;0.6125;0.0703125;0.0453125;0.03125;0.03125;0.0796875;0.140625;0.2234375;0.3265625;0.5328125;0.403125;0.4;0.3765625;0.36875;0.3828125;0.271875;0.2609375;0.353125;0.309375;0.353125;0.40625;0.459375;0.5125;0.5625;0.603125;0.64375;0.48125;0.478125;0.440625;0.440625;0.396875;0.3625;0.346875;0.48125;Ae_aegypti__K14_6_u_L.png
00035:Ae_aegypti/K14_6_u_R.tif;/Users/kristophernolte/Downloads/Fluegelfotos_Nora/ithildin_batch_20260617_135245/Ae_aegypti__K14_6_u_R.png;Repaired;1499;right;0.3375;0.9015625;0.9296875;0.953125;0.9515625;0.8953125;825;0.7390625;625;0.3875;0.53125;0.534375;575;0.58125;575;0.68125;0.6859375;0.34375;0.303125;0.35;0.415625;475;0.534375;0.584375;0.628125;0.68125;0.496875;0.490625;0.446875;0.440625;0.403125;0.36875;0.34375;0.49375;Ae_aegypti__K14_6_u_R.png
00036:Ae_aegypti/K19_1_u_L.tif;/Users/kristophernolte/Downloads/Fluegelfotos_Nora/ithildin_batch_20260617_135245/Ae_aegypti__K19_1_u_L.png;Repaired;1067;left;0.5796875;0.0859375;0.06875;0.05;0.0546875;0.090625;0.1546875;0.23125;0.334375;0.5171875;0.403125;0.4015625;0.3640625;0.353125;0.359375;0.2296875;0.2328125;0.359375;0.328125;0.365625;0.4125;0.4625;0.515625;0.565625;0.59375;0.6375;0.490625;0.48125;0.446875;0.446875;0.4125;0.39375;0.365625;0.496875;Ae_aegypti__K19_1_u_L.png
00037:Ae_aegypti/K19_1_u_R.tif;/Users/kristophernolte/Downloads/Fluegelfotos_Nora/ithildin_batch_20260617_135245/Ae_aegypti__K19_1_u_R.png;Failed Repair;1521;right;0.5390625;0.8859375;0.8953125;125;125;0.8921875;0.8953125;0.8109375;0.6921875;0.4828125;0.6140625;0.61875;0.65;0.6546875;0.64375;0.23125;0.728125;0.396875;0.409375;0.41875;0.384375;0.384375;0.521875;0.521875;0.578125;0.6375;0.51875;0.4875;0.453125;0.45;0.409375;0.40625;0.596875;0.453125;Ae_aegypti__K19_1_u_R.png
00038:Ae_aegypti/K19_3_w_L.tif;/Users/kristophernolte/Downloads/Fluegelfotos_Nora/ithildin_batch_20260617_135245/Ae_aegypti__K19_3_w_L.png;Repaired;1416;left;0.59375;0.0578125;0.03125;0.0109375;0.0171875;0.059375;0.115625;0.19375;0.296875;0.5015625;0.403125;0.4015625;0.3609375;0.3625;0.3734375;0.2578125;0.24375;0.309375;0.278125;0.31875;0.38125;0.440625;0.496875;0.5375;0.58125;0.63125;0.465625;0.453125;0.409375;0.403125;0.36875;0.340625;0.309375;0.45625;Ae_aegypti__K19_3_w_L.png
00039:Ae_aegypti/K20_1_m_L.tif;/Users/kristophernolte/Downloads/Fluegelfotos_Nora/ithildin_batch_20260617_135245/Ae_aegypti__K20_1_m_L.png;Full Skeleton;1013;left;0.546875;0.0453125;25;0.0109375;0.0171875;0.065625;0.1390625;0.2171875;0.328125;0.515625;0.39375;0.3921875;0.3578125;0.35625;0.359375;0.228125;0.209375;325;0.309375;0.35;0.409375;0.465625;0.521875;0.56875;0.6;0.640625;0.465625;0.4625;0.41875;0.421875;0.39375;0.365625;0.35;0.490625;Ae_aegypti__K20_1_m_L.png
00040:Ae_aegypti/K20_1_m_R.tif;/Users/kristophernolte/Downloads/Fluegelfotos_Nora/ithildin_batch_20260617_135245/Ae_aegypti__K20_1_m_R.png;Failed Repair;881;right;0.45;0.903125;0.89375;0.9125;0.9015625;0.9046875;0.8484375;0.778125;0.66875;0.4703125;0.590625;0.5921875;0.6359375;0.6421875;625;0.75625;0.778125;0.371875;0.35;0.346875;0.46875;0.521875;0.515625;0.5875;0.628125;675;0.5125;0.503125;0.465625;0.465625;0.428125;0.390625;0.38125;0.521875;Ae_aegypti__K20_1_m_R.png
00041:Ae_aegypti/K20_2_m_L.tif;/Users/kristophernolte/Downloads/Fluegelfotos_Nora/ithildin_batch_20260617_135245/Ae_aegypti__K20_2_m_L.png;Full Skeleton;1109;left;0.584375;0.0859375;0.0609375;0.04375;0.05;0.0890625;0.14375;0.2171875;0.3203125;0.4953125;0.3984375;0.3984375;0.3515625;0.35;0.3625;0.2375;0.2125;0.3625;0.31875;0.359375;0.403125;0.453125;0.50625;0.54375;0.578125;0.63125;0.50625;475;0.44375;0.440625;0.403125;0.390625;0.365625;0.4875;Ae_aegypti__K20_2_m_L.png
00042:Ae_aegypti/K20_3_w_L.tif;/Users/kristophernolte/Downloads/Fluegelfotos_Nora/ithildin_batch_20260617_135245/Ae_aegypti__K20_3_w_L.png;Full Skeleton;1323;left;0.5609375;0.078125;0.0546875;0.0359375;0.0421875;0.084375;0.140625;0.2171875;0.3171875;0.5125;0.4078125;0.40625;0.3703125;0.3640625;0.3859375;0.25625;0.240625;325;0.303125;0.3375;0.39375;0.45;0.51875;0.56875;0.609375;0.65625;0.496875;0.478125;0.4375;0.4375;0.4;0.38125;0.353125;0.490625;Ae_aegypti__K20_3_w_L.png
00043:Ae_aegypti/K20_3_w_R.tif;/Users/kristophernolte/Downloads/Fluegelfotos_Nora/ithildin_batch_20260617_135245/Ae_aegypti__K20_3_w_R.png;Repaired;1351;right;0.3984375;0.91875;0.9421875;0.959375;0.9515625;0.90625;0.85;0.7828125;675;0.4640625;575;0.5828125;0.61875;0.621875;0.60625;0.75;0.7515625;0.34375;0.3125;0.346875;0.409375;0.4625;0.528125;0.571875;0.603125;0.65;0.478125;0.471875;0.43125;0.428125;0.390625;0.3625;0.34375;0.484375;Ae_aegypti__K20_3_w_R.png
00044:Ae_aegypti/K20_4_m_L.tif;/Users/kristophernolte/Downloads/Fluegelfotos_Nora/ithildin_batch_20260617_135245/Ae_aegypti__K20_4_m_L.png;Repaired;1103;left;0.5921875;0.0703125;0.028125;0.0234375;0.0171875;0.0796875;0.14375;225;0.328125;525;0.40625;0.3984375;0.3625;0.3609375;0.36875;0.2359375;0.2328125;0.3625;0.334375;0.38125;0.428125;0.478125;0.53125;0.571875;0.60625;0.646875;0.4875;0.484375;0.446875;0.446875;0.41875;0.390625;0.36875;0.503125;Ae_aegypti__K20_4_m_L.png
00045:Ae_aegypti/K20_5_m_L.tif;/Users/kristophernolte/Downloads/Fluegelfotos_Nora/ithildin_batch_20260617_135245/Ae_aegypti__K20_5_m_L.png;Repaired;1094;left;0.559375;0.096875;0.0734375;0.0546875;0.0609375;0.1078125;0.1421875;225;0.3265625;0.5203125;0.4078125;0.4015625;0.3625;0.359375;0.3609375;0.2359375;0.228125;375;0.35;375;0.43125;0.478125;525;0.56875;0.59375;0.640625;0.496875;0.490625;0.453125;0.453125;0.421875;0.4;0.384375;0.50625;Ae_aegypti__K20_5_m_L.png
00046:Ae_aegypti/K20_5_m_R.tif;/Users/kristophernolte/Downloads/Fluegelfotos_Nora/ithildin_batch_20260617_135245/Ae_aegypti__K20_5_m_R.png;Repaired;1087;right;0.46875;0.928125;0.959375;0.978125;0.9828125;0.9375;0.8765625;0.8125;0.7125;0.5109375;0.6234375;0.6265625;0.6703125;0.6734375;0.6671875;0.7984375;0.80625;0.3625;0.3125;0.35;0.4;0.45;0.509375;0.55;0.584375;0.63125;0.484375;0.478125;0.44375;0.44375;0.4125;0.384375;0.365625;0.490625;Ae_aegypti__K20_5_m_R.png
00047:Ae_aegypti/K20_6_m_R.tif;/Users/kristophernolte/Downloads/Fluegelfotos_Nora/ithildin_batch_20260617_135245/Ae_aegypti__K20_6_m_R.png;Full Skeleton;1169;right;0.4171875;0.909375;0.9390625;0.95625;0.953125;0.9078125;0.8453125;0.7671875;0.665625;0.465625;0.5890625;0.5890625;0.63125;0.63125;0.6265625;0.7484375;0.7609375;0.409375;0.359375;0.4;0.453125;0.5;0.55;0.590625;625;0.671875;0.53125;0.515625;0.484375;0.478125;0.45;425;0.403125;0.53125;Ae_aegypti__K20_6_m_R.png
00048:Ae_aegypti/K20_7_m_L.tif;/Users/kristophernolte/Downloads/Fluegelfotos_Nora/ithildin_batch_20260617_135245/Ae_aegypti__K20_7_m_L.png;Repaired;1105;left;0.5953125;0.0875;0.0671875;0.05;0.059375;0.10625;0.1640625;0.2421875;0.346875;0.5390625;0.4296875;0.4296875;0.3953125;0.38125;0.390625;0.28125;0.259375;0.3375;0.31875;0.359375;0.415625;0.471875;0.515625;0.5625;0.584375;0.63125;0.46875;0.459375;425;0.428125;0.396875;0.371875;0.359375;0.484375;Ae_aegypti__K20_7_m_L.png
00049:Ae_aegypti/K20_7_m_R.tif;/Users/kristophernolte/Downloads/Fluegelfotos_Nora/ithildin_batch_20260617_135245/Ae_aegypti__K20_7_m_R.png;Repaired;1089;right;0.43125;0.8984375;0.9296875;0.9421875;0.9453125;0.8984375;0.840625;0.7703125;0.66875;0.48125;0.5890625;0.5890625;625;0.6328125;0.61875;0.73125;0.746875;0.359375;0.28125;0.33125;0.359375;0.415625;0.471875;0.51875;0.55625;0.603125;475;0.459375;0.428125;425;0.390625;0.359375;0.34375;0.459375;Ae_aegypti__K20_7_m_R.png
00050:Ae_aegypti/K20_8_w_L.tif;/Users/kristophernolte/Downloads/Fluegelfotos_Nora/ithildin_batch_20260617_135245/Ae_aegypti__K20_8_w_L.png;Repaired;1394;left;0.59375;0.0859375;0.0546875;0.0421875;0.046875;0.08125;0.1390625;0.21875;0.3265625;0.5265625;0.4234375;0.41875;0.3859375;0.3796875;0.3875;0.284375;0.2578125;0.340625;0.309375;0.353125;0.4125;0.459375;0.51875;0.571875;0.609375;0.65;0.478125;0.471875;0.434375;0.428125;0.4;0.371875;0.35;0.490625;Ae_aegypti__K20_8_w_L.png
00051:Ae_aegypti/K20_8_w_R.tif;/Users/kristophernolte/Downloads/Fluegelfotos_Nora/ithildin_batch_20260617_135245/Ae_aegypti__K20_8_w_R.png;Full Skeleton;1374;right;0.41875;0.9140625;0.9421875;0.9546875;0.946875;0.9046875;0.8546875;0.7765625;0.6734375;0.4625;0.56875;575;0.6171875;0.621875;0.60625;0.7171875;0.7359375;0.359375;0.31875;0.36875;0.421875;0.48125;0.53125;0.578125;0.61875;0.6625;0.490625;0.48125;0.44375;0.440625;0.409375;0.378125;0.3625;0.49375;Ae_aegypti__K20_8_w_R.png
00052:Ae_aegypti/K20_9_m_R.tif;/Users/kristophernolte/Downloads/Fluegelfotos_Nora/ithildin_batch_20260617_135245/Ae_aegypti__K20_9_m_R.png;Failed Repair;1092;right;0.4296875;0.9203125;0.94375;0.95625;0.953125;0.90625;0.85;0.7953125;0.6828125;0.5125;0.6171875;0.6203125;0.65625;0.6578125;0.64375;0.7671875;0.8;0.35625;0.35625;0.390625;0.4375;0.50625;0.55;0.58125;0.6;0.61875;0.4875;0.48125;0.44375;0.44375;0.415625;0.39375;375;0.44375;Ae_aegypti__K20_9_m_R.png
00053:Ae_aegypti/K21_1_m_L.tif;/Users/kristophernolte/Downloads/Fluegelfotos_Nora/ithildin_batch_20260617_135245/Ae_aegypti__K21_1_m_L.png;Failed Repair;1031;left;0.5484375;0.0453125;0.0234375;0.0109375;0.0171875;0.078125;0.10625;0.171875;0.284375;0.4609375;0.3671875;0.3578125;0.3234375;0.321875;0.3234375;0.221875;0.2125;0.390625;0.36875;0.409375;0.465625;0.509375;0.53125;0.58125;625;0.665625;0.521875;0.503125;475;0.471875;0.44375;425;0.403125;0.528125;Ae_aegypti__K21_1_m_L.png
00054:Ae_aegypti/K21_1_m_R.tif;/Users/kristophernolte/Downloads/Fluegelfotos_Nora/ithildin_batch_20260617_135245/Ae_aegypti__K21_1_m_R.png;Failed Repair;1078;right;0.3484375;0.94375;975;0.9859375;0.98125;0.9328125;0.86875;0.7921875;0.665625;0.4671875;575;0.578125;0.6203125;0.6265625;0.6125;0.734375;0.7546875;375;0.334375;0.38125;0.4375;0.49375;0.55625;0.609375;0.646875;0.6875;0.5125;0.496875;0.45625;0.453125;0.415625;0.40625;0.378125;0.515625;Ae_aegypti__K21_1_m_R.png
00055:Ae_aegypti/K22_10_w_L.tif;/Users/kristophernolte/Downloads/Fluegelfotos_Nora/ithildin_batch_20260617_135245/Ae_aegypti__K22_10_w_L.png;Full Skeleton;1291;left;0.60625;0.0953125;0.0671875;0.05;0.0515625;0.09375;0.1453125;0.228125;0.34375;0.5453125;0.434375;0.434375;0.3921875;0.390625;0.3984375;0.3;0.2703125;0.359375;0.303125;0.346875;0.409375;0.471875;0.53125;0.58125;0.63125;0.678125;0.496875;0.49375;0.45;0.44375;0.4125;0.3875;0.35;0.5;Ae_aegypti__K22_10_w_L.png
00056:Ae_aegypti/K22_10_w_R.tif;/Users/kristophernolte/Downloads/Fluegelfotos_Nora/ithildin_batch_20260617_135245/Ae_aegypti__K22_10_w_R.png;Repaired;1312;right;0.3296875;0.896875;0.928125;0.95;0.9484375;0.903125;0.8421875;0.75;0.6296875;0.4140625;0.53125;0.5421875;575;0.5828125;0.56875;0.68125;0.715625;0.321875;0.296875;0.35;0.4125;0.484375;0.54375;0.59375;0.64375;0.6875;0.490625;0.4875;0.4375;0.4375;0.4;0.365625;0.3375;0.503125;Ae_aegypti__K22_10_w_R.png
00057:Ae_aegypti/K22_1_m_L.tif;/Users/kristophernolte/Downloads/Fluegelfotos_Nora/ithildin_batch_20260617_135245/Ae_aegypti__K22_1_m_L.png;Repaired;1041;left;0.60625;0.0984375;0.06875;0.0515625;0.05625;0.10625;0.165625;0.246875;0.3578125;0.54375;0.434375;0.434375;0.3921875;0.3921875;0.396875;0.284375;0.26875;0.36875;0.30625;0.359375;0.409375;0.46875;0.521875;0.56875;0.609375;0.653125;0.5;0.484375;0.45;0.44375;0.415625;0.390625;0.365625;0.496875;Ae_aegypti__K22_1_m_L.png
00058:Ae_aegypti/K22_3_w_R.tif;/Users/kristophernolte/Downloads/Fluegelfotos_Nora/ithildin_batch_20260617_135245/Ae_aegypti__K22_3_w_R.png;Repaired;1318;right;0.4171875;0.9140625;0.9453125;0.9578125;0.953125;0.9171875;0.859375;0.7875;0.6921875;0.4984375;0.596875;0.5984375;0.6421875;0.6421875;0.6359375;0.75625;0.7578125;0.40625;0.328125;0.371875;425;0.471875;0.521875;0.56875;0.6;0.65;0.521875;0.5;0.46875;0.459375;0.434375;0.396875;375;0.5;Ae_aegypti__K22_3_w_R.png
00059:Ae_aegypti/K22_4_m_L.tif;/Users/kristophernolte/Downloads/Fluegelfotos_Nora/ithildin_batch_20260617_135245/Ae_aegypti__K22_4_m_L.png;Repaired;978;left;0.5875;0.0921875;0.0671875;0.05;0.05625;0.1015625;0.1609375;0.23125;0.328125;0.50625;0.40625;0.4;0.3625;0.3578125;0.3703125;0.2421875;0.24375;0.35;0.321875;0.35625;0.403125;0.459375;0.50625;0.55;575;0.615625;0.459375;0.45625;0.415625;0.415625;0.39375;0.35625;0.346875;0.471875;Ae_aegypti__K22_4_m_L.png
00060:Ae_aegypti/K22_4_m_R.tif;/Users/kristophernolte/Downloads/Fluegelfotos_Nora/ithildin_batch_20260617_135245/Ae_aegypti__K22_4_m_R.png;Failed Repair;958;right;0.4125;0.8265625;0.946875;0.9609375;0.9578125;0.9125;0.859375;0.7921875;0.684375;0.5171875;0.6078125;0.6203125;0.6515625;0.6546875;0.6484375;0.765625;0.778125;0.365625;0.3;0.371875;0.428125;475;0.528125;0.56875;0.6;0.628125;0.471875;475;0.4375;0.440625;0.415625;0.38125;0.3625;0.49375;Ae_aegypti__K22_4_m_R.png
00061:Ae_aegypti/K22_5_m_L.tif;/Users/kristophernolte/Downloads/Fluegelfotos_Nora/ithildin_batch_20260617_135245/Ae_aegypti__K22_5_m_L.png;Full Skeleton;976;left;0.5796875;0.0953125;0.0640625;0.0453125;0.0453125;0.0921875;0.1453125;0.21875;0.33125;0.509375;0.39375;0.39375;0.359375;0.3578125;0.3625;0.240625;0.2296875;0.384375;0.328125;0.365625;0.4125;0.459375;0.51875;0.5625;0.596875;0.6375;0.49375;0.4875;0.45625;0.453125;425;0.4;375;0.503125;Ae_aegypti__K22_5_m_L.png
00062:Ae_aegypti/K22_5_m_R.tif;/Users/kristophernolte/Downloads/Fluegelfotos_Nora/ithildin_batch_20260617_135245/Ae_aegypti__K22_5_m_R.png;Repaired;1000;right;0.3890625;0.8734375;0.896875;0.9109375;0.9078125;0.8640625;0.809375;0.7328125;0.640625;0.4578125;0.56875;0.5703125;0.609375;0.609375;0.60625;0.7140625;0.7375;0.35625;0.31875;0.359375;0.403125;0.453125;0.50625;0.55;0.584375;0.63125;475;0.471875;0.434375;0.43125;0.40625;0.384375;0.365625;0.490625;Ae_aegypti__K22_5_m_R.png
00063:Ae_aegypti/K22_6_w_L.tif;/Users/kristophernolte/Downloads/Fluegelfotos_Nora/ithildin_batch_20260617_135245/Ae_aegypti__K22_6_w_L.png;Full Skeleton;1315;left;0.6234375;0.0890625;0.065625;0.0484375;0.0578125;0.1015625;0.159375;0.2375;0.3453125;0.559375;425;0.4171875;0.390625;0.3890625;0.4046875;0.2953125;0.271875;0.340625;0.315625;0.359375;0.41875;475;0.53125;0.58125;0.61875;0.665625;0.4875;0.490625;0.446875;0.440625;0.40625;375;0.353125;0.49375;Ae_aegypti__K22_6_w_L.png
00064:Ae_aegypti/K22_6_w_R.tif;/Users/kristophernolte/Downloads/Fluegelfotos_Nora/ithildin_batch_20260617_135245/Ae_aegypti__K22_6_w_R.png;Full Skeleton;1297;right;0.4421875;0.9140625;0.9390625;0.9546875;0.9484375;0.9078125;0.8515625;0.7859375;0.6921875;0.5078125;0.615625;0.6171875;0.6484375;0.65625;0.65;0.7375;0.7640625;0.3625;0.31875;0.35625;0.40625;0.4625;0.509375;0.553125;0.590625;0.6375;0.49375;0.48125;0.45;0.44375;0.4125;0.39375;0.3625;0.490625;Ae_aegypti__K22_6_w_R.png
00065:Ae_aegypti/K22_7_w_L.tif;/Users/kristophernolte/Downloads/Fluegelfotos_Nora/ithildin_batch_20260617_135245/Ae_aegypti__K22_7_w_L.png;Full Skeleton;1271;left;0.6109375;0.0875;0.059375;0.0421875;0.0421875;0.0859375;0.1484375;0.221875;325;0.5234375;0.4203125;0.40625;375;0.3671875;0.3734375;0.271875;0.240625;0.346875;0.31875;0.359375;0.409375;0.465625;525;0.56875;0.6;0.640625;0.48125;475;0.440625;0.440625;0.40625;0.3875;0.3625;0.490625;Ae_aegypti__K22_7_w_L.png
00066:Ae_aegypti/K22_7_w_R.tif;/Users/kristophernolte/Downloads/Fluegelfotos_Nora/ithildin_batch_20260617_135245/Ae_aegypti__K22_7_w_R.png;Repaired;1251;right;0.4828125;0.9140625;0.940625;0.959375;0.959375;0.9140625;0.859375;0.7984375;0.7125;0.5484375;0.6359375;0.6421875;0.6671875;0.6734375;0.6609375;0.7609375;0.78125;0.390625;0.334375;0.365625;0.415625;0.459375;0.51875;0.55625;0.584375;625;0.49375;0.4875;0.453125;0.45;425;0.4;0.378125;0.4875;Ae_aegypti__K22_7_w_R.png
00067:Ae_aegypti/K22_9_w_L.tif;/Users/kristophernolte/Downloads/Fluegelfotos_Nora/ithildin_batch_20260617_135245/Ae_aegypti__K22_9_w_L.png;Repaired;1246;left;0.5953125;0.0859375;0.0671875;0.0484375;0.053125;0.096875;0.1515625;0.2265625;0.3390625;0.546875;0.4203125;0.4203125;0.3875;0.38125;0.396875;275;0.25625;0.403125;0.3375;375;0.43125;0.4875;0.540625;0.584375;0.621875;675;0.521875;0.5125;0.478125;0.471875;0.434375;0.415625;0.384375;0.51875;Ae_aegypti__K22_9_w_L.png
00068:Ae_aegypti/K22_9_w_R.tif;/Users/kristophernolte/Downloads/Fluegelfotos_Nora/ithildin_batch_20260617_135245/Ae_aegypti__K22_9_w_R.png;Failed Repair;1282;right;0.3921875;0.9109375;0.934375;0.9546875;0.9515625;0.903125;0.846875;775;0.6703125;0.46875;0.590625;0.5921875;0.6234375;0.63125;0.6171875;0.740625;0.7453125;0.371875;0.321875;0.3625;0.41875;475;0.521875;0.5625;0.596875;0.64375;0.503125;0.490625;0.446875;0.44375;0.396875;0.390625;0.365625;0.49375;Ae_aegypti__K22_9_w_R.png
00069:Ae_aegypti/K25_10_m_L.tif;/Users/kristophernolte/Downloads/Fluegelfotos_Nora/ithildin_batch_20260617_135245/Ae_aegypti__K25_10_m_L.png;Full Skeleton;994;left;0.56875;0.090625;75;0.053125;0.053125;0.1015625;0.1546875;0.21875;0.315625;0.4875;0.3921875;0.390625;0.346875;0.346875;0.3515625;0.23125;0.215625;0.3625;0.31875;0.346875;0.3875;0.446875;0.503125;0.540625;0.56875;0.6125;0.48125;0.471875;0.4375;0.43125;0.409375;0.378125;0.3625;0.48125;Ae_aegypti__K25_10_m_L.png
00070:Ae_aegypti/K25_11_m_L.tif;/Users/kristophernolte/Downloads/Fluegelfotos_Nora/ithildin_batch_20260617_135245/Ae_aegypti__K25_11_m_L.png;Full Skeleton;1160;left;0.565625;0.084375;0.059375;0.0453125;0.0515625;0.0984375;0.15625;0.228125;0.3296875;0.515625;0.4078125;0.4078125;0.3609375;0.3578125;0.359375;0.2578125;0.2390625;0.378125;0.328125;0.365625;0.415625;0.4625;0.509375;0.55;0.58125;0.63125;0.49375;0.478125;0.446875;0.4375;0.409375;0.3875;0.36875;0.4875;Ae_aegypti__K25_11_m_L.png
00071:Ae_aegypti/K25_12_m_R.tif;/Users/kristophernolte/Downloads/Fluegelfotos_Nora/ithildin_batch_20260617_135245/Ae_aegypti__K25_12_m_R.png;Repaired;1121;right;0.4546875;0.9296875;0.9671875;0.9859375;0.984375;0.9296875;0.865625;0.7890625;0.6796875;0.4703125;0.6;0.603125;0.6484375;0.65;0.6453125;0.75;0.7640625;0.36875;0.3375;0.378125;0.434375;0.496875;0.546875;0.5875;0.61875;0.6625;0.503125;0.490625;0.453125;0.45;0.421875;0.39375;0.378125;0.50625;Ae_aegypti__K25_12_m_R.png
00072:Ae_aegypti/K25_13_u_L.tif;/Users/kristophernolte/Downloads/Fluegelfotos_Nora/ithildin_batch_20260617_135245/Ae_aegypti__K25_13_u_L.png;Repaired;1353;left;0.5796875;0.0859375;0.0609375;0.0453125;0.0484375;0.0875;0.1421875;0.2328125;0.3296875;0.528125;0.3953125;0.39375;0.3640625;0.3609375;375;0.2734375;0.2609375;0.390625;0.346875;0.390625;0.45;0.50625;0.565625;0.61875;0.64375;0.6875;0.51875;0.51875;0.48125;475;0.44375;0.41875;0.390625;525;Ae_aegypti__K25_13_u_L.png
00073:Ae_aegypti/K25_13_u_R.tif;/Users/kristophernolte/Downloads/Fluegelfotos_Nora/ithildin_batch_20260617_135245/Ae_aegypti__K25_13_u_R.png;Repaired;1350;right;0.4015625;0.91875;0.9484375;0.9640625;0.9609375;0.91875;0.8578125;0.7734375;0.6671875;0.4703125;0.5921875;0.596875;0.63125;0.6328125;0.6234375;0.7265625;0.734375;0.31875;0.28125;0.33125;0.390625;0.45;0.5125;0.565625;0.6125;0.653125;0.471875;0.46875;425;0.41875;0.384375;0.35;0.321875;0.471875;Ae_aegypti__K25_13_u_R.png
00074:Ae_aegypti/K25_1_u_r.tif;/Users/kristophernolte/Downloads/Fluegelfotos_Nora/ithildin_batch_20260617_135245/Ae_aegypti__K25_1_u_r.png;Repaired;977;right;0.246875;0.89375;0.9296875;0.953125;0.9484375;0.8828125;0.8109375;0.709375;0.5796875;0.45625;0.4765625;0.4796875;0.5359375;0.5390625;0.53125;0.6859375;0.7125;0.34375;0.25;0.30625;0.365625;0.421875;0.5125;0.571875;0.615625;0.68125;0.590625;0.484375;0.434375;0.43125;0.3875;0.35625;0.321875;0.484375;Ae_aegypti__K25_1_u_r.png
00075:Ae_aegypti/K25_2_m_L.tif;/Users/kristophernolte/Downloads/Fluegelfotos_Nora/ithildin_batch_20260617_135245/Ae_aegypti__K25_2_m_L.png;Failed Repair;1120;left;0.5734375;0.1234375;0.10625;0.09375;0.1;0.14375;0.1953125;0.2640625;0.3484375;0.48125;0.40625;0.4078125;0.3671875;0.3625;0.3796875;0.26875;0.2609375;0.453125;0.35625;375;0.428125;0.471875;0.521875;0.565625;0.603125;0.65;0.546875;0.528125;0.496875;0.490625;0.45;0.44375;0.40625;0.51875;Ae_aegypti__K25_2_m_L.png
00076:Ae_aegypti/K25_2_m_R.tif;/Users/kristophernolte/Downloads/Fluegelfotos_Nora/ithildin_batch_20260617_135245/Ae_aegypti__K25_2_m_R.png;Failed Repair;1136;right;0.3921875;0.9171875;0.95;0.971875;0.971875;0.9078125;0.85625;0.7765625;0.6609375;0.50625;0.6078125;0.609375;0.646875;0.6484375;0.64375;0.7625;0.7625;0.415625;0.35;0.384375;425;0.453125;525;0.56875;0.60625;0.64375;0.5375;0.5125;475;0.471875;0.44375;0.421875;0.390625;0.50625;Ae_aegypti__K25_2_m_R.png
00077:Ae_aegypti/K25_3_m_L.tif;/Users/kristophernolte/Downloads/Fluegelfotos_Nora/ithildin_batch_20260617_135245/Ae_aegypti__K25_3_m_L.png;Full Skeleton;1092;left;0.5953125;0.0546875;0.028125;0.0109375;0.0125;0.0625;125;0.2046875;0.3171875;0.5046875;0.39375;0.3921875;0.340625;0.3390625;0.340625;0.2203125;0.2125;0.3625;0.328125;0.365625;0.415625;0.465625;0.51875;0.55625;0.5875;0.634375;0.49375;0.478125;0.440625;0.4375;0.409375;0.390625;0.365625;0.490625;Ae_aegypti__K25_3_m_L.png
00078:Ae_aegypti/K25_3_m_R.tif;/Users/kristophernolte/Downloads/Fluegelfotos_Nora/ithildin_batch_20260617_135245/Ae_aegypti__K25_3_m_R.png;Failed Repair;1070;right;0.4375;0.9078125;0.934375;0.9546875;0.9546875;0.8984375;0.8421875;0.7703125;0.6734375;0.48125;0.603125;0.60625;0.640625;0.6421875;0.63125;0.759375;0.7609375;0.396875;0.3375;0.36875;0.415625;0.46875;0.521875;0.559375;0.5875;0.634375;0.503125;0.484375;0.453125;0.45;0.415625;0.4;0.371875;0.490625;Ae_aegypti__K25_3_m_R.png
00079:Ae_aegypti/K25_4_w_R.tif;/Users/kristophernolte/Downloads/Fluegelfotos_Nora/ithildin_batch_20260617_135245/Ae_aegypti__K25_4_w_R.png;Repaired;1507;right;0.4078125;0.9453125;975;0.9875;0.984375;0.9453125;0.8921875;0.809375;0.7046875;0.4953125;0.6078125;0.6078125;0.6421875;0.64375;0.640625;0.75;0.7703125;0.328125;0.296875;0.34375;0.4;0.453125;0.5125;0.5625;0.60625;0.6625;0.484375;0.471875;425;0.421875;0.39375;0.3625;0.334375;0.48125;Ae_aegypti__K25_4_w_R.png
00080:Ae_aegypti/K25_5_m_L.tif;/Users/kristophernolte/Downloads/Fluegelfotos_Nora/ithildin_batch_20260617_135245/Ae_aegypti__K25_5_m_L.png;Repaired;1114;left;0.5921875;0.0703125;0.0359375;0.0140625;0.0171875;0.065625;0.121875;0.19375;0.315625;0.5109375;0.3875;0.3828125;0.353125;0.35;0.3640625;0.2328125;0.2125;0.415625;325;0.3625;0.40625;0.45625;0.515625;0.571875;0.609375;0.671875;0.528125;0.5125;0.48125;0.46875;0.4375;0.40625;375;0.5125;Ae_aegypti__K25_5_m_L.png
00081:Ae_aegypti/K25_5_m_R.tif;/Users/kristophernolte/Downloads/Fluegelfotos_Nora/ithildin_batch_20260617_135245/Ae_aegypti__K25_5_m_R.png;Full Skeleton;1147;right;0.4109375;0.921875;0.9515625;0.965625;0.9671875;0.9234375;0.865625;0.796875;0.6765625;0.49375;0.6046875;0.60625;0.64375;0.646875;0.6390625;0.76875;0.78125;0.378125;0.309375;0.346875;0.390625;0.44375;0.503125;0.55;0.5875;0.6375;0.503125;0.4875;0.446875;0.440625;0.415625;0.3875;0.359375;0.4875;Ae_aegypti__K25_5_m_R.png
00082:Ae_aegypti/K25_6_m_L.tif;/Users/kristophernolte/Downloads/Fluegelfotos_Nora/ithildin_batch_20260617_135245/Ae_aegypti__K25_6_m_L.png;Full Skeleton;1059;left;625;0.0765625;0.0484375;0.034375;0.0328125;0.0875;0.1484375;0.240625;0.3640625;0.5515625;0.4171875;0.4171875;0.3796875;0.378125;0.3828125;0.26875;0.265625;0.3625;0.3375;0.38125;0.44375;0.5;0.559375;0.6125;0.6375;0.66875;0.48125;0.4875;0.45;0.446875;0.421875;0.39375;375;0.5125;Ae_aegypti__K25_6_m_L.png
00083:Ae_aegypti/K25_6_m_R.tif;/Users/kristophernolte/Downloads/Fluegelfotos_Nora/ithildin_batch_20260617_135245/Ae_aegypti__K25_6_m_R.png;Repaired;1028;right;0.4234375;0.8265625;0.946875;0.965625;0.9640625;0.9171875;0.853125;0.765625;0.6671875;0.490625;0.60625;0.60625;0.64375;0.6453125;0.640625;0.7453125;0.7484375;0.353125;0.31875;0.359375;0.409375;0.45625;0.51875;0.565625;0.590625;0.628125;0.4875;0.471875;0.434375;0.43125;0.409375;375;0.3625;0.484375;Ae_aegypti__K25_6_m_R.png
00084:Ae_aegypti/K25_7_w_L.tif;/Users/kristophernolte/Downloads/Fluegelfotos_Nora/ithildin_batch_20260617_135245/Ae_aegypti__K25_7_w_L.png;Full Skeleton;1404;left;0.5578125;0.0828125;0.0578125;0.0421875;0.046875;0.09375;0.1390625;0.2296875;0.3125;0.5125;0.403125;0.403125;0.3625;0.3609375;0.3671875;0.259375;0.253125;0.39375;0.359375;0.396875;0.446875;0.503125;0.559375;0.596875;0.621875;0.671875;525;0.509375;0.478125;475;0.4375;0.41875;0.39375;0.515625;Ae_aegypti__K25_7_w_L.png
00085:Ae_aegypti/K25_7_w_R.tif;/Users/kristophernolte/Downloads/Fluegelfotos_Nora/ithildin_batch_20260617_135245/Ae_aegypti__K25_7_w_R.png;Full Skeleton;1419;right;0.3265625;0.9265625;0.95625;0.9734375;0.9609375;0.9140625;0.8484375;0.75625;0.634375;0.4;0.53125;0.5375;0.578125;0.5875;575;0.6921875;0.7109375;0.346875;325;375;0.440625;0.49375;0.553125;0.609375;0.65625;0.703125;0.5125;0.50625;0.45;0.45;0.4125;0.38125;0.35625;0.509375;Ae_aegypti__K25_7_w_R.png
00086:Ae_aegypti/K25_8_w_L.tif;/Users/kristophernolte/Downloads/Fluegelfotos_Nora/ithildin_batch_20260617_135245/Ae_aegypti__K25_8_w_L.png;Failed Repair;1166;left;0.553125;0.0546875;0.0421875;0.0203125;0.021875;0.0671875;0.1125;0.1890625;0.2921875;0.48125;0.3703125;0.3703125;0.3296875;0.3296875;0.3375;0.2265625;0.196875;0.396875;0.3375;0.36875;0.415625;0.4625;0.5125;0.55;0.5875;0.6375;0.509375;0.49375;0.4625;0.45625;0.409375;0.409375;0.38125;0.496875;Ae_aegypti__K25_8_w_L.png
00087:Ae_aegypti/K25_8_w_R.tif;/Users/kristophernolte/Downloads/Fluegelfotos_Nora/ithildin_batch_20260617_135245/Ae_aegypti__K25_8_w_R.png;Repaired;1160;right;0.4140625;0.9171875;0.9484375;0.965625;0.965625;0.921875;0.8640625;0.784375;0.68125;0.4828125;0.6046875;0.6046875;0.6515625;0.6515625;0.6484375;0.7515625;0.7828125;0.521875;0.421875;0.45625;0.5;0.559375;0.609375;0.6625;0.696875;0.759375;0.634375;0.6125;575;0.565625;0.540625;0.521875;0.4875;0.60625;Ae_aegypti__K25_8_w_R.png
00088:Ae_aegypti/K2_10_m_L.tif;/Users/kristophernolte/Downloads/Fluegelfotos_Nora/ithildin_batch_20260617_135245/Ae_aegypti__K2_10_m_L.png;Full Skeleton;1067;left;0.5875;0.0890625;0.0625;0.0453125;0.053125;0.1078125;0.165625;0.2390625;0.334375;0.528125;0.41875;0.4125;0.365625;0.365625;0.3703125;0.2546875;0.246875;0.359375;0.31875;0.3625;0.4125;0.4625;0.51875;0.56875;0.609375;0.659375;0.496875;0.484375;0.44375;0.440625;0.4125;0.384375;0.359375;0.5;Ae_aegypti__K2_10_m_L.png
00089:Ae_aegypti/K2_10_m_R.tif;/Users/kristophernolte/Downloads/Fluegelfotos_Nora/ithildin_batch_20260617_135245/Ae_aegypti__K2_10_m_R.png;Repaired;1067;right;0.4140625;0.9046875;0.93125;0.95;0.94375;0.896875;0.8375;0.76875;0.671875;0.484375;0.59375;0.5921875;0.634375;0.6390625;0.6375;0.7453125;0.759375;0.35625;0.328125;0.365625;0.415625;0.465625;0.515625;0.5625;0.6;0.646875;0.490625;0.478125;0.4375;0.434375;0.40625;0.3875;0.3625;0.49375;Ae_aegypti__K2_10_m_R.png
00090:Ae_aegypti/K2_12_w_L.tif;/Users/kristophernolte/Downloads/Fluegelfotos_Nora/ithildin_batch_20260617_135245/Ae_aegypti__K2_12_w_L.png;Repaired;1433;left;0.6375;0.0765625;0.05;0.034375;0.0390625;0.0875;0.1484375;0.2265625;0.346875;0.5640625;0.440625;0.4390625;0.39375;0.3875;0.3953125;0.278125;0.253125;0.31875;0.31875;0.365625;0.428125;0.478125;0.5375;0.5875;625;0.671875;0.4875;0.484375;0.43125;0.434375;0.39375;0.365625;0.340625;0.5;Ae_aegypti__K2_12_w_L.png
00091:Ae_aegypti/K2_12_w_R.tif;/Users/kristophernolte/Downloads/Fluegelfotos_Nora/ithildin_batch_20260617_135245/Ae_aegypti__K2_12_w_R.png;Repaired;1422;right;0.4140625;0.9171875;0.940625;0.9609375;0.95;0.9109375;0.853125;0.78125;675;0.4875;0.5875;0.5890625;0.6421875;0.646875;0.640625;0.7359375;0.7546875;0.340625;0.33125;0.378125;0.4375;0.490625;0.5375;0.58125;0.61875;0.659375;0.4875;0.484375;0.4375;0.434375;0.40625;0.378125;0.359375;0.496875;Ae_aegypti__K2_12_w_R.png
00092:Ae_aegypti/K2_13_m_L.tif;/Users/kristophernolte/Downloads/Fluegelfotos_Nora/ithildin_batch_20260617_135245/Ae_aegypti__K2_13_m_L.png;Failed Repair;1055;left;0.5828125;0.0734375;0.0484375;0.034375;0.040625;0.08125;0.1328125;0.2171875;0.30625;0.3890625;0.3890625;0.4;0.36875;0.353125;0.3578125;0.240625;0.21875;375;0.34375;0.38125;0.434375;0.484375;0.5375;0.58125;0.6125;0.64375;0.46875;0.46875;0.471875;0.459375;0.421875;0.396875;0.378125;0.515625;Ae_aegypti__K2_13_m_L.png
00093:Ae_aegypti/K2_13_m_R.tif;/Users/kristophernolte/Downloads/Fluegelfotos_Nora/ithildin_batch_20260617_135245/Ae_aegypti__K2_13_m_R.png;Repaired;1103;right;0.4140625;0.9140625;0.9375;0.9578125;0.9546875;0.909375;0.853125;0.7765625;0.6578125;0.4734375;0.5828125;0.5921875;0.6375;0.6390625;0.6375;0.75;0.7671875;0.35;0.3375;0.378125;0.428125;0.478125;0.534375;0.578125;0.609375;0.65;0.484375;0.48125;0.440625;0.44375;0.415625;0.390625;0.371875;0.509375;Ae_aegypti__K2_13_m_R.png
00094:Ae_aegypti/K2_14_m_L.tif;/Users/kristophernolte/Downloads/Fluegelfotos_Nora/ithildin_batch_20260617_135245/Ae_aegypti__K2_14_m_L.png;Full Skeleton;1124;left;0.5640625;0.0921875;0.0609375;0.046875;0.053125;0.103125;0.1578125;0.240625;0.334375;0.4953125;0.3984375;0.3984375;0.3578125;0.3578125;0.3640625;0.2515625;0.2375;375;0.328125;0.365625;0.415625;0.465625;0.5125;0.55;0.578125;0.615625;0.49375;0.471875;0.44375;0.44375;0.4125;0.384375;0.36875;0.490625;Ae_aegypti__K2_14_m_L.png
00095:Ae_aegypti/K2_15_w_L.tif;/Users/kristophernolte/Downloads/Fluegelfotos_Nora/ithildin_batch_20260617_135245/Ae_aegypti__K2_15_w_L.png;Repaired;1357;left;0.5921875;0.0828125;0.0640625;0.0453125;0.046875;0.0875;0.1453125;0.2234375;325;0.528125;0.396875;0.3953125;0.36875;0.365625;0.3796875;0.25625;0.2671875;0.3625;0.2625;0.3;0.359375;0.41875;0.478125;0.5375;0.5875;0.646875;0.4875;475;0.4375;0.43125;0.39375;0.3625;0.321875;0.465625;Ae_aegypti__K2_15_w_L.png
00096:Ae_aegypti/K2_15_w_R.tif;/Users/kristophernolte/Downloads/Fluegelfotos_Nora/ithildin_batch_20260617_135245/Ae_aegypti__K2_15_w_R.png;Failed Repair;2091;right;0.38125;0.15625;0.9078125;0.946875;0.9484375;0.909375;0.8515625;0.778125;0.68125;0.465625;0.5953125;0.596875;0.6359375;0.6828125;0.1609375;0.2453125;0.728125;0.346875;0.36875;0.321875;0.384375;0.3875;0.446875;0.503125;0.553125;0.609375;0.453125;0.440625;0.396875;0.39375;0.35;0.396875;0.396875;0.428125;Ae_aegypti__K2_15_w_R.png
00097:Ae_aegypti/K2_16_w_R.tif;/Users/kristophernolte/Downloads/Fluegelfotos_Nora/ithildin_batch_20260617_135245/Ae_aegypti__K2_16_w_R.png;Repaired;1346;right;0.4296875;0.9234375;0.95;0.9640625;0.9625;0.9234375;0.859375;0.7921875;0.6828125;0.490625;0.590625;0.5953125;0.628125;0.6296875;0.61875;0.734375;0.7578125;375;0.30625;0.34375;0.396875;0.453125;0.509375;0.565625;0.6;0.65625;0.503125;0.490625;0.45;0.446875;0.4125;0.3875;0.35625;0.490625;Ae_aegypti__K2_16_w_R.png
00098:Ae_aegypti/K2_17_w_L.tif;/Users/kristophernolte/Downloads/Fluegelfotos_Nora/ithildin_batch_20260617_135245/Ae_aegypti__K2_17_w_L.png;Failed Repair;1151;left;0.5546875;0.08125;0.06875;0.0640625;0.0578125;0.0796875;0.1203125;0.209375;0.2953125;0.4828125;0.3859375;375;0.3390625;325;0.34375;0.2390625;0.215625;0.3875;0.328125;0.36875;0.390625;0.434375;0.5;0.578125;0.609375;0.653125;0.5;0.496875;0.459375;0.459375;0.43125;0.396875;0.3875;0.5125;Ae_aegypti__K2_17_w_L.png
00099:Ae_aegypti/K2_17_w_R.tif;/Users/kristophernolte/Downloads/Fluegelfotos_Nora/ithildin_batch_20260617_135245/Ae_aegypti__K2_17_w_R.png;Repaired;1260;right;0.4015625;0.9234375;0.9546875;0.9734375;0.971875;0.940625;875;0.7921875;0.690625;0.4828125;0.5875;0.5921875;0.63125;0.6359375;625;0.746875;0.7609375;0.346875;0.303125;0.35;0.403125;0.446875;0.503125;0.5625;0.6125;0.659375;0.49375;0.478125;0.4375;0.434375;0.403125;375;0.346875;0.4875;Ae_aegypti__K2_17_w_R.png
00100:Ae_aegypti/K2_19_w_L.tif;/Users/kristophernolte/Downloads/Fluegelfotos_Nora/ithildin_batch_20260617_135245/Ae_aegypti__K2_19_w_L.png;Repaired;1380;left;0.6015625;0.065625;0.0421875;0.0296875;0.0390625;0.078125;0.13125;0.2078125;0.3265625;0.5265625;0.41875;0.4109375;0.3671875;0.3609375;0.3796875;0.2625;0.240625;0.35;0.31875;0.365625;0.421875;475;0.534375;0.584375;0.628125;0.68125;0.496875;0.490625;0.44375;0.446875;0.40625;0.371875;0.35625;0.5;Ae_aegypti__K2_19_w_L.png
00101:Ae_aegypti/K2_19_w_R.tif;/Users/kristophernolte/Downloads/Fluegelfotos_Nora/ithildin_batch_20260617_135245/Ae_aegypti__K2_19_w_R.png;Failed Repair;1395;right;0.39375;0.9125;0.9359375;0.953125;0.9453125;0.903125;0.853125;775;0.6609375;0.4734375;0.58125;0.5828125;0.61875;0.6234375;0.6125;0.728125;0.7515625;0.346875;0.31875;0.3625;425;475;0.528125;575;0.615625;0.6625;0.496875;0.490625;0.44375;0.44375;0.384375;0.38125;0.359375;0.496875;Ae_aegypti__K2_19_w_R.png
00102:Ae_aegypti/K2_1_m_L.tif;/Users/kristophernolte/Downloads/Fluegelfotos_Nora/ithildin_batch_20260617_135245/Ae_aegypti__K2_1_m_L.png;Repaired;1017;left;0.4234375;0.0921875;0.0609375;0.046875;0.0546875;0.090625;0.1578125;0.21875;0.3140625;0.4796875;0.378125;0.3765625;0.3296875;0.328125;0.3359375;0.2140625;0.2109375;0.359375;0.321875;0.3625;0.40625;0.459375;0.503125;0.54375;0.578125;0.615625;0.49375;0.46875;0.440625;0.4375;0.409375;0.384375;0.3625;0.4875;Ae_aegypti__K2_1_m_L.png
00103:Ae_aegypti/K2_1_m_R.tif;/Users/kristophernolte/Downloads/Fluegelfotos_Nora/ithildin_batch_20260617_135245/Ae_aegypti__K2_1_m_R.png;Full Skeleton;1092;right;0.4;0.8984375;0.928125;0.95;0.94375;0.9015625;0.8375;0.753125;0.6484375;475;0.584375;0.5859375;0.6328125;0.634375;0.63125;0.759375;0.759375;0.346875;325;0.3625;425;475;0.528125;575;0.60625;0.646875;0.49375;0.48125;0.446875;0.44375;0.415625;0.38125;0.365625;0.503125;Ae_aegypti__K2_1_m_R.png
00104:Ae_aegypti/K2_20_m_L.tif;/Users/kristophernolte/Downloads/Fluegelfotos_Nora/ithildin_batch_20260617_135245/Ae_aegypti__K2_20_m_L.png;Repaired;1110;left;0.6109375;0.0921875;0.065625;0.04375;0.0484375;0.09375;0.15625;0.2375;0.3328125;0.515625;0.4046875;0.40625;0.3640625;0.3625;0.3703125;0.2625;0.240625;0.4125;0.378125;0.415625;0.4625;0.509375;0.5625;0.609375;0.64375;0.690625;0.55625;0.534375;0.49375;0.490625;0.459375;0.428125;0.4125;0.540625;Ae_aegypti__K2_20_m_L.png
00105:Ae_aegypti/K2_21_m_L.tif;/Users/kristophernolte/Downloads/Fluegelfotos_Nora/ithildin_batch_20260617_135245/Ae_aegypti__K2_21_m_L.png;Repaired;1041;left;0.5703125;0.0828125;0.0578125;0.0375;0.0421875;0.0921875;0.153125;0.234375;0.340625;0.5125;0.4;0.3984375;0.3609375;0.3578125;0.3640625;0.253125;0.2421875;0.35625;0.30625;0.346875;0.396875;0.453125;0.5125;0.5625;0.6;0.640625;0.48125;0.484375;0.44375;0.44375;0.409375;0.38125;0.35625;0.4875;Ae_aegypti__K2_21_m_L.png
00106:Ae_aegypti/K2_22_w_L.tif;/Users/kristophernolte/Downloads/Fluegelfotos_Nora/ithildin_batch_20260617_135245/Ae_aegypti__K2_22_w_L.png;Full Skeleton;1399;left;0.5609375;0.0703125;0.040625;0.0328125;0.0359375;0.071875;0.1234375;0.196875;0.2828125;0.4765625;375;0.3703125;0.3390625;0.3359375;0.3453125;0.2390625;0.221875;0.3625;0.328125;0.371875;0.41875;0.465625;0.515625;0.559375;0.596875;0.65;0.496875;0.484375;0.44375;0.440625;0.40625;0.38125;0.359375;0.4875;Ae_aegypti__K2_22_w_L.png
00107:Ae_aegypti/K2_22_w_R.tif;/Users/kristophernolte/Downloads/Fluegelfotos_Nora/ithildin_batch_20260617_135245/Ae_aegypti__K2_22_w_R.png;Full Skeleton;1388;right;0.428125;0.9328125;0.9609375;0.9703125;0.965625;0.93125;0.8765625;0.8046875;0.696875;0.50625;0.6109375;0.6171875;0.6484375;0.6609375;0.646875;0.75;0.7734375;0.33125;0.34375;0.390625;0.44375;0.484375;0.54375;0.5875;0.628125;0.66875;0.46875;0.48125;0.43125;0.43125;0.4;0.371875;0.35625;0.5;Ae_aegypti__K2_22_w_R.png
00108:Ae_aegypti/K2_23_w_L.tif;/Users/kristophernolte/Downloads/Fluegelfotos_Nora/ithildin_batch_20260617_135245/Ae_aegypti__K2_23_w_L.png;Repaired;1397;left;575;0.05625;0.028125;0.009375;0.0171875;0.059375;0.1171875;0.190625;0.29375;0.48125;0.3796875;0.378125;0.3390625;0.3359375;0.3421875;0.2421875;0.215625;0.353125;0.321875;0.36875;0.43125;0.4875;0.540625;0.58125;0.615625;0.665625;0.490625;0.48125;0.440625;0.4375;0.4;0.371875;0.353125;0.496875;Ae_aegypti__K2_23_w_L.png
00109:Ae_aegypti/K2_23_w_R.tif;/Users/kristophernolte/Downloads/Fluegelfotos_Nora/ithildin_batch_20260617_135245/Ae_aegypti__K2_23_w_R.png;Repaired;1399;right;425;0.9359375;0.9640625;0.9765625;0.9671875;0.928125;0.86875;0.79375;0.7;0.503125;0.609375;0.6109375;0.6453125;0.6515625;0.6421875;0.7484375;0.7671875;0.328125;0.328125;0.378125;0.4375;0.490625;0.540625;0.584375;0.615625;0.671875;0.49375;0.4875;0.440625;0.4375;0.403125;0.38125;0.35625;0.496875;Ae_aegypti__K2_23_w_R.png
00110:Ae_aegypti/K2_24_w_R.tif;/Users/kristophernolte/Downloads/Fluegelfotos_Nora/ithildin_batch_20260617_135245/Ae_aegypti__K2_24_w_R.png;Full Skeleton;1017;right;0.49375;0.9359375;0.96875;0.9859375;0.9859375;0.9421875;0.890625;825;0.715625;0.5453125;0.6390625;0.6453125;0.6828125;0.6828125;0.66875;0.8;0.7953125;0.40625;0.334375;0.371875;0.4125;0.46875;0.528125;575;0.6125;0.65625;0.51875;0.509375;0.471875;0.471875;0.4375;0.415625;0.390625;0.5125;Ae_aegypti__K2_24_w_R.png
00111:Ae_aegypti/K2_25_w_L.tif;/Users/kristophernolte/Downloads/Fluegelfotos_Nora/ithildin_batch_20260617_135245/Ae_aegypti__K2_25_w_L.png;Failed Repair;1360;left;0.6125;0.06875;0.0390625;25;0.0265625;0.0796875;0.1359375;0.2265625;0.4484375;0.4234375;0.3421875;0.5734375;0.3859375;0.3828125;0.4;0.2796875;0.35;0.25625;0.228125;0.2875;0.340625;0.396875;0.45;0.5;0.5375;0.446875;0.4625;0.415625;0.54375;0.384375;0.315625;0.165625;0.265625;0.384375;Ae_aegypti__K2_25_w_L.png
00112:Ae_aegypti/K2_26_m_L.tif;/Users/kristophernolte/Downloads/Fluegelfotos_Nora/ithildin_batch_20260617_135245/Ae_aegypti__K2_26_m_L.png;Full Skeleton;1054;left;0.4390625;0.0515625;0.0234375;0.0125;0.015625;0.0546875;0.10625;0.171875;0.2578125;0.39375;0.30625;0.2984375;0.2734375;0.26875;0.2828125;0.1734375;0.1703125;0.378125;375;0.4125;0.45;0.490625;0.5375;0.5625;575;0.6125;0.4875;0.48125;0.44375;0.446875;0.421875;0.396875;0.390625;0.5;Ae_aegypti__K2_26_m_L.png
00113:Ae_aegypti/K2_27_m_L.tif;/Users/kristophernolte/Downloads/Fluegelfotos_Nora/ithildin_batch_20260617_135245/Ae_aegypti__K2_27_m_L.png;Full Skeleton;1075;left;0.5640625;0.059375;0.03125;0.0109375;0.0125;0.05625;0.128125;0.215625;0.31875;0.5046875;0.378125;0.378125;0.3296875;0.328125;0.3328125;0.21875;0.2140625;0.371875;0.340625;0.378125;0.434375;475;0.53125;575;0.603125;0.64375;0.50625;0.490625;0.45625;0.453125;0.421875;0.396875;375;0.50625;Ae_aegypti__K2_27_m_L.png
00114:Ae_aegypti/K2_27_m_R.tif;/Users/kristophernolte/Downloads/Fluegelfotos_Nora/ithildin_batch_20260617_135245/Ae_aegypti__K2_27_m_R.png;Repaired;1085;right;0.4984375;0.9375;0.96875;0.9859375;0.984375;0.9390625;0.884375;0.821875;0.7234375;0.5578125;0.665625;0.6671875;0.7046875;0.7078125;0.69375;0.8078125;0.809375;0.390625;0.365625;0.403125;0.446875;0.49375;0.540625;0.578125;0.60625;0.646875;0.503125;0.5;0.46875;0.46875;0.4375;0.409375;0.403125;0.5125;Ae_aegypti__K2_27_m_R.png
00115:Ae_aegypti/K2_28_w_L.tif;/Users/kristophernolte/Downloads/Fluegelfotos_Nora/ithildin_batch_20260617_135245/Ae_aegypti__K2_28_w_L.png;Repaired;1406;left;0.6;0.0828125;0.059375;0.0421875;0.05;0.09375;0.1484375;0.2328125;0.3265625;0.5125;0.4109375;0.4078125;0.371875;0.3703125;0.378125;275;0.2703125;0.346875;0.328125;0.371875;0.428125;0.48125;0.528125;575;0.609375;0.646875;0.484375;0.48125;0.446875;0.44375;0.409375;0.378125;0.365625;0.49375;Ae_aegypti__K2_28_w_L.png
00116:Ae_aegypti/K2_28_w_R.tif;/Users/kristophernolte/Downloads/Fluegelfotos_Nora/ithildin_batch_20260617_135245/Ae_aegypti__K2_28_w_R.png;Full Skeleton;1417;right;0.4734375;0.921875;0.9484375;0.9640625;0.9609375;925;0.8734375;0.7984375;0.715625;0.5328125;0.6265625;0.628125;0.6703125;675;0.6625;0.759375;0.76875;0.390625;0.35;0.3875;0.434375;0.48125;0.53125;0.571875;0.603125;0.640625;0.509375;0.49375;0.465625;0.465625;0.43125;0.403125;0.390625;0.503125;Ae_aegypti__K2_28_w_R.png
00117:Ae_aegypti/K2_29_w_L.tif;/Users/kristophernolte/Downloads/Fluegelfotos_Nora/ithildin_batch_20260617_135245/Ae_aegypti__K2_29_w_L.png;Repaired;1449;left;0.5734375;0.05625;0.028125;0.0125;0.0140625;0.0546875;0.1171875;0.2;0.2984375;0.4921875;0.384375;0.384375;0.3421875;0.3390625;0.346875;0.2265625;0.2109375;0.353125;0.334375;375;0.421875;0.478125;0.528125;575;0.603125;0.646875;0.496875;0.484375;0.44375;0.440625;0.403125;0.378125;0.359375;0.496875;Ae_aegypti__K2_29_w_L.png
00118:Ae_aegypti/K2_2_m_l.tif;/Users/kristophernolte/Downloads/Fluegelfotos_Nora/ithildin_batch_20260617_135245/Ae_aegypti__K2_2_m_l.png;Failed Repair;1017;left;0.6046875;0.1125;0.0734375;0.053125;0.0578125;0.1046875;0.171875;0.253125;0.365625;0.534375;0.43125;0.43125;0.3859375;0.3859375;0.3984375;0.265625;0.265625;0.396875;0.3;0.35625;0.40625;0.4625;0.51875;0.5625;0.5875;0.63125;0.484375;0.4625;0.421875;0.421875;0.378125;0.36875;0.35;0.478125;Ae_aegypti__K2_2_m_l.png
00119:Ae_aegypti/K2_30_w_L.tif;/Users/kristophernolte/Downloads/Fluegelfotos_Nora/ithildin_batch_20260617_135245/Ae_aegypti__K2_30_w_L.png;Repaired;1378;left;0.5671875;0.05625;0.0234375;0.0140625;0.0171875;0.05625;0.11875;0.1890625;0.296875;0.4859375;0.3796875;0.3796875;0.3421875;0.33125;0.3453125;0.24375;0.228125;0.346875;0.31875;0.365625;425;0.478125;525;0.56875;0.609375;0.65;0.484375;475;0.43125;0.43125;0.390625;0.3625;0.346875;0.4875;Ae_aegypti__K2_30_w_L.png
00120:Ae_aegypti/K2_3_w_L.tif;/Users/kristophernolte/Downloads/Fluegelfotos_Nora/ithildin_batch_20260617_135245/Ae_aegypti__K2_3_w_L.png;Repaired;1361;left;0.61875;0.084375;0.0625;0.04375;0.05;0.0953125;0.153125;0.2359375;0.340625;0.521875;0.43125;0.43125;0.3875;0.3828125;0.4;0.2671875;0.25;0.36875;0.365625;0.409375;0.465625;0.53125;0.578125;0.621875;0.653125;0.69375;0.515625;0.5125;0.471875;0.46875;0.440625;0.403125;0.384375;0.54375;Ae_aegypti__K2_3_w_L.png
00121:Ae_aegypti/K2_3_w_R.tif;/Users/kristophernolte/Downloads/Fluegelfotos_Nora/ithildin_batch_20260617_135245/Ae_aegypti__K2_3_w_R.png;Full Skeleton;1370;right;0.38125;0.8984375;0.9328125;0.946875;0.9390625;0.8984375;0.846875;775;0.659375;0.4796875;0.590625;0.5890625;0.6140625;0.61875;0.6;0.734375;0.74375;0.434375;0.35;0.396875;0.453125;0.509375;0.5625;0.6125;0.653125;0.696875;0.553125;0.53125;0.5;0.490625;0.459375;0.434375;0.403125;0.54375;Ae_aegypti__K2_3_w_R.png
00122:Ae_aegypti/K2_4_m_L.tif;/Users/kristophernolte/Downloads/Fluegelfotos_Nora/ithildin_batch_20260617_135245/Ae_aegypti__K2_4_m_L.png;Repaired;1013;left;0.5265625;0.096875;0.0640625;0.0484375;0.0515625;0.090625;0.14375;0.2171875;0.3140625;0.4859375;0.3859375;0.38125;0.3421875;0.3375;0.3484375;0.2265625;0.2234375;0.359375;0.33125;0.36875;0.409375;0.4625;0.51875;0.559375;0.596875;0.6375;0.50625;0.49375;0.45625;0.45625;425;0.4;375;0.49375;Ae_aegypti__K2_4_m_L.png
00123:Ae_aegypti/K2_4_m_R.tif;/Users/kristophernolte/Downloads/Fluegelfotos_Nora/ithildin_batch_20260617_135245/Ae_aegypti__K2_4_m_R.png;Repaired;1025;right;0.5078125;0.9234375;0.934375;0.95;0.946875;0.9109375;0.8609375;0.7953125;0.7125;0.553125;0.6453125;0.65;0.6828125;0.684375;0.6765625;0.796875;0.803125;0.446875;375;0.396875;0.434375;0.48125;0.534375;0.565625;0.6;0.646875;0.546875;525;0.490625;0.4875;0.465625;0.4375;0.409375;0.521875;Ae_aegypti__K2_4_m_R.png
00124:Ae_aegypti/K2_5_m_L.tif;/Users/kristophernolte/Downloads/Fluegelfotos_Nora/ithildin_batch_20260617_135245/Ae_aegypti__K2_5_m_L.png;Failed Repair;1236;left;0.5984375;0.0625;0.05;0.0390625;0.0390625;0.0875;0.14375;0.21875;0.321875;0.5125;0.36875;0.3640625;0.3171875;0.6078125;0.3359375;0.2328125;0.2359375;0.309375;0.2625;0.284375;0.315625;0.3625;0.421875;475;0.51875;0.565625;0.45;0.428125;375;0.378125;0.428125;0.334375;0.3125;0.421875;Ae_aegypti__K2_5_m_L.png
00125:Ae_aegypti/K2_5_m_R.tif;/Users/kristophernolte/Downloads/Fluegelfotos_Nora/ithildin_batch_20260617_135245/Ae_aegypti__K2_5_m_R.png;Repaired;1123;right;0.3734375;0.9125;0.934375;0.95;0.9390625;0.890625;0.8265625;0.746875;0.6359375;0.45;0.5671875;0.56875;0.6109375;0.6140625;0.6078125;0.7328125;0.746875;375;0.328125;0.3625;0.415625;0.46875;525;0.56875;0.609375;0.65;0.484375;0.48125;0.45;0.45;0.4125;0.38125;0.3625;0.5;Ae_aegypti__K2_5_m_R.png
00126:Ae_aegypti/K2_6_w_L.tif;/Users/kristophernolte/Downloads/Fluegelfotos_Nora/ithildin_batch_20260617_135245/Ae_aegypti__K2_6_w_L.png;Repaired;1465;left;0.5765625;0.0859375;0.05625;0.0359375;0.040625;0.0703125;0.1296875;0.2015625;0.296875;0.5125;0.40625;0.4046875;0.3671875;0.3640625;0.378125;0.2671875;0.240625;375;275;0.309375;0.359375;0.4125;0.465625;525;0.56875;0.61875;0.490625;0.478125;0.440625;0.434375;0.396875;0.371875;0.346875;0.465625;Ae_aegypti__K2_6_w_L.png
00127:Ae_aegypti/K2_6_w_R.tif;/Users/kristophernolte/Downloads/Fluegelfotos_Nora/ithildin_batch_20260617_135245/Ae_aegypti__K2_6_w_R.png;Repaired;1478;right;0.41875;0.9265625;0.9515625;0.9671875;0.9625;0.921875;0.865625;0.79375;0.6984375;0.4921875;0.5796875;0.5828125;625;0.6375;0.628125;0.7359375;0.746875;0.33125;0.3125;0.35;0.40625;0.45625;0.509375;0.559375;0.59375;0.634375;475;0.465625;0.434375;0.43125;0.390625;0.371875;0.35;0.478125;Ae_aegypti__K2_6_w_R.png
00128:Ae_aegypti/K2_7_m_L.tif;/Users/kristophernolte/Downloads/Fluegelfotos_Nora/ithildin_batch_20260617_135245/Ae_aegypti__K2_7_m_L.png;Failed Repair;1106;left;0.559375;0.0703125;0.0546875;0.0375;0.0421875;0.090625;0.1375;0.21875;0.2984375;0.4734375;0.36875;0.3640625;0.3265625;325;0.3328125;0.209375;0.196875;0.33125;0.303125;0.35;0.396875;0.446875;0.490625;525;0.53125;0.590625;0.453125;0.446875;0.40625;0.409375;0.38125;0.359375;0.34375;0.465625;Ae_aegypti__K2_7_m_L.png
00129:Ae_aegypti/K2_8_m_L.tif;/Users/kristophernolte/Downloads/Fluegelfotos_Nora/ithildin_batch_20260617_135245/Ae_aegypti__K2_8_m_L.png;Repaired;1115;left;0.5859375;0.0765625;0.0453125;25;0.03125;75;0.1328125;0.2109375;0.3140625;0.5078125;0.3890625;0.3890625;0.346875;0.3453125;0.3546875;0.2421875;0.2265625;0.4;0.359375;0.39375;0.4375;0.49375;0.540625;0.584375;0.61875;0.6625;0.51875;0.50625;0.471875;475;0.434375;0.40625;0.3875;0.515625;Ae_aegypti__K2_8_m_L.png
00130:Ae_aegypti/K3_1_w_L.tif;/Users/kristophernolte/Downloads/Fluegelfotos_Nora/ithildin_batch_20260617_135245/Ae_aegypti__K3_1_w_L.png;Repaired;1329;left;0.5609375;0.0578125;0.034375;0.01875;25;0.0625;0.121875;0.1953125;0.3078125;0.4890625;0.3796875;0.3703125;0.3359375;0.3359375;0.3453125;0.2390625;0.2296875;375;325;0.36875;0.43125;0.484375;0.5375;0.5875;625;0.66875;0.5;0.496875;0.459375;0.45625;0.421875;0.390625;0.371875;0.50625;Ae_aegypti__K3_1_w_L.png
00131:Ae_aegypti/K3_2_m_L.tif;/Users/kristophernolte/Downloads/Fluegelfotos_Nora/ithildin_batch_20260617_135245/Ae_aegypti__K3_2_m_L.png;Repaired;1042;left;0.53125;0.065625;0.0328125;0.0140625;0.0140625;0.0640625;0.1203125;0.203125;0.296875;0.4765625;0.3640625;0.3640625;0.3296875;0.3265625;0.334375;0.240625;0.2125;0.428125;0.365625;0.403125;0.45;0.496875;0.559375;0.603125;0.640625;0.684375;0.540625;0.528125;0.5;0.496875;0.465625;0.4375;0.4125;0.540625;Ae_aegypti__K3_2_m_L.png
00132:Ae_aegypti/K3_2_m_R.tif;/Users/kristophernolte/Downloads/Fluegelfotos_Nora/ithildin_batch_20260617_135245/Ae_aegypti__K3_2_m_R.png;Repaired;1072;right;0.4265625;0.94375;0.9671875;0.9859375;0.9828125;0.9359375;0.8734375;0.796875;0.6890625;0.490625;0.6171875;0.61875;0.65625;0.6578125;0.6546875;0.76875;0.7765625;0.315625;0.26875;0.309375;0.35625;0.4125;0.465625;0.5125;0.55;0.59375;0.446875;0.4375;0.396875;0.39375;0.365625;0.340625;0.315625;0.440625;Ae_aegypti__K3_2_m_R.png
00133:Ae_aegypti/K3_3_m_L.tif;/Users/kristophernolte/Downloads/Fluegelfotos_Nora/ithildin_batch_20260617_135245/Ae_aegypti__K3_3_m_L.png;Full Skeleton;1343;left;0.771875;0.1078125;25;0.0109375;0.01875;0.0625;0.1171875;0.1765625;0.2734375;0.45;0.3390625;0.3390625;0.3078125;0.3046875;0.3390625;0.2015625;0.1875;0.45625;0.346875;0.3875;0.421875;0.4625;0.515625;0.546875;0.584375;625;0.515625;0.49375;0.465625;0.4625;0.428125;0.415625;0.38125;0.49375;Ae_aegypti__K3_3_m_L.png
00134:Ae_aegypti/K3_5_w_L.tif;/Users/kristophernolte/Downloads/Fluegelfotos_Nora/ithildin_batch_20260617_135245/Ae_aegypti__K3_5_w_L.png;Repaired;1373;left;0.59375;0.0578125;0.028125;0.0125;0.015625;0.0609375;0.1265625;0.1984375;0.29375;0.5125;0.3890625;0.3890625;0.3484375;0.3453125;0.3640625;0.2328125;0.2203125;0.390625;0.340625;0.384375;0.434375;0.49375;0.55;0.60625;0.640625;0.6875;0.54375;0.515625;475;0.471875;0.43125;0.409375;0.38125;0.528125;Ae_aegypti__K3_5_w_L.png
00135:Ae_aegypti/K3_5_w_R.tif;/Users/kristophernolte/Downloads/Fluegelfotos_Nora/ithildin_batch_20260617_135245/Ae_aegypti__K3_5_w_R.png;Repaired;1368;right;0.3453125;0.915625;0.9453125;0.9640625;0.9578125;0.909375;0.8421875;0.765625;0.6515625;0.428125;0.55;0.5546875;0.60625;0.6078125;0.5984375;0.7375;0.73125;0.384375;0.321875;0.365625;0.43125;0.490625;0.546875;0.603125;0.640625;0.66875;0.521875;0.503125;0.465625;0.465625;425;0.4;0.365625;0.509375;Ae_aegypti__K3_5_w_R.png
00136:Ae_aegypti/K3_6_m_L.tif;/Users/kristophernolte/Downloads/Fluegelfotos_Nora/ithildin_batch_20260617_135245/Ae_aegypti__K3_6_m_L.png;Full Skeleton;1041;left;0.546875;0.09375;0.0640625;0.0390625;0.046875;0.0953125;0.1453125;0.2234375;325;0.5203125;0.3984375;0.396875;0.3546875;0.3515625;0.35625;0.2515625;0.228125;0.35;0.315625;0.353125;0.4125;0.45625;0.51875;0.559375;0.590625;0.634375;0.48125;475;0.4375;0.440625;0.40625;0.38125;0.365625;0.49375;Ae_aegypti__K3_6_m_L.png
00137:Ae_aegypti/K3_6_m_R.tif;/Users/kristophernolte/Downloads/Fluegelfotos_Nora/ithildin_batch_20260617_135245/Ae_aegypti__K3_6_m_R.png;Full Skeleton;1076;right;0.4328125;0.940625;0.9546875;975;975;0.9234375;0.865625;0.7859375;0.68125;0.48125;0.6;0.6109375;0.6515625;0.6546875;0.6515625;0.7515625;0.784375;0.35;325;0.35625;0.40625;0.4625;0.521875;0.565625;0.609375;0.65625;0.490625;0.48125;0.440625;0.44375;0.409375;0.384375;0.36875;0.5;Ae_aegypti__K3_6_m_R.png
00138:Ae_aegypti/K3_7_m_L.tif;/Users/kristophernolte/Downloads/Fluegelfotos_Nora/ithildin_batch_20260617_135245/Ae_aegypti__K3_7_m_L.png;Full Skeleton;1121;left;0.534375;0.096875;0.0703125;0.0515625;0.0515625;0.0953125;0.14375;0.2203125;0.3015625;0.4703125;0.365625;0.3671875;0.3328125;0.3328125;0.3375;0.246875;225;0.415625;0.35625;0.390625;0.434375;0.48125;0.53125;575;0.6125;0.6625;0.55;0.515625;0.478125;0.478125;0.45;425;0.40625;0.51875;Ae_aegypti__K3_7_m_L.png
00139:Ae_aegypti/K3_7_m_R.tif;/Users/kristophernolte/Downloads/Fluegelfotos_Nora/ithildin_batch_20260617_135245/Ae_aegypti__K3_7_m_R.png;Repaired;1131;right;0.4390625;0.91875;0.9546875;0.96875;0.9625;0.9171875;0.859375;0.7875;0.69375;0.5109375;0.628125;0.628125;0.6640625;0.665625;0.6640625;0.765625;0.7796875;0.3625;0.33125;0.365625;0.415625;0.465625;0.521875;0.565625;0.60625;0.65;0.490625;0.484375;0.44375;0.446875;0.415625;0.390625;0.36875;0.5;Ae_aegypti__K3_7_m_R.png
00140:Ae_aegypti/K4_5_w_L.tif;/Users/kristophernolte/Downloads/Fluegelfotos_Nora/ithildin_batch_20260617_135245/Ae_aegypti__K4_5_w_L.png;Full Skeleton;1444;left;0.5921875;0.0765625;0.0515625;0.0359375;0.0421875;0.078125;0.1375;0.203125;0.3109375;0.509375;0.4203125;0.4125;0.3734375;0.3703125;0.378125;0.25;0.234375;0.371875;0.340625;0.378125;0.43125;0.484375;0.5375;0.58125;0.6125;675;0.515625;0.5;0.453125;0.453125;0.421875;0.396875;375;0.5125;Ae_aegypti__K4_5_w_L.png
00141:Ae_aegypti/K4_5_w_R.tif;/Users/kristophernolte/Downloads/Fluegelfotos_Nora/ithildin_batch_20260617_135245/Ae_aegypti__K4_5_w_R.png;Repaired;1407;right;0.3734375;0.93125;0.96875;0.978125;0.9734375;0.9296875;0.871875;0.7921875;0.671875;0.421875;0.5671875;0.5765625;0.6015625;0.6125;0.5984375;0.7453125;0.75625;0.353125;0.309375;0.365625;425;0.4875;0.55;0.609375;0.65;0.71875;0.515625;0.51875;0.4625;0.465625;0.41875;0.378125;0.3625;0.521875;Ae_aegypti__K4_5_w_R.png
00142:Ae_aegypti/K5_1_m_l.tif;/Users/kristophernolte/Downloads/Fluegelfotos_Nora/ithildin_batch_20260617_135245/Ae_aegypti__K5_1_m_l.png;Failed Repair;1012;left;0.5765625;0.0984375;0.065625;0.05;0.05;75;0.134375;0.2046875;0.30625;0.4921875;0.38125;0.371875;0.3390625;0.334375;0.3484375;0.228125;0.228125;0.4;0.378125;0.409375;0.459375;0.459375;0.515625;0.571875;0.6125;0.659375;0.51875;0.503125;0.459375;0.459375;0.421875;0.415625;0.3875;0.50625;Ae_aegypti__K5_1_m_l.png
00143:Ae_aegypti/K5_2_w_R.tif;/Users/kristophernolte/Downloads/Fluegelfotos_Nora/ithildin_batch_20260617_135245/Ae_aegypti__K5_2_w_R.png;Repaired;1303;right;0.4328125;0.9125;0.9359375;0.9546875;0.95;0.9125;0.8609375;0.78125;0.6765625;0.496875;0.6109375;0.6203125;0.6453125;0.6515625;0.646875;0.7390625;0.7734375;0.35;0.31875;0.359375;0.415625;0.471875;525;0.571875;0.60625;0.659375;0.4875;0.484375;0.44375;0.44375;0.4125;0.3875;0.365625;0.5;Ae_aegypti__K5_2_w_R.png
00144:Ae_aegypti/K5_3_m_L.tif;/Users/kristophernolte/Downloads/Fluegelfotos_Nora/ithildin_batch_20260617_135245/Ae_aegypti__K5_3_m_L.png;Repaired;1020;left;0.6296875;0.10625;0.0765625;0.0578125;0.0609375;0.115625;0.1875;0.2734375;0.38125;0.5890625;0.4609375;0.4609375;0.421875;0.4203125;0.4265625;0.2984375;0.2875;0.35625;0.315625;0.365625;0.41875;0.48125;0.54375;0.5875;0.621875;0.6625;0.50625;0.48125;0.440625;0.43125;0.40625;0.378125;0.353125;0.49375;Ae_aegypti__K5_3_m_L.png
00145:Ae_aegypti/K5_4_m_L.tif;/Users/kristophernolte/Downloads/Fluegelfotos_Nora/ithildin_batch_20260617_135245/Ae_aegypti__K5_4_m_L.png;Repaired;1119;left;0.5234375;0.0609375;25;0.015625;0.0140625;0.05625;0.1203125;0.1859375;0.26875;0.44375;0.3390625;0.3375;0.2984375;0.2953125;0.3125;0.196875;0.190625;0.38125;0.3375;0.38125;425;0.471875;0.51875;0.55625;0.5875;625;0.503125;0.478125;0.446875;0.45;0.41875;0.39375;0.378125;0.496875;Ae_aegypti__K5_4_m_L.png
00146:Ae_aegypti/K5_4_m_R.tif;/Users/kristophernolte/Downloads/Fluegelfotos_Nora/ithildin_batch_20260617_135245/Ae_aegypti__K5_4_m_R.png;Failed Repair;1069;right;0.4671875;0.940625;0.96875;0.9859375;0.9859375;0.9125;0.8703125;0.8109375;0.7265625;0.55625;0.6578125;0.659375;0.69375;0.6984375;0.69375;0.7953125;0.8046875;0.3875;0.353125;0.3875;0.434375;0.48125;0.515625;0.565625;0.603125;0.646875;0.50625;0.49375;0.459375;0.4625;0.43125;0.409375;0.3875;0.50625;Ae_aegypti__K5_4_m_R.png
00147:Ae_aegypti/K5_5_w_L.tif;/Users/kristophernolte/Downloads/Fluegelfotos_Nora/ithildin_batch_20260617_135245/Ae_aegypti__K5_5_w_L.png;Repaired;1403;left;0.5578125;0.08125;0.053125;0.040625;0.0484375;0.0859375;0.1390625;0.209375;0.3046875;0.4953125;0.390625;0.390625;0.3484375;0.3421875;0.353125;0.2359375;0.2171875;0.3625;0.3375;0.378125;0.421875;0.478125;0.521875;0.5625;0.59375;0.634375;0.4875;0.48125;0.440625;0.440625;0.4125;0.384375;0.36875;0.49375;Ae_aegypti__K5_5_w_L.png
00148:Ae_aegypti/K5_5_w_R.tif;/Users/kristophernolte/Downloads/Fluegelfotos_Nora/ithildin_batch_20260617_135245/Ae_aegypti__K5_5_w_R.png;Full Skeleton;1405;right;0.3765625;0.9046875;0.9359375;0.9546875;0.946875;0.903125;0.840625;0.7578125;0.6484375;0.4375;0.5578125;0.559375;0.5984375;0.6046875;0.5890625;0.721875;0.7421875;0.340625;325;0.371875;425;0.484375;0.540625;0.5875;0.615625;0.6625;0.4875;0.48125;0.440625;0.440625;0.40625;0.36875;0.359375;0.5;Ae_aegypti__K5_5_w_R.png
00149:Ae_aegypti/K5_6_w_L.tif;/Users/kristophernolte/Downloads/Fluegelfotos_Nora/ithildin_batch_20260617_135245/Ae_aegypti__K5_6_w_L.png;Repaired;1423;left;0.5859375;0.08125;0.05625;0.0421875;0.05;0.09375;0.1484375;225;0.3296875;0.49375;0.396875;0.3953125;0.365625;0.3625;0.371875;0.24375;0.2546875;0.35;0.340625;0.3875;0.440625;0.49375;0.54375;0.584375;0.6125;0.646875;0.490625;0.484375;0.446875;0.446875;0.4125;0.38125;0.36875;0.5;Ae_aegypti__K5_6_w_L.png
00150:Ae_aegypti/K5_6_w_R.tif;/Users/kristophernolte/Downloads/Fluegelfotos_Nora/ithildin_batch_20260617_135245/Ae_aegypti__K5_6_w_R.png;Full Skeleton;1437;right;0.4046875;0.9328125;0.9609375;0.9703125;0.9609375;0.9203125;0.8640625;0.784375;675;0.49375;0.5984375;0.6;0.6359375;0.6359375;0.6171875;0.7515625;0.75;0.36875;0.328125;0.378125;0.4375;0.490625;0.546875;0.59375;0.628125;0.678125;0.5125;0.50625;0.4625;0.459375;425;0.384375;0.3625;0.50625;Ae_aegypti__K5_6_w_R.png
00151:Ae_aegypti/K5_7_w_L.tif;/Users/kristophernolte/Downloads/Fluegelfotos_Nora/ithildin_batch_20260617_135245/Ae_aegypti__K5_7_w_L.png;Full Skeleton;1475;left;0.6609375;0.08125;0.0609375;0.0390625;0.0453125;0.0890625;0.1484375;0.234375;0.3515625;575;0.4578125;0.4421875;0.4015625;0.3984375;0.4078125;0.2921875;0.259375;0.33125;0.315625;0.35625;0.415625;0.478125;0.540625;0.584375;0.621875;0.671875;0.484375;0.478125;0.434375;0.434375;0.403125;0.36875;0.35;0.503125;Ae_aegypti__K5_7_w_L.png
00152:Ae_aegypti/K5_7_w_R.tif;/Users/kristophernolte/Downloads/Fluegelfotos_Nora/ithildin_batch_20260617_135245/Ae_aegypti__K5_7_w_R.png;Full Skeleton;1453;right;0.4640625;0.9296875;0.95625;0.96875;0.959375;0.93125;0.8796875;0.8125;0.721875;0.5296875;0.6328125;0.6359375;0.6640625;0.6671875;0.6625;0.778125;0.7921875;0.38125;0.34375;0.384375;0.43125;0.48125;0.53125;0.571875;0.6;0.65;0.50625;0.5;0.465625;0.4625;0.428125;0.403125;0.384375;0.509375;Ae_aegypti__K5_7_w_R.png
00153:Ae_aegypti/K5_8_m_L.tif;/Users/kristophernolte/Downloads/Fluegelfotos_Nora/ithildin_batch_20260617_135245/Ae_aegypti__K5_8_m_L.png;Repaired;1040;left;0.51875;0.0609375;0.04375;0.0265625;0.0296875;0.0703125;0.1234375;0.1890625;0.290625;0.4453125;0.3484375;0.34375;0.3171875;0.3125;325;0.2078125;0.1953125;0.421875;0.35;0.3875;0.43125;0.48125;0.53125;0.571875;0.596875;0.634375;525;0.50625;0.478125;0.471875;0.440625;0.41875;0.4;0.5125;Ae_aegypti__K5_8_m_L.png
00154:Ae_aegypti/K5_8_m_R.tif;/Users/kristophernolte/Downloads/Fluegelfotos_Nora/ithildin_batch_20260617_135245/Ae_aegypti__K5_8_m_R.png;Full Skeleton;1015;right;0.4375;0.90625;925;0.9484375;0.94375;0.903125;0.8421875;0.7640625;0.6578125;0.48125;0.5859375;0.5875;0.628125;0.628125;0.621875;0.7484375;0.75625;0.38125;0.321875;0.353125;0.403125;0.45625;0.5125;0.553125;0.5875;0.634375;0.503125;0.478125;0.45;0.446875;0.41875;0.390625;0.365625;0.490625;Ae_aegypti__K5_8_m_R.png
00155:Ae_aegypti/K9_10_w_L.tif;/Users/kristophernolte/Downloads/Fluegelfotos_Nora/ithildin_batch_20260617_135245/Ae_aegypti__K9_10_w_L.png;Failed Repair;1396;left;0.5828125;0.0515625;0.0265625;0.009375;0.0125;0.0515625;0.115625;0.190625;0.3;0.5203125;0.3828125;0.38125;0.3609375;0.3515625;0.3640625;0.2421875;0.2484375;375;0.371875;0.4125;0.471875;0.51875;0.56875;0.584375;0.64375;0.696875;0.53125;0.521875;0.4875;0.4875;0.453125;0.4125;0.409375;0.521875;Ae_aegypti__K9_10_w_L.png
00156:Ae_aegypti/K9_10_w_R.tif;/Users/kristophernolte/Downloads/Fluegelfotos_Nora/ithildin_batch_20260617_135245/Ae_aegypti__K9_10_w_R.png;Failed Repair;1588;right;375;0.9515625;0.109375;0.9546875;0.94375;0.8984375;0.6203125;0.81875;0.703125;0.4734375;0.6015625;0.60625;0.6359375;0.64375;0.6265625;0.73125;0.74375;0.34375;0.34375;0.328125;0.40625;0.40625;0.51875;0.603125;0.590625;0.659375;0.5;0.484375;0.440625;0.440625;0.409375;0.35;0.35;475;Ae_aegypti__K9_10_w_R.png
00157:Ae_aegypti/K9_11_w_L.tif;/Users/kristophernolte/Downloads/Fluegelfotos_Nora/ithildin_batch_20260617_135245/Ae_aegypti__K9_11_w_L.png;Repaired;1349;left;0.56875;0.05625;0.0234375;0.0109375;0.015625;0.0625;0.1234375;0.1953125;0.284375;0.490625;0.3734375;0.3734375;0.3296875;0.3234375;0.3359375;0.2125;0.203125;0.378125;0.340625;0.39375;0.440625;0.490625;0.546875;0.584375;0.61875;0.665625;0.5;0.496875;0.45625;0.4625;0.428125;0.39375;0.378125;0.515625;Ae_aegypti__K9_11_w_L.png
00158:Ae_aegypti/K9_12_w_L.tif;/Users/kristophernolte/Downloads/Fluegelfotos_Nora/ithildin_batch_20260617_135245/Ae_aegypti__K9_12_w_L.png;Failed Repair;1241;left;0.459375;0.0578125;0.0390625;0.021875;25;0.0640625;0.1265625;0.2015625;0.3;0.4921875;0.3984375;0.3875;0.3578125;0.3546875;0.3640625;0.2546875;0.2375;0.403125;0.29375;0.328125;0.3875;0.434375;0.4875;0.540625;0.58125;0.628125;475;0.4625;0.41875;0.41875;0.3875;0.35625;0.340625;0.46875;Ae_aegypti__K9_12_w_L.png
00159:Ae_aegypti/K9_12_w_R.tif;/Users/kristophernolte/Downloads/Fluegelfotos_Nora/ithildin_batch_20260617_135245/Ae_aegypti__K9_12_w_R.png;Failed Repair;1271;right;0.3796875;0.94375;0.965625;0.9859375;0.9671875;0.9140625;825;725;0.6453125;0.4625;0.5484375;0.5859375;0.6171875;0.6140625;0.61875;0.73125;0.7328125;0.4;0.440625;0.490625;0.56875;625;0.584375;0.590625;0.634375;0.653125;475;0.484375;0.490625;0.490625;0.446875;0.4125;0.4125;0.55;Ae_aegypti__K9_12_w_R.png
00160:Ae_aegypti/K9_14_m_r.tif;/Users/kristophernolte/Downloads/Fluegelfotos_Nora/ithildin_batch_20260617_135245/Ae_aegypti__K9_14_m_r.png;Failed Repair;1075;right;0.4328125;0.928125;0.96875;0.978125;0.98125;0.94375;0.8640625;0.790625;0.6859375;0.50625;0.6203125;0.621875;0.6609375;0.6625;0.6625;0.7921875;0.8;0.359375;0.365625;0.415625;0.459375;0.503125;0.503125;0.55625;0.59375;0.6375;0.49375;0.48125;0.446875;0.44375;0.41875;0.4;0.384375;0.503125;Ae_aegypti__K9_14_m_r.png
00161:Ae_aegypti/K9_15_w_L.tif;/Users/kristophernolte/Downloads/Fluegelfotos_Nora/ithildin_batch_20260617_135245/Ae_aegypti__K9_15_w_L.png;Repaired;1334;left;0.5796875;0.0546875;0.0265625;0.0109375;0.0140625;0.05625;0.1140625;0.19375;0.303125;0.4984375;0.39375;0.3875;0.35;0.34375;0.3546875;0.2375;0.203125;0.415625;0.35625;0.40625;0.4625;0.51875;0.578125;625;0.665625;0.70625;0.55;0.540625;0.49375;0.496875;0.45625;0.43125;0.40625;0.553125;Ae_aegypti__K9_15_w_L.png
00162:Ae_aegypti/K9_15_w_R.tif;/Users/kristophernolte/Downloads/Fluegelfotos_Nora/ithildin_batch_20260617_135245/Ae_aegypti__K9_15_w_R.png;Repaired;1370;right;0.3859375;0.934375;0.965625;0.978125;975;0.9328125;0.8796875;0.7953125;0.6890625;0.4625;0.5890625;0.5984375;0.6265625;0.6390625;625;0.75;0.7703125;0.3625;0.334375;0.38125;0.434375;0.49375;0.553125;0.6;0.64375;0.690625;0.5125;0.509375;0.459375;0.465625;425;0.390625;0.371875;525;Ae_aegypti__K9_15_w_R.png
00163:Ae_aegypti/K9_17_w_L.tif;/Users/kristophernolte/Downloads/Fluegelfotos_Nora/ithildin_batch_20260617_135245/Ae_aegypti__K9_17_w_L.png;Repaired;1375;left;0.7171875;0.09375;0.0609375;0.05;0.059375;0.1078125;0.1765625;0.2625;0.3859375;0.6265625;0.4953125;0.49375;0.4390625;0.4390625;0.45;0.3484375;0.315625;0.296875;0.265625;0.3125;0.39375;0.44375;0.50625;0.559375;0.60625;0.6625;0.471875;0.453125;0.4125;0.403125;0.371875;0.340625;0.309375;0.46875;Ae_aegypti__K9_17_w_L.png
00164:Ae_aegypti/K9_17_w_R.tif;/Users/kristophernolte/Downloads/Fluegelfotos_Nora/ithildin_batch_20260617_135245/Ae_aegypti__K9_17_w_R.png;Full Skeleton;1358;right;0.4296875;0.946875;0.965625;0.984375;0.9796875;0.9359375;0.8796875;0.796875;0.703125;0.496875;0.6109375;0.6125;0.65625;0.659375;0.646875;0.728125;0.759375;0.328125;0.309375;0.340625;0.4;0.45625;0.509375;0.55625;0.59375;0.63125;0.471875;0.4625;0.421875;425;0.39375;0.3625;0.3375;0.471875;Ae_aegypti__K9_17_w_R.png
00165:Ae_aegypti/K9_18_w_L.tif;/Users/kristophernolte/Downloads/Fluegelfotos_Nora/ithildin_batch_20260617_135245/Ae_aegypti__K9_18_w_L.png;Full Skeleton;1294;left;0.5515625;0.08125;0.0515625;0.034375;0.0390625;0.0734375;0.128125;0.2078125;0.303125;0.490625;0.3765625;0.3765625;0.34375;0.3359375;0.3453125;0.2453125;0.2484375;325;0.28125;0.328125;0.38125;0.4375;0.484375;0.540625;575;0.61875;0.459375;0.453125;0.4125;0.409375;0.36875;0.346875;325;0.45625;Ae_aegypti__K9_18_w_L.png
00166:Ae_aegypti/K9_18_w_R.tif;/Users/kristophernolte/Downloads/Fluegelfotos_Nora/ithildin_batch_20260617_135245/Ae_aegypti__K9_18_w_R.png;Repaired;1320;right;0.40625;0.909375;0.9390625;0.9546875;0.9515625;0.909375;0.8578125;0.771875;0.671875;0.471875;0.5890625;0.6;0.6265625;0.634375;0.6203125;0.721875;0.7296875;0.35;0.309375;0.359375;0.415625;0.471875;0.53125;0.578125;0.615625;0.659375;0.496875;0.4875;0.44375;0.446875;0.4;0.371875;0.353125;0.484375;Ae_aegypti__K9_18_w_R.png
00167:Ae_aegypti/K9_19_w_L.tif;/Users/kristophernolte/Downloads/Fluegelfotos_Nora/ithildin_batch_20260617_135245/Ae_aegypti__K9_19_w_L.png;Failed Repair;1348;left;0.6796875;0.0859375;0.0578125;0.0375;0.0421875;0.08125;0.1453125;0.2390625;0.2796875;0.6015625;0.4546875;0.45;0.4109375;0.40625;0.4203125;0.309375;0.28125;0.4375;0.328125;0.378125;0.446875;0.5;0.56875;0.63125;0.671875;0.653125;0.584375;0.50625;0.50625;0.509375;0.46875;0.4375;0.40625;0.55625;Ae_aegypti__K9_19_w_L.png
00168:Ae_aegypti/K9_19_w_R.tif;/Users/kristophernolte/Downloads/Fluegelfotos_Nora/ithildin_batch_20260617_135245/Ae_aegypti__K9_19_w_R.png;Repaired;1326;right;0.371875;0.9;0.93125;0.946875;0.9484375;0.903125;0.8421875;0.7625;0.646875;0.43125;0.5640625;0.565625;0.6046875;0.6109375;0.59375;0.6921875;0.7109375;0.378125;0.3125;0.35625;0.4125;0.478125;0.54375;0.6;0.65;0.7;0.528125;0.521875;0.478125;0.471875;0.440625;0.396875;0.371875;0.5125;Ae_aegypti__K9_19_w_R.png
00169:Ae_aegypti/K9_1_m_R.tif;/Users/kristophernolte/Downloads/Fluegelfotos_Nora/ithildin_batch_20260617_135245/Ae_aegypti__K9_1_m_R.png;Repaired;957;right;0.446875;0.8328125;0.9625;0.984375;0.978125;0.9296875;0.86875;0.796875;0.690625;0.503125;0.61875;0.6203125;0.6671875;0.6671875;0.6625;0.784375;0.796875;0.39375;0.34375;0.390625;0.44375;0.50625;0.55625;0.596875;625;0.66875;0.509375;0.496875;0.465625;0.465625;0.44375;0.421875;0.4;0.528125;Ae_aegypti__K9_1_m_R.png
00170:Ae_aegypti/K9_20_m_R.tif;/Users/kristophernolte/Downloads/Fluegelfotos_Nora/ithildin_batch_20260617_135245/Ae_aegypti__K9_20_m_R.png;Full Skeleton;1302;right;0.40625;0.9109375;0.934375;0.95625;0.946875;0.9015625;0.84375;0.7640625;0.665625;0.4734375;0.5875;0.5953125;0.6265625;0.6265625;0.621875;0.7234375;0.7265625;0.3375;0.3375;0.378125;0.446875;0.503125;0.553125;0.590625;0.615625;0.65;0.471875;0.478125;0.4375;0.4375;0.40625;0.378125;0.359375;0.49375;Ae_aegypti__K9_20_m_R.png
00171:Ae_aegypti/K9_21_w_L.tif;/Users/kristophernolte/Downloads/Fluegelfotos_Nora/ithildin_batch_20260617_135245/Ae_aegypti__K9_21_w_L.png;Failed Repair;1224;left;0.5796875;0.059375;0.0375;0.0203125;25;0.0625;125;0.203125;0.2984375;0.5015625;0.384375;0.3828125;0.3515625;0.346875;0.3484375;0.240625;0.21875;0.3875;375;0.4125;0.428125;475;0.521875;0.58125;625;0.68125;0.534375;0.515625;475;0.471875;0.43125;0.415625;0.384375;0.51875;Ae_aegypti__K9_21_w_L.png
00172:Ae_aegypti/K9_22_w_L.tif;/Users/kristophernolte/Downloads/Fluegelfotos_Nora/ithildin_batch_20260617_135245/Ae_aegypti__K9_22_w_L.png;Repaired;1376;left;0.5859375;0.0609375;0.0171875;0.0125;0.0234375;0.0625;0.11875;0.190625;0.3578125;0.53125;0.4265625;0.4171875;0.39375;0.3796875;0.39375;0.2765625;0.2671875;0.34375;0.3125;0.3625;0.4375;0.490625;0.5375;0.59375;0.64375;0.6625;0.509375;0.5;0.453125;0.45625;0.409375;0.36875;0.35;0.5;Ae_aegypti__K9_22_w_L.png
00173:Ae_aegypti/K9_22_w_R.tif;/Users/kristophernolte/Downloads/Fluegelfotos_Nora/ithildin_batch_20260617_135245/Ae_aegypti__K9_22_w_R.png;Failed Repair;1332;right;0.4515625;0.9296875;0.959375;0.9734375;0.9765625;0.93125;0.8734375;0.8015625;0.6921875;0.5015625;0.5984375;0.60625;0.6515625;0.653125;0.6375;0.7609375;0.759375;0.35625;0.328125;0.38125;0.434375;475;0.553125;0.5875;0.634375;675;0.50625;0.496875;0.453125;0.446875;0.421875;0.3875;0.359375;0.503125;Ae_aegypti__K9_22_w_R.png
00174:Ae_aegypti/K9_23_w_L.tif;/Users/kristophernolte/Downloads/Fluegelfotos_Nora/ithildin_batch_20260617_135245/Ae_aegypti__K9_23_w_L.png;Failed Repair;1343;left;0.5546875;0.03125;0.01875;0.0140625;0.01875;0.0609375;0.10625;0.1875;0.3;0.496875;0.3875;0.3828125;0.3484375;0.34375;0.3546875;0.2703125;0.240625;0.378125;0.340625;0.38125;425;475;0.5375;0.584375;0.640625;0.6875;0.521875;0.5125;0.46875;0.46875;0.4125;0.409375;0.378125;0.5125;Ae_aegypti__K9_23_w_L.png
00175:Ae_aegypti/K9_23_w_R.tif;/Users/kristophernolte/Downloads/Fluegelfotos_Nora/ithildin_batch_20260617_135245/Ae_aegypti__K9_23_w_R.png;Failed Repair;1348;right;0.403125;0.9125;0.934375;0.953125;0.95625;925;0.8671875;0.8046875;0.690625;0.4609375;0.5796875;0.5859375;0.6265625;0.628125;0.615625;0.7171875;0.7265625;0.3875;0.309375;0.35;0.415625;425;0.515625;0.571875;0.63125;0.678125;0.51875;0.509375;0.465625;0.465625;0.43125;0.40625;0.371875;0.5;Ae_aegypti__K9_23_w_R.png
00176:Ae_aegypti/K9_25_w_R.tif;/Users/kristophernolte/Downloads/Fluegelfotos_Nora/ithildin_batch_20260617_135245/Ae_aegypti__K9_25_w_R.png;Repaired;1329;right;0.4203125;0.9125;0.940625;0.9625;0.9546875;0.91875;0.88125;0.7953125;0.6875;0.478125;0.5859375;0.5953125;0.6328125;0.6390625;0.6265625;0.7171875;0.7765625;0.4;0.346875;0.3875;0.446875;0.496875;0.540625;0.584375;0.6375;0.690625;0.534375;0.528125;0.4875;0.4875;0.45;0.421875;0.4;0.5375;Ae_aegypti__K9_25_w_R.png
00177:Ae_aegypti/K9_26_w_L.tif;/Users/kristophernolte/Downloads/Fluegelfotos_Nora/ithildin_batch_20260617_135245/Ae_aegypti__K9_26_w_L.png;Repaired;1342;left;0.5328125;0.0625;0.0328125;0.0140625;0.0203125;0.065625;0.1265625;0.2046875;0.3046875;0.5078125;0.40625;0.40625;0.3609375;0.35625;0.3734375;0.2359375;0.2234375;0.396875;0.340625;0.384375;0.440625;0.49375;0.546875;0.596875;625;0.66875;0.515625;0.503125;0.46875;0.46875;0.43125;0.4;375;0.51875;Ae_aegypti__K9_26_w_L.png
00178:Ae_aegypti/K9_26_w_R.tif;/Users/kristophernolte/Downloads/Fluegelfotos_Nora/ithildin_batch_20260617_135245/Ae_aegypti__K9_26_w_R.png;Failed Repair;1399;right;0.4;0.9359375;0.9671875;0.98125;0.978125;0.940625;0.8828125;0.8;0.6890625;0.478125;0.584375;0.5875;0.6296875;0.6328125;0.6234375;0.7578125;0.7671875;0.36875;0.328125;0.36875;0.428125;0.484375;0.55;0.59375;0.628125;0.671875;0.503125;0.49375;0.453125;0.45;0.415625;0.3875;0.371875;0.50625;Ae_aegypti__K9_26_w_R.png
00179:Ae_aegypti/K9_27_w_r.tif;/Users/kristophernolte/Downloads/Fluegelfotos_Nora/ithildin_batch_20260617_135245/Ae_aegypti__K9_27_w_r.png;Repaired;1222;right;0.4171875;0.95;0.9703125;0.98125;0.9765625;0.934375;0.878125;0.7984375;0.6875;0.49375;0.6046875;0.6109375;0.6421875;0.6484375;0.6390625;0.740625;0.75625;0.3875;0.321875;0.3625;0.421875;0.48125;0.5375;0.5875;0.634375;0.68125;0.521875;0.515625;0.46875;0.465625;0.434375;0.409375;0.378125;0.509375;Ae_aegypti__K9_27_w_r.png
00180:Ae_aegypti/K9_28_m_L.tif;/Users/kristophernolte/Downloads/Fluegelfotos_Nora/ithildin_batch_20260617_135245/Ae_aegypti__K9_28_m_L.png;Repaired;1020;left;0.58125;0.0578125;25;0.0125;0.0125;0.0640625;0.1234375;0.2109375;0.315625;0.5109375;0.4;0.3859375;0.3421875;0.340625;0.3453125;0.240625;0.2109375;0.3625;0.30625;0.353125;0.4;0.45625;0.521875;0.56875;0.6125;0.653125;0.49375;0.484375;0.446875;0.446875;0.415625;0.3875;0.3625;0.50625;Ae_aegypti__K9_28_m_L.png
00181:Ae_aegypti/K9_29_w_r.tif;/Users/kristophernolte/Downloads/Fluegelfotos_Nora/ithildin_batch_20260617_135245/Ae_aegypti__K9_29_w_r.png;Failed Repair;1555;right;0.4015625;0.934375;0.9625;0.9765625;0.971875;0.934375;875;0.8078125;0.69375;0.46875;0.596875;0.6;0.6015625;0.35;625;0.7375;0.709375;0.421875;0.378125;0.428125;0.484375;0.534375;0.584375;0.61875;0.65;0.65;0.49375;0.490625;0.44375;0.484375;0.51875;375;0.41875;0.4875;Ae_aegypti__K9_29_w_r.png
00182:Ae_aegypti/K9_3_w_R.tif;/Users/kristophernolte/Downloads/Fluegelfotos_Nora/ithildin_batch_20260617_135245/Ae_aegypti__K9_3_w_R.png;Repaired;1002;right;0.4328125;0.9265625;0.9609375;0.978125;0.978125;0.9296875;0.865625;0.7921875;0.6765625;0.4640625;0.6046875;0.6046875;0.6625;0.6640625;0.64375;775;0.7765625;0.35625;0.309375;0.35;0.4;0.4625;0.528125;575;0.603125;0.640625;0.478125;0.465625;0.434375;0.4375;0.40625;375;0.365625;0.4875;Ae_aegypti__K9_3_w_R.png
00183:Ae_aegypti/K9_6_m_R.tif;/Users/kristophernolte/Downloads/Fluegelfotos_Nora/ithildin_batch_20260617_135245/Ae_aegypti__K9_6_m_R.png;Repaired;1051;right;0.4046875;0.9140625;0.9328125;0.971875;0.9625;0.9078125;0.846875;0.7671875;0.659375;0.4734375;0.590625;0.5921875;0.6359375;0.6390625;0.6328125;0.75625;0.7609375;0.38125;0.3125;0.3625;0.415625;0.465625;525;0.56875;0.60625;0.65625;0.5125;0.49375;0.45625;0.45625;425;0.403125;375;0.503125;Ae_aegypti__K9_6_m_R.png
00184:Ae_aegypti/K9_7_m_R.tif;/Users/kristophernolte/Downloads/Fluegelfotos_Nora/ithildin_batch_20260617_135245/Ae_aegypti__K9_7_m_R.png;Failed Repair;970;right;0.4984375;0.9359375;975;0.9859375;0.98125;0.9328125;0.8703125;0.778125;0.6359375;0.4453125;0.5703125;0.5765625;625;0.6296875;0.6234375;0.734375;0.7578125;0.35;0.31875;0.36875;0.421875;0.48125;0.540625;0.58125;0.603125;0.628125;0.4625;0.465625;0.41875;0.421875;0.3625;0.3625;0.35625;0.509375;Ae_aegypti__K9_7_m_R.png
00185:Ae_aegypti/K9_8_w_R.tif;/Users/kristophernolte/Downloads/Fluegelfotos_Nora/ithildin_batch_20260617_135245/Ae_aegypti__K9_8_w_R.png;Repaired;1461;right;0.3890625;0.9125;0.934375;0.9546875;0.95;0.9;0.8390625;0.7640625;0.6640625;0.4484375;575;0.5828125;0.6171875;625;0.60625;0.709375;0.7328125;0.3375;325;0.365625;425;0.484375;0.534375;0.58125;0.615625;0.6625;0.48125;0.48125;0.44375;0.446875;0.40625;0.36875;0.353125;0.5;Ae_aegypti__K9_8_w_R.png
00186:Ae_aegypti/K9_9_m_L.tif;/Users/kristophernolte/Downloads/Fluegelfotos_Nora/ithildin_batch_20260617_135245/Ae_aegypti__K9_9_m_L.png;Full Skeleton;1050;left;0.5078125;0.0375;0.021875;0.009375;0.0140625;0.053125;0.1140625;0.1859375;0.2984375;0.4609375;0.3609375;0.3546875;0.321875;0.31875;0.31875;0.2140625;0.1921875;0.384375;0.34375;0.384375;0.434375;0.48125;0.5375;0.578125;0.609375;0.65;0.509375;0.5;0.4625;0.459375;425;0.40625;0.3875;0.5125;Ae_aegypti__K9_9_m_L.png
00187:Ae_aegypti/W11_2_m_L.tif;/Users/kristophernolte/Downloads/Fluegelfotos_Nora/ithildin_batch_20260617_135245/Ae_aegypti__W11_2_m_L.png;Repaired;1042;left;0.5671875;0.071875;0.0375;0.015625;0.0171875;0.071875;0.1328125;0.2;0.30625;0.503125;0.38125;0.38125;0.3328125;0.3328125;0.3375;0.2296875;0.2203125;0.371875;0.321875;0.35625;0.409375;0.4625;0.521875;0.56875;0.60625;0.653125;0.51875;0.5;0.4625;0.459375;0.421875;0.39375;0.36875;0.5;Ae_aegypti__W11_2_m_L.png
00188:Ae_aegypti/W11_2_m_R.tif;/Users/kristophernolte/Downloads/Fluegelfotos_Nora/ithildin_batch_20260617_135245/Ae_aegypti__W11_2_m_R.png;Failed Repair;1404;right;0.4421875;925;0.8890625;0.1515625;0.1515625;0.86875;0.65625;0.8109375;725;0.53125;0.6484375;0.6484375;0.6828125;0.68125;0.671875;0.7921875;0.79375;0.490625;0.33125;0.321875;0.55;0.55;0.478125;0.696875;0.571875;0.653125;0.590625;0.540625;0.503125;0.490625;0.459375;0.4375;0.39375;0.5;Ae_aegypti__W11_2_m_R.png
00189:Ae_aegypti/W11_3_w_R.tif;/Users/kristophernolte/Downloads/Fluegelfotos_Nora/ithildin_batch_20260617_135245/Ae_aegypti__W11_3_w_R.png;Repaired;1370;right;0.4640625;0.934375;0.9578125;975;0.96875;0.9265625;875;0.809375;0.71875;0.5328125;625;625;0.6625;0.6671875;0.6484375;0.7796875;0.7734375;0.359375;0.34375;0.384375;0.440625;0.4875;0.5375;0.571875;0.6;0.65;0.4875;0.478125;0.440625;0.440625;0.409375;0.378125;0.36875;0.49375;Ae_aegypti__W11_3_w_R.png
00190:Ae_aegypti/W11_5_w_L.tif;/Users/kristophernolte/Downloads/Fluegelfotos_Nora/ithildin_batch_20260617_135245/Ae_aegypti__W11_5_w_L.png;Full Skeleton;1430;left;0.5484375;0.046875;0.0203125;0.009375;0.015625;0.053125;0.1;0.1796875;0.28125;0.4796875;0.3765625;375;0.3296875;0.3203125;0.3375;0.2296875;0.2109375;0.3625;0.334375;375;0.434375;0.484375;0.53125;0.578125;0.609375;0.653125;0.496875;0.4875;0.44375;0.44375;0.40625;0.378125;0.359375;0.5;Ae_aegypti__W11_5_w_L.png
00191:Ae_aegypti/W11_6_w_L.tif;/Users/kristophernolte/Downloads/Fluegelfotos_Nora/ithildin_batch_20260617_135245/Ae_aegypti__W11_6_w_L.png;Full Skeleton;1432;left;0.6046875;0.059375;0.0265625;0.0109375;0.0140625;0.053125;0.1078125;0.1984375;0.309375;0.515625;0.409375;0.409375;0.3671875;0.3625;0.3734375;0.2546875;0.2328125;0.34375;0.303125;0.35;0.409375;0.4625;525;0.571875;0.60625;0.6625;0.49375;0.478125;0.446875;0.44375;0.403125;0.371875;0.34375;0.490625;Ae_aegypti__W11_6_w_L.png
00192:Ae_aegypti/W11_6_w_R.tif;/Users/kristophernolte/Downloads/Fluegelfotos_Nora/ithildin_batch_20260617_135245/Ae_aegypti__W11_6_w_R.png;Failed Repair;1433;right;0.3984375;0.9421875;0.9703125;0.9859375;0.984375;0.9421875;0.88125;0.8046875;0.69375;0.478125;0.590625;0.5921875;0.6328125;0.6359375;625;0.753125;0.7640625;0.3375;0.30625;0.353125;0.4125;0.471875;0.5375;0.578125;0.6125;0.659375;0.484375;475;0.43125;0.428125;0.378125;375;0.346875;0.490625;Ae_aegypti__W11_6_w_R.png
00193:Ae_aegypti/W11_7_m_L.tif;/Users/kristophernolte/Downloads/Fluegelfotos_Nora/ithildin_batch_20260617_135245/Ae_aegypti__W11_7_m_L.png;Repaired;1049;left;0.5671875;0.0609375;0.0265625;0.0109375;0.021875;0.0625;125;0.2;0.30625;0.49375;0.3828125;0.3828125;0.3375;0.33125;0.3453125;0.1953125;0.1953125;0.3625;0.328125;0.365625;0.421875;475;0.521875;0.565625;0.596875;0.646875;0.5;0.4875;0.45;0.45;0.4125;0.384375;0.36875;0.5;Ae_aegypti__W11_7_m_L.png
00194:Ae_aegypti/W11_7_m_R.tif;/Users/kristophernolte/Downloads/Fluegelfotos_Nora/ithildin_batch_20260617_135245/Ae_aegypti__W11_7_m_R.png;Repaired;1059;right;425;0.9390625;0.9703125;0.9859375;0.98125;0.93125;875;0.8046875;0.6875;0.5;0.6109375;0.6140625;0.659375;0.6609375;0.659375;0.8;0.7890625;0.3125;0.315625;0.353125;0.409375;0.465625;0.5125;0.55;0.590625;625;0.46875;0.453125;0.415625;0.415625;0.390625;0.365625;0.35;475;Ae_aegypti__W11_7_m_R.png
00195:Ae_aegypti/W12_3_m_L.tif;/Users/kristophernolte/Downloads/Fluegelfotos_Nora/ithildin_batch_20260617_135245/Ae_aegypti__W12_3_m_L.png;Repaired;1055;left;0.5953125;0.0890625;0.0671875;0.05;0.0546875;0.0953125;0.1546875;0.2390625;0.3390625;0.5234375;0.4109375;0.4109375;0.3703125;0.36875;0.3734375;0.2453125;0.25;0.390625;325;0.353125;0.396875;0.446875;0.50625;0.55625;0.590625;0.640625;0.503125;0.4875;0.45625;0.45;0.421875;0.390625;0.3625;0.490625;Ae_aegypti__W12_3_m_L.png
00196:Ae_aegypti/W12_3_m_R.tif;/Users/kristophernolte/Downloads/Fluegelfotos_Nora/ithildin_batch_20260617_135245/Ae_aegypti__W12_3_m_R.png;Full Skeleton;1068;right;0.465625;0.9265625;0.9578125;0.9734375;0.9734375;0.934375;0.88125;0.809375;0.715625;0.55625;0.6515625;0.6546875;0.6890625;0.6921875;0.6765625;0.8046875;0.8015625;0.340625;325;0.359375;0.4;0.446875;0.49375;525;0.55;0.59375;0.471875;0.45;0.415625;0.41875;0.390625;0.365625;0.353125;0.4625;Ae_aegypti__W12_3_m_R.png
00197:Ae_aegypti/W13_1_m_L.tif;/Users/kristophernolte/Downloads/Fluegelfotos_Nora/ithildin_batch_20260617_135245/Ae_aegypti__W13_1_m_L.png;Full Skeleton;1052;left;0.5890625;0.1015625;0.0671875;0.05;0.053125;0.1046875;0.159375;0.2359375;0.3421875;0.51875;0.4171875;0.415625;0.3703125;0.3640625;375;0.234375;0.2484375;0.38125;0.340625;0.38125;0.43125;0.484375;0.53125;0.56875;0.596875;0.634375;0.496875;0.4875;0.453125;0.453125;0.421875;0.390625;0.378125;0.496875;Ae_aegypti__W13_1_m_L.png
00198:Ae_aegypti/W13_1_m_R.tif;/Users/kristophernolte/Downloads/Fluegelfotos_Nora/ithildin_batch_20260617_135245/Ae_aegypti__W13_1_m_R.png;Repaired;1053;right;0.4734375;0.9265625;0.953125;0.965625;0.9578125;0.915625;0.8640625;0.79375;0.6875;0.5328125;0.628125;0.6296875;675;675;0.6703125;0.7890625;0.7859375;0.409375;0.38125;0.40625;0.453125;0.509375;0.55;0.584375;0.6125;0.65;0.53125;0.509375;0.478125;0.471875;0.45;0.421875;0.40625;0.51875;Ae_aegypti__W13_1_m_R.png
00199:Ae_aegypti/W13_2_m_L.tif;/Users/kristophernolte/Downloads/Fluegelfotos_Nora/ithildin_batch_20260617_135245/Ae_aegypti__W13_2_m_L.png;Repaired;998;left;0.5609375;0.0953125;0.0578125;0.0484375;0.0515625;0.1015625;0.153125;0.23125;0.328125;0.496875;0.3953125;0.39375;0.3453125;0.3421875;0.34375;0.2421875;0.2328125;0.396875;0.334375;0.384375;0.428125;0.484375;0.528125;0.559375;0.5875;0.628125;0.496875;0.48125;0.446875;0.446875;425;0.40625;0.38125;0.496875;Ae_aegypti__W13_2_m_L.png
00200:Ae_aegypti/W13_2_m_R.tif;/Users/kristophernolte/Downloads/Fluegelfotos_Nora/ithildin_batch_20260617_135245/Ae_aegypti__W13_2_m_R.png;Repaired;1065;right;0.3734375;0.9234375;0.940625;0.965625;0.95625;0.9125;0.8625;0.7859375;0.7;0.5375;0.63125;0.6390625;0.678125;0.6796875;0.6765625;0.76875;0.7921875;0.396875;0.359375;0.384375;0.44375;0.4875;0.540625;0.571875;0.596875;0.61875;0.5;0.4875;0.45625;0.45625;0.440625;0.4125;0.4;0.5125;Ae_aegypti__W13_2_m_R.png
00201:Ae_aegypti/W13_3_m_L.tif;/Users/kristophernolte/Downloads/Fluegelfotos_Nora/ithildin_batch_20260617_135245/Ae_aegypti__W13_3_m_L.png;Repaired;1075;left;0.5578125;0.0953125;75;0.0515625;0.0546875;0.121875;0.16875;0.2515625;0.4;0.4859375;0.3859375;0.38125;0.346875;0.3453125;0.3484375;0.2515625;0.2328125;0.440625;0.378125;0.403125;0.45625;0.50625;0.55;0.578125;0.59375;0.596875;0.55625;0.528125;0.5;0.496875;0.465625;0.446875;0.415625;0.53125;Ae_aegypti__W13_3_m_L.png
00202:Ae_aegypti/W13_3_m_R.tif;/Users/kristophernolte/Downloads/Fluegelfotos_Nora/ithildin_batch_20260617_135245/Ae_aegypti__W13_3_m_R.png;Repaired;1076;right;0.43125;0.8953125;0.91875;0.94375;0.940625;0.8921875;0.8328125;0.75625;0.66875;0.5109375;0.6078125;0.6078125;0.6453125;0.646875;0.6328125;0.7546875;0.753125;0.371875;0.315625;0.35;0.396875;0.45;0.5;0.5375;0.5625;0.60625;0.490625;0.465625;0.4375;0.43125;0.403125;375;0.359375;475;Ae_aegypti__W13_3_m_R.png
00203:Ae_aegypti/W13_4_m_L.tif;/Users/kristophernolte/Downloads/Fluegelfotos_Nora/ithildin_batch_20260617_135245/Ae_aegypti__W13_4_m_L.png;Full Skeleton;1053;left;0.5484375;0.0875;0.04375;0.034375;0.040625;0.0875;0.14375;0.2140625;0.3109375;0.484375;0.3734375;0.371875;0.3359375;0.334375;0.3390625;0.2375;0.2265625;0.409375;0.38125;425;0.471875;0.521875;0.565625;0.609375;0.640625;0.678125;0.5375;0.53125;0.49375;0.49375;0.4625;0.4375;0.421875;0.54375;Ae_aegypti__W13_4_m_L.png
00204:Ae_aegypti/W13_4_m_R.tif;/Users/kristophernolte/Downloads/Fluegelfotos_Nora/ithildin_batch_20260617_135245/Ae_aegypti__W13_4_m_R.png;Repaired;1032;right;0.45;0.909375;0.9421875;0.9609375;0.9546875;0.9078125;0.8515625;0.7828125;0.6796875;0.4953125;0.615625;0.615625;0.6484375;0.6515625;0.6375;0.75;0.7640625;0.3;0.25625;0.29375;0.346875;0.39375;0.44375;0.4875;0.521875;0.56875;0.434375;0.4125;0.38125;0.378125;0.346875;0.3125;0.296875;425;Ae_aegypti__W13_4_m_R.png
00205:Ae_aegypti/W15_1_w_l.tif;/Users/kristophernolte/Downloads/Fluegelfotos_Nora/ithildin_batch_20260617_135245/Ae_aegypti__W15_1_w_l.png;Failed Repair;1501;right;0.3;0.9265625;0.959375;0.9796875;975;925;0.8484375;0.778125;0.49375;0.4109375;0.44375;0.5375;0.5578125;0.5859375;0.5515625;0.7015625;725;0.540625;0.471875;0.528125;0.6;0.665625;725;0.7875;0.815625;0.684375;0.68125;0.61875;0.61875;625;0.584375;0.565625;0.521875;0.690625;Ae_aegypti__W15_1_w_l.png
00206:Ae_aegypti/W15_2_w_L.tif;/Users/kristophernolte/Downloads/Fluegelfotos_Nora/ithildin_batch_20260617_135245/Ae_aegypti__W15_2_w_L.png;Repaired;1436;left;0.5609375;0.053125;0.0234375;0.009375;0.0140625;0.0609375;0.121875;0.196875;0.3015625;0.496875;0.38125;375;0.3375;0.33125;0.3484375;0.215625;0.221875;0.359375;0.328125;0.371875;0.434375;0.48125;0.5375;0.584375;0.621875;0.6625;0.490625;0.490625;0.45;0.44375;0.409375;0.378125;0.35625;0.5;Ae_aegypti__W15_2_w_L.png
00207:Ae_aegypti/W15_2_w_R.tif;/Users/kristophernolte/Downloads/Fluegelfotos_Nora/ithildin_batch_20260617_135245/Ae_aegypti__W15_2_w_R.png;Full Skeleton;1449;right;0.4453125;0.940625;0.96875;0.9796875;0.9703125;0.9265625;0.86875;0.796875;0.70625;0.5125;0.6140625;0.6203125;0.6578125;0.6640625;0.64375;0.76875;0.771875;0.334375;0.3375;0.384375;0.4375;0.4875;0.540625;0.58125;0.615625;0.653125;0.478125;0.484375;0.440625;0.440625;0.403125;375;0.365625;0.496875;Ae_aegypti__W15_2_w_R.png
00208:Ae_aegypti/W15_3_m_L.tif;/Users/kristophernolte/Downloads/Fluegelfotos_Nora/ithildin_batch_20260617_135245/Ae_aegypti__W15_3_m_L.png;Repaired;1019;left;0.5296875;0.0578125;0.03125;0.0125;0.0109375;0.0578125;0.1140625;0.184375;0.290625;0.45;0.35;0.35;0.3109375;0.3109375;0.3171875;0.2140625;0.2109375;0.35625;325;0.353125;0.403125;0.45625;0.5125;0.559375;0.584375;625;0.48125;0.471875;0.4375;0.434375;0.4125;0.38125;0.3625;0.48125;Ae_aegypti__W15_3_m_L.png
00209:Ae_aegypti/W15_3_m_R.tif;/Users/kristophernolte/Downloads/Fluegelfotos_Nora/ithildin_batch_20260617_135245/Ae_aegypti__W15_3_m_R.png;Repaired;1022;right;0.45;0.9296875;0.959375;0.98125;0.9828125;0.9578125;0.8640625;0.796875;0.684375;0.5109375;0.6265625;0.6265625;0.6625;0.665625;0.659375;0.7609375;0.7671875;0.40625;0.353125;0.3875;0.44375;0.496875;0.5375;0.60625;0.6375;0.6875;0.534375;525;0.484375;0.48125;0.453125;0.43125;0.403125;0.53125;Ae_aegypti__W15_3_m_R.png
00210:Ae_aegypti/W15_4_w_L.tif;/Users/kristophernolte/Downloads/Fluegelfotos_Nora/ithildin_batch_20260617_135245/Ae_aegypti__W15_4_w_L.png;Repaired;1286;left;0.5765625;0.053125;0.034375;0.021875;0.0234375;0.065625;0.1296875;0.3140625;0.43125;0.49375;0.38125;0.38125;0.34375;0.3375;0.3515625;0.25;0.2296875;0.43125;0.403125;0.44375;0.496875;0.55625;0.615625;0.665625;0.615625;0.646875;0.58125;0.58125;0.528125;0.534375;0.49375;0.4625;0.440625;0.578125;Ae_aegypti__W15_4_w_L.png
00211:Ae_aegypti/W15_4_w_R.tif;/Users/kristophernolte/Downloads/Fluegelfotos_Nora/ithildin_batch_20260617_135245/Ae_aegypti__W15_4_w_R.png;Repaired;1254;right;0.421875;0.9171875;0.9328125;0.946875;0.9421875;0.90625;0.865625;0.7859375;0.684375;0.490625;0.59375;0.6;0.61875;0.64375;0.63125;0.7296875;0.7265625;0.365625;0.315625;0.36875;0.43125;0.4875;0.521875;0.60625;0.6375;0.690625;0.515625;0.5125;0.45625;0.4625;0.43125;0.4;375;0.503125;Ae_aegypti__W15_4_w_R.png
00212:Ae_aegypti/W17_11_w_L.tif;/Users/kristophernolte/Downloads/Fluegelfotos_Nora/ithildin_batch_20260617_135245/Ae_aegypti__W17_11_w_L.png;Repaired;1080;left;0.5546875;0.0578125;0.0296875;0.0109375;0.01875;0.0609375;0.1171875;0.1890625;0.2859375;0.4828125;0.3734375;0.365625;0.3296875;0.328125;0.3328125;0.2375;225;0.384375;0.340625;0.38125;0.4375;0.5;0.55;0.603125;0.640625;675;0.50625;0.5125;0.46875;0.46875;0.440625;0.4125;0.39375;0.51875;Ae_aegypti__W17_11_w_L.png
00213:Ae_aegypti/W17_13_w_L.tif;/Users/kristophernolte/Downloads/Fluegelfotos_Nora/ithildin_batch_20260617_135245/Ae_aegypti__W17_13_w_L.png;Repaired;1048;left;0.5265625;0.059375;0.028125;0.009375;0.0140625;0.0546875;0.1140625;0.178125;0.2828125;0.4859375;0.3859375;0.3765625;0.3421875;0.3328125;0.346875;0.2296875;0.215625;325;0.2875;0.33125;0.3875;0.440625;0.5;0.546875;0.590625;0.634375;0.46875;0.465625;425;425;0.39375;0.359375;0.34375;0.471875;Ae_aegypti__W17_13_w_L.png
00214:Ae_aegypti/W17_15_w_L.tif;/Users/kristophernolte/Downloads/Fluegelfotos_Nora/ithildin_batch_20260617_135245/Ae_aegypti__W17_15_w_L.png;Full Skeleton;1092;left;0.5265625;0.04375;25;0.0125;0.01875;0.0546875;0.109375;0.1765625;0.278125;0.4828125;0.3625;0.3546875;325;0.3171875;0.3234375;0.234375;0.21875;0.35625;0.346875;0.3875;0.44375;0.496875;0.54375;0.58125;0.609375;0.65;0.5;0.4875;0.446875;0.45;0.415625;0.3875;375;0.5;Ae_aegypti__W17_15_w_L.png
00215:Ae_aegypti/W17_15_w_R.tif;/Users/kristophernolte/Downloads/Fluegelfotos_Nora/ithildin_batch_20260617_135245/Ae_aegypti__W17_15_w_R.png;Repaired;1082;right;0.4171875;0.9421875;0.9671875;0.9875;0.984375;0.940625;0.8890625;0.8078125;0.7140625;0.4734375;0.6;0.6078125;0.6359375;0.64375;0.63125;0.73125;0.7625;0.403125;0.328125;0.371875;0.440625;0.49375;0.553125;0.6;0.640625;0.696875;0.546875;0.528125;0.4875;0.490625;0.446875;0.409375;0.38125;0.53125;Ae_aegypti__W17_15_w_R.png
00216:Ae_aegypti/W17_17_u_L.tif;/Users/kristophernolte/Downloads/Fluegelfotos_Nora/ithildin_batch_20260617_135245/Ae_aegypti__W17_17_u_L.png;Repaired;1156;left;0.5609375;0.0515625;0.021875;0.01875;0.028125;0.0484375;0.1109375;0.1875;275;0.4625;0.3640625;0.3578125;0.3265625;0.3171875;0.3234375;0.203125;0.2171875;375;0.33125;375;0.43125;0.478125;0.521875;0.58125;0.61875;0.665625;0.51875;0.5;0.45625;0.45625;0.421875;0.396875;0.365625;0.503125;Ae_aegypti__W17_17_u_L.png
00217:Ae_aegypti/W17_17_u_R.tif;/Users/kristophernolte/Downloads/Fluegelfotos_Nora/ithildin_batch_20260617_135245/Ae_aegypti__W17_17_u_R.png;Failed Repair;1118;right;0.446875;0.9421875;0.95;0.971875;0.94375;0.9453125;0.89375;0.81875;0.7265625;0.5375;0.6421875;0.6453125;0.6828125;0.6875;0.6703125;0.7890625;0.7828125;325;0.33125;0.390625;0.3875;0.459375;0.4625;0.51875;0.56875;0.615625;0.459375;0.45625;0.41875;0.421875;0.390625;0.353125;0.346875;0.465625;Ae_aegypti__W17_17_u_R.png
00218:Ae_aegypti/W17_19_u_L.tif;/Users/kristophernolte/Downloads/Fluegelfotos_Nora/ithildin_batch_20260617_135245/Ae_aegypti__W17_19_u_L.png;Repaired;1167;left;0.5609375;0.071875;0.0328125;0.021875;25;0.0734375;0.13125;0.2078125;0.3109375;0.5015625;0.390625;0.3828125;0.35625;0.340625;0.3546875;0.2484375;0.2390625;0.371875;325;0.371875;0.421875;0.478125;525;0.571875;0.60625;0.646875;0.496875;0.49375;0.45;0.453125;0.4125;0.390625;0.371875;0.490625;Ae_aegypti__W17_19_u_L.png
00219:Ae_aegypti/W17_19_u_R.tif;/Users/kristophernolte/Downloads/Fluegelfotos_Nora/ithildin_batch_20260617_135245/Ae_aegypti__W17_19_u_R.png;Repaired;1165;right;0.3984375;0.95;0.971875;0.9890625;0.9828125;0.940625;0.871875;0.790625;0.6890625;0.48125;0.5875;0.6;0.6359375;0.6453125;0.63125;0.7546875;0.7546875;0.340625;325;375;0.440625;0.490625;0.546875;0.584375;0.621875;0.659375;0.4875;0.4875;0.44375;0.44375;0.409375;375;0.35625;0.5;Ae_aegypti__W17_19_u_R.png
00220:Ae_aegypti/W17_20_u_L.tif;/Users/kristophernolte/Downloads/Fluegelfotos_Nora/ithildin_batch_20260617_135245/Ae_aegypti__W17_20_u_L.png;Repaired;1001;left;0.5375;0.0640625;0.0375;0.015625;0.0234375;0.0671875;125;0.209375;0.3140625;0.5390625;0.4140625;0.4125;375;0.3640625;0.378125;0.2578125;0.2359375;0.321875;0.2875;0.334375;0.403125;0.453125;0.515625;0.5625;0.6;0.653125;0.465625;0.465625;0.421875;0.421875;0.384375;0.346875;0.334375;0.484375;Ae_aegypti__W17_20_u_L.png
00221:Ae_aegypti/W17_20_u_R.tif;/Users/kristophernolte/Downloads/Fluegelfotos_Nora/ithildin_batch_20260617_135245/Ae_aegypti__W17_20_u_R.png;Failed Repair;938;right;0.4171875;0.9546875;0.9734375;0.9625;0.9671875;0.91875;0.89375;0.83125;0.721875;0.49375;0.6171875;0.621875;0.6640625;0.6671875;0.6640625;775;0.8046875;0.328125;0.259375;0.34375;0.453125;0.5125;575;0.559375;625;0.68125;0.4875;0.484375;0.440625;0.440625;0.4125;0.378125;0.35;0.5;Ae_aegypti__W17_20_u_R.png
00222:Ae_aegypti/W17_21_w_L.tif;/Users/kristophernolte/Downloads/Fluegelfotos_Nora/ithildin_batch_20260617_135245/Ae_aegypti__W17_21_w_L.png;Full Skeleton;1058;left;0.709375;0.0875;0.0546875;0.0375;0.0453125;0.1015625;0.1640625;0.25;0.3796875;0.615625;0.4765625;0.4734375;0.434375;0.4328125;0.4484375;0.309375;0.3125;0.34375;0.2875;0.340625;0.40625;0.465625;0.528125;0.584375;0.628125;0.684375;0.496875;0.4875;0.4375;0.4375;0.396875;0.359375;0.334375;0.4875;Ae_aegypti__W17_21_w_L.png
00223:Ae_aegypti/W17_21_w_R.tif;/Users/kristophernolte/Downloads/Fluegelfotos_Nora/ithildin_batch_20260617_135245/Ae_aegypti__W17_21_w_R.png;Repaired;1072;right;0.4484375;0.93125;0.959375;0.9734375;0.9671875;0.93125;0.871875;0.803125;0.7;0.5265625;0.6265625;0.6328125;0.65625;0.659375;0.65;0.7515625;0.7609375;0.384375;0.359375;0.4;0.45;0.49375;0.54375;0.59375;625;0.6625;0.5;0.503125;0.46875;0.471875;0.434375;0.40625;0.396875;0.515625;Ae_aegypti__W17_21_w_R.png
00224:Ae_aegypti/W17_24_w_r.tif;/Users/kristophernolte/Downloads/Fluegelfotos_Nora/ithildin_batch_20260617_135245/Ae_aegypti__W17_24_w_r.png;Failed Repair;1118;right;0.45;0.940625;0.965625;0.984375;0.98125;0.9390625;0.8859375;825;0.6828125;0.4859375;0.59375;0.596875;0.6359375;0.640625;0.63125;0.7515625;0.7515625;0.35625;0.28125;0.31875;0.384375;0.43125;0.496875;0.559375;0.6125;0.646875;0.478125;0.465625;0.43125;0.43125;0.378125;0.371875;0.34375;0.478125;Ae_aegypti__W17_24_w_r.png
00225:Ae_aegypti/W17_27_w_R.tif;/Users/kristophernolte/Downloads/Fluegelfotos_Nora/ithildin_batch_20260617_135245/Ae_aegypti__W17_27_w_R.png;Repaired;1146;right;0.4171875;0.95;975;0.9859375;0.9828125;0.9453125;0.8859375;0.8078125;0.690625;0.478125;0.6046875;0.6078125;0.6484375;0.6515625;0.6421875;0.7546875;0.7671875;0.35625;0.33125;0.38125;0.434375;0.490625;0.553125;0.6;0.6375;0.678125;0.496875;0.496875;0.45625;0.446875;0.415625;0.3875;0.3625;0.5125;Ae_aegypti__W17_27_w_R.png
00226:Ae_aegypti/W17_28_w_l.tif;/Users/kristophernolte/Downloads/Fluegelfotos_Nora/ithildin_batch_20260617_135245/Ae_aegypti__W17_28_w_l.png;Repaired;1149;left;0.5734375;0.0578125;0.0296875;0.015625;0.015625;0.0671875;0.11875;0.1953125;0.2953125;0.5078125;0.3828125;0.3765625;0.3390625;0.3390625;0.3421875;0.2328125;225;0.33125;0.309375;0.35;0.421875;0.46875;0.528125;0.56875;0.59375;0.628125;0.453125;0.453125;0.41875;0.41875;0.3875;0.353125;0.340625;475;Ae_aegypti__W17_28_w_l.png
00227:Ae_aegypti/W17_2_w_r.tif;/Users/kristophernolte/Downloads/Fluegelfotos_Nora/ithildin_batch_20260617_135245/Ae_aegypti__W17_2_w_r.png;Repaired;1101;right;0.43125;0.940625;0.9640625;0.98125;0.98125;0.93125;0.88125;0.8;0.70625;0.496875;0.6078125;0.6140625;0.6515625;0.6609375;0.653125;0.7515625;0.7765625;0.35625;0.321875;0.3625;0.41875;0.46875;0.534375;575;0.60625;0.65;0.4875;0.48125;0.44375;0.440625;0.4125;0.384375;0.365625;0.496875;Ae_aegypti__W17_2_w_r.png
00228:Ae_aegypti/W17_33_w_L.tif;/Users/kristophernolte/Downloads/Fluegelfotos_Nora/ithildin_batch_20260617_135245/Ae_aegypti__W17_33_w_L.png;Failed Repair;952;left;0.5265625;0.0671875;0.0375;0.028125;0.034375;0.0734375;0.121875;0.1890625;0.284375;0.4828125;0.38125;0.3796875;0.346875;0.34375;0.3484375;0.2453125;0.23125;0.346875;0.3;0.346875;0.396875;0.453125;0.503125;0.553125;0.6;0.64375;0.46875;0.46875;0.4375;0.4375;0.403125;0.38125;0.35;0.484375;Ae_aegypti__W17_33_w_L.png
00229:Ae_aegypti/W17_34_w_r.tif;/Users/kristophernolte/Downloads/Fluegelfotos_Nora/ithildin_batch_20260617_135245/Ae_aegypti__W17_34_w_r.png;Repaired;1160;right;0.4484375;0.9359375;0.971875;0.98125;0.98125;0.9421875;0.8859375;0.8140625;0.715625;0.4984375;0.6171875;625;0.6625;0.6640625;0.6421875;0.7578125;0.784375;0.40625;0.35;0.396875;0.44375;0.496875;0.55;0.6;0.640625;0.7;0.546875;0.534375;0.49375;0.490625;0.45625;0.43125;0.403125;0.534375;Ae_aegypti__W17_34_w_r.png
00230:Ae_aegypti/W17_37_w_L.tif;/Users/kristophernolte/Downloads/Fluegelfotos_Nora/ithildin_batch_20260617_135245/Ae_aegypti__W17_37_w_L.png;Repaired;1294;left;0.5859375;0.0671875;0.0359375;0.0171875;0.021875;0.0703125;0.1265625;0.215625;0.3015625;0.4921875;0.3921875;0.3875;0.346875;0.3453125;0.3640625;0.2421875;0.2328125;0.334375;0.30625;0.35;0.4125;0.465625;0.51875;0.56875;0.6;0.653125;0.484375;475;0.434375;0.43125;0.396875;0.371875;0.346875;0.484375;Ae_aegypti__W17_37_w_L.png
00231:Ae_aegypti/W17_37_w_R.tif;/Users/kristophernolte/Downloads/Fluegelfotos_Nora/ithildin_batch_20260617_135245/Ae_aegypti__W17_37_w_R.png;Repaired;1292;right;0.4453125;0.9453125;0.9734375;0.9859375;0.9828125;0.94375;0.8859375;0.80625;0.7140625;0.528125;0.6234375;0.63125;0.6640625;0.66875;0.659375;0.7671875;0.78125;0.36875;0.340625;0.384375;0.4375;0.496875;0.55;0.59375;0.634375;0.671875;0.5125;0.50625;0.4625;0.4625;425;0.4;0.378125;0.515625;Ae_aegypti__W17_37_w_R.png
00232:Ae_aegypti/W17_38_w_L.tif;/Users/kristophernolte/Downloads/Fluegelfotos_Nora/ithildin_batch_20260617_135245/Ae_aegypti__W17_38_w_L.png;Full Skeleton;1113;left;0.609375;0.0640625;0.028125;0.009375;0.0125;0.0578125;0.1203125;0.2078125;0.3265625;0.546875;0.4203125;0.415625;0.3828125;375;0.3875;0.25;0.246875;0.390625;0.340625;0.39375;0.459375;0.51875;0.58125;0.628125;0.665625;0.709375;0.534375;0.53125;0.484375;0.4875;0.440625;0.4125;0.38125;0.540625;Ae_aegypti__W17_38_w_L.png
00233:Ae_aegypti/W17_38_w_R.tif;/Users/kristophernolte/Downloads/Fluegelfotos_Nora/ithildin_batch_20260617_135245/Ae_aegypti__W17_38_w_R.png;Failed Repair;1088;right;0.44375;0.94375;0.971875;0.9828125;0.9671875;0.9015625;0.853125;0.80625;0.6859375;0.5015625;0.6046875;0.6078125;0.646875;0.65625;0.6484375;0.7421875;0.7578125;0.35625;0.34375;0.390625;0.453125;0.44375;525;0.578125;0.634375;0.66875;0.496875;0.496875;0.453125;0.453125;0.421875;0.390625;0.38125;0.509375;Ae_aegypti__W17_38_w_R.png
00234:Ae_aegypti/W17_41_w_L.tif;/Users/kristophernolte/Downloads/Fluegelfotos_Nora/ithildin_batch_20260617_135245/Ae_aegypti__W17_41_w_L.png;Repaired;1088;left;0.4796875;0.084375;0.05625;0.04375;0.0421875;0.078125;0.1296875;0.184375;0.2734375;0.434375;0.34375;0.3359375;0.3125;0.30625;0.31875;0.2203125;0.2140625;0.40625;0.359375;0.4;0.446875;0.49375;0.546875;0.596875;0.628125;0.665625;0.521875;0.51875;0.48125;0.484375;0.45;425;0.409375;0.528125;Ae_aegypti__W17_41_w_L.png
00235:Ae_aegypti/W17_41_w_R.tif;/Users/kristophernolte/Downloads/Fluegelfotos_Nora/ithildin_batch_20260617_135245/Ae_aegypti__W17_41_w_R.png;Repaired;1102;right;0.4375;0.9265625;0.9625;0.978125;975;0.9359375;0.86875;0.8015625;0.684375;0.49375;0.603125;0.60625;0.6375;0.64375;0.6296875;0.7515625;0.7515625;0.371875;0.334375;0.378125;0.4375;0.490625;0.565625;0.621875;0.65625;0.703125;0.51875;0.51875;0.471875;0.471875;0.4375;0.40625;0.38125;0.53125;Ae_aegypti__W17_41_w_R.png
00236:Ae_aegypti/W17_44_w_L.tif;/Users/kristophernolte/Downloads/Fluegelfotos_Nora/ithildin_batch_20260617_135245/Ae_aegypti__W17_44_w_L.png;Repaired;1179;left;0.609375;0.0609375;0.03125;0.0109375;0.0171875;0.05625;0.121875;0.20625;0.328125;0.53125;0.41875;0.415625;0.3734375;0.3734375;0.3859375;0.28125;0.2578125;0.38125;0.328125;0.36875;0.434375;0.4875;0.55;0.596875;0.64375;0.6875;0.53125;0.515625;0.478125;0.46875;0.4375;0.403125;0.378125;0.51875;Ae_aegypti__W17_44_w_L.png
00237:Ae_aegypti/W17_44_w_R.tif;/Users/kristophernolte/Downloads/Fluegelfotos_Nora/ithildin_batch_20260617_135245/Ae_aegypti__W17_44_w_R.png;Full Skeleton;1160;right;0.4390625;0.9515625;0.978125;0.9875;0.98125;0.9421875;0.8859375;0.8078125;0.690625;0.496875;0.6078125;0.6078125;0.646875;0.653125;0.6453125;0.75625;0.75625;0.328125;0.315625;0.3625;0.41875;0.465625;0.515625;0.5625;0.59375;0.63125;0.4625;0.4625;0.421875;0.421875;0.38125;0.365625;0.340625;475;Ae_aegypti__W17_44_w_R.png
00238:Ae_aegypti/W17_46_w_L.tif;/Users/kristophernolte/Downloads/Fluegelfotos_Nora/ithildin_batch_20260617_135245/Ae_aegypti__W17_46_w_L.png;Repaired;1179;left;0.5484375;0.0515625;0.0265625;0.0109375;0.0203125;0.0609375;0.115625;0.1921875;0.290625;475;0.3796875;0.36875;0.3328125;0.33125;0.340625;0.228125;0.2265625;0.384375;0.340625;0.384375;0.446875;0.5;0.55;0.596875;0.6375;0.684375;0.51875;0.515625;0.46875;0.46875;0.4375;0.409375;0.3875;0.51875;Ae_aegypti__W17_46_w_L.png
00239:Ae_aegypti/W17_46_w_R.tif;/Users/kristophernolte/Downloads/Fluegelfotos_Nora/ithildin_batch_20260617_135245/Ae_aegypti__W17_46_w_R.png;Failed Repair;1189;right;0.4703125;0.946875;0.9796875;0.9890625;0.9828125;0.9359375;0.8765625;0.7703125;0.6640625;0.5390625;0.621875;0.6390625;0.6765625;0.68125;0.6671875;0.7875;0.7625;0.3375;0.39375;0.446875;0.50625;0.553125;0.603125;0.646875;0.58125;0.609375;0.4875;0.496875;0.4625;0.46875;0.434375;0.403125;0.40625;525;Ae_aegypti__W17_46_w_R.png
00240:Ae_aegypti/W17_48_w_R.tif;/Users/kristophernolte/Downloads/Fluegelfotos_Nora/ithildin_batch_20260617_135245/Ae_aegypti__W17_48_w_R.png;Failed Repair;1132;right;0.4390625;0.94375;0.965625;0.98125;975;0.928125;0.8625;0.79375;0.6875;0.4828125;0.5921875;0.6;0.6296875;0.6390625;625;0.7453125;0.75;325;325;0.3625;0.421875;0.48125;0.540625;0.578125;0.615625;0.659375;475;0.478125;0.434375;0.434375;0.40625;0.371875;0.359375;0.4875;Ae_aegypti__W17_48_w_R.png
00241:Ae_aegypti/W17_50_w_L.tif;/Users/kristophernolte/Downloads/Fluegelfotos_Nora/ithildin_batch_20260617_135245/Ae_aegypti__W17_50_w_L.png;Repaired;1077;left;0.565625;0.071875;0.0515625;0.034375;0.0453125;0.0828125;0.1390625;0.1984375;0.3078125;0.4765625;0.3875;0.38125;0.3421875;0.3390625;0.3546875;0.234375;0.234375;0.346875;375;0.4125;0.46875;0.51875;0.565625;0.6125;0.646875;0.684375;0.521875;0.5125;0.471875;475;0.446875;0.415625;0.403125;0.534375;Ae_aegypti__W17_50_w_L.png
00242:Ae_aegypti/W17_50_w_R.tif;/Users/kristophernolte/Downloads/Fluegelfotos_Nora/ithildin_batch_20260617_135245/Ae_aegypti__W17_50_w_R.png;Repaired;1067;right;0.4015625;0.9359375;0.9703125;0.984375;0.971875;0.934375;0.8578125;0.784375;0.6703125;0.4484375;575;0.5859375;0.6171875;0.6265625;0.60625;0.7515625;0.7453125;0.309375;0.328125;375;0.44375;0.503125;0.55;0.6;0.634375;675;0.465625;475;0.43125;0.434375;0.40625;0.35625;0.353125;0.50625;Ae_aegypti__W17_50_w_R.png
00243:Ae_aegypti/W17_52_w_R.tif;/Users/kristophernolte/Downloads/Fluegelfotos_Nora/ithildin_batch_20260617_135245/Ae_aegypti__W17_52_w_R.png;Failed Repair;1173;right;0.3921875;0.9453125;0.971875;0.984375;0.9765625;0.7484375;0.9125;0.7953125;0.6875;0.48125;0.5875;0.5953125;625;0.6328125;625;0.7375;0.74375;0.365625;0.34375;0.39375;0.44375;0.484375;0.665625;0.553125;0.640625;0.6875;0.51875;0.509375;0.46875;0.471875;0.43125;0.403125;0.38125;0.515625;Ae_aegypti__W17_52_w_R.png
00244:Ae_aegypti/W17_54_w_L.tif;/Users/kristophernolte/Downloads/Fluegelfotos_Nora/ithildin_batch_20260617_135245/Ae_aegypti__W17_54_w_L.png;Full Skeleton;1019;left;0.4921875;0.0625;0.034375;0.021875;0.028125;0.065625;0.1109375;0.18125;0.278125;0.4609375;0.3546875;0.3484375;0.31875;0.3109375;0.3203125;0.2109375;0.21875;0.384375;0.35625;0.396875;0.446875;0.49375;0.540625;0.584375;0.615625;0.659375;0.503125;0.50625;0.459375;0.4625;0.434375;0.409375;0.390625;0.509375;Ae_aegypti__W17_54_w_L.png
00245:Ae_aegypti/W17_54_w_R.tif;/Users/kristophernolte/Downloads/Fluegelfotos_Nora/ithildin_batch_20260617_135245/Ae_aegypti__W17_54_w_R.png;Repaired;1052;right;0.3875;0.93125;0.953125;0.9671875;0.9625;0.9140625;0.8625;0.7953125;0.6765625;0.46875;0.5828125;0.609375;0.63125;0.6390625;625;0.7484375;0.740625;0.365625;0.321875;0.3625;425;475;0.5375;0.584375;0.621875;0.678125;0.50625;0.503125;0.459375;0.4625;0.421875;0.3875;0.365625;0.5;Ae_aegypti__W17_54_w_R.png
00246:Ae_aegypti/W17_55_w_L.tif;/Users/kristophernolte/Downloads/Fluegelfotos_Nora/ithildin_batch_20260617_135245/Ae_aegypti__W17_55_w_L.png;Full Skeleton;1165;left;0.6171875;0.046875;0.0203125;0.009375;0.0171875;0.065625;0.121875;0.2;0.3171875;0.546875;0.4203125;0.4171875;0.38125;0.3640625;0.38125;0.234375;0.2375;325;0.359375;0.40625;0.4625;0.521875;0.58125;625;0.671875;0.70625;0.5;0.5;0.459375;0.459375;0.41875;0.38125;0.378125;0.53125;Ae_aegypti__W17_55_w_L.png
00247:Ae_aegypti/W17_55_w_R.tif;/Users/kristophernolte/Downloads/Fluegelfotos_Nora/ithildin_batch_20260617_135245/Ae_aegypti__W17_55_w_R.png;Repaired;1164;right;0.4125;0.9484375;0.9765625;0.9859375;0.978125;0.9359375;0.88125;0.803125;0.6875;0.471875;0.59375;0.5953125;0.6328125;0.640625;0.6234375;0.7671875;0.7625;0.3875;0.3625;0.415625;475;0.528125;0.584375;0.63125;675;0.721875;0.534375;0.528125;0.490625;0.4875;0.446875;0.421875;0.4;0.540625;Ae_aegypti__W17_55_w_R.png
00248:Ae_aegypti/W17_5_m_L.tif;/Users/kristophernolte/Downloads/Fluegelfotos_Nora/ithildin_batch_20260617_135245/Ae_aegypti__W17_5_m_L.png;Full Skeleton;899;left;0.5265625;0.065625;0.028125;0.0109375;0.0140625;0.0609375;0.128125;0.1984375;0.290625;0.4734375;0.3703125;0.3625;0.3265625;0.3203125;0.3359375;0.2109375;0.190625;0.403125;0.328125;0.36875;0.428125;0.48125;0.5375;0.578125;0.6125;0.659375;0.534375;0.503125;0.46875;0.465625;0.43125;0.4;0.378125;0.51875;Ae_aegypti__W17_5_m_L.png
00249:Ae_aegypti/W17_60_m_L.tif;/Users/kristophernolte/Downloads/Fluegelfotos_Nora/ithildin_batch_20260617_135245/Ae_aegypti__W17_60_m_L.png;Repaired;1144;left;0.571875;0.06875;0.04375;0.0234375;0.0234375;0.0703125;0.128125;0.2109375;0.328125;0.5453125;0.4140625;0.4046875;0.36875;0.3625;375;275;0.2515625;0.334375;0.309375;0.35;0.4;0.465625;0.51875;0.565625;0.6;0.65625;0.46875;0.46875;0.440625;0.434375;0.39375;0.35625;0.34375;0.490625;Ae_aegypti__W17_60_m_L.png
00250:Ae_aegypti/W17_62_w_L.tif;/Users/kristophernolte/Downloads/Fluegelfotos_Nora/ithildin_batch_20260617_135245/Ae_aegypti__W17_62_w_L.png;Repaired;1006;left;0.528125;0.0734375;0.0609375;0.0359375;0.0375;0.071875;0.128125;0.1875;0.2796875;0.453125;0.365625;0.3671875;325;0.3171875;0.3265625;0.2359375;225;0.43125;0.340625;0.365625;0.421875;475;0.53125;0.58125;0.621875;0.671875;0.54375;0.528125;0.4875;0.4875;0.453125;0.434375;0.4;0.51875;Ae_aegypti__W17_62_w_L.png
00251:Ae_aegypti/W17_65_w_L.tif;/Users/kristophernolte/Downloads/Fluegelfotos_Nora/ithildin_batch_20260617_135245/Ae_aegypti__W17_65_w_L.png;Repaired;1109;left;0.6828125;0.1015625;0.0671875;0.0453125;0.0515625;0.096875;0.1671875;0.2546875;0.371875;0.5828125;0.459375;0.45;0.4140625;0.4078125;425;0.3;0.2859375;325;0.30625;0.35625;0.428125;0.4875;0.55;0.6;0.63125;675;0.48125;0.48125;0.440625;0.44375;0.409375;0.365625;0.34375;0.50625;Ae_aegypti__W17_65_w_L.png
00252:Ae_aegypti/W17_68_w_R.tif;/Users/kristophernolte/Downloads/Fluegelfotos_Nora/ithildin_batch_20260617_135245/Ae_aegypti__W17_68_w_R.png;Full Skeleton;1192;right;0.459375;925;0.9453125;0.9578125;0.9546875;0.9234375;0.871875;0.8015625;0.709375;0.50625;0.621875;0.6234375;0.653125;0.6578125;0.6453125;0.7625;0.7734375;0.390625;0.334375;0.36875;0.4125;0.46875;525;0.56875;0.60625;0.65625;0.509375;0.503125;0.4625;0.4625;425;0.396875;0.371875;0.503125;Ae_aegypti__W17_68_w_R.png
00253:Ae_aegypti/W17_69_w_L.tif;/Users/kristophernolte/Downloads/Fluegelfotos_Nora/ithildin_batch_20260617_135245/Ae_aegypti__W17_69_w_L.png;Full Skeleton;1159;left;0.5859375;0.0609375;0.0421875;0.021875;0.01875;0.065625;0.1203125;0.2;0.3140625;0.5296875;0.4109375;0.409375;0.36875;0.365625;0.371875;0.2515625;0.25;0.35;0.3125;0.353125;0.4125;0.459375;0.521875;575;0.61875;0.6625;0.503125;0.4875;0.453125;0.446875;0.40625;0.38125;0.35625;0.49375;Ae_aegypti__W17_69_w_L.png
00254:Ae_aegypti/W17_69_w_R.tif;/Users/kristophernolte/Downloads/Fluegelfotos_Nora/ithildin_batch_20260617_135245/Ae_aegypti__W17_69_w_R.png;Failed Repair;1152;right;0.4078125;0.9328125;0.9671875;0.9796875;0.9734375;0.93125;0.8796875;0.7953125;0.6765625;0.4640625;0.5859375;0.59375;0.646875;0.6484375;0.61875;0.7296875;0.7484375;0.35;0.3;0.340625;0.4;0.45625;0.515625;0.571875;0.60625;0.659375;0.490625;0.48125;0.4375;0.440625;0.40625;0.378125;0.35;0.484375;Ae_aegypti__W17_69_w_R.png
00255:Ae_aegypti/W17_71_m_R.tif;/Users/kristophernolte/Downloads/Fluegelfotos_Nora/ithildin_batch_20260617_135245/Ae_aegypti__W17_71_m_R.png;Full Skeleton;944;right;0.465625;0.953125;0.9734375;0.984375;0.98125;0.9359375;0.8734375;0.809375;0.7015625;0.5;625;0.628125;0.6640625;0.665625;0.659375;0.7859375;0.79375;0.35;325;0.3625;0.409375;0.465625;0.521875;0.56875;0.596875;0.640625;0.48125;0.471875;0.43125;0.43125;0.40625;0.378125;0.35625;0.496875;Ae_aegypti__W17_71_m_R.png
00256:Ae_aegypti/W17_72_w_L.tif;/Users/kristophernolte/Downloads/Fluegelfotos_Nora/ithildin_batch_20260617_135245/Ae_aegypti__W17_72_w_L.png;Full Skeleton;1124;left;0.578125;0.0734375;0.040625;25;0.03125;0.0703125;0.13125;0.209375;0.3125;0.5265625;0.409375;0.4;0.3625;0.3515625;0.35625;0.259375;0.2421875;0.35625;0.3125;0.35625;0.41875;0.478125;0.53125;0.578125;0.621875;675;0.490625;0.490625;0.45;0.453125;0.415625;0.3875;0.365625;0.503125;Ae_aegypti__W17_72_w_L.png
00257:Ae_aegypti/W17_73_w_l.tif;/Users/kristophernolte/Downloads/Fluegelfotos_Nora/ithildin_batch_20260617_135245/Ae_aegypti__W17_73_w_l.png;Full Skeleton;1131;left;0.5703125;0.0484375;0.0265625;0.0125;0.015625;0.0515625;0.1078125;0.1890625;0.3015625;0.509375;0.3921875;0.38125;0.34375;0.3375;0.3421875;0.2484375;0.2328125;0.35;0.328125;375;0.43125;0.484375;0.540625;0.584375;0.621875;0.66875;0.490625;0.484375;0.440625;0.44375;0.4;0.38125;0.3625;0.5;Ae_aegypti__W17_73_w_l.png
00258:Ae_aegypti/W17_74_w_L.tif;/Users/kristophernolte/Downloads/Fluegelfotos_Nora/ithildin_batch_20260617_135245/Ae_aegypti__W17_74_w_L.png;Repaired;1030;left;0.5875;0.0734375;0.0375;0.0203125;0.0296875;75;0.1265625;0.203125;0.3171875;0.5359375;0.4109375;0.4015625;0.36875;0.3625;0.3734375;0.246875;0.2390625;0.35;0.315625;0.353125;0.415625;0.46875;0.528125;0.578125;0.621875;0.66875;0.490625;0.4875;0.45;0.446875;0.40625;0.384375;0.353125;0.5;Ae_aegypti__W17_74_w_L.png
00259:Ae_aegypti/W17_76_u_R.tif;/Users/kristophernolte/Downloads/Fluegelfotos_Nora/ithildin_batch_20260617_135245/Ae_aegypti__W17_76_u_R.png;Full Skeleton;1077;right;0.4296875;0.9203125;0.9421875;0.9609375;0.9609375;0.921875;0.859375;0.7890625;0.684375;0.4890625;0.5890625;0.5953125;0.6265625;0.63125;0.6171875;0.721875;0.7359375;0.35625;0.29375;0.33125;0.390625;0.45;0.509375;0.5625;0.615625;0.6625;0.496875;0.4875;0.440625;0.4375;0.409375;0.371875;0.340625;0.484375;Ae_aegypti__W17_76_u_R.png
00260:Ae_aegypti/W17_77_u_R.tif;/Users/kristophernolte/Downloads/Fluegelfotos_Nora/ithildin_batch_20260617_135245/Ae_aegypti__W17_77_u_R.png;Full Skeleton;1158;right;0.3796875;0.915625;0.940625;0.9515625;0.9484375;0.9015625;0.8484375;0.7734375;0.659375;0.46875;575;0.578125;0.6140625;0.61875;0.60625;0.7046875;0.7234375;0.321875;0.284375;0.3375;0.396875;0.45625;0.515625;0.565625;0.609375;0.646875;0.465625;0.4625;0.421875;0.41875;0.38125;0.353125;0.33125;0.465625;Ae_aegypti__W17_77_u_R.png
00261:Ae_aegypti/W17_79_w_L.tif;/Users/kristophernolte/Downloads/Fluegelfotos_Nora/ithildin_batch_20260617_135245/Ae_aegypti__W17_79_w_L.png;Repaired;1219;left;0.56875;0.0984375;0.0609375;0.0328125;0.0375;0.078125;0.13125;0.20625;0.30625;0.4890625;0.3875;0.3859375;0.3453125;0.3453125;0.359375;0.2578125;0.2453125;0.353125;0.3;0.34375;0.403125;0.453125;0.515625;0.565625;0.60625;0.65;0.4875;0.48125;0.4375;0.446875;0.403125;375;0.353125;0.484375;Ae_aegypti__W17_79_w_L.png
00262:Ae_aegypti/W17_79_w_R.tif;/Users/kristophernolte/Downloads/Fluegelfotos_Nora/ithildin_batch_20260617_135245/Ae_aegypti__W17_79_w_R.png;Full Skeleton;1247;right;0.396875;0.896875;0.928125;0.95;0.9421875;0.9046875;0.8484375;0.76875;0.6609375;0.4625;575;0.58125;0.6125;0.61875;0.609375;0.703125;0.7296875;0.3375;0.303125;0.35;0.41875;0.471875;0.534375;0.584375;0.615625;0.6625;0.48125;0.478125;0.434375;0.4375;0.40625;0.378125;0.365625;0.49375;Ae_aegypti__W17_79_w_R.png
00263:Ae_aegypti/W17_7_m_L.tif;/Users/kristophernolte/Downloads/Fluegelfotos_Nora/ithildin_batch_20260617_135245/Ae_aegypti__W17_7_m_L.png;Full Skeleton;945;left;0.53125;0.059375;0.03125;0.0125;0.015625;0.05625;0.1015625;0.1984375;0.2828125;0.4546875;0.346875;0.346875;0.3109375;0.3109375;0.315625;0.1953125;0.1984375;0.396875;0.365625;0.39375;0.434375;0.484375;0.5375;575;0.615625;0.659375;0.51875;0.50625;475;0.471875;0.44375;0.421875;0.403125;0.51875;Ae_aegypti__W17_7_m_L.png
00264:Ae_aegypti/W18_1_m_L.tif;/Users/kristophernolte/Downloads/Fluegelfotos_Nora/ithildin_batch_20260617_135245/Ae_aegypti__W18_1_m_L.png;Full Skeleton;1021;left;0.5265625;0.0984375;0.059375;0.0359375;0.0390625;0.0828125;0.1421875;0.2109375;0.3234375;0.4640625;0.3671875;0.3671875;0.328125;0.3265625;0.334375;225;0.21875;0.321875;0.271875;0.303125;0.35625;0.403125;0.453125;0.496875;525;0.565625;0.44375;0.43125;0.396875;0.396875;0.36875;0.34375;325;0.434375;Ae_aegypti__W18_1_m_L.png
00265:Ae_aegypti/W18_1_m_R.tif;/Users/kristophernolte/Downloads/Fluegelfotos_Nora/ithildin_batch_20260617_135245/Ae_aegypti__W18_1_m_R.png;Full Skeleton;1019;right;0.4578125;0.9265625;0.9625;0.984375;0.9828125;0.9328125;0.871875;0.79375;0.6859375;0.503125;0.6171875;0.61875;0.6609375;0.6640625;0.6578125;0.7703125;0.7765625;0.33125;0.290625;325;0.38125;0.440625;0.496875;0.5375;0.5625;0.609375;0.4625;0.453125;0.415625;0.415625;0.3875;0.359375;0.334375;0.4625;Ae_aegypti__W18_1_m_R.png
00266:Ae_aegypti/W1_10_w_L.tif;/Users/kristophernolte/Downloads/Fluegelfotos_Nora/ithildin_batch_20260617_135245/Ae_aegypti__W1_10_w_L.png;Full Skeleton;1412;left;0.59375;0.053125;0.0265625;0.0109375;0.0140625;0.059375;0.1234375;0.196875;0.3;0.5203125;0.4;0.4015625;0.35625;0.3578125;0.3671875;0.2390625;0.2359375;0.359375;0.31875;0.3625;0.41875;0.465625;0.521875;0.56875;0.6125;0.66875;0.5;0.4875;0.453125;0.440625;0.403125;0.371875;0.346875;0.490625;Ae_aegypti__W1_10_w_L.png
00267:Ae_aegypti/W1_13_m_L.tif;/Users/kristophernolte/Downloads/Fluegelfotos_Nora/ithildin_batch_20260617_135245/Ae_aegypti__W1_13_m_L.png;Full Skeleton;1016;left;0.5234375;0.059375;0.028125;0.0109375;0.0171875;0.065625;0.1265625;0.2;0.3078125;0.4796875;0.371875;0.371875;0.3296875;0.3265625;0.3296875;0.2140625;0.2;0.36875;0.328125;0.365625;0.41875;0.465625;0.515625;0.55;0.578125;0.61875;0.471875;0.465625;0.434375;0.43125;0.403125;375;0.3625;0.484375;Ae_aegypti__W1_13_m_L.png
00268:Ae_aegypti/W1_15_w_L.tif;/Users/kristophernolte/Downloads/Fluegelfotos_Nora/ithildin_batch_20260617_135245/Ae_aegypti__W1_15_w_L.png;Full Skeleton;1157;left;0.6125;0.071875;0.0421875;25;0.03125;75;0.1328125;0.2125;0.33125;0.5359375;0.4140625;0.40625;375;0.371875;375;0.253125;0.24375;0.346875;0.31875;0.359375;0.40625;0.471875;0.528125;575;0.609375;0.65625;0.4875;0.48125;0.4375;0.434375;0.40625;0.365625;0.35;0.490625;Ae_aegypti__W1_15_w_L.png
00269:Ae_aegypti/W1_15_w_R.tif;/Users/kristophernolte/Downloads/Fluegelfotos_Nora/ithildin_batch_20260617_135245/Ae_aegypti__W1_15_w_R.png;Repaired;1174;right;0.3796875;0.9;925;0.9421875;0.93125;0.890625;0.8390625;0.765625;0.6484375;0.4609375;575;0.578125;0.6109375;0.6140625;0.6;0.7296875;0.7375;0.346875;325;0.371875;425;0.478125;0.53125;0.56875;0.603125;0.65;0.48125;0.478125;0.440625;0.440625;0.409375;0.371875;0.3625;0.496875;Ae_aegypti__W1_15_w_R.png
00270:Ae_aegypti/W1_16_w_L.tif;/Users/kristophernolte/Downloads/Fluegelfotos_Nora/ithildin_batch_20260617_135245/Ae_aegypti__W1_16_w_L.png;Full Skeleton;1311;left;0.5703125;0.05625;0.0296875;0.0109375;0.015625;0.0546875;0.1109375;0.1765625;0.290625;0.4953125;0.3921875;0.39375;0.340625;0.3421875;0.3515625;0.2265625;0.215625;0.31875;0.3125;0.35;0.403125;0.4625;0.521875;575;0.60625;0.65;0.4875;0.471875;0.43125;0.428125;0.396875;0.359375;0.34375;0.4875;Ae_aegypti__W1_16_w_L.png
00271:Ae_aegypti/W1_19_m_L.tif;/Users/kristophernolte/Downloads/Fluegelfotos_Nora/ithildin_batch_20260617_135245/Ae_aegypti__W1_19_m_L.png;Full Skeleton;920;left;0.5421875;0.0484375;25;0.021875;0.0375;0.0625;0.1171875;0.1984375;0.30625;0.4890625;0.365625;0.365625;0.334375;0.3328125;0.3375;0.221875;0.2109375;0.359375;0.321875;0.353125;0.40625;0.453125;0.5;0.553125;0.596875;0.65;0.4875;0.484375;0.44375;0.440625;0.40625;0.38125;0.359375;0.4875;Ae_aegypti__W1_19_m_L.png
00272:Ae_aegypti/W1_1_w_L.tif;/Users/kristophernolte/Downloads/Fluegelfotos_Nora/ithildin_batch_20260617_135245/Ae_aegypti__W1_1_w_L.png;Repaired;1393;left;0.58125;0.053125;0.0265625;0.0125;0.015625;0.0625;0.1203125;0.2125;0.3171875;0.515625;0.40625;0.4;0.3640625;0.3578125;0.3765625;0.246875;0.25;0.34375;0.33125;0.378125;0.434375;0.4875;0.540625;0.5875;0.621875;0.671875;0.4875;0.490625;0.44375;0.44375;0.40625;0.36875;0.35625;0.5;Ae_aegypti__W1_1_w_L.png
00273:Ae_aegypti/W1_2_w_L.tif;/Users/kristophernolte/Downloads/Fluegelfotos_Nora/ithildin_batch_20260617_135245/Ae_aegypti__W1_2_w_L.png;Full Skeleton;1318;left;0.5984375;0.08125;0.05625;0.040625;0.04375;0.0890625;0.1453125;0.2234375;0.3359375;0.5171875;0.415625;0.4140625;0.3828125;0.38125;0.384375;0.2640625;0.2546875;0.34375;325;0.3625;0.415625;0.471875;0.528125;0.571875;0.609375;0.6625;0.5;0.4875;0.44375;0.440625;0.403125;375;0.35625;0.49375;Ae_aegypti__W1_2_w_L.png
00274:Ae_aegypti/W1_2_w_R.tif;/Users/kristophernolte/Downloads/Fluegelfotos_Nora/ithildin_batch_20260617_135245/Ae_aegypti__W1_2_w_R.png;Repaired;1318;right;0.4375;0.93125;0.9546875;0.96875;0.9671875;0.928125;0.8734375;0.7984375;0.6953125;0.51875;0.6109375;0.6125;0.6390625;0.640625;0.640625;0.7515625;0.7640625;0.384375;0.3125;0.346875;0.396875;0.45;0.509375;0.55;0.590625;0.653125;0.5125;0.490625;0.45625;0.45;0.415625;0.390625;0.35625;0.4875;Ae_aegypti__W1_2_w_R.png
00275:Ae_aegypti/W1_3_m_L.tif;/Users/kristophernolte/Downloads/Fluegelfotos_Nora/ithildin_batch_20260617_135245/Ae_aegypti__W1_3_m_L.png;Repaired;1011;left;0.5640625;0.05625;0.0359375;0.0140625;0.015625;0.06875;0.13125;0.209375;0.3125;0.5015625;0.3953125;0.3859375;0.34375;0.3390625;0.3453125;0.209375;0.215625;0.384375;0.34375;0.371875;425;0.48125;0.5375;0.58125;0.615625;0.6625;0.515625;0.5;0.465625;0.465625;0.434375;0.4125;0.384375;0.509375;Ae_aegypti__W1_3_m_L.png
00276:Ae_aegypti/W1_3_m_R.tif;/Users/kristophernolte/Downloads/Fluegelfotos_Nora/ithildin_batch_20260617_135245/Ae_aegypti__W1_3_m_R.png;Failed Repair;1229;right;0.434375;0.934375;0.1296875;0.89375;0.9609375;0.91875;0.8421875;0.790625;0.6875;0.4953125;0.596875;0.6078125;0.659375;0.6609375;0.659375;0.7796875;0.784375;0.30625;0.29375;0.321875;0.35625;0.3625;0.409375;0.5125;0.553125;0.6;0.45;0.434375;0.396875;0.396875;0.365625;0.340625;325;0.453125;Ae_aegypti__W1_3_m_R.png
00277:Ae_aegypti/W1_4_w_R.tif;/Users/kristophernolte/Downloads/Fluegelfotos_Nora/ithildin_batch_20260617_135245/Ae_aegypti__W1_4_w_R.png;Failed Repair;1363;right;0.421875;0.95;0.9703125;0.9859375;0.984375;0.940625;0.871875;0.8;0.7015625;0.4671875;0.6;0.6015625;0.6375;0.6390625;625;0.7703125;0.76875;0.3375;0.296875;0.33125;0.3875;0.44375;0.503125;0.546875;0.58125;0.63125;0.43125;0.459375;425;0.421875;0.384375;0.35625;0.3375;0.471875;Ae_aegypti__W1_4_w_R.png
00278:Ae_aegypti/W1_5_w_L.tif;/Users/kristophernolte/Downloads/Fluegelfotos_Nora/ithildin_batch_20260617_135245/Ae_aegypti__W1_5_w_L.png;Failed Repair;1401;left;0.65;0.059375;0.0296875;0.015625;0.0171875;0.05;0.1265625;0.140625;0.30625;0.5296875;0.3984375;0.39375;0.3515625;0.34375;0.3578125;0.2390625;0.2453125;0.39375;0.34375;0.396875;0.45625;0.509375;0.55625;0.61875;625;0.721875;0.54375;0.5375;0.4875;0.484375;0.446875;0.4125;0.3875;0.534375;Ae_aegypti__W1_5_w_L.png
00279:Ae_aegypti/W1_6_w_l.tif;/Users/kristophernolte/Downloads/Fluegelfotos_Nora/ithildin_batch_20260617_135245/Ae_aegypti__W1_6_w_l.png;Repaired;1376;left;0.5875;0.065625;0.0421875;0.028125;0.034375;0.0734375;0.140625;0.2203125;0.3515625;0.5734375;0.4203125;0.4140625;0.3796875;0.3734375;0.390625;0.2609375;0.2375;0.396875;0.359375;0.396875;0.459375;0.51875;0.571875;0.621875;0.659375;0.696875;0.53125;0.528125;0.484375;0.484375;0.440625;0.415625;0.390625;0.540625;Ae_aegypti__W1_6_w_l.png
00280:Ae_aegypti/W1_7_m_L.tif;/Users/kristophernolte/Downloads/Fluegelfotos_Nora/ithildin_batch_20260617_135245/Ae_aegypti__W1_7_m_L.png;Failed Repair;1041;left;525;0.053125;0.0265625;0.0109375;0.0140625;0.0640625;0.13125;0.2078125;0.3140625;0.4546875;0.3453125;0.3421875;0.303125;0.2984375;0.315625;0.18125;0.203125;0.303125;0.39375;0.428125;0.478125;0.51875;0.559375;0.58125;0.5875;0.603125;0.440625;0.453125;425;0.43125;0.409375;0.371875;0.39375;0.503125;Ae_aegypti__W1_7_m_L.png
00281:Ae_aegypti/W1_7_m_R.tif;/Users/kristophernolte/Downloads/Fluegelfotos_Nora/ithildin_batch_20260617_135245/Ae_aegypti__W1_7_m_R.png;Full Skeleton;1036;right;0.4265625;0.9328125;0.965625;0.9859375;0.9828125;0.93125;0.8703125;0.7890625;0.6859375;0.49375;0.615625;0.61875;0.65625;0.65625;0.6515625;0.778125;0.7765625;0.35625;0.309375;0.34375;0.396875;0.453125;0.51875;0.559375;0.59375;0.640625;0.5;0.4875;0.446875;0.446875;0.415625;0.384375;0.359375;0.496875;Ae_aegypti__W1_7_m_R.png
00282:Ae_aegypti/W1_8_w_L.tif;/Users/kristophernolte/Downloads/Fluegelfotos_Nora/ithildin_batch_20260617_135245/Ae_aegypti__W1_8_w_L.png;Full Skeleton;1056;left;0.55;0.0578125;0.0328125;0.0140625;0.0203125;0.0640625;0.1203125;0.196875;0.3015625;0.484375;0.3796875;0.3796875;0.3359375;0.33125;0.3375;0.228125;0.2125;0.371875;0.346875;375;0.428125;0.48125;0.53125;575;0.615625;0.66875;0.509375;0.496875;0.4625;0.459375;0.428125;0.403125;0.3875;0.509375;Ae_aegypti__W1_8_w_L.png
00283:Ae_aegypti/W24_1_m_L.tif;/Users/kristophernolte/Downloads/Fluegelfotos_Nora/ithildin_batch_20260617_135245/Ae_aegypti__W24_1_m_L.png;Repaired;1047;left;0.5625;0.0875;0.0578125;0.0390625;0.046875;0.0921875;0.1484375;0.221875;0.321875;0.5046875;0.3984375;0.3984375;0.359375;0.3578125;0.3625;0.2640625;0.246875;0.40625;0.31875;0.359375;0.409375;0.465625;0.51875;0.56875;0.6125;0.6625;525;0.503125;0.46875;0.465625;0.434375;0.415625;0.3875;0.503125;Ae_aegypti__W24_1_m_L.png
00284:Ae_aegypti/W24_1_m_R.tif;/Users/kristophernolte/Downloads/Fluegelfotos_Nora/ithildin_batch_20260617_135245/Ae_aegypti__W24_1_m_R.png;Full Skeleton;1046;right;0.4421875;0.90625;0.928125;0.9515625;0.9453125;0.896875;0.8375;0.7703125;0.66875;0.4921875;0.603125;0.6046875;0.6359375;0.6359375;0.634375;0.740625;0.7515625;0.33125;0.29375;0.328125;0.384375;0.434375;0.490625;0.534375;0.56875;0.621875;0.4625;0.453125;0.415625;0.4125;0.38125;0.35625;0.3375;0.4625;Ae_aegypti__W24_1_m_R.png
00285:Ae_aegypti/W2_10_w_L.tif;/Users/kristophernolte/Downloads/Fluegelfotos_Nora/ithildin_batch_20260617_135245/Ae_aegypti__W2_10_w_L.png;Repaired;1310;left;0.5125;0.0484375;0.0234375;0.0109375;0.0140625;0.0515625;0.096875;0.16875;275;0.446875;0.35;0.3453125;0.321875;0.3125;325;0.2265625;0.2046875;0.346875;0.340625;0.38125;0.44375;0.4875;0.5375;0.571875;0.60625;0.64375;0.48125;0.478125;0.43125;0.434375;0.396875;0.36875;0.35625;0.49375;Ae_aegypti__W2_10_w_L.png
00286:Ae_aegypti/W2_12_w_L.tif;/Users/kristophernolte/Downloads/Fluegelfotos_Nora/ithildin_batch_20260617_135245/Ae_aegypti__W2_12_w_L.png;Repaired;1045;left;0.5515625;0.0578125;0.0328125;0.0109375;0.0140625;0.05625;0.115625;0.1921875;0.3078125;0.4828125;0.36875;0.3703125;325;0.3234375;0.328125;0.221875;0.2078125;375;0.346875;375;0.428125;0.478125;0.53125;0.578125;0.615625;0.659375;0.5125;0.496875;0.45625;0.45625;0.428125;0.409375;0.38125;0.50625;Ae_aegypti__W2_12_w_L.png
00287:Ae_aegypti/W2_12_w_R.tif;/Users/kristophernolte/Downloads/Fluegelfotos_Nora/ithildin_batch_20260617_135245/Ae_aegypti__W2_12_w_R.png;Failed Repair;1050;right;0.4453125;0.9390625;0.959375;0.9859375;0.984375;0.9375;0.8953125;0.803125;0.6953125;0.5203125;0.6453125;0.6453125;0.684375;0.6875;0.6765625;0.7921875;0.8015625;425;0.390625;0.41875;0.46875;0.53125;0.571875;0.6125;0.646875;0.68125;0.540625;0.534375;0.503125;0.496875;0.46875;0.446875;0.421875;0.55;Ae_aegypti__W2_12_w_R.png
00288:Ae_aegypti/W2_1_w_L.tif;/Users/kristophernolte/Downloads/Fluegelfotos_Nora/ithildin_batch_20260617_135245/Ae_aegypti__W2_1_w_L.png;Repaired;1138;left;0.4375;0.0703125;0.046875;0.0359375;0.04375;0.0828125;0.1390625;0.2078125;0.2359375;0.41875;0.3703125;0.3625;0.3265625;0.31875;0.3359375;0.209375;0.21875;0.23125;0.3125;0.35625;0.403125;0.45;0.49375;525;0.5375;0.546875;0.3875;0.384375;0.346875;0.35625;0.33125;0.2875;0.309375;0.43125;Ae_aegypti__W2_1_w_L.png
00289:Ae_aegypti/W2_4_w_L.tif;/Users/kristophernolte/Downloads/Fluegelfotos_Nora/ithildin_batch_20260617_135245/Ae_aegypti__W2_4_w_L.png;Repaired;1371;left;0.59375;0.059375;0.0484375;0.0265625;0.028125;0.0703125;125;0.2078125;0.3171875;0.509375;0.4046875;0.3921875;0.36875;0.3609375;0.3734375;0.2390625;0.24375;0.38125;0.378125;0.40625;0.453125;0.503125;0.559375;0.6;0.634375;0.684375;0.515625;0.51875;0.465625;0.46875;0.4375;0.39375;0.378125;0.521875;Ae_aegypti__W2_4_w_L.png
00290:Ae_aegypti/W2_5_w_L.tif;/Users/kristophernolte/Downloads/Fluegelfotos_Nora/ithildin_batch_20260617_135245/Ae_aegypti__W2_5_w_L.png;Repaired;1323;left;0.6265625;0.103125;0.0765625;0.0625;0.065625;0.1109375;0.16875;0.246875;0.3453125;525;0.4359375;425;0.3859375;0.3859375;0.3984375;275;0.2703125;0.321875;0.30625;0.346875;0.3875;0.44375;0.49375;0.540625;575;0.621875;0.45;0.440625;0.4;0.396875;375;0.3375;325;0.4625;Ae_aegypti__W2_5_w_L.png
00291:Ae_aegypti/W2_5_w_R.tif;/Users/kristophernolte/Downloads/Fluegelfotos_Nora/ithildin_batch_20260617_135245/Ae_aegypti__W2_5_w_R.png;Full Skeleton;1331;right;0.3765625;0.9125;0.9375;0.9546875;0.9546875;0.9125;0.85;775;675;0.4875;0.5859375;0.5859375;0.63125;0.6359375;0.6171875;0.746875;0.746875;0.33125;325;0.3625;0.41875;0.46875;525;0.56875;0.60625;0.659375;0.4875;475;0.434375;0.428125;0.40625;0.3625;0.35625;0.490625;Ae_aegypti__W2_5_w_R.png
00292:Ae_aegypti/W2_6_m_L.tif;/Users/kristophernolte/Downloads/Fluegelfotos_Nora/ithildin_batch_20260617_135245/Ae_aegypti__W2_6_m_L.png;Failed Repair;956;left;0.5921875;0.0640625;0.2421875;0.0671875;0.046875;175;0.15625;0.24375;0.3484375;0.540625;0.428125;0.428125;0.3703125;0.3640625;0.38125;0.2453125;0.23125;0.3375;0.378125;0.290625;0.35625;0.40625;0.490625;0.50625;0.559375;0.6125;0.45;0.45;0.409375;0.415625;0.3875;0.353125;0.346875;0.478125;Ae_aegypti__W2_6_m_L.png
00293:Ae_aegypti/W2_7_w_L.tif;/Users/kristophernolte/Downloads/Fluegelfotos_Nora/ithildin_batch_20260617_135245/Ae_aegypti__W2_7_w_L.png;Repaired;1358;left;0.603125;0.06875;0.046875;0.0296875;0.0359375;0.0796875;0.1375;0.2078125;0.30625;0.5078125;0.4125;0.409375;0.3625;0.35625;0.36875;0.228125;0.228125;0.31875;0.3;0.33125;0.390625;0.446875;0.503125;0.546875;0.584375;0.634375;0.49375;0.46875;0.43125;0.428125;0.39375;0.3625;0.3375;0.48125;Ae_aegypti__W2_7_w_L.png
00294:Ae_aegypti/W2_7_w_R.tif;/Users/kristophernolte/Downloads/Fluegelfotos_Nora/ithildin_batch_20260617_135245/Ae_aegypti__W2_7_w_R.png;Full Skeleton;1393;right;0.3609375;0.9046875;0.9203125;0.940625;0.9328125;0.890625;0.8375;0.7703125;0.6734375;0.478125;0.5671875;0.571875;0.615625;0.6171875;0.6109375;0.734375;0.7546875;0.36875;0.334375;0.371875;0.428125;0.490625;0.534375;575;0.603125;0.65625;0.50625;0.490625;0.453125;0.45;0.41875;0.390625;0.36875;0.50625;Ae_aegypti__W2_7_w_R.png
00295:Ae_aegypti/W2_8_w_L.tif;/Users/kristophernolte/Downloads/Fluegelfotos_Nora/ithildin_batch_20260617_135245/Ae_aegypti__W2_8_w_L.png;Repaired;1291;left;0.5296875;0.0578125;0.0421875;0.028125;0.034375;0.078125;0.1375;0.215625;0.3375;0.5578125;0.4234375;0.421875;0.3921875;0.38125;0.39375;0.25625;0.259375;0.35;0.38125;0.41875;0.478125;0.5375;0.5875;625;0.665625;0.715625;0.503125;0.509375;0.4625;0.4625;0.415625;0.384375;0.384375;0.528125;Ae_aegypti__W2_8_w_L.png
00296:Ae_aegypti/W2_8_w_R.tif;/Users/kristophernolte/Downloads/Fluegelfotos_Nora/ithildin_batch_20260617_135245/Ae_aegypti__W2_8_w_R.png;Repaired;1384;right;0.35625;0.934375;0.9546875;0.9625;0.9609375;0.934375;0.8625;0.7703125;0.659375;0.4375;0.56875;0.5734375;0.60625;0.6140625;0.6;0.74375;0.7359375;0.35;0.328125;0.378125;0.421875;0.478125;0.53125;0.584375;0.63125;0.696875;0.503125;0.490625;0.453125;0.446875;0.4;0.371875;0.34375;0.503125;Ae_aegypti__W2_8_w_R.png
00297:Ae_aegypti/W2_9_w_L.tif;/Users/kristophernolte/Downloads/Fluegelfotos_Nora/ithildin_batch_20260617_135245/Ae_aegypti__W2_9_w_L.png;Failed Repair;1369;left;0.6890625;0.0671875;0.04375;0.028125;0.0328125;0.0875;0.1625;0.2625;0.39375;0.65;0.4921875;0.4921875;0.4453125;0.4390625;0.45625;0.3140625;0.3;0.340625;0.315625;0.359375;0.43125;0.49375;0.5625;0.6125;0.653125;0.721875;0.509375;0.5;0.453125;0.446875;0.4;0.35;0.340625;0.51875;Ae_aegypti__W2_9_w_L.png
00298:Ae_aegypti/W2_9_w_R.tif;/Users/kristophernolte/Downloads/Fluegelfotos_Nora/ithildin_batch_20260617_135245/Ae_aegypti__W2_9_w_R.png;Repaired;1402;right;0.4390625;0.94375;0.9703125;0.978125;0.96875;0.9265625;0.86875;0.7984375;0.690625;0.503125;0.6140625;0.615625;0.6546875;0.6578125;0.653125;0.7625;0.7609375;0.35;0.334375;0.38125;0.43125;0.484375;0.53125;0.56875;0.6;0.65625;0.490625;0.484375;0.440625;0.434375;0.40625;0.378125;0.3625;0.49375;Ae_aegypti__W2_9_w_R.png
00299:Ae_aegypti/W3_1_m_L.tif;/Users/kristophernolte/Downloads/Fluegelfotos_Nora/ithildin_batch_20260617_135245/Ae_aegypti__W3_1_m_L.png;Failed Repair;970;left;0.6921875;0.0421875;0.0359375;0.015625;0.01875;0.08125;0.1546875;0.253125;0.3984375;0.6375;0.4953125;0.4859375;0.45625;0.415625;0.4203125;0.25625;0.2515625;0.33125;0.378125;0.384375;0.44375;0.5125;0.565625;0.603125;625;0.659375;0.45625;0.453125;0.403125;0.40625;0.371875;0.371875;0.353125;0.496875;Ae_aegypti__W3_1_m_L.png
00300:Ae_aegypti/W3_2_w_L.tif;/Users/kristophernolte/Downloads/Fluegelfotos_Nora/ithildin_batch_20260617_135245/Ae_aegypti__W3_2_w_L.png;Repaired;1326;left;0.5828125;0.0359375;0.03125;0.0109375;0.015625;0.0546875;0.1203125;0.1953125;0.3015625;0.5078125;0.3984375;0.3921875;0.35625;0.3484375;0.3609375;0.23125;0.2359375;0.38125;0.3875;0.40625;0.45625;0.5125;0.559375;0.58125;0.621875;0.665625;0.540625;0.51875;0.4875;0.4875;0.440625;0.428125;0.4;0.53125;Ae_aegypti__W3_2_w_L.png
00301:Ae_aegypti/W3_3_w_R.tif;/Users/kristophernolte/Downloads/Fluegelfotos_Nora/ithildin_batch_20260617_135245/Ae_aegypti__W3_3_w_R.png;Full Skeleton;1304;right;0.41875;0.896875;0.921875;0.9390625;0.9359375;0.8921875;0.8359375;0.7453125;0.6453125;0.4640625;0.5609375;0.5671875;0.6015625;0.6046875;0.59375;0.7046875;0.7171875;0.328125;0.309375;0.35;0.4125;0.4625;525;0.56875;0.60625;0.6375;0.471875;0.45625;0.421875;0.41875;0.390625;0.353125;0.340625;0.478125;Ae_aegypti__W3_3_w_R.png
00302:Ae_aegypti/W3_5_w_R.tif;/Users/kristophernolte/Downloads/Fluegelfotos_Nora/ithildin_batch_20260617_135245/Ae_aegypti__W3_5_w_R.png;Repaired;1308;right;0.43125;0.93125;0.9671875;0.9828125;0.9796875;0.9375;0.884375;0.815625;0.6796875;0.5296875;0.6109375;0.6125;0.65;0.6546875;0.6375;0.778125;775;275;0.228125;0.278125;0.33125;0.384375;0.434375;475;0.5;0.5125;0.36875;0.371875;0.334375;0.334375;0.303125;0.26875;0.253125;0.390625;Ae_aegypti__W3_5_w_R.png
00303:Ae_aegypti/W4_10_w_L.tif;/Users/kristophernolte/Downloads/Fluegelfotos_Nora/ithildin_batch_20260617_135245/Ae_aegypti__W4_10_w_L.png;Repaired;1297;left;675;0.06875;0.034375;0.015625;0.01875;0.0734375;0.140625;0.2453125;0.359375;0.5859375;0.4671875;0.4578125;0.4203125;0.4109375;0.4265625;0.3046875;0.2765625;0.33125;0.26875;0.31875;375;0.43125;0.496875;0.553125;0.5875;0.640625;0.465625;0.45;0.40625;0.403125;0.371875;0.328125;0.303125;0.459375;Ae_aegypti__W4_10_w_L.png
00304:Ae_aegypti/W4_10_w_R.tif;/Users/kristophernolte/Downloads/Fluegelfotos_Nora/ithildin_batch_20260617_135245/Ae_aegypti__W4_10_w_R.png;Repaired;1213;right;0.471875;0.9375;0.9640625;0.9828125;0.9703125;0.8703125;0.8265625;0.7578125;0.6515625;0.4515625;0.55;0.5578125;0.5953125;0.596875;0.5875;0.6859375;0.73125;0.33125;0.321875;0.359375;0.4125;0.46875;0.490625;0.540625;0.6;0.634375;0.45625;0.44375;0.403125;0.409375;0.371875;0.334375;0.31875;0.471875;Ae_aegypti__W4_10_w_R.png
00305:Ae_aegypti/W4_1_m_L.tif;/Users/kristophernolte/Downloads/Fluegelfotos_Nora/ithildin_batch_20260617_135245/Ae_aegypti__W4_1_m_L.png;Repaired;1027;left;0.5515625;0.090625;0.059375;0.0421875;0.046875;0.0890625;0.15;0.2328125;0.33125;0.4953125;0.38125;0.3796875;0.3453125;0.3421875;0.3546875;0.23125;0.221875;0.4125;0.3625;0.40625;0.45;0.503125;0.55;0.590625;0.6125;0.63125;525;0.51875;0.478125;475;0.453125;0.421875;0.40625;0.521875;Ae_aegypti__W4_1_m_L.png
00306:Ae_aegypti/W4_2_m_L.tif;/Users/kristophernolte/Downloads/Fluegelfotos_Nora/ithildin_batch_20260617_135245/Ae_aegypti__W4_2_m_L.png;Repaired;1058;left;0.64375;0.096875;0.071875;0.0546875;0.0640625;0.1109375;0.1796875;0.259375;0.36875;0.55;0.4375;0.4375;0.4;0.3984375;0.4078125;0.2796875;0.2640625;0.33125;0.303125;0.346875;0.390625;0.45;0.496875;0.5375;0.571875;0.621875;0.484375;0.45625;0.428125;0.41875;0.3875;0.3625;0.3375;0.46875;Ae_aegypti__W4_2_m_L.png
00307:Ae_aegypti/W4_2_m_R.tif;/Users/kristophernolte/Downloads/Fluegelfotos_Nora/ithildin_batch_20260617_135245/Ae_aegypti__W4_2_m_R.png;Repaired;1062;right;0.4140625;0.903125;0.9328125;0.94375;0.94375;0.9;0.8390625;0.765625;0.6625;0.4921875;0.6046875;0.60625;0.6390625;0.640625;0.6359375;0.7390625;0.75625;375;0.33125;0.371875;0.409375;0.4625;0.509375;0.55;0.5875;0.634375;0.503125;0.4875;0.453125;0.45;0.41875;0.39375;0.36875;0.490625;Ae_aegypti__W4_2_m_R.png
00308:Ae_aegypti/W4_3_w_L.tif;/Users/kristophernolte/Downloads/Fluegelfotos_Nora/ithildin_batch_20260617_135245/Ae_aegypti__W4_3_w_L.png;Full Skeleton;1400;left;0.5921875;0.0765625;0.0515625;0.034375;0.0421875;0.08125;0.1390625;0.2265625;0.3265625;0.534375;0.4359375;425;0.384375;0.38125;0.38125;0.26875;0.259375;0.334375;0.31875;0.3625;0.409375;0.465625;0.51875;0.5625;0.59375;0.646875;0.48125;0.46875;0.41875;0.421875;0.3875;0.371875;0.3375;0.48125;Ae_aegypti__W4_3_w_L.png
00309:Ae_aegypti/W4_4_w_L.tif;/Users/kristophernolte/Downloads/Fluegelfotos_Nora/ithildin_batch_20260617_135245/Ae_aegypti__W4_4_w_L.png;Repaired;1373;left;0.690625;0.071875;0.04375;0.0359375;0.040625;0.09375;0.165625;0.2484375;0.378125;0.6046875;475;0.4640625;0.4265625;0.4140625;0.43125;0.28125;0.2796875;0.2875;325;375;0.434375;0.484375;0.553125;0.603125;0.6375;0.678125;0.46875;475;0.415625;425;0.384375;0.353125;0.346875;0.5;Ae_aegypti__W4_4_w_L.png
00310:Ae_aegypti/W4_5_m_L.tif;/Users/kristophernolte/Downloads/Fluegelfotos_Nora/ithildin_batch_20260617_135245/Ae_aegypti__W4_5_m_L.png;Failed Repair;1063;left;575;0.0875;0.0578125;0.0375;0.046875;0.0953125;0.15625;0.24375;0.35;0.53125;0.4171875;0.4046875;0.3625;0.3546875;0.4078125;0.240625;0.2359375;0.590625;675;0.721875;0.778125;0.83125;0.871875;0.9;0.90625;0.921875;725;0.7375;0.70625;0.71875;0.69375;0.63125;675;0.809375;Ae_aegypti__W4_5_m_L.png
00311:Ae_aegypti/W4_5_m_R.tif;/Users/kristophernolte/Downloads/Fluegelfotos_Nora/ithildin_batch_20260617_135245/Ae_aegypti__W4_5_m_R.png;Repaired;1045;right;0.44375;0.9328125;0.959375;0.971875;0.96875;0.9375;0.865625;0.7859375;0.6765625;0.503125;0.61875;0.621875;0.6625;0.6625;0.659375;0.7921875;0.784375;375;0.35625;0.39375;0.440625;0.49375;0.528125;0.55625;0.584375;0.615625;0.48125;0.478125;0.440625;0.44375;425;0.396875;0.38125;0.49375;Ae_aegypti__W4_5_m_R.png
00312:Ae_aegypti/W4_6_m_L.tif;/Users/kristophernolte/Downloads/Fluegelfotos_Nora/ithildin_batch_20260617_135245/Ae_aegypti__W4_6_m_L.png;Repaired;913;left;525;0.0734375;0.0359375;0.0140625;0.0109375;0.053125;0.109375;0.1828125;0.2765625;0.4453125;0.3546875;0.34375;0.3171875;0.3171875;325;0.2109375;0.1890625;0.453125;0.35;0.378125;0.421875;475;0.540625;0.59375;0.6375;0.684375;0.55625;0.540625;0.50625;0.503125;0.471875;0.45;0.415625;0.534375;Ae_aegypti__W4_6_m_L.png
00313:Ae_aegypti/W4_7_w_L.tif;/Users/kristophernolte/Downloads/Fluegelfotos_Nora/ithildin_batch_20260617_135245/Ae_aegypti__W4_7_w_L.png;Repaired;1306;left;0.6234375;0.0484375;0.021875;0.009375;0.0140625;0.0625;125;0.2109375;0.321875;0.53125;0.415625;0.415625;0.3796875;0.36875;0.3828125;0.2375;0.246875;0.31875;0.321875;0.365625;0.428125;0.48125;0.540625;0.5875;625;0.671875;0.490625;0.478125;0.434375;0.43125;0.390625;0.353125;0.340625;0.490625;Ae_aegypti__W4_7_w_L.png
00314:Ae_aegypti/W4_7_w_R.tif;/Users/kristophernolte/Downloads/Fluegelfotos_Nora/ithildin_batch_20260617_135245/Ae_aegypti__W4_7_w_R.png;Repaired;1292;right;0.3765625;0.9453125;0.9765625;0.9875;0.9828125;0.9375;0.88125;0.7921875;0.684375;0.459375;0.5796875;0.5828125;0.6265625;0.63125;0.6078125;0.7234375;0.7578125;0.359375;0.278125;0.328125;0.38125;0.434375;0.5;0.553125;0.609375;675;0.503125;0.484375;0.440625;0.4375;0.396875;0.365625;0.3375;0.48125;Ae_aegypti__W4_7_w_R.png
00315:Ae_aegypti/W4_8_w_L.tif;/Users/kristophernolte/Downloads/Fluegelfotos_Nora/ithildin_batch_20260617_135245/Ae_aegypti__W4_8_w_L.png;Repaired;1313;left;0.5734375;0.0734375;0.0453125;0.028125;0.0296875;0.0640625;0.1171875;0.1875;0.2859375;0.4890625;0.3859375;0.384375;0.3515625;0.3453125;0.35625;0.2265625;0.221875;0.365625;0.303125;0.34375;0.396875;0.446875;0.503125;0.55625;0.6;0.65625;0.509375;0.4875;0.446875;0.44375;0.40625;375;0.34375;0.490625;Ae_aegypti__W4_8_w_L.png
00316:Ae_aegypti/W4_8_w_R.tif;/Users/kristophernolte/Downloads/Fluegelfotos_Nora/ithildin_batch_20260617_135245/Ae_aegypti__W4_8_w_R.png;Full Skeleton;1312;right;0.4375;0.9375;0.965625;0.9734375;0.971875;0.9359375;0.884375;0.809375;0.7125;0.521875;0.6203125;625;0.65625;0.6640625;0.65625;0.76875;0.784375;0.371875;0.3125;0.359375;0.40625;0.459375;0.5125;0.553125;0.603125;0.659375;0.515625;0.490625;0.446875;0.446875;0.40625;0.3875;0.35625;0.490625;Ae_aegypti__W4_8_w_R.png
00317:Ae_aegypti/W4_9_w_L.tif;/Users/kristophernolte/Downloads/Fluegelfotos_Nora/ithildin_batch_20260617_135245/Ae_aegypti__W4_9_w_L.png;Repaired;1393;left;0.546875;0.0546875;0.028125;0.0171875;25;0.071875;0.1171875;0.196875;0.2953125;0.5;0.3828125;0.3765625;0.3421875;0.3359375;0.3484375;0.2578125;0.221875;0.35625;0.33125;0.371875;0.43125;0.478125;0.528125;0.56875;0.603125;0.65625;0.490625;0.490625;0.44375;0.440625;0.40625;0.378125;0.359375;0.4875;Ae_aegypti__W4_9_w_L.png
00318:Ae_aegypti/W4_9_w_R.tif;/Users/kristophernolte/Downloads/Fluegelfotos_Nora/ithildin_batch_20260617_135245/Ae_aegypti__W4_9_w_R.png;Full Skeleton;1407;right;0.3703125;0.9296875;0.953125;0.9671875;0.959375;0.915625;0.8578125;0.778125;0.65625;0.4125;0.55;0.5578125;0.6046875;0.609375;0.5921875;0.70625;0.740625;0.3375;0.309375;0.35625;0.4125;0.46875;0.528125;0.578125;0.615625;0.678125;0.478125;0.48125;0.440625;0.4375;0.396875;0.365625;0.346875;0.49375;Ae_aegypti__W4_9_w_R.png
00319:Ae_aegypti/W8_10_m_L.tif;/Users/kristophernolte/Downloads/Fluegelfotos_Nora/ithildin_batch_20260617_135245/Ae_aegypti__W8_10_m_L.png;Repaired;1040;left;0.5484375;0.0921875;0.06875;0.05;0.05625;0.1;0.165625;0.2390625;0.3390625;0.5015625;0.3984375;0.396875;0.35625;0.35625;0.359375;0.2453125;0.2390625;0.33125;0.353125;0.39375;0.44375;0.490625;0.5375;0.571875;0.59375;0.615625;0.453125;0.45625;425;425;0.40625;0.384375;0.371875;0.5;Ae_aegypti__W8_10_m_L.png
00320:Ae_aegypti/W8_10_m_R.tif;/Users/kristophernolte/Downloads/Fluegelfotos_Nora/ithildin_batch_20260617_135245/Ae_aegypti__W8_10_m_R.png;Failed Repair;1070;right;0.409375;0.8984375;0.928125;0.9484375;0.940625;0.89375;0.834375;0.759375;0.659375;0.4875;0.59375;0.6;0.6328125;0.6359375;0.6203125;0.746875;0.75;0.390625;0.328125;0.3625;0.41875;0.465625;0.521875;0.56875;0.603125;0.646875;0.515625;0.49375;0.45625;0.45625;425;0.390625;0.371875;0.5;Ae_aegypti__W8_10_m_R.png
00321:Ae_aegypti/W8_11_w_L.tif;/Users/kristophernolte/Downloads/Fluegelfotos_Nora/ithildin_batch_20260617_135245/Ae_aegypti__W8_11_w_L.png;Repaired;1393;left;0.6515625;0.0796875;0.05625;0.0375;0.0421875;0.0828125;0.146875;0.228125;325;0.5375;0.4265625;0.4171875;0.38125;0.3734375;0.3875;0.3078125;0.2640625;0.334375;0.3125;0.35625;0.409375;0.465625;0.528125;0.578125;0.615625;0.659375;0.490625;0.4875;0.440625;0.44375;0.403125;375;0.353125;0.490625;Ae_aegypti__W8_11_w_L.png
00322:Ae_aegypti/W8_12_m_L.tif;/Users/kristophernolte/Downloads/Fluegelfotos_Nora/ithildin_batch_20260617_135245/Ae_aegypti__W8_12_m_L.png;Repaired;1021;left;0.5578125;0.06875;0.0453125;0.0203125;25;0.071875;0.1265625;0.2;0.3109375;0.49375;0.390625;0.390625;0.3421875;0.340625;0.3453125;225;0.2046875;0.371875;325;0.35;0.40625;0.4625;0.51875;0.565625;0.6;0.64375;0.5;0.4875;0.446875;0.446875;0.415625;0.390625;0.365625;0.5;Ae_aegypti__W8_12_m_L.png
00323:Ae_aegypti/W8_12_m_R.tif;/Users/kristophernolte/Downloads/Fluegelfotos_Nora/ithildin_batch_20260617_135245/Ae_aegypti__W8_12_m_R.png;Repaired;1050;right;0.390625;0.9;0.928125;0.9484375;0.9453125;0.9015625;0.846875;0.7734375;0.659375;0.478125;0.5828125;0.5859375;0.6328125;0.6359375;0.6203125;0.7484375;0.7625;0.340625;0.290625;0.328125;0.384375;0.440625;0.496875;0.540625;0.571875;0.615625;0.471875;0.459375;0.421875;0.421875;0.390625;0.359375;0.3375;0.471875;Ae_aegypti__W8_12_m_R.png
00324:Ae_aegypti/W8_13_w_L.tif;/Users/kristophernolte/Downloads/Fluegelfotos_Nora/ithildin_batch_20260617_135245/Ae_aegypti__W8_13_w_L.png;Full Skeleton;1321;left;0.5890625;0.0734375;0.046875;0.0359375;0.040625;0.0890625;0.140625;0.21875;0.31875;525;0.396875;0.3921875;0.365625;0.35;0.3640625;0.25;0.2375;0.3375;0.30625;0.353125;0.4125;0.465625;525;0.56875;0.60625;0.65;0.478125;0.478125;0.43125;0.43125;0.403125;0.365625;0.340625;0.490625;Ae_aegypti__W8_13_w_L.png
00325:Ae_aegypti/W8_15_w_L.tif;/Users/kristophernolte/Downloads/Fluegelfotos_Nora/ithildin_batch_20260617_135245/Ae_aegypti__W8_15_w_L.png;Full Skeleton;1377;left;0.565625;0.065625;0.0328125;0.0140625;0.0203125;0.059375;0.1140625;0.2046875;0.315625;0.540625;0.4203125;0.4078125;0.3671875;0.3625;0.38125;0.2734375;0.2578125;0.328125;0.296875;0.340625;0.415625;0.459375;0.515625;0.565625;0.603125;0.653125;0.4625;0.465625;0.41875;0.41875;0.384375;0.34375;0.321875;475;Ae_aegypti__W8_15_w_L.png
00326:Ae_aegypti/W8_15_w_R.tif;/Users/kristophernolte/Downloads/Fluegelfotos_Nora/ithildin_batch_20260617_135245/Ae_aegypti__W8_15_w_R.png;Repaired;1408;right;0.3828125;0.9140625;0.9484375;0.965625;0.9609375;0.9234375;0.8609375;0.7796875;675;0.4421875;0.5640625;0.5734375;0.6109375;0.6140625;0.6;0.7140625;0.7296875;0.36875;0.296875;0.346875;0.4;0.45625;0.515625;0.56875;0.61875;675;0.515625;0.496875;0.45;0.45;0.4125;0.378125;0.353125;0.49375;Ae_aegypti__W8_15_w_R.png
00327:Ae_aegypti/W8_16_w_L.tif;/Users/kristophernolte/Downloads/Fluegelfotos_Nora/ithildin_batch_20260617_135245/Ae_aegypti__W8_16_w_L.png;Repaired;1316;left;0.50625;0.05625;0.0375;0.0203125;25;0.059375;0.10625;0.1828125;0.2671875;0.4203125;0.3359375;325;0.2984375;0.2953125;0.3078125;0.2296875;0.209375;0.390625;0.334375;0.365625;0.4125;0.459375;0.5125;0.55625;0.6;0.634375;0.50625;0.5;0.45625;0.459375;425;0.396875;0.378125;0.496875;Ae_aegypti__W8_16_w_L.png
00328:Ae_aegypti/W8_18_w_L.tif;/Users/kristophernolte/Downloads/Fluegelfotos_Nora/ithildin_batch_20260617_135245/Ae_aegypti__W8_18_w_L.png;Repaired;1384;left;0.60625;0.065625;0.040625;25;0.03125;0.071875;0.1296875;0.2125;0.3078125;0.51875;0.4015625;0.39375;0.3578125;0.3578125;0.3671875;0.2546875;0.2421875;0.321875;0.29375;0.334375;0.39375;0.453125;0.5125;0.56875;0.61875;0.6625;0.478125;475;0.43125;0.43125;0.39375;0.3625;0.334375;0.4875;Ae_aegypti__W8_18_w_L.png
00329:Ae_aegypti/W8_19_w_L.tif;/Users/kristophernolte/Downloads/Fluegelfotos_Nora/ithildin_batch_20260617_135245/Ae_aegypti__W8_19_w_L.png;Full Skeleton;1292;left;0.56875;0.1;0.059375;0.0453125;0.0515625;0.0859375;0.1390625;0.2109375;0.2953125;0.4953125;0.3859375;0.384375;0.35;0.35;0.353125;0.2671875;0.2328125;0.35;0.31875;0.365625;0.415625;0.46875;0.521875;0.565625;0.60625;0.653125;0.4875;0.484375;0.44375;0.4375;0.409375;0.384375;0.359375;0.490625;Ae_aegypti__W8_19_w_L.png
00330:Ae_aegypti/W8_19_w_R.tif;/Users/kristophernolte/Downloads/Fluegelfotos_Nora/ithildin_batch_20260617_135245/Ae_aegypti__W8_19_w_R.png;Full Skeleton;1298;right;0.4375;0.9265625;0.95;0.9671875;0.965625;0.921875;0.871875;0.7984375;0.7078125;0.5125;0.6171875;0.6234375;0.6515625;0.6578125;0.6484375;0.753125;0.7625;0.36875;0.3125;0.353125;0.4125;0.465625;525;0.571875;0.615625;0.671875;0.509375;0.5;0.45625;0.453125;0.4125;0.390625;0.365625;0.496875;Ae_aegypti__W8_19_w_R.png
00331:Ae_aegypti/W8_1_w_L.tif;/Users/kristophernolte/Downloads/Fluegelfotos_Nora/ithildin_batch_20260617_135245/Ae_aegypti__W8_1_w_L.png;Failed Repair;1371;left;0.5859375;0.096875;0.0609375;0.0421875;0.0484375;0.0953125;0.15625;0.2375;0.3328125;0.5375;0.4265625;0.4203125;0.378125;0.378125;0.3921875;0.2515625;0.2609375;0.35;0.321875;0.365625;425;0.471875;525;0.5625;0.596875;0.64375;0.471875;0.471875;0.428125;0.43125;0.371875;0.36875;0.353125;0.4875;Ae_aegypti__W8_1_w_L.png
00332:Ae_aegypti/W8_1_w_R.tif;/Users/kristophernolte/Downloads/Fluegelfotos_Nora/ithildin_batch_20260617_135245/Ae_aegypti__W8_1_w_R.png;Full Skeleton;1356;right;0.4140625;0.9109375;0.95;0.9671875;0.95625;0.915625;0.85;0.765625;0.6609375;0.45;0.5609375;0.5703125;0.6125;0.6203125;0.6140625;0.7328125;0.7359375;0.359375;0.334375;0.378125;0.4375;0.49375;0.54375;0.5875;0.61875;0.665625;0.4875;0.490625;0.45;0.453125;0.4125;0.384375;0.36875;0.503125;Ae_aegypti__W8_1_w_R.png
00333:Ae_aegypti/W8_20_w_L.tif;/Users/kristophernolte/Downloads/Fluegelfotos_Nora/ithildin_batch_20260617_135245/Ae_aegypti__W8_20_w_L.png;Repaired;1346;left;0.584375;0.078125;0.0328125;0.021875;0.028125;0.065625;0.115625;0.19375;0.2953125;0.5171875;0.3984375;0.3921875;0.3578125;0.3515625;0.3671875;0.2453125;225;0.4;0.303125;0.353125;0.403125;0.453125;0.515625;0.56875;0.6125;0.665625;0.540625;0.515625;0.46875;0.46875;0.43125;0.39375;0.36875;0.503125;Ae_aegypti__W8_20_w_L.png
00334:Ae_aegypti/W8_21_w_L.tif;/Users/kristophernolte/Downloads/Fluegelfotos_Nora/ithildin_batch_20260617_135245/Ae_aegypti__W8_21_w_L.png;Repaired;1326;left;0.5890625;0.0859375;0.0625;0.040625;0.04375;0.08125;0.140625;0.215625;0.3078125;0.5;0.4015625;0.4;0.3609375;0.3546875;0.3734375;0.24375;0.24375;0.371875;325;0.35625;0.409375;0.465625;0.515625;0.5625;0.6;0.646875;0.49375;0.484375;0.44375;0.446875;0.415625;0.378125;0.353125;0.496875;Ae_aegypti__W8_21_w_L.png
00335:Ae_aegypti/W8_21_w_R.tif;/Users/kristophernolte/Downloads/Fluegelfotos_Nora/ithildin_batch_20260617_135245/Ae_aegypti__W8_21_w_R.png;Repaired;1333;right;0.4078125;0.94375;0.9671875;0.978125;0.9765625;0.928125;0.871875;0.79375;0.690625;0.4875;0.59375;0.6015625;0.6359375;0.64375;0.6265625;0.7578125;0.7515625;0.34375;0.34375;0.3875;0.44375;0.490625;0.55;0.59375;625;0.66875;0.48125;0.48125;0.440625;0.4375;0.403125;375;0.3625;0.5;Ae_aegypti__W8_21_w_R.png
00336:Ae_aegypti/W8_22_w_L.tif;/Users/kristophernolte/Downloads/Fluegelfotos_Nora/ithildin_batch_20260617_135245/Ae_aegypti__W8_22_w_L.png;Repaired;1328;left;0.5734375;0.0875;0.0609375;0.04375;0.0453125;0.0875;0.13125;0.2140625;0.309375;0.5046875;0.3984375;0.3890625;0.3578125;0.353125;0.359375;0.2578125;0.24375;0.40625;325;0.365625;0.41875;0.471875;0.528125;0.578125;0.61875;0.66875;0.528125;0.5125;475;0.471875;0.4375;0.409375;0.38125;0.5125;Ae_aegypti__W8_22_w_L.png
00337:Ae_aegypti/W8_22_w_R.tif;/Users/kristophernolte/Downloads/Fluegelfotos_Nora/ithildin_batch_20260617_135245/Ae_aegypti__W8_22_w_R.png;Repaired;1307;right;0.45625;925;0.9515625;0.9703125;0.965625;0.93125;0.8765625;0.809375;0.7109375;0.5328125;0.628125;0.6328125;0.6640625;0.665625;0.665625;0.75;0.7828125;0.35625;0.3;0.340625;0.396875;0.45625;0.509375;0.55625;0.6;0.64375;0.50625;0.490625;0.453125;0.45;0.4125;0.396875;0.3625;0.49375;Ae_aegypti__W8_22_w_R.png
00338:Ae_aegypti/W8_23_w_L.tif;/Users/kristophernolte/Downloads/Fluegelfotos_Nora/ithildin_batch_20260617_135245/Ae_aegypti__W8_23_w_L.png;Repaired;1214;left;0.5484375;0.065625;0.028125;0.009375;0.0140625;0.05625;0.1140625;0.1859375;0.2875;0.478125;375;0.3671875;0.3421875;0.3390625;0.35;0.2328125;0.2140625;375;0.328125;375;0.43125;0.4875;0.546875;0.59375;625;0.6625;0.48125;0.4875;0.453125;0.453125;0.415625;0.378125;375;0.509375;Ae_aegypti__W8_23_w_L.png
00339:Ae_aegypti/W8_23_w_R.tif;/Users/kristophernolte/Downloads/Fluegelfotos_Nora/ithildin_batch_20260617_135245/Ae_aegypti__W8_23_w_R.png;Repaired;1231;right;0.3953125;0.934375;0.971875;0.9890625;0.984375;0.940625;0.88125;0.8;0.6875;0.4640625;0.5953125;0.5984375;0.6328125;0.6421875;0.6265625;0.7484375;0.759375;0.340625;0.30625;0.35625;0.421875;0.478125;0.540625;0.5875;0.63125;0.671875;0.4875;0.4875;0.44375;0.44375;0.403125;0.371875;0.353125;0.49375;Ae_aegypti__W8_23_w_R.png
00340:Ae_aegypti/W8_2_m_R.tif;/Users/kristophernolte/Downloads/Fluegelfotos_Nora/ithildin_batch_20260617_135245/Ae_aegypti__W8_2_m_R.png;Repaired;1026;right;0.41875;0.90625;0.928125;0.9515625;0.94375;0.8921875;0.8296875;0.759375;0.65625;0.4875;0.5890625;0.5921875;0.6359375;0.6390625;0.63125;0.7546875;0.7421875;375;0.353125;0.384375;0.446875;0.496875;0.55;0.5875;625;0.6625;0.50625;0.503125;0.4625;0.4625;0.428125;0.403125;0.384375;0.5125;Ae_aegypti__W8_2_m_R.png
00341:Ae_aegypti/W8_4_w_L.tif;/Users/kristophernolte/Downloads/Fluegelfotos_Nora/ithildin_batch_20260617_135245/Ae_aegypti__W8_4_w_L.png;Repaired;1389;left;0.5390625;0.0765625;0.0484375;0.0328125;0.040625;0.0765625;0.1328125;0.203125;0.303125;0.4875;0.3859375;0.38125;0.3421875;0.3375;0.3484375;0.23125;0.228125;0.39375;0.33125;0.36875;0.415625;0.471875;0.51875;0.559375;0.59375;0.6375;0.50625;0.49375;0.453125;0.45;425;0.396875;0.36875;0.490625;Ae_aegypti__W8_4_w_L.png
00342:Ae_aegypti/W8_4_w_R.tif;/Users/kristophernolte/Downloads/Fluegelfotos_Nora/ithildin_batch_20260617_135245/Ae_aegypti__W8_4_w_R.png;Failed Repair;1406;right;0.39375;0.9125;0.940625;0.95625;0.9546875;0.896875;0.8546875;0.6984375;625;0.434375;0.5765625;0.5890625;0.634375;0.64375;0.6328125;0.7421875;0.73125;0.434375;0.4;0.44375;0.5;0.55;0.596875;0.634375;0.640625;0.59375;0.559375;0.565625;0.51875;0.521875;0.4875;0.45625;0.44375;0.56875;Ae_aegypti__W8_4_w_R.png
00343:Ae_aegypti/W8_8_w_L.tif;/Users/kristophernolte/Downloads/Fluegelfotos_Nora/ithildin_batch_20260617_135245/Ae_aegypti__W8_8_w_L.png;Repaired;1343;left;0.6125;0.0875;0.06875;0.0453125;0.0515625;0.0921875;0.146875;0.23125;0.34375;0.5203125;0.4140625;0.4125;0.384375;0.3796875;0.38125;0.2875;0.2796875;0.35625;0.315625;0.35625;0.421875;0.478125;0.534375;0.584375;0.628125;0.671875;0.5;0.490625;0.44375;0.440625;0.403125;0.3875;0.35625;0.490625;Ae_aegypti__W8_8_w_L.png
00344:Ae_aegypti/W8_8_w_R.tif;/Users/kristophernolte/Downloads/Fluegelfotos_Nora/ithildin_batch_20260617_135245/Ae_aegypti__W8_8_w_R.png;Repaired;1342;right;0.43125;0.9125;0.9390625;0.953125;0.9484375;0.90625;0.853125;0.7765625;0.6734375;0.4890625;0.6;0.6;0.6359375;0.6390625;0.628125;0.7;0.7359375;0.3375;0.30625;0.353125;0.4125;0.46875;0.51875;0.565625;0.603125;0.6375;0.478125;0.4625;0.421875;0.421875;0.390625;0.359375;0.340625;475;Ae_aegypti__W8_8_w_R.png
00345:Ae_aegypti/W8_9_w_L.tif;/Users/kristophernolte/Downloads/Fluegelfotos_Nora/ithildin_batch_20260617_135245/Ae_aegypti__W8_9_w_L.png;Repaired;1365;left;0.65625;0.1;0.0640625;0.05;0.0546875;0.1;0.1546875;0.246875;0.353125;0.5765625;0.4484375;0.4421875;0.4046875;0.3984375;0.409375;0.303125;0.2953125;0.346875;0.315625;0.36875;0.428125;0.4625;0.51875;0.571875;0.609375;0.65;0.48125;475;0.428125;0.428125;0.390625;0.36875;0.346875;0.48125;Ae_aegypti__W8_9_w_L.png
00346:Ae_aegypti/W8_9_w_R.tif;/Users/kristophernolte/Downloads/Fluegelfotos_Nora/ithildin_batch_20260617_135245/Ae_aegypti__W8_9_w_R.png;Failed Repair;1361;right;0.321875;0.909375;0.9328125;0.953125;0.934375;0.89375;0.8203125;0.734375;0.6296875;0.40625;0.5171875;525;0.5796875;0.5859375;0.56875;0.684375;0.6984375;0.35;0.38125;0.421875;0.490625;0.534375;525;0.60625;0.65;0.69375;0.50625;0.503125;0.459375;0.46875;425;0.396875;0.384375;0.528125;Ae_aegypti__W8_9_w_R.png
00347:Ae_aegypti/W9_10_m_L.tif;/Users/kristophernolte/Downloads/Fluegelfotos_Nora/ithildin_batch_20260617_135245/Ae_aegypti__W9_10_m_L.png;Repaired;1044;left;0.5953125;0.1046875;0.0703125;0.053125;0.05625;0.1;0.1515625;0.2296875;0.3265625;0.51875;0.4203125;0.4109375;0.3546875;0.3546875;0.3625;0.246875;0.23125;0.371875;0.3125;0.35;0.403125;0.4625;0.515625;0.559375;0.5875;0.63125;0.490625;475;0.4375;0.434375;0.41875;0.39375;0.3625;0.49375;Ae_aegypti__W9_10_m_L.png
00348:Ae_aegypti/W9_1_w_L.tif;/Users/kristophernolte/Downloads/Fluegelfotos_Nora/ithildin_batch_20260617_135245/Ae_aegypti__W9_1_w_L.png;Repaired;1276;left;0.6046875;0.0859375;0.059375;0.0421875;0.0421875;0.0859375;0.1375;0.2171875;0.3203125;0.51875;0.421875;0.421875;0.3765625;375;0.3875;0.253125;0.24375;0.346875;0.31875;0.35625;0.40625;0.4625;0.51875;0.55625;0.59375;0.64375;0.484375;0.471875;0.434375;0.434375;0.403125;0.371875;0.35;0.4875;Ae_aegypti__W9_1_w_L.png
00349:Ae_aegypti/W9_1_w_R.tif;/Users/kristophernolte/Downloads/Fluegelfotos_Nora/ithildin_batch_20260617_135245/Ae_aegypti__W9_1_w_R.png;Full Skeleton;1280;right;0.3984375;0.90625;0.9328125;0.95;0.953125;0.909375;0.8515625;0.76875;0.65625;0.4609375;0.553125;0.5609375;0.6046875;0.60625;0.5875;0.7203125;0.7421875;0.34375;0.30625;0.353125;0.40625;0.465625;0.51875;0.5625;0.603125;0.653125;0.4875;475;0.434375;0.428125;0.403125;0.36875;0.353125;0.4875;Ae_aegypti__W9_1_w_R.png
00350:Ae_aegypti/W9_2_w_L.tif;/Users/kristophernolte/Downloads/Fluegelfotos_Nora/ithildin_batch_20260617_135245/Ae_aegypti__W9_2_w_L.png;Repaired;1366;left;0.609375;0.0640625;0.0359375;0.0234375;0.0328125;0.06875;0.1234375;0.1984375;0.3109375;0.5171875;0.4109375;0.403125;0.3609375;0.3578125;0.3703125;0.25625;0.2390625;0.384375;0.334375;375;0.4375;0.490625;0.540625;0.58125;0.603125;0.6625;0.503125;0.503125;0.45625;0.4625;0.41875;0.390625;0.365625;0.509375;Ae_aegypti__W9_2_w_L.png
00351:Ae_aegypti/W9_6_w_R.tif;/Users/kristophernolte/Downloads/Fluegelfotos_Nora/ithildin_batch_20260617_135245/Ae_aegypti__W9_6_w_R.png;Failed Repair;1311;right;0.53125;0.9421875;0.9609375;0.9703125;0.9640625;0.8828125;0.8984375;0.8265625;0.74375;0.596875;0.66875;0.6765625;0.70625;0.7109375;0.7046875;0.7796875;0.7921875;0.378125;0.36875;0.4;0.434375;0.471875;0.55625;0.553125;0.584375;0.61875;0.496875;0.484375;0.45625;0.45625;0.421875;0.39375;0.384375;0.490625;Ae_aegypti__W9_6_w_R.png
00352:Ae_aegypti/W9_7_m_L.tif;/Users/kristophernolte/Downloads/Fluegelfotos_Nora/ithildin_batch_20260617_135245/Ae_aegypti__W9_7_m_L.png;Repaired;1002;left;575;0.0609375;0.0359375;0.01875;0.0203125;0.065625;0.128125;0.2;0.3140625;0.5015625;0.3828125;375;0.340625;0.340625;0.34375;0.2296875;0.2203125;0.35625;0.315625;0.353125;0.40625;0.45625;0.51875;0.571875;0.596875;0.640625;0.4875;0.48125;0.446875;0.446875;0.41875;0.403125;0.371875;0.49375;Ae_aegypti__W9_7_m_L.png
00353:Ae_aegypti/W9_7_m_R.tif;/Users/kristophernolte/Downloads/Fluegelfotos_Nora/ithildin_batch_20260617_135245/Ae_aegypti__W9_7_m_R.png;Full Skeleton;1031;right;0.4828125;0.95625;0.9734375;0.9859375;0.984375;0.946875;0.890625;0.8234375;0.728125;0.56875;0.671875;0.671875;0.7078125;0.709375;0.703125;0.803125;0.815625;0.371875;0.328125;0.3625;0.4125;0.459375;0.5125;0.553125;0.590625;0.628125;0.50625;0.48125;0.453125;0.45;0.421875;0.396875;0.378125;0.49375;Ae_aegypti__W9_7_m_R.png
00354:Ae_aegypti/W9_8_m_L.tif;/Users/kristophernolte/Downloads/Fluegelfotos_Nora/ithildin_batch_20260617_135245/Ae_aegypti__W9_8_m_L.png;Full Skeleton;1057;left;0.628125;0.078125;0.046875;0.034375;0.04375;0.096875;0.15625;0.2328125;0.3390625;0.5078125;0.4015625;0.4015625;0.3609375;0.3578125;0.3609375;0.2390625;0.234375;0.328125;0.321875;0.3625;0.415625;0.46875;525;0.55625;0.584375;625;0.471875;0.45625;0.415625;0.41875;0.3875;0.3625;0.35;0.484375;Ae_aegypti__W9_8_m_L.png
00355:An_stephensi/K22_11_m_L.tif;/Users/kristophernolte/Downloads/Fluegelfotos_Nora/ithildin_batch_20260617_135245/An_stephensi__K22_11_m_L.png;Failed Repair;1330;left;0.4765625;0.0671875;0.0375;0.0234375;0.0265625;0.0671875;0.134375;0.2109375;325;0.5328125;0.4078125;0.3984375;0.3625;0.3515625;0.3734375;0.20625;0.2421875;0.3625;0.328125;0.378125;0.428125;0.478125;0.53125;0.58125;0.61875;0.65625;0.5;0.490625;0.44375;0.453125;0.40625;0.396875;0.365625;0.49375;An_stephensi__K22_11_m_L.png
00356:An_stephensi/K22_11_m_R.tif;/Users/kristophernolte/Downloads/Fluegelfotos_Nora/ithildin_batch_20260617_135245/An_stephensi__K22_11_m_R.png;Repaired;1338;right;0.5046875;0.9171875;0.965625;975;0.96875;0.93125;0.8578125;0.7875;0.671875;0.465625;0.5859375;0.6015625;0.6125;0.628125;625;0.7671875;0.753125;0.35;0.296875;0.35625;0.4;0.45625;0.509375;0.5625;0.60625;0.659375;0.50625;0.484375;0.4375;0.440625;0.396875;0.3875;0.35;0.484375;An_stephensi__K22_11_m_R.png
00357:An_stephensi/K22_12_m_L.tif;/Users/kristophernolte/Downloads/Fluegelfotos_Nora/ithildin_batch_20260617_135245/An_stephensi__K22_12_m_L.png;Repaired;1403;left;0.55;0.05;0.0328125;0.0203125;0.0296875;0.0671875;0.1296875;0.2015625;0.309375;0.49375;0.3921875;0.3828125;0.3625;0.3390625;0.3578125;0.2125;0.2375;0.328125;325;0.365625;0.41875;0.465625;0.5125;0.565625;0.603125;0.65;0.478125;475;0.434375;0.434375;0.4;0.3875;0.359375;0.478125;An_stephensi__K22_12_m_L.png
00358:An_stephensi/K22_12_m_R.tif;/Users/kristophernolte/Downloads/Fluegelfotos_Nora/ithildin_batch_20260617_135245/An_stephensi__K22_12_m_R.png;Repaired;1343;right;0.5125;0.9265625;0.9546875;0.96875;0.9609375;0.928125;0.8625;0.7890625;0.678125;0.4765625;0.5875;0.5953125;0.6359375;0.640625;0.61875;0.784375;0.753125;0.440625;0.378125;0.428125;475;0.53125;0.58125;0.646875;0.69375;0.74375;0.590625;0.571875;0.534375;0.534375;0.496875;0.471875;0.434375;0.565625;An_stephensi__K22_12_m_R.png
00359:An_stephensi/K22_13_m_r.tif;/Users/kristophernolte/Downloads/Fluegelfotos_Nora/ithildin_batch_20260617_135245/An_stephensi__K22_13_m_r.png;Failed Repair;1346;right;0.553125;0.9609375;0.971875;0.98125;975;0.9390625;0.878125;0.7984375;0.7046875;0.503125;0.6078125;0.60625;0.6484375;0.6515625;0.6421875;0.7953125;0.7703125;0.346875;0.33125;0.3625;0.409375;0.459375;0.509375;0.559375;0.596875;0.64375;0.49375;0.471875;0.428125;0.434375;0.384375;0.384375;0.35625;475;An_stephensi__K22_13_m_r.png
00360:An_stephensi/K22_14_m_L.tif;/Users/kristophernolte/Downloads/Fluegelfotos_Nora/ithildin_batch_20260617_135245/An_stephensi__K22_14_m_L.png;Failed Repair;1424;left;575;0.0546875;0.04375;0.0265625;0.0375;0.0734375;0.1296875;0.2125;0.3078125;0.5203125;0.396875;0.3828125;0.3625;0.3609375;0.3765625;0.2265625;0.2390625;0.35;0.353125;0.378125;0.434375;0.484375;0.534375;0.58125;0.61875;0.65625;0.4875;0.484375;0.440625;0.446875;0.409375;0.409375;0.371875;0.49375;An_stephensi__K22_14_m_L.png
00361:An_stephensi/K22_14_m_R.tif;/Users/kristophernolte/Downloads/Fluegelfotos_Nora/ithildin_batch_20260617_135245/An_stephensi__K22_14_m_R.png;Repaired;1352;right;0.5;0.94375;0.9546875;0.9671875;0.959375;0.915625;0.8515625;0.7734375;0.6734375;0.46875;0.58125;0.5921875;0.6078125;0.6125;0.6078125;0.7640625;0.7421875;0.340625;0.35;0.38125;0.434375;0.4875;0.534375;0.584375;0.615625;0.66875;0.471875;0.471875;0.43125;0.434375;0.396875;0.384375;0.3625;0.490625;An_stephensi__K22_14_m_R.png
00362:An_stephensi/K22_15_w_L.tif;/Users/kristophernolte/Downloads/Fluegelfotos_Nora/ithildin_batch_20260617_135245/An_stephensi__K22_15_w_L.png;Repaired;1618;left;0.59375;0.0671875;0.034375;0.0234375;0.0296875;0.06875;0.1328125;0.2109375;0.334375;0.546875;0.45;0.5078125;0.4109375;0.4078125;0.41875;275;0.2875;0.271875;0.284375;0.334375;0.396875;0.440625;0.5;0.553125;0.6;0.659375;0.440625;0.43125;0.378125;0.396875;0.35625;0.31875;0.303125;0.44375;An_stephensi__K22_15_w_L.png
00363:An_stephensi/K22_15_w_R.tif;/Users/kristophernolte/Downloads/Fluegelfotos_Nora/ithildin_batch_20260617_135245/An_stephensi__K22_15_w_R.png;Failed Repair;1571;right;475;0.9359375;0.96875;0.9765625;0.9609375;0.9140625;0.878125;0.790625;0.665625;0.4359375;0.540625;0.4875;0.58125;0.51875;0.5734375;0.7234375;0.6765625;0.3375;0.33125;0.39375;0.45;0.5125;0.54375;0.5375;0.609375;0.68125;0.478125;0.4625;0.4125;0.421875;0.4125;0.38125;0.365625;0.440625;An_stephensi__K22_15_w_R.png
00364:An_stephensi/K22_16_u_L.tif;/Users/kristophernolte/Downloads/Fluegelfotos_Nora/ithildin_batch_20260617_135245/An_stephensi__K22_16_u_L.png;Repaired;1628;left;0.6453125;0.071875;0.0390625;0.0265625;0.0390625;0.0765625;0.1453125;0.2328125;0.35625;0.584375;0.5203125;0.5;0.4453125;0.4453125;0.4703125;0.290625;0.3046875;0.3125;0.309375;375;0.434375;0.49375;0.54375;0.603125;0.65;0.7;0.471875;0.45;0.415625;0.428125;0.39375;375;0.346875;0.48125;An_stephensi__K22_16_u_L.png
00365:An_stephensi/K22_16_u_R.tif;/Users/kristophernolte/Downloads/Fluegelfotos_Nora/ithildin_batch_20260617_135245/An_stephensi__K22_16_u_R.png;Failed Repair;1607;right;0.50625;0.9609375;0.978125;0.984375;0.9765625;0.940625;0.88125;0.8046875;0.6859375;0.471875;0.50625;0.50625;0.615625;0.6109375;0.5796875;0.746875;0.7359375;0.31875;0.334375;0.38125;0.43125;0.490625;0.534375;0.584375;625;675;0.46875;0.446875;0.40625;0.43125;0.3875;0.36875;0.34375;0.478125;An_stephensi__K22_16_u_R.png
00366:An_stephensi/K22_17_w_L.tif;/Users/kristophernolte/Downloads/Fluegelfotos_Nora/ithildin_batch_20260617_135245/An_stephensi__K22_17_w_L.png;Repaired;1711;left;0.6515625;0.0578125;0.04375;0.0296875;0.0421875;0.0765625;0.1375;0.2234375;0.3390625;0.578125;0.471875;0.4703125;425;0.4140625;0.434375;0.284375;0.2984375;0.334375;0.321875;0.3625;0.428125;0.484375;0.534375;0.590625;0.646875;0.69375;0.471875;0.46875;0.4375;0.440625;0.39375;0.378125;0.34375;0.478125;An_stephensi__K22_17_w_L.png
00367:An_stephensi/K22_17_w_R.tif;/Users/kristophernolte/Downloads/Fluegelfotos_Nora/ithildin_batch_20260617_135245/An_stephensi__K22_17_w_R.png;Failed Repair;1549;right;0.4890625;0.915625;0.9078125;0.7703125;0.19375;0.7625;0.7359375;825;0.59375;0.45625;0.5125;0.5234375;0.5828125;0.5875;0.5328125;0.728125;0.70625;0.334375;0.378125;375;0.35625;0.271875;0.45625;0.5;0.5375;625;0.484375;0.471875;0.428125;0.45;0.40625;375;0.371875;0.515625;An_stephensi__K22_17_w_R.png
00368:An_stephensi/W13_6_m_R.tif;/Users/kristophernolte/Downloads/Fluegelfotos_Nora/ithildin_batch_20260617_135245/An_stephensi__W13_6_m_R.png;Failed Repair;1172;right;0.596875;0.9265625;0.98125;0.9875;0.98125;0.9515625;0.89375;0.83125;0.75;0.5609375;0.6640625;0.546875;0.665625;0.7015625;0.69375;0.8140625;0.80625;0.4;325;0.3875;0.428125;0.478125;0.515625;0.571875;0.60625;0.646875;0.528125;0.50625;0.45625;0.50625;0.43125;0.4125;0.390625;0.503125;An_stephensi__W13_6_m_R.png
00369:An_stephensi/W4_11_w_L.tif;/Users/kristophernolte/Downloads/Fluegelfotos_Nora/ithildin_batch_20260617_135245/An_stephensi__W4_11_w_L.png;Repaired;1272;left;0.6;75;0.04375;0.0296875;0.0359375;0.071875;0.1328125;0.2078125;0.30625;0.5171875;0.4296875;0.45625;0.428125;425;0.4265625;0.2578125;0.2671875;0.321875;0.3;0.353125;0.4125;0.465625;0.521875;0.578125;0.63125;0.684375;0.4875;0.46875;0.41875;0.421875;0.3875;0.365625;0.346875;0.478125;An_stephensi__W4_11_w_L.png
00370:An_stephensi/W4_11_w_R.tif;/Users/kristophernolte/Downloads/Fluegelfotos_Nora/ithildin_batch_20260617_135245/An_stephensi__W4_11_w_R.png;Repaired;1216;right;0.4984375;0.9296875;0.9609375;0.9734375;0.9625;0.928125;0.86875;0.7984375;0.709375;0.4890625;0.56875;575;0.63125;0.6328125;0.6234375;0.7625;0.7453125;0.29375;275;325;0.38125;0.434375;0.4875;0.54375;0.59375;0.646875;0.45625;0.434375;0.39375;0.409375;0.365625;0.34375;0.315625;0.446875;An_stephensi__W4_11_w_R.png
00371:An_stephensi/W4_12_w_L.tif;/Users/kristophernolte/Downloads/Fluegelfotos_Nora/ithildin_batch_20260617_135245/An_stephensi__W4_12_w_L.png;Failed Repair;1261;left;0.5890625;0.0640625;0.0328125;0.021875;0.0328125;0.065625;0.13125;0.228125;0.33125;0.56875;0.4125;0.446875;0.4140625;0.4140625;0.41875;0.2609375;0.28125;0.315625;0.315625;0.371875;0.434375;0.496875;0.54375;0.603125;0.65625;0.696875;0.484375;0.459375;0.4375;0.409375;0.403125;375;0.359375;0.509375;An_stephensi__W4_12_w_L.png
00372:An_stephensi/W5_1_m_L.tif;/Users/kristophernolte/Downloads/Fluegelfotos_Nora/ithildin_batch_20260617_135245/An_stephensi__W5_1_m_L.png;Repaired;1218;left;0.4828125;0.046875;0.0265625;0.0125;0.0203125;0.053125;0.1203125;0.196875;0.2984375;0.5390625;0.4;0.3921875;0.3625;0.3609375;0.3671875;0.203125;0.2234375;0.340625;0.296875;0.3375;0.390625;0.446875;0.5;0.559375;0.596875;0.653125;0.484375;0.471875;0.434375;0.4375;0.39375;0.365625;0.340625;0.478125;An_stephensi__W5_1_m_L.png
00373:An_stephensi/W5_1_m_R.tif;/Users/kristophernolte/Downloads/Fluegelfotos_Nora/ithildin_batch_20260617_135245/An_stephensi__W5_1_m_R.png;Repaired;1254;right;0.5;0.95;0.978125;0.9859375;0.978125;0.94375;0.865625;0.79375;0.6890625;0.45625;0.5703125;0.4953125;0.61875;0.61875;0.61875;0.78125;0.7578125;0.346875;0.328125;375;425;0.478125;0.521875;0.590625;0.6375;0.671875;0.50625;0.484375;0.421875;0.45;0.409375;0.371875;0.3625;0.496875;An_stephensi__W5_1_m_R.png