Image_ID,File,Status,Centroid,Orientation,CNN_Predicted_Taxa,CNN_Predicted_Score,X_0,X_1,X_2,X_3,X_4,X_5,X_6,X_7,X_8,X_9,X_10,X_11,X_12,X_13,X_14,X_15,X_16,Y_0,Y_1,Y_2,Y_3,Y_4,Y_5,Y_6,Y_7,Y_8,Y_9,Y_10,Y_11,Y_12,Y_13,Y_14,Y_15,Y_16,File_Name,File Name,TAXA LABEL
,/Users/kristophernolte/Documents/ITHILDIN_evaluation/reference/reference_finalselection/aedes_aegypti-diversity-study_f_l_21c8aaf8ebb2.png,Full Skeleton,1380,left,Aedes_aegypti,0.99,1184,224,152,115,130,215,324,476,669,1046,860,835,757,754,763,557,526,148,107,157,210,269,322,366,400,440,285,272,232,235,200,182,151,285,aedes_aegypti-diversity-study_f_l_21c8aaf8ebb2.png,aedes_aegypti-diversity-study_f_l_21c8aaf8ebb2.tif,Aedes_aegypti
,/Users/kristophernolte/Documents/ITHILDIN_evaluation/reference/reference_finalselection/aedes_aegypti-diversity-study_f_l_3d3015314865.png,Repaired,1528,left,Aedes_aegypti,0.98,1302,229,170,126,129,235,352,529,714,1172,940,919,841,820,851,639,618,193,165,210,271,329,381,425,463,500,340,326,282,288,244,220,196,336,aedes_aegypti-diversity-study_f_l_3d3015314865.png,aedes_aegypti-diversity-study_f_l_3d3015314865.tif,Aedes_aegypti
,/Users/kristophernolte/Documents/ITHILDIN_evaluation/reference/reference_finalselection/aedes_aegypti-diversity-study_f_l_ee4c1dd5b5b9.png,Repaired,1194,left,Aedes_aegypti,0.91,1035,188,144,108,113,194,291,430,607,902,730,730,660,657,669,485,446,129,92,129,181,229,276,317,348,387,251,240,204,198,176,151,131,248,aedes_aegypti-diversity-study_f_l_ee4c1dd5b5b9.png,aedes_aegypti-diversity-study_f_l_ee4c1dd5b5b9.tif,Aedes_aegypti
,/Users/kristophernolte/Documents/ITHILDIN_evaluation/reference/reference_finalselection/aedes_aegypti-diversity-study_f_r_01146cdfc458.png,Repaired,1516,right,Aedes_aegypti,0.99,1174,82,38,0,9,87,212,374,571,1029,780,768,693,676,693,496,415,185,121,159,225,278,336,388,428,486,330,315,269,266,225,202,170,315,aedes_aegypti-diversity-study_f_r_01146cdfc458.png,aedes_aegypti-diversity-study_f_r_01146cdfc458.tif,Aedes_aegypti
,/Users/kristophernolte/Documents/ITHILDIN_evaluation/reference/reference_finalselection/aedes_aegypti-diversity-study_f_r_2553f9ffed2a.png,Full Skeleton,970,right,Aedes_aegypti,0.99,742,83,29,0,6,65,150,248,393,655,514,507,465,451,463,293,286,112,83,112,153,197,235,269,289,320,213,204,173,177,148,133,115,211,aedes_aegypti-diversity-study_f_r_2553f9ffed2a.png,aedes_aegypti-diversity-study_f_r_2553f9ffed2a.tif,Aedes_aegypti
,/Users/kristophernolte/Documents/ITHILDIN_evaluation/reference/reference_finalselection/aedes_aegypti-diversity-study_f_r_41b78f8218d0.png,Repaired,1484,right,Aedes_aegypti,0.73,1146,99,36,0,10,83,205,381,583,994,772,765,689,682,682,493,467,154,114,154,213,276,329,376,415,472,303,286,250,246,207,187,157,289,aedes_aegypti-diversity-study_f_r_41b78f8218d0.png,aedes_aegypti-diversity-study_f_r_41b78f8218d0.tif,Aedes_aegypti
,/Users/kristophernolte/Documents/ITHILDIN_evaluation/reference/reference_finalselection/aedes_aegypti-diversity-study_f_r_43a2e2c12b77.png,Full Skeleton,1458,right,Aedes_aegypti,0.97,1147,102,37,0,11,102,211,390,593,981,772,751,668,655,674,492,460,121,126,172,228,279,332,372,402,437,260,265,220,228,196,164,148,287,aedes_aegypti-diversity-study_f_r_43a2e2c12b77.png,aedes_aegypti-diversity-study_f_r_43a2e2c12b77.tif,Aedes_aegypti
,/Users/kristophernolte/Documents/ITHILDIN_evaluation/reference/reference_finalselection/aedes_aegypti-diversity-study_f_r_6e2744da04ef.png,Repaired,1682,right,Aedes_aegypti,0.97,1293,123,49,0,0,91,232,428,683,1114,887,880,785,760,802,571,473,166,120,166,232,295,359,415,457,506,313,302,267,264,225,197,176,327,aedes_aegypti-diversity-study_f_r_6e2744da04ef.png,aedes_aegypti-diversity-study_f_r_6e2744da04ef.tif,Aedes_aegypti
,/Users/kristophernolte/Documents/ITHILDIN_evaluation/reference/reference_finalselection/aedes_aegypti-diversity-study_f_r_e4d9d7e5d0c4.png,Full Skeleton,1283,right,Aedes_aegypti,0.92,979,70,26,0,21,87,194,354,527,875,678,658,608,588,600,388,386,156,141,182,234,280,327,367,396,431,283,280,243,246,214,182,173,292,aedes_aegypti-diversity-study_f_r_e4d9d7e5d0c4.png,aedes_aegypti-diversity-study_f_r_e4d9d7e5d0c4.tif,Aedes_aegypti
,/Users/kristophernolte/Documents/ITHILDIN_evaluation/reference/reference_finalselection/aedes_aegypti-wolbachia-study_f_l_5e72d916735c.png,Full Skeleton,1194,left,Aedes_aegypti,0.98,930,97,56,30,43,110,205,344,513,845,647,642,588,588,601,429,398,174,131,169,220,264,308,349,385,429,298,287,254,251,215,187,169,290,aedes_aegypti-wolbachia-study_f_l_5e72d916735c.png,aedes_aegypti-wolbachia-study_f_l_5e72d916735c.tif,Aedes_aegypti
,/Users/kristophernolte/Documents/ITHILDIN_evaluation/reference/reference_finalselection/aedes_aegypti-wolbachia-study_f_l_e08a887acb4a.png,Full Skeleton,1143,left,Aedes_koreicus,0.65,939,138,74,53,72,122,205,333,477,821,643,643,584,584,592,413,386,181,128,168,210,256,290,330,368,413,290,277,250,240,210,192,170,277,aedes_aegypti-wolbachia-study_f_l_e08a887acb4a.png,aedes_aegypti-wolbachia-study_f_l_e08a887acb4a.tif,Aedes_aegypti
,/Users/kristophernolte/Documents/ITHILDIN_evaluation/reference/reference_finalselection/aedes_aegypti-wolbachia-study_f_r_bd4b0d50effd.png,Full Skeleton,1155,right,Aedes_aegypti,0.98,892,66,22,0,18,82,167,293,462,776,596,587,545,530,552,354,326,87,96,134,177,217,259,290,314,344,221,210,175,173,145,118,109,224,aedes_aegypti-wolbachia-study_f_r_bd4b0d50effd.png,aedes_aegypti-wolbachia-study_f_r_bd4b0d50effd.tif,Aedes_aegypti
,/Users/kristophernolte/Documents/ITHILDIN_evaluation/reference/reference_finalselection/aedes_aegypti-worldwide-collection_f_l_79e03c35c2e5.png,Repaired,1604,right,Aedes_aegypti,0.99,1233,96,34,0,14,110,245,411,635,1067,839,829,743,736,749,546,487,157,115,164,233,295,357,416,464,513,316,309,253,253,215,174,164,323,aedes_aegypti-worldwide-collection_f_l_79e03c35c2e5.png,aedes_aegypti-worldwide-collection_f_l_79e03c35c2e5.tif,Aedes_aegypti
,/Users/kristophernolte/Documents/ITHILDIN_evaluation/reference/reference_finalselection/aedes_aegypti-worldwide-collection_f_l_96f0916b716e.png,Full Skeleton,1668,right,Aedes_aegypti,1.0,1296,120,47,0,18,112,264,467,662,1115,869,865,793,782,793,558,532,153,124,171,247,305,367,428,472,537,331,316,273,266,226,186,168,327,aedes_aegypti-worldwide-collection_f_l_96f0916b716e.png,aedes_aegypti-worldwide-collection_f_l_96f0916b716e.tif,Aedes_aegypti
,/Users/kristophernolte/Documents/ITHILDIN_evaluation/reference/reference_finalselection/aedes_aegypti-worldwide-collection_f_l_aead82154467.png,Repaired,1816,right,Aedes_aegypti,0.97,1407,98,31,0,12,113,252,433,700,1200,929,925,843,824,858,527,527,137,125,182,253,321,385,434,479,520,344,313,268,268,219,178,159,336,aedes_aegypti-worldwide-collection_f_l_aead82154467.png,aedes_aegypti-worldwide-collection_f_l_aead82154467.tif,Aedes_aegypti
,/Users/kristophernolte/Documents/ITHILDIN_evaluation/reference/reference_finalselection/aedes_aegypti-worldwide-collection_f_l_f8bafc632a5f.png,Full Skeleton,1763,right,Aedes_aegypti,0.98,1375,118,27,0,19,87,224,437,684,1170,889,885,794,767,809,528,505,153,112,172,248,309,377,438,499,560,347,332,283,279,229,199,172,343,aedes_aegypti-worldwide-collection_f_l_f8bafc632a5f.png,aedes_aegypti-worldwide-collection_f_l_f8bafc632a5f.tif,Aedes_aegypti
,/Users/kristophernolte/Documents/ITHILDIN_evaluation/reference/reference_finalselection/aedes_aegypti-worldwide-collection_f_r_700d7e8fec3b.png,Repaired,1780,left,Aedes_aegypti,0.95,1441,172,89,43,43,155,324,490,725,1249,951,947,858,835,865,570,570,142,112,178,248,304,381,440,493,546,334,328,278,278,228,198,172,341,aedes_aegypti-worldwide-collection_f_r_700d7e8fec3b.png,aedes_aegypti-worldwide-collection_f_r_700d7e8fec3b.tif,Aedes_aegypti
,/Users/kristophernolte/Documents/ITHILDIN_evaluation/reference/reference_finalselection/aedes_aegypti-worldwide-collection_f_r_93e7c8f55295.png,Repaired,1908,left,Aedes_aegypti,1.0,1550,213,111,53,66,169,334,534,811,1345,1020,1020,935,922,926,717,672,180,131,193,278,349,425,496,545,612,398,367,305,300,247,220,184,363,aedes_aegypti-worldwide-collection_f_r_93e7c8f55295.png,aedes_aegypti-worldwide-collection_f_r_93e7c8f55295.tif,Aedes_aegypti
,/Users/kristophernolte/Documents/ITHILDIN_evaluation/reference/reference_finalselection/aedes_aegypti-worldwide-collection_f_r_b2fec01663bf.png,Repaired,1888,left,Aedes_aegypti,1.0,1510,161,98,59,84,182,332,529,771,1352,1023,1016,918,914,946,630,606,122,168,227,311,364,431,487,522,574,329,332,287,287,241,196,175,371,aedes_aegypti-worldwide-collection_f_r_b2fec01663bf.png,aedes_aegypti-worldwide-collection_f_r_b2fec01663bf.tif,Aedes_aegypti
,/Users/kristophernolte/Documents/ITHILDIN_evaluation/reference/reference_finalselection/aedes_aegypti-worldwide-collection_f_r_da1a3456189c.png,Repaired,1921,left,Aedes_aegypti,0.99,1523,167,87,43,47,147,310,493,767,1348,1014,1006,926,910,942,676,616,186,115,163,246,314,393,457,517,588,377,365,306,306,254,222,190,361,aedes_aegypti-worldwide-collection_f_r_da1a3456189c.png,aedes_aegypti-worldwide-collection_f_r_da1a3456189c.tif,Aedes_aegypti
,/Users/kristophernolte/Documents/ITHILDIN_evaluation/reference/reference_finalselection/aedes_aegypti-worldwide-collection_f_r_eae9ed3ece37.png,Repaired,1803,left,Aedes_aegypti,0.99,1445,181,104,46,57,161,331,531,766,1267,990,986,886,878,913,651,628,175,117,159,240,302,371,433,487,552,360,325,279,275,236,186,167,325,aedes_aegypti-worldwide-collection_f_r_eae9ed3ece37.png,aedes_aegypti-worldwide-collection_f_r_eae9ed3ece37.tif,Aedes_aegypti
,/Users/kristophernolte/Documents/ITHILDIN_evaluation/reference/reference_finalselection/aedes_cnn-study_f_r_00d740957890.png,Full Skeleton,1210,right,Aedes_cinereus-geminus-pair,1.0,912,69,24,0,7,67,155,296,458,788,642,642,573,568,575,382,367,111,94,130,180,223,266,299,333,366,223,211,187,187,161,139,123,232,aedes_cnn-study_f_r_00d740957890.png,aedes_cnn-study_f_r_00d740957890.tif,Aedes_cinereus-geminus-pair
,/Users/kristophernolte/Documents/ITHILDIN_evaluation/reference/reference_finalselection/aedes_cnn-study_f_r_015cfde1a1bd.png,Full Skeleton,1187,right,Aedes_sticticus,1.0,895,66,29,0,5,66,161,302,472,782,613,610,552,547,554,349,380,122,127,160,209,254,299,341,379,419,259,252,221,221,186,157,146,266,aedes_cnn-study_f_r_015cfde1a1bd.png,aedes_cnn-study_f_r_015cfde1a1bd.tif,Aedes_sticticus
,/Users/kristophernolte/Documents/ITHILDIN_evaluation/reference/reference_finalselection/aedes_cnn-study_f_r_03438c8049f0.png,Full Skeleton,1281,right,Aedes_vexans,0.7,965,68,22,0,9,73,171,309,476,833,663,660,614,603,619,398,414,141,117,158,206,252,301,349,385,428,268,260,222,225,187,168,144,266,aedes_cnn-study_f_r_03438c8049f0.png,aedes_cnn-study_f_r_03438c8049f0.tif,Aedes_vexans
,/Users/kristophernolte/Documents/ITHILDIN_evaluation/reference/reference_finalselection/aedes_cnn-study_f_r_082b4d08ef94.png,Full Skeleton,1786,right,Aedes_rusticus,0.98,1400,92,32,0,28,140,287,483,734,1177,890,874,834,818,822,467,527,165,145,201,277,349,424,496,552,608,380,361,305,301,245,201,185,372,aedes_cnn-study_f_r_082b4d08ef94.png,aedes_cnn-study_f_r_082b4d08ef94.tif,Aedes_rusticus
,/Users/kristophernolte/Documents/ITHILDIN_evaluation/reference/reference_finalselection/aedes_cnn-study_f_r_08a123f4f982.png,Full Skeleton,1769,right,Aedes_rusticus,0.98,1374,82,31,0,16,132,279,480,743,1153,882,863,832,813,813,468,523,150,147,193,263,336,417,483,541,591,375,359,301,297,235,197,181,371,aedes_cnn-study_f_r_08a123f4f982.png,aedes_cnn-study_f_r_08a123f4f982.tif,Aedes_rusticus
,/Users/kristophernolte/Documents/ITHILDIN_evaluation/reference/reference_finalselection/aedes_cnn-study_f_r_0955e76ed6cb.png,Full Skeleton,1058,right,Aedes_sticticus,0.94,798,59,15,0,2,50,143,259,415,690,536,534,492,479,497,299,319,108,84,117,155,196,240,286,317,357,225,216,188,188,155,130,115,225,aedes_cnn-study_f_r_0955e76ed6cb.png,aedes_cnn-study_f_r_0955e76ed6cb.tif,Aedes_sticticus
,/Users/kristophernolte/Documents/ITHILDIN_evaluation/reference/reference_finalselection/aedes_cnn-study_f_r_0a797f73e383.png,Full Skeleton,1078,right,Aedes_cinereus-geminus-pair,0.98,811,58,20,0,13,65,141,275,420,704,579,576,509,503,503,342,326,109,96,134,176,216,250,281,317,350,212,205,178,178,149,138,122,219,aedes_cnn-study_f_r_0a797f73e383.png,aedes_cnn-study_f_r_0a797f73e383.tif,Aedes_cinereus-geminus-pair
,/Users/kristophernolte/Documents/ITHILDIN_evaluation/reference/reference_finalselection/aedes_cnn-study_f_r_0b0902cfa541.png,Full Skeleton,1060,right,Aedes_sticticus,0.83,799,60,24,0,2,49,119,236,399,682,541,532,494,490,494,300,313,105,83,114,154,194,238,273,317,359,227,211,185,183,152,127,116,220,aedes_cnn-study_f_r_0b0902cfa541.png,aedes_cnn-study_f_r_0b0902cfa541.tif,Aedes_sticticus
,/Users/kristophernolte/Documents/ITHILDIN_evaluation/reference/reference_finalselection/aedes_cnn-study_f_r_0bd198bcbc06.png,Full Skeleton,1531,right,Aedes_rusticus,0.99,1188,73,20,0,10,103,227,390,619,989,756,746,706,689,693,390,433,139,139,189,256,322,386,442,492,535,336,322,272,272,226,183,176,342,aedes_cnn-study_f_r_0bd198bcbc06.png,aedes_cnn-study_f_r_0bd198bcbc06.tif,Aedes_rusticus
,/Users/kristophernolte/Documents/ITHILDIN_evaluation/reference/reference_finalselection/aedes_cnn-study_f_r_117f4a86cfed.png,Full Skeleton,1816,right,Aedes_rusticus,0.99,1406,84,24,0,32,140,287,467,751,1190,911,895,839,827,831,475,535,157,137,193,269,345,429,501,561,625,389,377,305,305,253,205,189,381,aedes_cnn-study_f_r_117f4a86cfed.png,aedes_cnn-study_f_r_117f4a86cfed.tif,Aedes_rusticus
,/Users/kristophernolte/Documents/ITHILDIN_evaluation/reference/reference_finalselection/aedes_cnn-study_f_r_11b2de91f8a3.png,Full Skeleton,1552,right,Aedes_communis-punctor-pair,0.97,1188,71,18,0,14,95,205,389,626,1014,785,774,714,710,725,428,452,134,123,176,240,293,349,395,448,498,314,296,247,247,201,166,155,307,aedes_cnn-study_f_r_11b2de91f8a3.png,aedes_cnn-study_f_r_11b2de91f8a3.tif,Aedes_communis-punctor-pair
,/Users/kristophernolte/Documents/ITHILDIN_evaluation/reference/reference_finalselection/aedes_cnn-study_f_r_1278f07c0c3d.png,Full Skeleton,1020,right,Aedes_cinereus-geminus-pair,0.99,758,44,19,0,15,72,150,262,414,674,541,536,486,481,486,323,308,102,93,127,172,210,250,281,311,340,210,207,178,180,157,131,121,222,aedes_cnn-study_f_r_1278f07c0c3d.png,aedes_cnn-study_f_r_1278f07c0c3d.tif,Aedes_cinereus-geminus-pair
,/Users/kristophernolte/Documents/ITHILDIN_evaluation/reference/reference_finalselection/aedes_cnn-study_f_r_1288349db213.png,Full Skeleton,1320,right,Aedes_sticticus,0.94,1015,77,25,0,19,82,184,337,529,850,686,677,628,623,628,392,436,122,124,168,220,264,313,357,398,442,278,267,226,223,187,163,152,275,aedes_cnn-study_f_r_1288349db213.png,aedes_cnn-study_f_r_1288349db213.tif,Aedes_sticticus
,/Users/kristophernolte/Documents/ITHILDIN_evaluation/reference/reference_finalselection/aedes_cnn-study_f_r_137c3c0b9f0d.png,Full Skeleton,1264,right,Aedes_cinereus-geminus-pair,0.12,955,71,20,0,17,81,179,310,485,833,654,651,609,606,609,417,406,113,93,136,186,232,277,318,356,401,232,227,194,191,164,143,123,242,aedes_cnn-study_f_r_137c3c0b9f0d.png,aedes_cnn-study_f_r_137c3c0b9f0d.tif,Aedes_vexans
,/Users/kristophernolte/Documents/ITHILDIN_evaluation/reference/reference_finalselection/aedes_cnn-study_f_r_13aa8ca44c8e.png,Full Skeleton,1514,right,Aedes_communis-punctor-pair,0.99,1159,79,27,0,27,112,250,422,632,998,777,770,724,718,724,435,461,129,126,179,248,307,357,409,452,501,317,297,251,248,212,169,149,317,aedes_cnn-study_f_r_13aa8ca44c8e.png,aedes_cnn-study_f_r_13aa8ca44c8e.tif,Aedes_communis-punctor-pair
,/Users/kristophernolte/Documents/ITHILDIN_evaluation/reference/reference_finalselection/aedes_cnn-study_f_r_14642b6083fe.png,Repaired,1042,right,Aedes_sticticus,0.9,791,62,15,0,2,55,144,260,406,671,538,535,491,475,489,311,338,104,88,122,162,204,244,284,317,357,220,215,184,182,148,133,120,217,aedes_cnn-study_f_r_14642b6083fe.png,aedes_cnn-study_f_r_14642b6083fe.tif,Aedes_sticticus
,/Users/kristophernolte/Documents/ITHILDIN_evaluation/reference/reference_finalselection/aedes_cnn-study_f_r_14dc003f38f4.png,Full Skeleton,1023,right,Aedes_sticticus,0.97,778,60,25,0,4,50,128,255,389,654,532,527,482,478,486,283,321,95,82,113,155,190,231,270,301,332,202,192,171,169,142,122,109,204,aedes_cnn-study_f_r_14dc003f38f4.png,aedes_cnn-study_f_r_14dc003f38f4.tif,Aedes_sticticus
,/Users/kristophernolte/Documents/ITHILDIN_evaluation/reference/reference_finalselection/aedes_cnn-study_f_r_14f377ed7ab5.png,Repaired,1217,right,Aedes_vexans,0.81,935,61,20,0,18,89,172,295,456,799,628,623,584,569,589,387,379,123,99,140,187,233,279,317,351,397,240,235,199,202,169,148,130,238,aedes_cnn-study_f_r_14f377ed7ab5.png,aedes_cnn-study_f_r_14f377ed7ab5.tif,Aedes_vexans
,/Users/kristophernolte/Documents/ITHILDIN_evaluation/reference/reference_finalselection/aedes_cnn-study_f_r_15868f859883.png,Full Skeleton,1022,right,Aedes_sticticus,0.97,768,61,22,0,16,65,141,253,406,677,526,524,492,481,483,309,345,108,93,128,171,212,251,285,317,361,216,212,184,184,149,134,119,216,aedes_cnn-study_f_r_15868f859883.png,aedes_cnn-study_f_r_15868f859883.tif,Aedes_sticticus
,/Users/kristophernolte/Documents/ITHILDIN_evaluation/reference/reference_finalselection/aedes_cnn-study_f_r_161136a3884e.png,Repaired,1063,right,Aedes_sticticus,0.75,814,64,29,0,13,59,161,268,420,700,548,548,508,499,510,359,361,106,91,119,159,203,238,280,313,353,225,212,183,183,150,130,115,214,aedes_cnn-study_f_r_161136a3884e.png,aedes_cnn-study_f_r_161136a3884e.tif,Aedes_sticticus
,/Users/kristophernolte/Documents/ITHILDIN_evaluation/reference/reference_finalselection/aedes_cnn-study_f_r_163907e62c75.png,Full Skeleton,1397,right,Aedes_rusticus,0.98,1086,82,22,0,16,102,216,368,578,895,708,695,657,641,641,346,403,122,122,173,226,284,347,401,442,484,303,290,246,246,195,166,160,309,aedes_cnn-study_f_r_163907e62c75.png,aedes_cnn-study_f_r_163907e62c75.tif,Aedes_rusticus
,/Users/kristophernolte/Documents/ITHILDIN_evaluation/reference/reference_finalselection/aedes_cnn-study_f_r_16b0d82b3488.png,Full Skeleton,1440,right,Aedes_cinereus-geminus-pair,0.98,1093,68,16,0,19,101,211,373,576,942,763,758,681,678,686,456,423,122,111,160,221,267,314,358,391,429,251,243,210,207,177,149,138,270,aedes_cnn-study_f_r_16b0d82b3488.png,aedes_cnn-study_f_r_16b0d82b3488.tif,Aedes_cinereus-geminus-pair
,/Users/kristophernolte/Documents/ITHILDIN_evaluation/reference/reference_finalselection/aedes_cnn-study_f_r_17369cefbfd4.png,Full Skeleton,1171,right,Aedes_vexans,0.82,875,57,28,0,17,83,171,292,437,768,616,609,573,568,575,397,388,129,101,134,186,231,274,315,350,395,248,234,203,200,170,151,124,241,aedes_cnn-study_f_r_17369cefbfd4.png,aedes_cnn-study_f_r_17369cefbfd4.tif,Aedes_vexans
,/Users/kristophernolte/Documents/ITHILDIN_evaluation/reference/reference_finalselection/aedes_cnn-study_f_r_17adc4824600.png,Repaired,1158,right,Aedes_vexans,0.99,897,56,19,0,10,66,159,279,433,759,595,585,534,527,536,340,335,118,90,127,174,218,260,298,331,368,225,223,193,193,160,139,122,232,aedes_cnn-study_f_r_17adc4824600.png,aedes_cnn-study_f_r_17adc4824600.tif,Aedes_vexans
,/Users/kristophernolte/Documents/ITHILDIN_evaluation/reference/reference_finalselection/aedes_cnn-study_f_r_189f48a7302b.png,Full Skeleton,1784,right,Aedes_rusticus,0.99,1394,84,19,0,30,141,283,459,743,1153,888,877,819,800,812,471,532,147,151,212,285,358,438,507,572,622,381,365,308,304,250,201,189,381,aedes_cnn-study_f_r_189f48a7302b.png,aedes_cnn-study_f_r_189f48a7302b.tif,Aedes_rusticus
,/Users/kristophernolte/Documents/ITHILDIN_evaluation/reference/reference_finalselection/aedes_cnn-study_f_r_19bac1109ce1.png,Full Skeleton,1755,right,Aedes_rusticus,0.99,1386,71,19,0,26,121,279,453,721,1133,872,861,804,789,789,461,510,160,149,209,273,345,417,481,538,591,375,360,304,304,239,217,194,372,aedes_cnn-study_f_r_19bac1109ce1.png,aedes_cnn-study_f_r_19bac1109ce1.tif,Aedes_rusticus
,/Users/kristophernolte/Documents/ITHILDIN_evaluation/reference/reference_finalselection/aedes_cnn-study_f_r_1a78e9b5e2a5.png,Full Skeleton,1633,right,Aedes_communis-punctor-pair,1.0,1232,95,27,0,21,102,237,447,684,1083,846,829,769,758,775,488,491,160,137,194,255,309,373,434,495,560,356,333,285,279,241,197,177,346,aedes_cnn-study_f_r_1a78e9b5e2a5.png,aedes_cnn-study_f_r_1a78e9b5e2a5.tif,Aedes_communis-punctor-pair
,/Users/kristophernolte/Documents/ITHILDIN_evaluation/reference/reference_finalselection/aedes_cnn-study_f_r_1af8092377d4.png,Full Skeleton,1744,right,Aedes_rusticus,0.97,1361,84,29,0,22,125,272,459,712,1130,873,855,807,792,796,451,506,154,128,183,249,322,399,476,539,594,377,355,300,297,242,198,179,366,aedes_cnn-study_f_r_1af8092377d4.png,aedes_cnn-study_f_r_1af8092377d4.tif,Aedes_rusticus
,/Users/kristophernolte/Documents/ITHILDIN_evaluation/reference/reference_finalselection/aedes_cnn-study_f_r_1d64a075cacf.png,Full Skeleton,1398,right,Aedes_cinereus-geminus-pair,0.99,1065,77,26,0,23,97,202,345,527,914,755,741,664,664,675,453,425,112,101,146,203,243,289,340,377,425,249,240,209,209,177,152,132,263,aedes_cnn-study_f_r_1d64a075cacf.png,aedes_cnn-study_f_r_1d64a075cacf.tif,Aedes_cinereus-geminus-pair
,/Users/kristophernolte/Documents/ITHILDIN_evaluation/reference/reference_finalselection/aedes_cnn-study_f_r_1f72f0005dd9.png,Full Skeleton,1510,right,Aedes_communis-punctor-pair,0.99,1161,83,26,0,16,89,223,404,627,974,770,764,703,691,713,433,449,136,130,178,241,302,359,413,461,512,321,305,254,254,209,174,162,321,aedes_cnn-study_f_r_1f72f0005dd9.png,aedes_cnn-study_f_r_1f72f0005dd9.tif,Aedes_communis-punctor-pair
,/Users/kristophernolte/Documents/ITHILDIN_evaluation/reference/reference_finalselection/aedes_cnn-study_f_r_206923761b20.png,Full Skeleton,1861,right,Aedes_rusticus,0.99,1462,80,16,0,28,140,309,497,777,1218,913,897,849,837,845,489,553,164,156,220,296,364,448,520,580,636,416,380,316,312,256,204,196,392,aedes_cnn-study_f_r_206923761b20.png,aedes_cnn-study_f_r_206923761b20.tif,Aedes_rusticus
,/Users/kristophernolte/Documents/ITHILDIN_evaluation/reference/reference_finalselection/aedes_cnn-study_f_r_20c7fca5f9fc.png,Full Skeleton,1230,right,Aedes_cinereus-geminus-pair,0.98,928,65,17,0,15,87,174,300,472,799,658,655,596,591,596,417,367,110,95,132,179,219,259,296,328,373,232,217,189,187,155,135,120,229,aedes_cnn-study_f_r_20c7fca5f9fc.png,aedes_cnn-study_f_r_20c7fca5f9fc.tif,Aedes_cinereus-geminus-pair
,/Users/kristophernolte/Documents/ITHILDIN_evaluation/reference/reference_finalselection/aedes_cnn-study_f_r_2296d4c0baf3.png,Repaired,1789,right,Aedes_rusticus,0.98,1396,104,28,0,32,132,272,452,724,1176,888,872,824,816,824,492,552,164,136,204,280,360,432,504,572,628,400,384,324,320,260,208,192,380,aedes_cnn-study_f_r_2296d4c0baf3.png,aedes_cnn-study_f_r_2296d4c0baf3.tif,Aedes_rusticus
,/Users/kristophernolte/Documents/ITHILDIN_evaluation/reference/reference_finalselection/aedes_cnn-study_f_r_23cc934edfcf.png,Full Skeleton,1313,right,Aedes_sticticus,0.95,1007,71,30,0,11,74,169,333,519,849,674,669,617,611,617,377,431,122,114,147,199,248,297,343,390,431,272,261,223,223,180,158,139,264,aedes_cnn-study_f_r_23cc934edfcf.png,aedes_cnn-study_f_r_23cc934edfcf.tif,Aedes_sticticus
,/Users/kristophernolte/Documents/ITHILDIN_evaluation/reference/reference_finalselection/aedes_cnn-study_f_r_25a7cf533dc8.png,Full Skeleton,1285,right,Aedes_vexans,0.99,982,73,26,0,10,76,171,318,473,840,670,664,604,601,601,396,383,119,95,137,190,240,287,332,366,413,250,245,208,208,171,150,137,256,aedes_cnn-study_f_r_25a7cf533dc8.png,aedes_cnn-study_f_r_25a7cf533dc8.tif,Aedes_vexans
,/Users/kristophernolte/Documents/ITHILDIN_evaluation/reference/reference_finalselection/aedes_cnn-study_f_r_25c0198768f3.png,Full Skeleton,1560,right,Aedes_rusticus,0.96,1214,88,34,0,20,108,237,403,634,1017,783,773,726,715,722,427,478,140,123,171,235,303,374,435,486,534,334,317,269,269,218,181,164,327,aedes_cnn-study_f_r_25c0198768f3.png,aedes_cnn-study_f_r_25c0198768f3.tif,Aedes_rusticus
,/Users/kristophernolte/Documents/ITHILDIN_evaluation/reference/reference_finalselection/aedes_cnn-study_f_r_26aabc62645e.png,Full Skeleton,1734,right,Aedes_rusticus,0.99,1367,69,19,0,23,130,267,442,720,1120,853,834,792,781,785,469,503,177,165,218,291,367,432,500,557,614,397,386,321,321,264,215,207,386,aedes_cnn-study_f_r_26aabc62645e.png,aedes_cnn-study_f_r_26aabc62645e.tif,Aedes_rusticus
,/Users/kristophernolte/Documents/ITHILDIN_evaluation/reference/reference_finalselection/aedes_cnn-study_f_r_26c95b4eb002.png,Full Skeleton,1636,right,Aedes_rusticus,0.99,1269,78,36,0,18,117,255,424,661,1068,817,803,757,746,750,432,488,136,125,171,242,316,383,454,510,563,341,330,277,273,224,182,164,341,aedes_cnn-study_f_r_26c95b4eb002.png,aedes_cnn-study_f_r_26c95b4eb002.tif,Aedes_rusticus
,/Users/kristophernolte/Documents/ITHILDIN_evaluation/reference/reference_finalselection/aedes_cnn-study_f_r_26d169ede251.png,Full Skeleton,1094,right,Aedes_sticticus,0.98,815,62,27,0,4,60,137,258,417,718,563,556,525,520,520,325,354,105,89,123,170,206,255,294,327,361,220,213,184,181,152,136,123,224,aedes_cnn-study_f_r_26d169ede251.png,aedes_cnn-study_f_r_26d169ede251.tif,Aedes_sticticus
,/Users/kristophernolte/Documents/ITHILDIN_evaluation/reference/reference_finalselection/aedes_cnn-study_f_r_28083579ee8b.png,Full Skeleton,1167,right,Aedes_sticticus,0.73,872,64,28,0,11,61,144,267,450,760,597,592,556,552,556,348,369,122,95,129,178,223,266,311,354,396,254,238,204,204,169,143,122,242,aedes_cnn-study_f_r_28083579ee8b.png,aedes_cnn-study_f_r_28083579ee8b.tif,Aedes_sticticus
,/Users/kristophernolte/Documents/ITHILDIN_evaluation/reference/reference_finalselection/aedes_cnn-study_f_r_28bef85c769d.png,Full Skeleton,921,right,Aedes_sticticus,0.99,710,47,20,0,12,53,122,224,359,596,477,477,432,422,424,279,294,100,89,120,157,191,222,255,281,310,191,187,161,159,132,122,106,193,aedes_cnn-study_f_r_28bef85c769d.png,aedes_cnn-study_f_r_28bef85c769d.tif,Aedes_sticticus
,/Users/kristophernolte/Documents/ITHILDIN_evaluation/reference/reference_finalselection/aedes_cnn-study_f_r_28e5656b1e1a.png,Full Skeleton,1303,right,Aedes_sticticus,0.95,992,76,22,0,8,76,173,326,518,846,663,658,612,609,617,404,431,122,103,141,187,243,294,340,386,435,276,262,224,222,187,152,136,262,aedes_cnn-study_f_r_28e5656b1e1a.png,aedes_cnn-study_f_r_28e5656b1e1a.tif,Aedes_sticticus
,/Users/kristophernolte/Documents/ITHILDIN_evaluation/reference/reference_finalselection/aedes_cnn-study_f_r_291256b1fd7c.png,Full Skeleton,1022,right,Aedes_cinereus-geminus-pair,0.99,764,52,21,0,15,79,150,266,399,672,548,544,500,488,498,357,328,103,93,130,170,209,244,275,304,336,201,194,170,170,147,130,116,211,aedes_cnn-study_f_r_291256b1fd7c.png,aedes_cnn-study_f_r_291256b1fd7c.tif,Aedes_cinereus-geminus-pair
,/Users/kristophernolte/Documents/ITHILDIN_evaluation/reference/reference_finalselection/aedes_cnn-study_f_r_2aef78126d26.png,Full Skeleton,1146,right,Aedes_sticticus,0.56,851,72,30,0,9,68,159,297,459,759,600,598,551,544,544,342,363,106,90,127,172,219,266,308,345,381,231,226,195,191,158,139,125,238,aedes_cnn-study_f_r_2aef78126d26.png,aedes_cnn-study_f_r_2aef78126d26.tif,Aedes_sticticus
,/Users/kristophernolte/Documents/ITHILDIN_evaluation/reference/reference_finalselection/aedes_cnn-study_f_r_2b8456758a20.png,Full Skeleton,1021,right,Aedes_sticticus,0.98,768,60,13,0,4,49,126,239,381,659,515,513,479,466,479,314,336,110,86,127,161,202,244,285,326,360,227,219,187,187,155,133,116,223,aedes_cnn-study_f_r_2b8456758a20.png,aedes_cnn-study_f_r_2b8456758a20.tif,Aedes_sticticus
,/Users/kristophernolte/Documents/ITHILDIN_evaluation/reference/reference_finalselection/aedes_cnn-study_f_r_2c62af5a7dcc.png,Full Skeleton,1436,right,Aedes_cinereus-geminus-pair,0.98,1084,73,15,0,15,79,183,351,548,934,737,734,676,676,690,429,429,136,121,173,223,272,324,370,414,463,284,275,237,234,197,170,156,286,aedes_cnn-study_f_r_2c62af5a7dcc.png,aedes_cnn-study_f_r_2c62af5a7dcc.tif,Aedes_vexans
,/Users/kristophernolte/Documents/ITHILDIN_evaluation/reference/reference_finalselection/aedes_cnn-study_f_r_2ccbe567eca8.png,Full Skeleton,1056,right,Aedes_sticticus,0.98,810,64,22,0,4,55,139,255,394,673,537,535,502,497,502,317,339,113,86,117,161,196,236,278,320,357,227,216,183,181,152,130,111,218,aedes_cnn-study_f_r_2ccbe567eca8.png,aedes_cnn-study_f_r_2ccbe567eca8.tif,Aedes_sticticus
,/Users/kristophernolte/Documents/ITHILDIN_evaluation/reference/reference_finalselection/aedes_cnn-study_f_r_314ff64e37f9.png,Full Skeleton,1231,right,Aedes_cinereus-geminus-pair,0.88,938,75,22,0,7,70,172,299,485,799,647,644,570,562,570,381,363,123,98,143,195,242,289,337,371,401,250,240,210,210,180,150,135,259,aedes_cnn-study_f_r_314ff64e37f9.png,aedes_cnn-study_f_r_314ff64e37f9.tif,Aedes_cinereus-geminus-pair
,/Users/kristophernolte/Documents/ITHILDIN_evaluation/reference/reference_finalselection/aedes_cnn-study_f_r_33659698c76e.png,Full Skeleton,1338,right,Aedes_cinereus-geminus-pair,1.0,1019,86,27,0,19,92,210,351,515,887,720,717,631,628,631,442,426,110,83,129,180,229,280,334,369,417,247,239,202,204,175,148,132,256,aedes_cnn-study_f_r_33659698c76e.png,aedes_cnn-study_f_r_33659698c76e.tif,Aedes_cinereus-geminus-pair
,/Users/kristophernolte/Documents/ITHILDIN_evaluation/reference/reference_finalselection/aedes_cnn-study_f_r_337e11a3dc68.png,Repaired,969,right,Aedes_sticticus,0.91,742,63,21,0,4,49,118,227,382,620,493,485,453,447,453,273,311,98,72,107,143,179,222,260,296,331,208,197,169,167,141,125,109,199,aedes_cnn-study_f_r_337e11a3dc68.png,aedes_cnn-study_f_r_337e11a3dc68.tif,Aedes_sticticus
,/Users/kristophernolte/Documents/ITHILDIN_evaluation/reference/reference_finalselection/aedes_cnn-study_f_r_33b7509e86e9.png,Full Skeleton,1463,right,Aedes_communis-punctor-pair,0.99,1113,61,3,0,3,76,192,359,563,952,730,721,663,657,666,420,429,117,117,168,217,275,332,384,430,478,290,281,235,238,193,159,144,299,aedes_cnn-study_f_r_33b7509e86e9.png,aedes_cnn-study_f_r_33b7509e86e9.tif,Aedes_communis-punctor-pair
,/Users/kristophernolte/Documents/ITHILDIN_evaluation/reference/reference_finalselection/aedes_cnn-study_f_r_34c80845f04c.png,Full Skeleton,1097,right,Aedes_sticticus,0.98,844,61,31,0,0,54,137,265,411,698,557,555,513,497,520,320,346,115,95,125,173,217,257,299,338,377,241,229,199,197,164,141,125,234,aedes_cnn-study_f_r_34c80845f04c.png,aedes_cnn-study_f_r_34c80845f04c.tif,Aedes_sticticus
,/Users/kristophernolte/Documents/ITHILDIN_evaluation/reference/reference_finalselection/aedes_cnn-study_f_r_3504ebe0f315.png,Full Skeleton,971,right,Aedes_sticticus,0.91,746,63,26,0,6,57,129,235,379,636,494,490,462,452,454,289,301,93,81,109,151,191,229,265,295,323,199,195,167,165,135,123,103,203,aedes_cnn-study_f_r_3504ebe0f315.png,aedes_cnn-study_f_r_3504ebe0f315.tif,Aedes_sticticus
,/Users/kristophernolte/Documents/ITHILDIN_evaluation/reference/reference_finalselection/aedes_cnn-study_f_r_352500396806.png,Repaired,1151,right,Aedes_vexans,0.85,868,63,26,0,10,65,153,276,426,745,604,595,551,544,565,387,375,119,86,121,158,200,248,292,331,371,230,223,190,190,160,137,126,225,aedes_cnn-study_f_r_352500396806.png,aedes_cnn-study_f_r_352500396806.tif,Aedes_vexans
,/Users/kristophernolte/Documents/ITHILDIN_evaluation/reference/reference_finalselection/aedes_cnn-study_f_r_390680403b19.png,Full Skeleton,1255,right,Aedes_sticticus,0.98,951,72,25,0,7,69,165,302,478,814,644,641,600,595,595,367,400,113,93,131,178,225,271,315,359,406,250,240,201,199,165,144,126,240,aedes_cnn-study_f_r_390680403b19.png,aedes_cnn-study_f_r_390680403b19.tif,Aedes_sticticus
,/Users/kristophernolte/Documents/ITHILDIN_evaluation/reference/reference_finalselection/aedes_cnn-study_f_r_398e4a756c19.png,Full Skeleton,1200,right,Aedes_sticticus,0.99,903,73,30,0,15,76,170,316,486,784,628,630,577,572,577,372,402,118,96,139,192,240,283,326,364,404,247,242,204,204,172,149,134,245,aedes_cnn-study_f_r_398e4a756c19.png,aedes_cnn-study_f_r_398e4a756c19.tif,Aedes_sticticus
,/Users/kristophernolte/Documents/ITHILDIN_evaluation/reference/reference_finalselection/aedes_cnn-study_f_r_3b0e5eab3bad.png,Repaired,1312,right,Aedes_vexans,0.96,987,79,25,0,11,77,173,316,500,849,692,679,632,621,626,434,418,138,94,147,196,240,298,342,386,432,276,259,224,224,188,163,144,268,aedes_cnn-study_f_r_3b0e5eab3bad.png,aedes_cnn-study_f_r_3b0e5eab3bad.tif,Aedes_vexans
,/Users/kristophernolte/Documents/ITHILDIN_evaluation/reference/reference_finalselection/aedes_cnn-study_f_r_3b192e6b3a9f.png,Full Skeleton,1616,right,Aedes_rusticus,0.98,1269,88,28,0,14,103,223,404,642,1046,784,773,734,723,727,418,471,156,113,166,230,297,379,446,507,567,354,340,283,283,219,191,170,340,aedes_cnn-study_f_r_3b192e6b3a9f.png,aedes_cnn-study_f_r_3b192e6b3a9f.tif,Aedes_rusticus
,/Users/kristophernolte/Documents/ITHILDIN_evaluation/reference/reference_finalselection/aedes_cnn-study_f_r_3c56e82213f1.png,Full Skeleton,1361,right,Aedes_sticticus,0.92,1039,84,29,0,12,81,185,338,520,880,710,699,650,644,650,413,425,124,115,158,204,262,308,360,406,444,274,259,225,222,187,158,147,274,aedes_cnn-study_f_r_3c56e82213f1.png,aedes_cnn-study_f_r_3c56e82213f1.tif,Aedes_sticticus
,/Users/kristophernolte/Documents/ITHILDIN_evaluation/reference/reference_finalselection/aedes_cnn-study_f_r_3cc6c5d56876.png,Full Skeleton,1678,right,Aedes_rusticus,0.97,1310,94,29,0,32,127,251,434,686,1094,839,824,795,780,780,445,485,140,129,184,253,322,392,454,509,560,348,337,279,275,220,184,173,348,aedes_cnn-study_f_r_3cc6c5d56876.png,aedes_cnn-study_f_r_3cc6c5d56876.tif,Aedes_rusticus
,/Users/kristophernolte/Documents/ITHILDIN_evaluation/reference/reference_finalselection/aedes_cnn-study_f_r_3e10df1724a6.png,Full Skeleton,1599,right,Aedes_rusticus,0.99,1249,83,27,0,14,114,236,402,649,1045,791,774,732,722,722,434,465,144,130,178,244,317,383,446,501,557,352,335,282,279,227,189,175,345,aedes_cnn-study_f_r_3e10df1724a6.png,aedes_cnn-study_f_r_3e10df1724a6.tif,Aedes_rusticus
,/Users/kristophernolte/Documents/ITHILDIN_evaluation/reference/reference_finalselection/aedes_cnn-study_f_r_3f8d0937523b.png,Full Skeleton,1598,right,Aedes_rusticus,0.99,1245,74,25,0,35,121,253,406,656,1048,802,788,749,731,731,413,463,140,133,183,247,308,376,437,494,547,337,326,269,269,215,180,169,337,aedes_cnn-study_f_r_3f8d0937523b.png,aedes_cnn-study_f_r_3f8d0937523b.tif,Aedes_rusticus
,/Users/kristophernolte/Documents/ITHILDIN_evaluation/reference/reference_finalselection/aedes_cnn-study_f_r_41897e1fdf5f.png,Full Skeleton,1244,right,Culex_pipiens s.l.-torrentium-pair,0.75,964,63,22,0,14,77,179,288,458,823,627,625,586,583,591,402,373,116,96,133,181,227,268,314,346,392,234,230,203,198,169,142,130,239,aedes_cnn-study_f_r_41897e1fdf5f.png,aedes_cnn-study_f_r_41897e1fdf5f.tif,Aedes_vexans
,/Users/kristophernolte/Documents/ITHILDIN_evaluation/reference/reference_finalselection/aedes_cnn-study_f_r_42b812e4a839.png,Full Skeleton,1457,right,Aedes_communis-punctor-pair,1.0,1119,65,22,0,12,87,203,369,587,959,737,728,672,669,669,397,431,137,140,187,240,290,343,393,434,484,309,290,250,246,206,171,162,303,aedes_cnn-study_f_r_42b812e4a839.png,aedes_cnn-study_f_r_42b812e4a839.tif,Aedes_communis-punctor-pair
,/Users/kristophernolte/Documents/ITHILDIN_evaluation/reference/reference_finalselection/aedes_cnn-study_f_r_430eefd06552.png,Full Skeleton,1320,right,Aedes_sticticus,0.96,1005,68,27,0,5,65,168,310,506,842,675,673,613,607,615,395,416,117,109,144,196,247,305,354,395,441,267,261,223,223,185,155,141,272,aedes_cnn-study_f_r_430eefd06552.png,aedes_cnn-study_f_r_430eefd06552.tif,Aedes_sticticus
,/Users/kristophernolte/Documents/ITHILDIN_evaluation/reference/reference_finalselection/aedes_cnn-study_f_r_440be8c9d050.png,Full Skeleton,1305,right,Aedes_cinereus-geminus-pair,1.0,980,75,23,0,13,91,193,339,517,854,705,703,614,611,614,418,413,125,96,141,190,245,295,342,379,423,258,248,219,214,188,162,138,264,aedes_cnn-study_f_r_440be8c9d050.png,aedes_cnn-study_f_r_440be8c9d050.tif,Aedes_cinereus-geminus-pair
,/Users/kristophernolte/Documents/ITHILDIN_evaluation/reference/reference_finalselection/aedes_cnn-study_f_r_46462a7509b2.png,Full Skeleton,1434,right,Aedes_communis-punctor-pair,0.59,1102,85,26,0,3,82,214,364,550,940,729,723,672,666,681,476,470,139,99,148,205,256,313,373,418,464,282,273,230,227,193,165,142,276,aedes_cnn-study_f_r_46462a7509b2.png,aedes_cnn-study_f_r_46462a7509b2.tif,Aedes_vexans
,/Users/kristophernolte/Documents/ITHILDIN_evaluation/reference/reference_finalselection/aedes_cnn-study_f_r_4655dac78d86.png,Full Skeleton,1586,right,Aedes_communis-punctor-pair,1.0,1212,79,23,0,13,82,202,390,619,1040,798,791,728,718,728,457,473,165,145,202,255,314,364,424,483,549,361,334,284,284,228,192,172,341,aedes_cnn-study_f_r_4655dac78d86.png,aedes_cnn-study_f_r_4655dac78d86.tif,Aedes_communis-punctor-pair
,/Users/kristophernolte/Documents/ITHILDIN_evaluation/reference/reference_finalselection/aedes_cnn-study_f_r_46b83cd046fd.png,Full Skeleton,1469,right,Aedes_communis-punctor-pair,0.99,1126,70,29,0,13,79,194,372,595,961,732,722,668,662,662,401,436,154,125,176,246,297,354,418,472,513,345,313,268,265,221,186,163,322,aedes_cnn-study_f_r_46b83cd046fd.png,aedes_cnn-study_f_r_46b83cd046fd.tif,Aedes_communis-punctor-pair
,/Users/kristophernolte/Documents/ITHILDIN_evaluation/reference/reference_finalselection/aedes_cnn-study_f_r_47042b56f004.png,Full Skeleton,1362,right,Aedes_rusticus,0.99,1046,81,33,0,18,104,218,353,553,897,693,684,652,640,640,341,397,158,125,161,221,287,340,397,442,484,316,307,263,260,209,188,167,313,aedes_cnn-study_f_r_47042b56f004.png,aedes_cnn-study_f_r_47042b56f004.tif,Aedes_rusticus
,/Users/kristophernolte/Documents/ITHILDIN_evaluation/reference/reference_finalselection/aedes_cnn-study_f_r_473050e660d7.png,Full Skeleton,1499,right,Aedes_rusticus,0.97,1188,88,30,0,23,124,248,401,625,967,752,736,706,677,693,388,443,128,122,170,235,300,366,421,466,522,323,310,265,261,206,170,161,323,aedes_cnn-study_f_r_473050e660d7.png,aedes_cnn-study_f_r_473050e660d7.tif,Aedes_rusticus
,/Users/kristophernolte/Documents/ITHILDIN_evaluation/reference/reference_finalselection/aedes_cnn-study_f_r_4841a5d043e3.png,Repaired,1159,right,Aedes_cinereus-geminus-pair,0.99,886,63,26,0,21,84,169,288,445,762,626,621,548,544,546,361,354,113,94,130,179,221,263,296,331,371,228,219,188,188,162,141,125,233,aedes_cnn-study_f_r_4841a5d043e3.png,aedes_cnn-study_f_r_4841a5d043e3.tif,Aedes_cinereus-geminus-pair
,/Users/kristophernolte/Documents/ITHILDIN_evaluation/reference/reference_finalselection/aedes_cnn-study_f_r_49246372aede.png,Full Skeleton,1276,right,Aedes_cinereus-geminus-pair,0.99,964,54,18,0,13,85,182,318,487,838,677,677,595,590,600,421,408,132,114,152,211,255,298,339,370,403,249,242,211,208,180,160,139,257,aedes_cnn-study_f_r_49246372aede.png,aedes_cnn-study_f_r_49246372aede.tif,Aedes_cinereus-geminus-pair
,/Users/kristophernolte/Documents/ITHILDIN_evaluation/reference/reference_finalselection/aedes_cnn-study_f_r_499c08757d78.png,Full Skeleton,1064,right,Aedes_sticticus,0.99,790,57,22,0,8,59,146,258,413,688,559,546,511,495,504,323,340,110,86,119,165,210,254,294,334,371,232,221,190,190,161,139,121,230,aedes_cnn-study_f_r_499c08757d78.png,aedes_cnn-study_f_r_499c08757d78.tif,Aedes_sticticus
,/Users/kristophernolte/Documents/ITHILDIN_evaluation/reference/reference_finalselection/aedes_cnn-study_f_r_4a58b343d192.png,Repaired,1012,right,Aedes_vexans,0.98,771,74,27,0,6,57,137,250,380,662,530,519,475,475,483,320,320,136,90,124,166,205,248,294,327,361,237,231,203,201,174,151,134,233,aedes_cnn-study_f_r_4a58b343d192.png,aedes_cnn-study_f_r_4a58b343d192.tif,Aedes_vexans
,/Users/kristophernolte/Documents/ITHILDIN_evaluation/reference/reference_finalselection/aedes_cnn-study_f_r_4ec81fae7cee.png,Full Skeleton,1168,right,Aedes_cinereus-geminus-pair,0.89,881,58,16,0,14,76,180,316,466,761,618,621,551,547,556,394,383,116,104,144,188,229,271,317,354,386,236,229,199,201,169,148,132,245,aedes_cnn-study_f_r_4ec81fae7cee.png,aedes_cnn-study_f_r_4ec81fae7cee.tif,Aedes_cinereus-geminus-pair
,/Users/kristophernolte/Documents/ITHILDIN_evaluation/reference/reference_finalselection/aedes_cnn-study_f_r_4f235370e415.png,Full Skeleton,1344,right,Aedes_cinereus-geminus-pair,1.0,1025,70,24,0,18,98,204,345,515,894,709,696,642,639,642,420,418,100,95,136,187,239,283,329,368,406,229,229,195,195,167,141,126,249,aedes_cnn-study_f_r_4f235370e415.png,aedes_cnn-study_f_r_4f235370e415.tif,Aedes_cinereus-geminus-pair
,/Users/kristophernolte/Documents/ITHILDIN_evaluation/reference/reference_finalselection/aedes_cnn-study_f_r_530e62ffe6e5.png,Full Skeleton,1771,right,Aedes_rusticus,0.99,1361,75,24,0,32,123,269,447,712,1148,883,867,823,819,823,455,523,166,134,197,269,340,419,494,561,617,387,364,304,304,249,201,186,372,aedes_cnn-study_f_r_530e62ffe6e5.png,aedes_cnn-study_f_r_530e62ffe6e5.tif,Aedes_rusticus
,/Users/kristophernolte/Documents/ITHILDIN_evaluation/reference/reference_finalselection/aedes_cnn-study_f_r_55033d181c51.png,Repaired,1476,right,Aedes_communis-punctor-pair,1.0,1135,84,22,0,16,84,211,386,590,960,752,743,691,684,694,412,447,136,116,168,220,275,330,382,434,489,314,288,246,243,201,171,149,301,aedes_cnn-study_f_r_55033d181c51.png,aedes_cnn-study_f_r_55033d181c51.tif,Aedes_communis-punctor-pair
,/Users/kristophernolte/Documents/ITHILDIN_evaluation/reference/reference_finalselection/aedes_cnn-study_f_r_55f43b24fa5c.png,Full Skeleton,1200,right,Aedes_vexans,1.0,906,65,24,0,2,62,166,291,465,780,607,600,568,566,580,378,388,122,98,142,195,243,286,325,363,404,248,243,207,204,173,146,134,245,aedes_cnn-study_f_r_55f43b24fa5c.png,aedes_cnn-study_f_r_55f43b24fa5c.tif,Aedes_vexans
,/Users/kristophernolte/Documents/ITHILDIN_evaluation/reference/reference_finalselection/aedes_cnn-study_f_r_560f651b358f.png,Full Skeleton,1587,right,Aedes_communis-punctor-pair,0.98,1216,86,30,0,16,96,216,412,618,1030,807,794,744,734,747,472,488,141,127,181,240,304,360,423,486,540,330,317,270,267,217,177,164,330,aedes_cnn-study_f_r_560f651b358f.png,aedes_cnn-study_f_r_560f651b358f.tif,Aedes_communis-punctor-pair
,/Users/kristophernolte/Documents/ITHILDIN_evaluation/reference/reference_finalselection/aedes_cnn-study_f_r_564077881eec.png,Full Skeleton,1675,right,Aedes_rusticus,0.98,1306,73,22,0,22,124,267,427,686,1095,832,814,763,745,752,464,511,153,134,193,266,328,404,477,536,594,364,357,291,295,237,193,178,361,aedes_cnn-study_f_r_564077881eec.png,aedes_cnn-study_f_r_564077881eec.tif,Aedes_rusticus
,/Users/kristophernolte/Documents/ITHILDIN_evaluation/reference/reference_finalselection/aedes_cnn-study_f_r_5754f55b420a.png,Full Skeleton,1026,right,Aedes_vexans,0.9,771,64,20,0,7,71,148,260,394,676,542,533,487,482,491,317,322,112,85,125,167,211,253,286,317,350,211,211,182,180,156,134,116,220,aedes_cnn-study_f_r_5754f55b420a.png,aedes_cnn-study_f_r_5754f55b420a.tif,Aedes_vexans
,/Users/kristophernolte/Documents/ITHILDIN_evaluation/reference/reference_finalselection/aedes_cnn-study_f_r_5884c4d360d9.png,Full Skeleton,1521,right,Aedes_communis-punctor-pair,0.99,1163,90,30,0,7,86,195,393,634,1001,766,757,700,694,707,440,456,130,130,176,229,295,348,401,457,506,315,292,249,245,209,176,166,312,aedes_cnn-study_f_r_5884c4d360d9.png,aedes_cnn-study_f_r_5884c4d360d9.tif,Aedes_communis-punctor-pair
,/Users/kristophernolte/Documents/ITHILDIN_evaluation/reference/reference_finalselection/aedes_cnn-study_f_r_58c536039abc.png,Full Skeleton,1007,right,Aedes_sticticus,0.95,761,45,20,0,9,62,137,244,391,648,520,511,473,460,481,287,325,103,88,116,157,199,238,280,315,349,216,206,176,176,146,127,114,212,aedes_cnn-study_f_r_58c536039abc.png,aedes_cnn-study_f_r_58c536039abc.tif,Aedes_sticticus
,/Users/kristophernolte/Documents/ITHILDIN_evaluation/reference/reference_finalselection/aedes_cnn-study_f_r_58d55e6d6a84.png,Full Skeleton,1150,right,Aedes_cinereus-geminus-pair,0.99,869,62,23,0,16,66,156,283,445,754,606,597,546,542,546,369,362,138,119,159,205,249,286,325,359,394,249,244,212,214,184,163,147,256,aedes_cnn-study_f_r_58d55e6d6a84.png,aedes_cnn-study_f_r_58d55e6d6a84.tif,Aedes_cinereus-geminus-pair
,/Users/kristophernolte/Documents/ITHILDIN_evaluation/reference/reference_finalselection/aedes_cnn-study_f_r_5918b541dc6e.png,Full Skeleton,1497,right,Aedes_rusticus,0.98,1157,85,29,0,23,108,239,390,613,967,760,754,718,705,705,393,446,136,119,158,221,290,349,408,457,506,316,303,257,254,204,175,155,316,aedes_cnn-study_f_r_5918b541dc6e.png,aedes_cnn-study_f_r_5918b541dc6e.tif,Aedes_rusticus
,/Users/kristophernolte/Documents/ITHILDIN_evaluation/reference/reference_finalselection/aedes_cnn-study_f_r_5a8b95402962.png,Repaired,1293,right,Aedes_communis-punctor-pair,0.97,983,66,17,0,14,77,188,335,523,855,659,650,598,595,606,340,371,113,107,152,204,257,298,343,381,426,260,251,215,213,177,149,135,268,aedes_cnn-study_f_r_5a8b95402962.png,aedes_cnn-study_f_r_5a8b95402962.tif,Aedes_communis-punctor-pair
,/Users/kristophernolte/Documents/ITHILDIN_evaluation/reference/reference_finalselection/aedes_cnn-study_f_r_5b79d4dbcb8f.png,Full Skeleton,1533,right,Aedes_rusticus,0.99,1186,68,17,0,11,105,233,385,618,993,757,743,710,696,703,385,443,138,114,165,233,297,354,422,469,520,327,314,263,260,206,172,158,320,aedes_cnn-study_f_r_5b79d4dbcb8f.png,aedes_cnn-study_f_r_5b79d4dbcb8f.tif,Aedes_rusticus
,/Users/kristophernolte/Documents/ITHILDIN_evaluation/reference/reference_finalselection/aedes_cnn-study_f_r_5dc8f85ef106.png,Full Skeleton,1221,right,Aedes_vexans,0.98,931,68,15,0,5,73,150,286,449,776,631,623,568,563,584,371,344,128,101,152,196,240,293,332,370,414,259,247,215,215,184,152,143,264,aedes_cnn-study_f_r_5dc8f85ef106.png,aedes_cnn-study_f_r_5dc8f85ef106.tif,Aedes_vexans
,/Users/kristophernolte/Documents/ITHILDIN_evaluation/reference/reference_finalselection/aedes_cnn-study_f_r_5e8431dd8798.png,Full Skeleton,1554,right,Aedes_rusticus,0.98,1211,79,24,0,38,138,262,424,659,1025,787,780,738,724,724,379,452,124,131,182,244,310,369,417,465,517,313,307,255,251,200,169,165,324,aedes_cnn-study_f_r_5e8431dd8798.png,aedes_cnn-study_f_r_5e8431dd8798.tif,Aedes_rusticus
,/Users/kristophernolte/Documents/ITHILDIN_evaluation/reference/reference_finalselection/aedes_cnn-study_f_r_5ef09826f2c7.png,Repaired,1415,right,Aedes_vexans,0.21,1098,59,25,0,11,88,190,339,535,914,727,713,653,651,665,475,441,134,117,162,216,258,315,363,405,451,275,270,230,227,193,168,145,281,aedes_cnn-study_f_r_5ef09826f2c7.png,aedes_cnn-study_f_r_5ef09826f2c7.tif,Aedes_vexans
,/Users/kristophernolte/Documents/ITHILDIN_evaluation/reference/reference_finalselection/aedes_cnn-study_f_r_5f71f9d259a4.png,Full Skeleton,1170,right,Aedes_cinereus-geminus-pair,1.0,900,69,19,0,4,74,163,297,463,765,604,616,537,530,547,369,352,122,96,144,187,232,268,307,345,386,237,230,196,196,170,146,129,240,aedes_cnn-study_f_r_5f71f9d259a4.png,aedes_cnn-study_f_r_5f71f9d259a4.tif,Aedes_cinereus-geminus-pair
,/Users/kristophernolte/Documents/ITHILDIN_evaluation/reference/reference_finalselection/aedes_cnn-study_f_r_628651f00eed.png,Full Skeleton,1309,right,Aedes_cinereus-geminus-pair,0.99,988,67,15,0,13,75,169,325,499,863,684,681,611,608,616,398,374,111,83,130,174,221,267,314,351,392,234,228,192,192,161,140,127,244,aedes_cnn-study_f_r_628651f00eed.png,aedes_cnn-study_f_r_628651f00eed.tif,Aedes_cinereus-geminus-pair
,/Users/kristophernolte/Documents/ITHILDIN_evaluation/reference/reference_finalselection/aedes_cnn-study_f_r_63ebe1b8ab51.png,Full Skeleton,1723,right,Aedes_rusticus,0.98,1329,71,26,0,26,127,273,453,711,1112,869,854,809,794,794,464,528,146,149,202,273,344,415,483,546,599,381,359,303,299,235,205,187,366,aedes_cnn-study_f_r_63ebe1b8ab51.png,aedes_cnn-study_f_r_63ebe1b8ab51.tif,Aedes_rusticus
,/Users/kristophernolte/Documents/ITHILDIN_evaluation/reference/reference_finalselection/aedes_cnn-study_f_r_66dfc6cb47ec.png,Full Skeleton,1073,right,Aedes_vexans,0.62,803,70,27,4,0,50,143,273,412,701,553,551,505,498,507,339,346,116,91,122,168,207,252,300,341,380,245,229,202,200,168,143,125,236,aedes_cnn-study_f_r_66dfc6cb47ec.png,aedes_cnn-study_f_r_66dfc6cb47ec.tif,Aedes_sticticus
,/Users/kristophernolte/Documents/ITHILDIN_evaluation/reference/reference_finalselection/aedes_cnn-study_f_r_66e75ca98b92.png,Full Skeleton,1492,right,Aedes_cinereus-geminus-pair,1.0,1125,78,25,0,11,89,195,363,581,972,776,762,709,706,715,491,419,113,110,166,224,275,325,372,411,450,263,261,216,219,182,154,141,283,aedes_cnn-study_f_r_66e75ca98b92.png,aedes_cnn-study_f_r_66e75ca98b92.tif,Aedes_cinereus-geminus-pair
,/Users/kristophernolte/Documents/ITHILDIN_evaluation/reference/reference_finalselection/aedes_cnn-study_f_r_66fe4056f3d2.png,Full Skeleton,1118,right,Aedes_sticticus,0.99,848,67,18,0,4,56,129,263,436,721,577,565,525,510,521,323,349,110,87,125,156,203,243,286,326,368,232,223,190,192,159,134,121,230,aedes_cnn-study_f_r_66fe4056f3d2.png,aedes_cnn-study_f_r_66fe4056f3d2.tif,Aedes_sticticus
,/Users/kristophernolte/Documents/ITHILDIN_evaluation/reference/reference_finalselection/aedes_cnn-study_f_r_69e6783e3002.png,Full Skeleton,1151,right,Aedes_sticticus,0.87,868,53,22,0,5,65,156,282,435,751,586,579,543,536,543,340,373,117,98,129,174,217,267,308,349,394,243,236,203,200,167,141,126,239,aedes_cnn-study_f_r_69e6783e3002.png,aedes_cnn-study_f_r_69e6783e3002.tif,Aedes_sticticus
,/Users/kristophernolte/Documents/ITHILDIN_evaluation/reference/reference_finalselection/aedes_cnn-study_f_r_6aaad61b4b07.png,Full Skeleton,1195,right,Aedes_vexans,1.0,915,64,24,0,12,71,157,283,441,784,614,606,564,550,564,394,382,125,96,135,182,226,273,318,357,397,239,234,204,199,175,155,138,241,aedes_cnn-study_f_r_6aaad61b4b07.png,aedes_cnn-study_f_r_6aaad61b4b07.tif,Aedes_vexans
,/Users/kristophernolte/Documents/ITHILDIN_evaluation/reference/reference_finalselection/aedes_cnn-study_f_r_6b8c26845107.png,Full Skeleton,1140,right,Aedes_vexans,0.9,861,52,18,0,9,70,158,277,435,753,588,579,546,539,546,359,356,109,98,136,176,215,258,296,325,361,217,215,185,188,156,134,122,226,aedes_cnn-study_f_r_6b8c26845107.png,aedes_cnn-study_f_r_6b8c26845107.tif,Aedes_vexans
,/Users/kristophernolte/Documents/ITHILDIN_evaluation/reference/reference_finalselection/aedes_cnn-study_f_r_6dbbb6ad01bf.png,Full Skeleton,1060,right,Aedes_cinereus-geminus-pair,0.99,799,43,19,0,13,66,148,262,415,677,559,557,509,505,509,318,305,105,105,137,180,223,255,288,316,344,215,202,178,176,154,137,120,223,aedes_cnn-study_f_r_6dbbb6ad01bf.png,aedes_cnn-study_f_r_6dbbb6ad01bf.tif,Aedes_cinereus-geminus-pair
,/Users/kristophernolte/Documents/ITHILDIN_evaluation/reference/reference_finalselection/aedes_cnn-study_f_r_6e671fe1a218.png,Full Skeleton,981,right,Aedes_cinereus-geminus-pair,1.0,731,54,20,0,4,60,129,238,389,653,522,520,457,455,457,296,284,97,67,97,136,176,212,248,273,301,192,178,156,156,136,121,105,192,aedes_cnn-study_f_r_6e671fe1a218.png,aedes_cnn-study_f_r_6e671fe1a218.tif,Aedes_cinereus-geminus-pair
,/Users/kristophernolte/Documents/ITHILDIN_evaluation/reference/reference_finalselection/aedes_cnn-study_f_r_6ea251e8cac9.png,Full Skeleton,1358,right,Aedes_communis-punctor-pair,0.75,1045,85,26,0,17,74,187,336,526,884,690,684,639,633,642,393,421,132,110,155,206,257,307,364,412,457,290,274,234,231,194,163,149,282,aedes_cnn-study_f_r_6ea251e8cac9.png,aedes_cnn-study_f_r_6ea251e8cac9.tif,Aedes_sticticus
,/Users/kristophernolte/Documents/ITHILDIN_evaluation/reference/reference_finalselection/aedes_cnn-study_f_r_700f5802e0fb.png,Full Skeleton,1128,right,Aedes_cinereus-geminus-pair,0.99,868,68,22,0,8,66,157,287,442,730,591,582,529,527,540,341,338,107,89,127,169,209,253,284,320,362,222,215,187,182,158,133,120,227,aedes_cnn-study_f_r_700f5802e0fb.png,aedes_cnn-study_f_r_700f5802e0fb.tif,Aedes_cinereus-geminus-pair
,/Users/kristophernolte/Documents/ITHILDIN_evaluation/reference/reference_finalselection/aedes_cnn-study_f_r_70410b78aac2.png,Full Skeleton,1074,right,Aedes_communis-punctor-pair,0.14,804,66,28,0,2,61,140,263,424,703,545,540,510,507,514,329,338,106,75,110,150,196,244,288,332,367,233,222,194,192,163,139,121,231,aedes_cnn-study_f_r_70410b78aac2.png,aedes_cnn-study_f_r_70410b78aac2.tif,Aedes_sticticus
,/Users/kristophernolte/Documents/ITHILDIN_evaluation/reference/reference_finalselection/aedes_cnn-study_f_r_722199dbdf1f.png,Full Skeleton,1152,right,Aedes_sticticus,0.96,876,57,29,0,0,53,148,278,440,749,591,584,529,526,531,330,359,111,101,128,173,221,264,312,348,381,235,223,195,195,166,139,125,240,aedes_cnn-study_f_r_722199dbdf1f.png,aedes_cnn-study_f_r_722199dbdf1f.tif,Aedes_sticticus
,/Users/kristophernolte/Documents/ITHILDIN_evaluation/reference/reference_finalselection/aedes_cnn-study_f_r_7303ff7c441e.png,Full Skeleton,1324,right,Aedes_sticticus,0.95,1002,72,28,0,8,75,169,328,513,860,672,669,624,619,633,405,419,124,119,158,205,258,313,360,407,452,271,269,230,230,194,166,149,285,aedes_cnn-study_f_r_7303ff7c441e.png,aedes_cnn-study_f_r_7303ff7c441e.tif,Aedes_sticticus
,/Users/kristophernolte/Documents/ITHILDIN_evaluation/reference/reference_finalselection/aedes_cnn-study_f_r_731aa85df5c2.png,Full Skeleton,1104,right,Aedes_sticticus,0.98,836,63,20,0,0,45,134,254,410,711,562,557,516,503,519,324,351,113,88,120,158,208,246,289,326,366,226,219,190,187,154,135,120,221,aedes_cnn-study_f_r_731aa85df5c2.png,aedes_cnn-study_f_r_731aa85df5c2.tif,Aedes_sticticus
,/Users/kristophernolte/Documents/ITHILDIN_evaluation/reference/reference_finalselection/aedes_cnn-study_f_r_735f82b545ce.png,Full Skeleton,1304,right,Aedes_cinereus-geminus-pair,1.0,983,66,27,0,8,82,197,331,501,870,700,692,600,590,611,414,404,128,110,151,206,254,301,343,379,419,251,243,212,209,178,157,138,262,aedes_cnn-study_f_r_735f82b545ce.png,aedes_cnn-study_f_r_735f82b545ce.tif,Aedes_cinereus-geminus-pair
,/Users/kristophernolte/Documents/ITHILDIN_evaluation/reference/reference_finalselection/aedes_cnn-study_f_r_76ee31b67119.png,Full Skeleton,1040,right,Aedes_cinereus-geminus-pair,0.99,772,53,13,0,6,70,136,255,398,683,560,545,492,487,492,340,321,109,88,124,164,207,247,275,305,337,205,196,169,169,147,133,118,207,aedes_cnn-study_f_r_76ee31b67119.png,aedes_cnn-study_f_r_76ee31b67119.tif,Aedes_cinereus-geminus-pair
,/Users/kristophernolte/Documents/ITHILDIN_evaluation/reference/reference_finalselection/aedes_cnn-study_f_r_7871ec9987d4.png,Full Skeleton,1793,right,Aedes_rusticus,0.96,1382,80,20,0,36,136,284,467,751,1186,895,887,847,831,839,471,535,163,147,211,279,351,419,483,543,591,379,355,295,291,239,199,183,363,aedes_cnn-study_f_r_7871ec9987d4.png,aedes_cnn-study_f_r_7871ec9987d4.tif,Aedes_rusticus
,/Users/kristophernolte/Documents/ITHILDIN_evaluation/reference/reference_finalselection/aedes_cnn-study_f_r_78870324ebe5.png,Repaired,1323,right,Culex_pipiens s.l.-torrentium-pair,0.5,1033,79,19,0,19,82,170,327,515,859,691,680,615,612,620,404,387,133,113,159,205,261,296,335,370,418,264,261,224,222,187,165,153,270,aedes_cnn-study_f_r_78870324ebe5.png,aedes_cnn-study_f_r_78870324ebe5.tif,Aedes_cinereus-geminus-pair
,/Users/kristophernolte/Documents/ITHILDIN_evaluation/reference/reference_finalselection/aedes_cnn-study_f_r_7bb7c1e61c3a.png,Full Skeleton,1564,right,Aedes_communis-punctor-pair,0.99,1205,81,27,0,17,101,226,415,634,1046,786,783,719,709,726,445,476,136,119,167,221,281,339,399,453,511,308,298,251,251,204,160,150,305,aedes_cnn-study_f_r_7bb7c1e61c3a.png,aedes_cnn-study_f_r_7bb7c1e61c3a.tif,Aedes_communis-punctor-pair
,/Users/kristophernolte/Documents/ITHILDIN_evaluation/reference/reference_finalselection/aedes_cnn-study_f_r_7bf3f7e3924e.png,Full Skeleton,1324,right,Aedes_cinereus-geminus-pair,0.99,1000,72,27,0,16,83,182,332,513,877,706,703,623,620,628,438,412,126,89,129,188,233,279,324,362,402,247,241,204,204,172,148,132,249,aedes_cnn-study_f_r_7bf3f7e3924e.png,aedes_cnn-study_f_r_7bf3f7e3924e.tif,Aedes_cinereus-geminus-pair
,/Users/kristophernolte/Documents/ITHILDIN_evaluation/reference/reference_finalselection/aedes_cnn-study_f_r_7d08afc27c22.png,Full Skeleton,1154,right,Aedes_vexans,0.99,875,72,22,0,2,67,153,275,418,753,598,593,543,533,552,356,349,119,86,129,176,222,267,310,344,384,231,229,198,198,164,145,129,236,aedes_cnn-study_f_r_7d08afc27c22.png,aedes_cnn-study_f_r_7d08afc27c22.tif,Aedes_vexans
,/Users/kristophernolte/Documents/ITHILDIN_evaluation/reference/reference_finalselection/aedes_cnn-study_f_r_7f2b51dbd423.png,Full Skeleton,1096,right,Aedes_sticticus,0.98,837,74,25,0,7,54,134,272,421,705,561,559,523,512,519,329,349,110,83,119,159,201,243,283,325,370,232,223,190,188,156,134,119,223,aedes_cnn-study_f_r_7f2b51dbd423.png,aedes_cnn-study_f_r_7f2b51dbd423.tif,Aedes_sticticus
,/Users/kristophernolte/Documents/ITHILDIN_evaluation/reference/reference_finalselection/aedes_cnn-study_f_r_7f600504f7a9.png,Full Skeleton,1239,right,Aedes_communis-punctor-pair,0.9,951,63,21,0,10,74,183,308,494,802,624,619,571,568,571,348,372,116,108,151,207,252,300,355,393,435,265,257,223,220,183,154,138,273,aedes_cnn-study_f_r_7f600504f7a9.png,aedes_cnn-study_f_r_7f600504f7a9.tif,Aedes_communis-punctor-pair
,/Users/kristophernolte/Documents/ITHILDIN_evaluation/reference/reference_finalselection/aedes_cnn-study_f_r_80ba4a428e8e.png,Full Skeleton,1710,right,Aedes_rusticus,0.99,1326,91,27,0,23,128,272,452,708,1126,855,833,791,772,776,445,524,158,143,199,274,342,417,485,549,606,380,365,301,304,240,203,180,369,aedes_cnn-study_f_r_80ba4a428e8e.png,aedes_cnn-study_f_r_80ba4a428e8e.tif,Aedes_rusticus
,/Users/kristophernolte/Documents/ITHILDIN_evaluation/reference/reference_finalselection/aedes_cnn-study_f_r_835d1282e3c8.png,Full Skeleton,1657,right,Aedes_communis-punctor-pair,0.99,1270,91,28,0,21,108,265,453,694,1109,855,844,767,757,774,513,513,136,136,188,254,317,373,432,481,540,324,317,265,265,223,181,163,338,aedes_cnn-study_f_r_835d1282e3c8.png,aedes_cnn-study_f_r_835d1282e3c8.tif,Aedes_communis-punctor-pair
,/Users/kristophernolte/Documents/ITHILDIN_evaluation/reference/reference_finalselection/aedes_cnn-study_f_r_8368baece30b.png,Full Skeleton,1600,right,Aedes_rusticus,0.98,1259,97,28,0,28,115,250,434,666,1054,805,787,739,728,732,458,475,145,114,173,235,301,360,433,488,544,339,325,270,266,218,183,162,332,aedes_cnn-study_f_r_8368baece30b.png,aedes_cnn-study_f_r_8368baece30b.tif,Aedes_rusticus
,/Users/kristophernolte/Documents/ITHILDIN_evaluation/reference/reference_finalselection/aedes_cnn-study_f_r_83a0c3dd10d9.png,Full Skeleton,1513,right,Aedes_rusticus,0.98,1195,82,29,0,19,115,237,398,622,987,757,740,701,691,694,431,457,174,158,200,263,329,398,457,506,546,362,348,302,302,246,213,197,352,aedes_cnn-study_f_r_83a0c3dd10d9.png,aedes_cnn-study_f_r_83a0c3dd10d9.tif,Aedes_rusticus
,/Users/kristophernolte/Documents/ITHILDIN_evaluation/reference/reference_finalselection/aedes_cnn-study_f_r_83d9904c2f36.png,Full Skeleton,1592,right,Aedes_rusticus,0.99,1243,71,24,0,17,109,231,397,632,1043,775,768,734,724,730,404,459,164,123,171,229,297,365,426,484,541,348,324,273,266,219,188,164,327,aedes_cnn-study_f_r_83d9904c2f36.png,aedes_cnn-study_f_r_83d9904c2f36.tif,Aedes_rusticus
,/Users/kristophernolte/Documents/ITHILDIN_evaluation/reference/reference_finalselection/aedes_cnn-study_f_r_867bba989938.png,Repaired,1197,right,Aedes_cinereus-geminus-pair,0.33,922,62,22,0,5,69,151,282,451,766,604,599,571,564,568,389,385,106,94,127,175,225,266,304,340,376,225,220,185,182,153,134,118,223,aedes_cnn-study_f_r_867bba989938.png,aedes_cnn-study_f_r_867bba989938.tif,Aedes_vexans
,/Users/kristophernolte/Documents/ITHILDIN_evaluation/reference/reference_finalselection/aedes_cnn-study_f_r_868943153ecf.png,Repaired,1134,right,Aedes_cinereus-geminus-pair,0.41,862,63,26,0,5,56,148,287,444,737,569,564,534,532,534,354,358,109,88,121,169,211,259,305,345,384,236,229,192,192,165,139,121,236,aedes_cnn-study_f_r_868943153ecf.png,aedes_cnn-study_f_r_868943153ecf.tif,Aedes_sticticus
,/Users/kristophernolte/Documents/ITHILDIN_evaluation/reference/reference_finalselection/aedes_cnn-study_f_r_87fe9f0e6477.png,Full Skeleton,1617,right,Aedes_rusticus,0.99,1267,70,25,0,21,108,244,404,651,1037,801,776,742,728,738,428,474,149,142,187,257,323,396,462,518,567,358,341,281,281,226,194,177,351,aedes_cnn-study_f_r_87fe9f0e6477.png,aedes_cnn-study_f_r_87fe9f0e6477.tif,Aedes_rusticus
,/Users/kristophernolte/Documents/ITHILDIN_evaluation/reference/reference_finalselection/aedes_cnn-study_f_r_887539932a70.png,Full Skeleton,1186,right,Aedes_sticticus,0.93,907,70,24,7,0,56,150,290,457,774,600,595,556,551,554,360,387,129,107,141,175,216,264,313,356,407,252,240,211,209,170,153,131,240,aedes_cnn-study_f_r_887539932a70.png,aedes_cnn-study_f_r_887539932a70.tif,Aedes_sticticus
,/Users/kristophernolte/Documents/ITHILDIN_evaluation/reference/reference_finalselection/aedes_cnn-study_f_r_8927253fbfb2.png,Full Skeleton,1322,right,Aedes_communis-punctor-pair,1.0,1003,48,23,0,17,87,188,339,547,860,673,664,611,605,608,359,381,127,119,158,211,261,315,368,413,458,295,281,236,233,189,163,144,290,aedes_cnn-study_f_r_8927253fbfb2.png,aedes_cnn-study_f_r_8927253fbfb2.tif,Aedes_communis-punctor-pair
,/Users/kristophernolte/Documents/ITHILDIN_evaluation/reference/reference_finalselection/aedes_cnn-study_f_r_89796c48850c.png,Full Skeleton,1231,right,Aedes_sticticus,0.99,940,67,30,0,5,75,172,312,486,800,633,628,589,584,591,374,412,153,143,173,223,270,317,355,392,437,285,278,243,243,210,185,165,278,aedes_cnn-study_f_r_89796c48850c.png,aedes_cnn-study_f_r_89796c48850c.tif,Aedes_sticticus
,/Users/kristophernolte/Documents/ITHILDIN_evaluation/reference/reference_finalselection/aedes_cnn-study_f_r_899acc5a84d6.png,Full Skeleton,1558,right,Aedes_communis-punctor-pair,1.0,1156,82,20,0,20,92,211,385,626,1031,790,780,738,731,741,444,461,146,123,182,245,304,360,416,479,541,337,321,271,271,222,186,166,324,aedes_cnn-study_f_r_899acc5a84d6.png,aedes_cnn-study_f_r_899acc5a84d6.tif,Aedes_communis-punctor-pair
,/Users/kristophernolte/Documents/ITHILDIN_evaluation/reference/reference_finalselection/aedes_cnn-study_f_r_8a1f23570755.png,Full Skeleton,1733,right,Aedes_rusticus,0.96,1345,97,31,0,31,143,283,465,721,1132,880,868,818,806,806,484,519,238,191,253,331,401,474,544,610,672,451,428,370,366,308,269,242,436,aedes_cnn-study_f_r_8a1f23570755.png,aedes_cnn-study_f_r_8a1f23570755.tif,Aedes_rusticus
,/Users/kristophernolte/Documents/ITHILDIN_evaluation/reference/reference_finalselection/aedes_cnn-study_f_r_8a50fb097ea0.png,Full Skeleton,1118,right,Aedes_sticticus,1.0,850,69,29,0,2,60,152,278,430,726,567,556,527,522,529,320,350,112,87,121,163,215,262,311,352,388,242,233,201,199,170,145,130,244,aedes_cnn-study_f_r_8a50fb097ea0.png,aedes_cnn-study_f_r_8a50fb097ea0.tif,Aedes_sticticus
,/Users/kristophernolte/Documents/ITHILDIN_evaluation/reference/reference_finalselection/aedes_cnn-study_f_r_8c0f985e1ef6.png,Full Skeleton,1296,right,Aedes_sticticus,0.14,987,78,18,0,18,86,196,342,501,851,674,669,622,606,616,412,415,124,105,163,212,265,309,356,395,432,262,254,218,220,184,152,139,265,aedes_cnn-study_f_r_8c0f985e1ef6.png,aedes_cnn-study_f_r_8c0f985e1ef6.tif,Aedes_vexans
,/Users/kristophernolte/Documents/ITHILDIN_evaluation/reference/reference_finalselection/aedes_cnn-study_f_r_8c96ba4522e2.png,Full Skeleton,1183,right,Aedes_vexans,0.99,888,58,19,0,14,74,154,274,431,768,626,614,568,553,568,361,366,122,96,137,187,226,274,310,346,387,238,228,197,197,166,146,129,240,aedes_cnn-study_f_r_8c96ba4522e2.png,aedes_cnn-study_f_r_8c96ba4522e2.tif,Aedes_vexans
,/Users/kristophernolte/Documents/ITHILDIN_evaluation/reference/reference_finalselection/aedes_cnn-study_f_r_8d57c50c953f.png,Full Skeleton,1151,right,Aedes_sticticus,0.95,865,68,28,0,7,58,149,288,442,742,600,595,549,539,544,354,370,120,88,127,176,220,264,311,350,392,248,232,204,199,165,148,127,241,aedes_cnn-study_f_r_8d57c50c953f.png,aedes_cnn-study_f_r_8d57c50c953f.tif,Aedes_sticticus
,/Users/kristophernolte/Documents/ITHILDIN_evaluation/reference/reference_finalselection/aedes_cnn-study_f_r_8e042bcb5140.png,Full Skeleton,1055,right,Aedes_cinereus-geminus-pair,1.0,789,53,16,0,9,63,146,256,412,679,562,555,501,497,501,341,317,102,96,131,172,209,250,285,317,350,217,206,178,180,154,131,122,222,aedes_cnn-study_f_r_8e042bcb5140.png,aedes_cnn-study_f_r_8e042bcb5140.tif,Aedes_cinereus-geminus-pair
,/Users/kristophernolte/Documents/ITHILDIN_evaluation/reference/reference_finalselection/aedes_cnn-study_f_r_8e4dcd92800e.png,Full Skeleton,1299,right,Aedes_communis-punctor-pair,0.61,1001,71,29,0,13,69,172,307,506,853,657,654,601,596,606,405,405,127,100,140,190,238,283,336,384,426,267,262,222,222,185,153,137,262,aedes_cnn-study_f_r_8e4dcd92800e.png,aedes_cnn-study_f_r_8e4dcd92800e.tif,Aedes_sticticus
,/Users/kristophernolte/Documents/ITHILDIN_evaluation/reference/reference_finalselection/aedes_cnn-study_f_r_8f5e3617849c.png,Full Skeleton,1237,right,Aedes_sticticus,0.96,940,77,28,0,8,69,165,301,479,801,631,623,587,580,587,389,407,130,104,142,197,243,297,349,385,428,271,258,225,220,184,161,142,266,aedes_cnn-study_f_r_8f5e3617849c.png,aedes_cnn-study_f_r_8f5e3617849c.tif,Aedes_sticticus
,/Users/kristophernolte/Documents/ITHILDIN_evaluation/reference/reference_finalselection/aedes_cnn-study_f_r_8ffccbe8112e.png,Full Skeleton,1507,right,Aedes_rusticus,0.95,1176,64,22,0,22,110,246,389,615,985,755,742,700,690,690,401,453,128,118,166,231,290,348,406,455,507,319,303,254,251,199,173,153,306,aedes_cnn-study_f_r_8ffccbe8112e.png,aedes_cnn-study_f_r_8ffccbe8112e.tif,Aedes_rusticus
,/Users/kristophernolte/Documents/ITHILDIN_evaluation/reference/reference_finalselection/aedes_cnn-study_f_r_90556c2b78bc.png,Full Skeleton,1748,right,Aedes_rusticus,0.99,1351,89,31,0,15,116,252,422,724,1127,867,856,813,797,801,461,511,249,207,265,338,408,489,563,625,671,466,443,381,381,323,284,257,451,aedes_cnn-study_f_r_90556c2b78bc.png,aedes_cnn-study_f_r_90556c2b78bc.tif,Aedes_rusticus
,/Users/kristophernolte/Documents/ITHILDIN_evaluation/reference/reference_finalselection/aedes_cnn-study_f_r_922d18b6ba59.png,Full Skeleton,1671,right,Aedes_rusticus,0.98,1309,82,30,0,22,130,272,440,705,1089,839,820,779,761,768,444,492,139,143,199,266,330,397,464,512,565,356,341,281,277,221,180,180,345,aedes_cnn-study_f_r_922d18b6ba59.png,aedes_cnn-study_f_r_922d18b6ba59.tif,Aedes_rusticus
,/Users/kristophernolte/Documents/ITHILDIN_evaluation/reference/reference_finalselection/aedes_cnn-study_f_r_923636742ee6.png,Full Skeleton,1584,right,Aedes_rusticus,0.97,1207,70,25,0,21,118,251,407,651,1051,793,779,752,734,741,411,477,149,142,187,253,320,386,448,500,535,333,323,274,271,215,184,173,340,aedes_cnn-study_f_r_923636742ee6.png,aedes_cnn-study_f_r_923636742ee6.tif,Aedes_rusticus
,/Users/kristophernolte/Documents/ITHILDIN_evaluation/reference/reference_finalselection/aedes_cnn-study_f_r_945e694207b7.png,Full Skeleton,1184,right,Aedes_cinereus-geminus-pair,0.96,906,69,18,0,15,74,178,297,465,775,634,631,555,552,555,364,349,139,100,147,184,228,270,313,347,387,256,243,214,211,181,162,142,248,aedes_cnn-study_f_r_945e694207b7.png,aedes_cnn-study_f_r_945e694207b7.tif,Aedes_cinereus-geminus-pair
,/Users/kristophernolte/Documents/ITHILDIN_evaluation/reference/reference_finalselection/aedes_cnn-study_f_r_94f1351753bb.png,Repaired,1143,right,Aedes_sticticus,0.99,867,64,26,0,5,52,148,273,439,742,585,580,533,519,533,353,371,112,100,133,180,223,262,309,345,394,237,230,197,197,164,138,124,234,aedes_cnn-study_f_r_94f1351753bb.png,aedes_cnn-study_f_r_94f1351753bb.tif,Aedes_sticticus
,/Users/kristophernolte/Documents/ITHILDIN_evaluation/reference/reference_finalselection/aedes_cnn-study_f_r_95f136153b07.png,Full Skeleton,1723,right,Aedes_rusticus,0.98,1329,76,12,0,23,122,255,437,703,1120,854,843,786,767,771,437,494,167,140,204,273,349,428,497,558,607,390,368,311,303,250,212,189,383,aedes_cnn-study_f_r_95f136153b07.png,aedes_cnn-study_f_r_95f136153b07.tif,Aedes_rusticus
,/Users/kristophernolte/Documents/ITHILDIN_evaluation/reference/reference_finalselection/aedes_cnn-study_f_r_9849e609e325.png,Full Skeleton,1140,right,Aedes_sticticus,0.99,867,76,29,0,12,68,166,301,460,752,588,578,543,541,551,345,377,105,90,124,176,222,264,310,347,377,230,222,193,190,164,137,124,230,aedes_cnn-study_f_r_9849e609e325.png,aedes_cnn-study_f_r_9849e609e325.tif,Aedes_sticticus
,/Users/kristophernolte/Documents/ITHILDIN_evaluation/reference/reference_finalselection/aedes_cnn-study_f_r_98f911caac5d.png,Full Skeleton,1360,right,Aedes_sticticus,0.92,1051,77,27,0,16,85,184,320,502,902,692,690,626,623,632,430,425,135,102,146,206,253,306,361,402,447,273,270,234,231,190,165,143,276,aedes_cnn-study_f_r_98f911caac5d.png,aedes_cnn-study_f_r_98f911caac5d.tif,Aedes_vexans
,/Users/kristophernolte/Documents/ITHILDIN_evaluation/reference/reference_finalselection/aedes_cnn-study_f_r_9a52fb2a3f49.png,Full Skeleton,1719,right,Aedes_rusticus,0.97,1329,93,26,0,34,142,276,444,717,1131,873,851,814,799,806,448,511,132,139,199,266,345,404,472,531,572,352,345,281,281,233,192,177,360,aedes_cnn-study_f_r_9a52fb2a3f49.png,aedes_cnn-study_f_r_9a52fb2a3f49.tif,Aedes_rusticus
,/Users/kristophernolte/Documents/ITHILDIN_evaluation/reference/reference_finalselection/aedes_cnn-study_f_r_9abfe9ac8ce3.png,Full Skeleton,1141,right,Aedes_sticticus,0.89,864,71,25,0,7,62,146,277,444,741,588,579,544,537,540,343,368,112,91,123,171,214,256,301,343,381,235,226,196,194,164,144,123,235,aedes_cnn-study_f_r_9abfe9ac8ce3.png,aedes_cnn-study_f_r_9abfe9ac8ce3.tif,Aedes_sticticus
,/Users/kristophernolte/Documents/ITHILDIN_evaluation/reference/reference_finalselection/aedes_cnn-study_f_r_9b515331d11f.png,Full Skeleton,1711,right,Aedes_rusticus,0.98,1338,107,30,0,30,126,271,443,707,1116,868,845,795,787,791,459,512,154,128,189,265,330,403,472,529,590,368,349,292,288,235,193,173,357,aedes_cnn-study_f_r_9b515331d11f.png,aedes_cnn-study_f_r_9b515331d11f.tif,Aedes_rusticus
,/Users/kristophernolte/Documents/ITHILDIN_evaluation/reference/reference_finalselection/aedes_cnn-study_f_r_9b52a5a0aee4.png,Full Skeleton,1639,right,Aedes_communis-punctor-pair,0.91,1228,90,28,0,17,97,240,438,682,1099,848,838,758,751,765,497,511,146,125,177,246,306,372,434,487,546,347,320,274,274,226,187,166,333,aedes_cnn-study_f_r_9b52a5a0aee4.png,aedes_cnn-study_f_r_9b52a5a0aee4.tif,Aedes_communis-punctor-pair
,/Users/kristophernolte/Documents/ITHILDIN_evaluation/reference/reference_finalselection/aedes_cnn-study_f_r_9c25d4457343.png,Full Skeleton,1795,right,Aedes_rusticus,0.98,1396,88,28,0,28,132,284,476,748,1172,892,880,836,828,828,484,528,156,152,208,288,364,432,504,564,620,384,368,308,304,252,208,192,380,aedes_cnn-study_f_r_9c25d4457343.png,aedes_cnn-study_f_r_9c25d4457343.tif,Aedes_rusticus
,/Users/kristophernolte/Documents/ITHILDIN_evaluation/reference/reference_finalselection/aedes_cnn-study_f_r_9d346d365dd0.png,Full Skeleton,1382,right,Aedes_rusticus,0.98,1082,83,34,0,22,110,220,351,573,902,695,686,652,640,640,360,399,143,118,161,225,289,341,399,441,487,319,301,258,255,207,176,161,307,aedes_cnn-study_f_r_9d346d365dd0.png,aedes_cnn-study_f_r_9d346d365dd0.tif,Aedes_rusticus
,/Users/kristophernolte/Documents/ITHILDIN_evaluation/reference/reference_finalselection/aedes_cnn-study_f_r_9ee678ded58b.png,Full Skeleton,1526,right,Aedes_communis-punctor-pair,0.99,1176,87,20,0,27,113,226,399,628,1000,784,774,698,691,695,426,479,127,124,187,250,317,366,420,469,533,330,310,260,257,204,167,157,317,aedes_cnn-study_f_r_9ee678ded58b.png,aedes_cnn-study_f_r_9ee678ded58b.tif,Aedes_communis-punctor-pair
,/Users/kristophernolte/Documents/ITHILDIN_evaluation/reference/reference_finalselection/aedes_cnn-study_f_r_9f12b80860bc.png,Full Skeleton,1185,right,Aedes_vexans,0.99,892,62,16,0,9,71,162,278,449,775,609,604,564,556,564,371,366,121,99,145,195,235,283,323,352,392,237,235,199,199,166,149,130,244,aedes_cnn-study_f_r_9f12b80860bc.png,aedes_cnn-study_f_r_9f12b80860bc.tif,Aedes_vexans
,/Users/kristophernolte/Documents/ITHILDIN_evaluation/reference/reference_finalselection/aedes_cnn-study_f_r_9fbb88996620.png,Full Skeleton,1584,right,Aedes_rusticus,0.99,1230,59,14,0,21,108,239,391,636,1026,778,771,729,722,722,391,450,139,136,181,240,309,374,433,481,530,333,319,267,267,212,174,167,329,aedes_cnn-study_f_r_9fbb88996620.png,aedes_cnn-study_f_r_9fbb88996620.tif,Aedes_rusticus
,/Users/kristophernolte/Documents/ITHILDIN_evaluation/reference/reference_finalselection/aedes_cnn-study_f_r_a1381aa63264.png,Repaired,1040,right,Aedes_vexans,0.79,775,40,20,0,4,51,135,243,393,678,530,519,492,479,484,302,342,113,89,120,166,206,241,286,321,365,237,228,193,191,164,142,124,226,aedes_cnn-study_f_r_a1381aa63264.png,aedes_cnn-study_f_r_a1381aa63264.tif,Aedes_sticticus
,/Users/kristophernolte/Documents/ITHILDIN_evaluation/reference/reference_finalselection/aedes_cnn-study_f_r_a18ec19c43c9.png,Full Skeleton,1059,right,Aedes_sticticus,0.99,796,58,23,0,12,60,135,245,417,695,542,538,497,495,497,316,329,99,81,114,152,196,234,273,310,368,215,204,178,176,148,131,112,217,aedes_cnn-study_f_r_a18ec19c43c9.png,aedes_cnn-study_f_r_a18ec19c43c9.tif,Aedes_sticticus
,/Users/kristophernolte/Documents/ITHILDIN_evaluation/reference/reference_finalselection/aedes_cnn-study_f_r_a4bd94d30121.png,Full Skeleton,1189,right,Aedes_vexans,0.89,916,79,32,0,5,66,157,274,438,782,604,604,555,555,570,384,359,145,120,155,203,245,286,335,372,418,272,265,233,233,201,172,157,274,aedes_cnn-study_f_r_a4bd94d30121.png,aedes_cnn-study_f_r_a4bd94d30121.tif,Aedes_vexans
,/Users/kristophernolte/Documents/ITHILDIN_evaluation/reference/reference_finalselection/aedes_cnn-study_f_r_a5e2d3d148ce.png,Repaired,1512,right,Aedes_communis-punctor-pair,0.99,1169,62,20,0,20,79,200,383,593,986,745,738,690,683,690,431,438,136,129,174,239,298,343,405,460,512,319,301,256,253,205,177,156,322,aedes_cnn-study_f_r_a5e2d3d148ce.png,aedes_cnn-study_f_r_a5e2d3d148ce.tif,Aedes_communis-punctor-pair
,/Users/kristophernolte/Documents/ITHILDIN_evaluation/reference/reference_finalselection/aedes_cnn-study_f_r_a82b7279bc89.png,Full Skeleton,1524,right,Aedes_rusticus,0.99,1189,86,30,0,26,112,238,381,616,994,769,755,712,702,702,384,437,135,119,165,228,291,361,420,470,516,321,311,261,258,208,175,162,324,aedes_cnn-study_f_r_a82b7279bc89.png,aedes_cnn-study_f_r_a82b7279bc89.tif,Aedes_rusticus
,/Users/kristophernolte/Documents/ITHILDIN_evaluation/reference/reference_finalselection/aedes_cnn-study_f_r_a987dfee206b.png,Full Skeleton,1213,right,Aedes_sticticus,0.99,922,68,23,0,5,74,165,294,476,796,623,618,575,570,575,362,393,115,110,145,191,234,279,320,358,393,247,234,203,201,165,148,133,244,aedes_cnn-study_f_r_a987dfee206b.png,aedes_cnn-study_f_r_a987dfee206b.tif,Aedes_sticticus
,/Users/kristophernolte/Documents/ITHILDIN_evaluation/reference/reference_finalselection/aedes_cnn-study_f_r_a98d9d982340.png,Full Skeleton,1561,right,Aedes_rusticus,0.99,1197,60,13,0,20,117,244,408,639,1023,782,766,729,712,715,421,468,135,122,178,239,306,373,436,483,526,326,316,265,262,215,175,162,326,aedes_cnn-study_f_r_a98d9d982340.png,aedes_cnn-study_f_r_a98d9d982340.tif,Aedes_rusticus
,/Users/kristophernolte/Documents/ITHILDIN_evaluation/reference/reference_finalselection/aedes_cnn-study_f_r_ab412ef3e303.png,Full Skeleton,1131,right,Aedes_sticticus,0.99,860,69,23,0,7,62,153,276,436,748,579,575,531,518,520,333,360,109,107,145,191,237,275,312,353,387,241,230,200,196,164,141,129,243,aedes_cnn-study_f_r_ab412ef3e303.png,aedes_cnn-study_f_r_ab412ef3e303.tif,Aedes_sticticus
,/Users/kristophernolte/Documents/ITHILDIN_evaluation/reference/reference_finalselection/aedes_cnn-study_f_r_abe3aaaef26d.png,Full Skeleton,1467,right,Aedes_communis-punctor-pair,0.96,1101,86,26,0,3,80,206,379,602,984,741,725,682,675,682,426,426,129,109,159,212,279,329,382,435,495,305,282,246,242,202,166,152,296,aedes_cnn-study_f_r_abe3aaaef26d.png,aedes_cnn-study_f_r_abe3aaaef26d.tif,Aedes_communis-punctor-pair
,/Users/kristophernolte/Documents/ITHILDIN_evaluation/reference/reference_finalselection/aedes_cnn-study_f_r_ac1460ef259d.png,Full Skeleton,1070,right,Aedes_sticticus,0.86,804,64,29,0,3,51,134,246,409,686,543,541,505,503,508,314,345,112,85,114,158,202,243,294,336,373,234,224,193,193,162,140,120,230,aedes_cnn-study_f_r_ac1460ef259d.png,aedes_cnn-study_f_r_ac1460ef259d.tif,Aedes_sticticus
,/Users/kristophernolte/Documents/ITHILDIN_evaluation/reference/reference_finalselection/aedes_cnn-study_f_r_ac9092263041.png,Full Skeleton,1279,right,Aedes_cinereus-geminus-pair,0.99,973,72,23,0,7,82,180,327,492,842,682,677,597,595,597,417,391,130,91,130,179,227,274,323,354,397,245,233,207,199,176,155,132,251,aedes_cnn-study_f_r_ac9092263041.png,aedes_cnn-study_f_r_ac9092263041.tif,Aedes_cinereus-geminus-pair
,/Users/kristophernolte/Documents/ITHILDIN_evaluation/reference/reference_finalselection/aedes_cnn-study_f_r_aec7d6a2c276.png,Full Skeleton,1153,right,Aedes_cinereus-geminus-pair,0.99,861,54,19,0,2,71,151,282,434,754,614,611,538,533,538,355,343,110,112,150,195,240,276,314,340,368,228,219,190,193,167,145,134,240,aedes_cnn-study_f_r_aec7d6a2c276.png,aedes_cnn-study_f_r_aec7d6a2c276.tif,Aedes_cinereus-geminus-pair
,/Users/kristophernolte/Documents/ITHILDIN_evaluation/reference/reference_finalselection/aedes_cnn-study_f_r_af505cddfa14.png,Repaired,1540,right,Aedes_communis-punctor-pair,0.91,1198,86,27,0,7,99,218,399,630,1000,775,766,709,700,703,456,459,145,118,168,220,280,349,405,458,517,329,306,263,260,207,174,148,316,aedes_cnn-study_f_r_af505cddfa14.png,aedes_cnn-study_f_r_af505cddfa14.tif,Aedes_communis-punctor-pair
,/Users/kristophernolte/Documents/ITHILDIN_evaluation/reference/reference_finalselection/aedes_cnn-study_f_r_b07c44182a66.png,Full Skeleton,1175,right,Aedes_vexans,0.97,916,64,19,0,14,71,165,279,444,760,597,597,552,548,559,361,366,114,105,145,185,227,270,312,348,381,239,232,204,201,168,145,133,239,aedes_cnn-study_f_r_b07c44182a66.png,aedes_cnn-study_f_r_b07c44182a66.tif,Aedes_vexans
,/Users/kristophernolte/Documents/ITHILDIN_evaluation/reference/reference_finalselection/aedes_cnn-study_f_r_b12308d2b9a4.png,Full Skeleton,1677,right,Aedes_communis-punctor-pair,0.99,1272,86,24,0,10,79,207,414,666,1103,838,831,772,766,783,486,507,148,127,179,234,299,365,427,482,541,331,320,268,265,217,179,162,331,aedes_cnn-study_f_r_b12308d2b9a4.png,aedes_cnn-study_f_r_b12308d2b9a4.tif,Aedes_communis-punctor-pair
,/Users/kristophernolte/Documents/ITHILDIN_evaluation/reference/reference_finalselection/aedes_cnn-study_f_r_b21d38afa466.png,Full Skeleton,1349,right,Aedes_cinereus-geminus-pair,0.99,1008,78,30,0,6,72,168,339,504,886,718,707,643,640,651,424,414,116,92,129,180,230,276,316,361,401,244,233,201,201,172,145,126,249,aedes_cnn-study_f_r_b21d38afa466.png,aedes_cnn-study_f_r_b21d38afa466.tif,Aedes_cinereus-geminus-pair
,/Users/kristophernolte/Documents/ITHILDIN_evaluation/reference/reference_finalselection/aedes_cnn-study_f_r_b248c449c11e.png,Full Skeleton,1269,right,Aedes_vexans,0.97,958,66,21,0,18,82,171,298,468,826,659,659,605,598,615,397,422,130,110,158,207,255,303,346,385,420,257,250,217,217,184,158,143,260,aedes_cnn-study_f_r_b248c449c11e.png,aedes_cnn-study_f_r_b248c449c11e.tif,Aedes_vexans
,/Users/kristophernolte/Documents/ITHILDIN_evaluation/reference/reference_finalselection/aedes_cnn-study_f_r_b27819d77e35.png,Full Skeleton,1534,right,Aedes_communis-punctor-pair,1.0,1155,73,26,0,19,102,229,403,641,1028,780,771,707,701,707,444,476,125,115,163,223,283,350,407,461,521,318,296,252,252,207,169,153,312,aedes_cnn-study_f_r_b27819d77e35.png,aedes_cnn-study_f_r_b27819d77e35.tif,Aedes_communis-punctor-pair
,/Users/kristophernolte/Documents/ITHILDIN_evaluation/reference/reference_finalselection/aedes_cnn-study_f_r_b4c70f6aa2b2.png,Full Skeleton,1236,right,Aedes_vexans,0.97,953,69,21,0,10,82,166,303,471,804,638,626,575,570,587,384,382,128,100,148,194,242,293,334,374,410,255,252,214,217,186,156,143,255,aedes_cnn-study_f_r_b4c70f6aa2b2.png,aedes_cnn-study_f_r_b4c70f6aa2b2.tif,Aedes_vexans
,/Users/kristophernolte/Documents/ITHILDIN_evaluation/reference/reference_finalselection/aedes_cnn-study_f_r_b77da3860c34.png,Full Skeleton,1195,right,Aedes_cinereus-geminus-pair,1.0,909,63,26,0,12,77,170,308,466,780,636,634,564,561,564,369,362,110,93,130,183,224,271,305,339,373,222,215,185,185,164,144,125,232,aedes_cnn-study_f_r_b77da3860c34.png,aedes_cnn-study_f_r_b77da3860c34.tif,Aedes_cinereus-geminus-pair
,/Users/kristophernolte/Documents/ITHILDIN_evaluation/reference/reference_finalselection/aedes_cnn-study_f_r_b7eab6bb9267.png,Full Skeleton,1435,right,Aedes_cinereus-geminus-pair,1.0,1097,70,20,0,11,78,178,365,535,939,755,727,671,655,671,454,432,153,147,197,250,295,342,384,426,473,298,289,256,256,217,194,175,309,aedes_cnn-study_f_r_b7eab6bb9267.png,aedes_cnn-study_f_r_b7eab6bb9267.tif,Aedes_cinereus-geminus-pair
,/Users/kristophernolte/Documents/ITHILDIN_evaluation/reference/reference_finalselection/aedes_cnn-study_f_r_b88a9f3ca6b5.png,Full Skeleton,1184,right,Aedes_sticticus,0.97,886,64,22,0,17,79,170,301,471,782,617,607,563,558,565,355,387,114,104,141,191,233,280,327,366,408,253,240,201,201,166,146,132,245,aedes_cnn-study_f_r_b88a9f3ca6b5.png,aedes_cnn-study_f_r_b88a9f3ca6b5.tif,Aedes_sticticus
,/Users/kristophernolte/Documents/ITHILDIN_evaluation/reference/reference_finalselection/aedes_cnn-study_f_r_b912cb45c4d0.png,Full Skeleton,1473,right,Aedes_communis-punctor-pair,0.97,1133,75,17,0,26,101,216,389,617,963,741,731,676,669,679,431,467,141,138,187,249,305,363,419,481,530,337,324,269,269,223,184,164,324,aedes_cnn-study_f_r_b912cb45c4d0.png,aedes_cnn-study_f_r_b912cb45c4d0.tif,Aedes_communis-punctor-pair
,/Users/kristophernolte/Documents/ITHILDIN_evaluation/reference/reference_finalselection/aedes_cnn-study_f_r_b982dd388153.png,Full Skeleton,1133,right,Aedes_sticticus,0.94,860,71,26,0,10,78,172,297,448,733,592,587,549,542,542,344,380,116,100,137,189,236,279,319,354,392,241,234,201,199,161,144,123,241,aedes_cnn-study_f_r_b982dd388153.png,aedes_cnn-study_f_r_b982dd388153.tif,Aedes_sticticus
,/Users/kristophernolte/Documents/ITHILDIN_evaluation/reference/reference_finalselection/aedes_cnn-study_f_r_b98b0c542b4c.png,Repaired,1153,right,Aedes_sticticus,0.98,875,69,26,0,12,72,168,297,460,745,590,585,556,551,556,352,376,119,100,141,191,242,285,330,369,397,246,242,203,203,172,146,136,251,aedes_cnn-study_f_r_b98b0c542b4c.png,aedes_cnn-study_f_r_b98b0c542b4c.tif,Aedes_sticticus
,/Users/kristophernolte/Documents/ITHILDIN_evaluation/reference/reference_finalselection/aedes_cnn-study_f_r_ba8a89016fe9.png,Full Skeleton,1153,right,Aedes_sticticus,1.0,866,60,29,0,8,53,139,263,427,754,585,578,542,535,535,339,380,119,102,131,178,221,267,312,355,398,245,238,200,200,162,145,124,240,aedes_cnn-study_f_r_ba8a89016fe9.png,aedes_cnn-study_f_r_ba8a89016fe9.tif,Aedes_sticticus
,/Users/kristophernolte/Documents/ITHILDIN_evaluation/reference/reference_finalselection/aedes_cnn-study_f_r_bb72cdd4912e.png,Full Skeleton,1859,right,Aedes_rusticus,0.96,1461,104,28,0,28,148,309,526,783,1212,943,923,871,859,871,486,578,156,148,212,293,369,441,506,558,610,393,369,305,301,249,208,192,377,aedes_cnn-study_f_r_bb72cdd4912e.png,aedes_cnn-study_f_r_bb72cdd4912e.tif,Aedes_rusticus
,/Users/kristophernolte/Documents/ITHILDIN_evaluation/reference/reference_finalselection/aedes_cnn-study_f_r_bb8e132f75dc.png,Full Skeleton,1732,right,Aedes_rusticus,0.99,1364,86,23,0,27,128,270,469,705,1132,862,851,802,794,794,472,506,151,132,189,260,324,398,466,522,567,350,335,290,286,226,189,174,353,aedes_cnn-study_f_r_bb8e132f75dc.png,aedes_cnn-study_f_r_bb8e132f75dc.tif,Aedes_rusticus
,/Users/kristophernolte/Documents/ITHILDIN_evaluation/reference/reference_finalselection/aedes_cnn-study_f_r_bceff7119016.png,Full Skeleton,1125,right,Aedes_sticticus,0.98,844,66,25,0,13,66,150,277,441,732,587,573,539,532,539,350,373,114,103,139,183,228,274,315,353,390,233,228,196,194,167,144,130,239,aedes_cnn-study_f_r_bceff7119016.png,aedes_cnn-study_f_r_bceff7119016.tif,Aedes_sticticus
,/Users/kristophernolte/Documents/ITHILDIN_evaluation/reference/reference_finalselection/aedes_cnn-study_f_r_bee97fa41458.png,Repaired,1141,right,Aedes_vexans,0.97,865,63,29,0,0,61,138,260,439,742,583,576,540,530,532,330,374,111,102,131,172,213,263,306,340,381,237,232,200,200,169,150,133,237,aedes_cnn-study_f_r_bee97fa41458.png,aedes_cnn-study_f_r_bee97fa41458.tif,Aedes_sticticus
,/Users/kristophernolte/Documents/ITHILDIN_evaluation/reference/reference_finalselection/aedes_cnn-study_f_r_bf4d392fd443.png,Full Skeleton,964,right,Aedes_sticticus,1.0,726,66,25,0,2,53,127,233,381,622,500,493,457,449,457,290,324,104,80,111,153,196,233,272,304,341,219,208,178,178,147,129,115,210,aedes_cnn-study_f_r_bf4d392fd443.png,aedes_cnn-study_f_r_bf4d392fd443.tif,Aedes_sticticus
,/Users/kristophernolte/Documents/ITHILDIN_evaluation/reference/reference_finalselection/aedes_cnn-study_f_r_c39e38f85167.png,Full Skeleton,1624,right,Aedes_communis-punctor-pair,0.99,1257,75,24,0,17,102,213,402,642,1068,804,801,747,743,764,463,490,141,124,179,239,300,358,412,469,526,337,314,270,266,222,185,162,320,aedes_cnn-study_f_r_c39e38f85167.png,aedes_cnn-study_f_r_c39e38f85167.tif,Aedes_communis-punctor-pair
,/Users/kristophernolte/Documents/ITHILDIN_evaluation/reference/reference_finalselection/aedes_cnn-study_f_r_c3f33dcec84e.png,Full Skeleton,1896,right,Aedes_rusticus,0.98,1462,95,24,0,24,135,294,477,775,1240,938,918,886,870,878,524,580,160,149,216,296,375,459,534,594,649,407,391,323,319,256,208,192,395,aedes_cnn-study_f_r_c3f33dcec84e.png,aedes_cnn-study_f_r_c3f33dcec84e.tif,Aedes_rusticus
,/Users/kristophernolte/Documents/ITHILDIN_evaluation/reference/reference_finalselection/aedes_cnn-study_f_r_c5ad9d83a4aa.png,Full Skeleton,1377,right,Aedes_cinereus-geminus-pair,1.0,1031,68,24,0,19,90,183,333,529,897,739,734,655,646,666,425,406,115,115,159,214,260,306,345,377,424,249,241,205,208,178,154,137,266,aedes_cnn-study_f_r_c5ad9d83a4aa.png,aedes_cnn-study_f_r_c5ad9d83a4aa.tif,Aedes_cinereus-geminus-pair
,/Users/kristophernolte/Documents/ITHILDIN_evaluation/reference/reference_finalselection/aedes_cnn-study_f_r_c6099ec80804.png,Repaired,1596,right,Aedes_rusticus,0.94,1258,73,21,0,28,111,239,401,643,1034,788,764,726,716,719,419,453,141,120,169,235,304,369,435,497,549,349,328,276,273,217,179,165,335,aedes_cnn-study_f_r_c6099ec80804.png,aedes_cnn-study_f_r_c6099ec80804.tif,Aedes_rusticus
,/Users/kristophernolte/Documents/ITHILDIN_evaluation/reference/reference_finalselection/aedes_cnn-study_f_r_c634c34e01fa.png,Full Skeleton,1517,right,Aedes_communis-punctor-pair,0.98,1156,53,14,0,14,83,195,379,599,1004,741,728,678,668,685,412,432,144,138,190,246,309,361,424,477,539,332,315,269,266,220,184,164,329,aedes_cnn-study_f_r_c634c34e01fa.png,aedes_cnn-study_f_r_c634c34e01fa.tif,Aedes_communis-punctor-pair
,/Users/kristophernolte/Documents/ITHILDIN_evaluation/reference/reference_finalselection/aedes_cnn-study_f_r_c897dd183dff.png,Repaired,1191,right,Aedes_detritus-coluzzi-pair,0.15,892,69,29,0,5,59,146,289,459,766,615,607,568,561,568,343,393,164,129,164,208,260,305,352,394,440,285,275,240,238,206,186,164,280,aedes_cnn-study_f_r_c897dd183dff.png,aedes_cnn-study_f_r_c897dd183dff.tif,Aedes_sticticus
,/Users/kristophernolte/Documents/ITHILDIN_evaluation/reference/reference_finalselection/aedes_cnn-study_f_r_c94610c0a4f2.png,Full Skeleton,1835,right,Aedes_rusticus,0.98,1424,96,32,0,32,144,288,496,772,1200,920,904,860,840,848,484,544,162,142,202,290,362,442,510,582,630,386,374,306,306,254,206,190,390,aedes_cnn-study_f_r_c94610c0a4f2.png,aedes_cnn-study_f_r_c94610c0a4f2.tif,Aedes_rusticus
,/Users/kristophernolte/Documents/ITHILDIN_evaluation/reference/reference_finalselection/aedes_cnn-study_f_r_c97c8d803fea.png,Full Skeleton,1020,right,Aedes_sticticus,0.99,786,57,30,0,16,61,135,253,393,652,527,518,487,475,485,308,339,114,83,112,159,192,231,278,318,357,229,217,190,188,155,130,112,219,aedes_cnn-study_f_r_c97c8d803fea.png,aedes_cnn-study_f_r_c97c8d803fea.tif,Aedes_sticticus
,/Users/kristophernolte/Documents/ITHILDIN_evaluation/reference/reference_finalselection/aedes_cnn-study_f_r_cbab104e5907.png,Full Skeleton,1326,right,Aedes_communis-punctor-pair,1.0,1026,69,16,0,14,83,188,344,540,865,665,654,618,604,607,391,399,124,124,174,224,274,327,377,413,446,291,269,230,227,188,155,144,288,aedes_cnn-study_f_r_cbab104e5907.png,aedes_cnn-study_f_r_cbab104e5907.tif,Aedes_communis-punctor-pair
,/Users/kristophernolte/Documents/ITHILDIN_evaluation/reference/reference_finalselection/aedes_cnn-study_f_r_ccb760bab012.png,Full Skeleton,1092,right,Aedes_cinereus-geminus-pair,1.0,822,51,20,0,9,80,158,289,446,715,580,575,520,515,517,342,329,105,92,127,169,209,254,287,320,349,207,201,176,172,152,134,116,218,aedes_cnn-study_f_r_ccb760bab012.png,aedes_cnn-study_f_r_ccb760bab012.tif,Aedes_cinereus-geminus-pair
,/Users/kristophernolte/Documents/ITHILDIN_evaluation/reference/reference_finalselection/aedes_cnn-study_f_r_d095773420f4.png,Full Skeleton,1329,right,Aedes_communis-punctor-pair,0.97,999,56,20,0,3,73,172,319,530,871,666,658,616,608,616,361,386,119,122,160,210,260,313,360,404,446,271,266,227,224,183,152,144,282,aedes_cnn-study_f_r_d095773420f4.png,aedes_cnn-study_f_r_d095773420f4.tif,Aedes_communis-punctor-pair
,/Users/kristophernolte/Documents/ITHILDIN_evaluation/reference/reference_finalselection/aedes_cnn-study_f_r_d1209836d4b4.png,Full Skeleton,1462,right,Aedes_communis-punctor-pair,0.97,1131,95,28,0,19,89,216,385,580,972,749,742,679,666,672,408,443,129,106,154,215,266,320,377,428,482,307,285,240,234,192,160,141,288,aedes_cnn-study_f_r_d1209836d4b4.png,aedes_cnn-study_f_r_d1209836d4b4.tif,Aedes_communis-punctor-pair
,/Users/kristophernolte/Documents/ITHILDIN_evaluation/reference/reference_finalselection/aedes_cnn-study_f_r_d4f6256976f6.png,Full Skeleton,1727,right,Aedes_rusticus,0.98,1322,89,23,0,27,132,268,447,727,1139,867,847,809,789,793,466,517,155,143,210,276,346,423,493,560,610,381,365,307,303,248,206,190,377,aedes_cnn-study_f_r_d4f6256976f6.png,aedes_cnn-study_f_r_d4f6256976f6.tif,Aedes_rusticus
,/Users/kristophernolte/Documents/ITHILDIN_evaluation/reference/reference_finalselection/aedes_cnn-study_f_r_d57077bc6b0b.png,Full Skeleton,1229,right,Aedes_vexans,0.99,930,61,18,0,8,69,152,279,437,800,628,620,579,567,582,399,396,133,107,141,189,237,283,329,372,418,255,250,214,214,181,158,141,250,aedes_cnn-study_f_r_d57077bc6b0b.png,aedes_cnn-study_f_r_d57077bc6b0b.tif,Aedes_vexans
,/Users/kristophernolte/Documents/ITHILDIN_evaluation/reference/reference_finalselection/aedes_cnn-study_f_r_d655789d9d21.png,Full Skeleton,1249,right,Aedes_cinereus-geminus-pair,1.0,964,72,22,0,0,72,165,316,474,823,650,645,577,572,574,374,356,125,85,128,175,220,263,301,338,379,233,228,193,193,168,150,123,241,aedes_cnn-study_f_r_d655789d9d21.png,aedes_cnn-study_f_r_d655789d9d21.tif,Aedes_cinereus-geminus-pair
,/Users/kristophernolte/Documents/ITHILDIN_evaluation/reference/reference_finalselection/aedes_cnn-study_f_r_d750eb76f810.png,Full Skeleton,1444,right,Aedes_rusticus,0.99,1135,82,25,0,28,107,215,379,604,945,714,698,670,657,657,385,427,154,135,189,252,309,373,430,477,528,335,328,278,278,224,196,186,338,aedes_cnn-study_f_r_d750eb76f810.png,aedes_cnn-study_f_r_d750eb76f810.tif,Aedes_rusticus
,/Users/kristophernolte/Documents/ITHILDIN_evaluation/reference/reference_finalselection/aedes_cnn-study_f_r_d7826b8d92c9.png,Full Skeleton,1764,right,Aedes_rusticus,0.98,1370,71,23,0,20,130,275,437,720,1138,870,854,807,791,799,445,512,161,153,208,283,350,425,507,570,633,405,389,315,315,255,212,192,385,aedes_cnn-study_f_r_d7826b8d92c9.png,aedes_cnn-study_f_r_d7826b8d92c9.tif,Aedes_rusticus
,/Users/kristophernolte/Documents/ITHILDIN_evaluation/reference/reference_finalselection/aedes_cnn-study_f_r_d91106274cf9.png,Repaired,1203,right,Aedes_sticticus,0.84,914,70,32,0,7,78,179,314,473,800,620,613,572,565,572,367,395,105,95,122,173,224,269,318,356,394,239,229,198,193,166,138,122,242,aedes_cnn-study_f_r_d91106274cf9.png,aedes_cnn-study_f_r_d91106274cf9.tif,Aedes_sticticus
,/Users/kristophernolte/Documents/ITHILDIN_evaluation/reference/reference_finalselection/aedes_cnn-study_f_r_d9a1581300b4.png,Full Skeleton,1092,right,Aedes_cinereus-geminus-pair,0.99,819,53,18,0,20,84,160,273,436,724,587,583,529,527,536,350,350,100,96,133,178,213,244,273,302,324,198,193,167,167,145,122,114,207,aedes_cnn-study_f_r_d9a1581300b4.png,aedes_cnn-study_f_r_d9a1581300b4.tif,Aedes_cinereus-geminus-pair
,/Users/kristophernolte/Documents/ITHILDIN_evaluation/reference/reference_finalselection/aedes_cnn-study_f_r_da02295fefae.png,Full Skeleton,1774,right,Aedes_rusticus,0.97,1390,80,26,0,23,125,269,444,710,1147,881,855,817,809,813,475,509,153,138,188,264,336,408,476,548,602,381,362,298,298,241,195,180,370,aedes_cnn-study_f_r_da02295fefae.png,aedes_cnn-study_f_r_da02295fefae.tif,Aedes_rusticus
,/Users/kristophernolte/Documents/ITHILDIN_evaluation/reference/reference_finalselection/aedes_cnn-study_f_r_da53f4e850e4.png,Full Skeleton,1292,right,Aedes_sticticus,0.98,990,75,22,0,14,78,185,324,506,837,666,661,610,602,610,393,441,129,100,148,196,241,292,346,391,434,266,257,225,220,185,161,137,260,aedes_cnn-study_f_r_da53f4e850e4.png,aedes_cnn-study_f_r_da53f4e850e4.tif,Aedes_sticticus
,/Users/kristophernolte/Documents/ITHILDIN_evaluation/reference/reference_finalselection/aedes_cnn-study_f_r_db21c4aeb0de.png,Full Skeleton,1309,right,Aedes_cinereus-geminus-pair,0.99,983,65,21,0,18,97,201,344,514,866,715,704,626,624,624,407,404,97,97,136,183,228,269,311,345,384,220,215,186,183,152,139,118,236,aedes_cnn-study_f_r_db21c4aeb0de.png,aedes_cnn-study_f_r_db21c4aeb0de.tif,Aedes_cinereus-geminus-pair
,/Users/kristophernolte/Documents/ITHILDIN_evaluation/reference/reference_finalselection/aedes_cnn-study_f_r_db5d4191e936.png,Full Skeleton,1733,right,Aedes_rusticus,0.96,1360,88,27,0,27,126,267,453,712,1135,853,838,792,785,800,476,514,167,125,186,255,327,399,479,544,601,373,361,304,300,243,201,182,365,aedes_cnn-study_f_r_db5d4191e936.png,aedes_cnn-study_f_r_db5d4191e936.tif,Aedes_rusticus
,/Users/kristophernolte/Documents/ITHILDIN_evaluation/reference/reference_finalselection/aedes_cnn-study_f_r_db98b89913a9.png,Full Skeleton,1352,right,Aedes_vexans,0.96,1016,52,21,0,13,80,176,310,505,892,688,688,642,632,655,438,407,128,108,152,201,247,296,337,376,425,260,249,219,219,185,154,141,262,aedes_cnn-study_f_r_db98b89913a9.png,aedes_cnn-study_f_r_db98b89913a9.tif,Aedes_vexans
,/Users/kristophernolte/Documents/ITHILDIN_evaluation/reference/reference_finalselection/aedes_cnn-study_f_r_dd0c702a4627.png,Full Skeleton,1621,right,Aedes_rusticus,0.98,1274,80,24,0,24,136,262,427,675,1060,801,787,759,749,749,448,486,143,136,196,259,325,399,455,514,556,346,336,283,283,231,192,182,353,aedes_cnn-study_f_r_dd0c702a4627.png,aedes_cnn-study_f_r_dd0c702a4627.tif,Aedes_rusticus
,/Users/kristophernolte/Documents/ITHILDIN_evaluation/reference/reference_finalselection/aedes_cnn-study_f_r_de309ddfac62.png,Full Skeleton,1344,right,Aedes_sticticus,0.94,1008,80,26,0,8,69,187,345,532,877,698,690,639,631,633,390,430,116,110,153,207,255,306,357,399,448,268,263,226,220,180,153,140,274,aedes_cnn-study_f_r_de309ddfac62.png,aedes_cnn-study_f_r_de309ddfac62.tif,Aedes_sticticus
,/Users/kristophernolte/Documents/ITHILDIN_evaluation/reference/reference_finalselection/aedes_cnn-study_f_r_dee7e452b5ef.png,Full Skeleton,1733,right,Aedes_communis-punctor-pair,1.0,1358,105,36,0,18,112,256,465,717,1124,875,865,811,800,807,508,526,149,135,196,268,329,394,462,513,570,351,333,282,279,232,192,167,354,aedes_cnn-study_f_r_dee7e452b5ef.png,aedes_cnn-study_f_r_dee7e452b5ef.tif,Aedes_communis-punctor-pair
,/Users/kristophernolte/Documents/ITHILDIN_evaluation/reference/reference_finalselection/aedes_cnn-study_f_r_e00a11231e07.png,Full Skeleton,1297,right,Aedes_vexans,0.98,997,72,23,0,10,78,171,316,483,841,677,664,607,605,615,423,426,119,101,145,197,244,290,334,371,407,251,238,205,207,173,145,134,249,aedes_cnn-study_f_r_e00a11231e07.png,aedes_cnn-study_f_r_e00a11231e07.tif,Aedes_vexans
,/Users/kristophernolte/Documents/ITHILDIN_evaluation/reference/reference_finalselection/aedes_cnn-study_f_r_e025b02fa5f3.png,Full Skeleton,1592,right,Aedes_rusticus,0.99,1227,72,20,0,17,113,247,405,646,1038,794,783,749,735,742,409,471,140,137,189,254,323,381,436,484,536,329,323,264,264,216,182,168,329,aedes_cnn-study_f_r_e025b02fa5f3.png,aedes_cnn-study_f_r_e025b02fa5f3.tif,Aedes_rusticus
,/Users/kristophernolte/Documents/ITHILDIN_evaluation/reference/reference_finalselection/aedes_cnn-study_f_r_e037261463ab.png,Full Skeleton,1101,right,Aedes_sticticus,0.99,844,62,20,0,4,60,147,269,432,715,561,559,522,517,520,333,356,109,93,123,162,201,245,281,316,353,217,212,178,178,152,134,116,215,aedes_cnn-study_f_r_e037261463ab.png,aedes_cnn-study_f_r_e037261463ab.tif,Aedes_sticticus
,/Users/kristophernolte/Documents/ITHILDIN_evaluation/reference/reference_finalselection/aedes_cnn-study_f_r_e04f3d77a162.png,Full Skeleton,1168,right,Aedes_cinereus-geminus-pair,0.68,891,72,26,0,7,70,158,287,445,773,613,610,543,541,553,376,345,119,78,114,157,198,246,287,327,363,239,217,191,186,162,138,119,227,aedes_cnn-study_f_r_e04f3d77a162.png,aedes_cnn-study_f_r_e04f3d77a162.tif,Aedes_cinereus-geminus-pair
,/Users/kristophernolte/Documents/ITHILDIN_evaluation/reference/reference_finalselection/aedes_cnn-study_f_r_e1401d5a5de7.png,Full Skeleton,1523,right,Aedes_communis-punctor-pair,0.99,1156,78,23,0,13,84,207,388,620,985,769,769,714,711,724,452,491,138,135,190,248,297,351,403,461,513,332,303,258,258,209,174,158,316,aedes_cnn-study_f_r_e1401d5a5de7.png,aedes_cnn-study_f_r_e1401d5a5de7.tif,Aedes_communis-punctor-pair
,/Users/kristophernolte/Documents/ITHILDIN_evaluation/reference/reference_finalselection/aedes_cnn-study_f_r_e39142a3ed4e.png,Repaired,1353,right,Aedes_rusticus,0.99,1059,72,21,0,36,114,228,369,576,894,687,678,636,624,624,357,393,117,117,162,216,267,324,372,423,459,291,279,237,237,189,156,150,294,aedes_cnn-study_f_r_e39142a3ed4e.png,aedes_cnn-study_f_r_e39142a3ed4e.tif,Aedes_rusticus
,/Users/kristophernolte/Documents/ITHILDIN_evaluation/reference/reference_finalselection/aedes_cnn-study_f_r_e5973723304a.png,Full Skeleton,1691,right,Aedes_rusticus,0.99,1327,94,30,0,38,139,286,463,707,1102,839,824,809,786,786,451,523,182,152,212,291,362,441,505,565,618,396,385,321,325,261,227,201,381,aedes_cnn-study_f_r_e5973723304a.png,aedes_cnn-study_f_r_e5973723304a.tif,Aedes_rusticus
,/Users/kristophernolte/Documents/ITHILDIN_evaluation/reference/reference_finalselection/aedes_cnn-study_f_r_e6888398cc9f.png,Full Skeleton,1016,right,Aedes_cinereus-geminus-pair,0.97,754,56,23,0,12,73,156,268,406,664,546,543,493,493,500,320,316,107,90,123,165,205,238,274,307,340,203,196,171,171,148,128,115,213,aedes_cnn-study_f_r_e6888398cc9f.png,aedes_cnn-study_f_r_e6888398cc9f.tif,Aedes_cinereus-geminus-pair
,/Users/kristophernolte/Documents/ITHILDIN_evaluation/reference/reference_finalselection/aedes_cnn-study_f_r_e80769eae170.png,Full Skeleton,1228,right,Aedes_sticticus,0.91,937,71,22,0,12,71,157,292,463,802,625,625,581,571,586,370,400,119,111,150,195,241,285,330,364,408,249,239,217,212,175,148,133,244,aedes_cnn-study_f_r_e80769eae170.png,aedes_cnn-study_f_r_e80769eae170.tif,Aedes_sticticus
,/Users/kristophernolte/Documents/ITHILDIN_evaluation/reference/reference_finalselection/aedes_cnn-study_f_r_e9ac2f602cfe.png,Full Skeleton,1582,right,Aedes_communis-punctor-pair,1.0,1205,77,30,0,17,94,227,406,629,1059,806,796,713,703,719,433,470,139,119,166,232,289,346,412,479,542,329,316,266,259,216,179,159,322,aedes_cnn-study_f_r_e9ac2f602cfe.png,aedes_cnn-study_f_r_e9ac2f602cfe.tif,Aedes_communis-punctor-pair
,/Users/kristophernolte/Documents/ITHILDIN_evaluation/reference/reference_finalselection/aedes_cnn-study_f_r_eb5ff7d654ce.png,Full Skeleton,1537,right,Aedes_rusticus,0.97,1204,83,34,0,27,114,249,412,636,1000,771,765,726,713,713,415,457,160,129,178,247,316,378,437,486,534,344,330,278,275,219,192,174,333,aedes_cnn-study_f_r_eb5ff7d654ce.png,aedes_cnn-study_f_r_eb5ff7d654ce.tif,Aedes_rusticus
,/Users/kristophernolte/Documents/ITHILDIN_evaluation/reference/reference_finalselection/aedes_cnn-study_f_r_eb9068df7cb3.png,Full Skeleton,1184,right,Aedes_sticticus,0.89,907,68,25,0,8,58,154,284,447,772,598,596,556,548,558,352,395,124,101,136,182,224,267,315,353,395,250,237,204,199,164,149,126,239,aedes_cnn-study_f_r_eb9068df7cb3.png,aedes_cnn-study_f_r_eb9068df7cb3.tif,Aedes_sticticus
,/Users/kristophernolte/Documents/ITHILDIN_evaluation/reference/reference_finalselection/aedes_cnn-study_f_r_ec20e2b28554.png,Full Skeleton,1096,right,Aedes_sticticus,0.97,843,58,21,0,14,63,145,255,417,705,565,562,518,501,508,321,356,117,103,133,178,222,262,304,339,374,239,227,199,199,164,140,128,231,aedes_cnn-study_f_r_ec20e2b28554.png,aedes_cnn-study_f_r_ec20e2b28554.tif,Aedes_sticticus
,/Users/kristophernolte/Documents/ITHILDIN_evaluation/reference/reference_finalselection/aedes_cnn-study_f_r_ecb378945f7a.png,Full Skeleton,1486,right,Aedes_rusticus,0.99,1160,82,26,0,23,115,233,397,623,967,744,731,695,685,688,387,439,136,113,158,227,293,355,411,460,509,316,306,260,257,204,175,155,316,aedes_cnn-study_f_r_ecb378945f7a.png,aedes_cnn-study_f_r_ecb378945f7a.tif,Aedes_rusticus
,/Users/kristophernolte/Documents/ITHILDIN_evaluation/reference/reference_finalselection/aedes_cnn-study_f_r_eeef01f7aca4.png,Full Skeleton,1452,right,Aedes_rusticus,0.99,1131,81,26,0,23,104,219,363,595,941,726,716,677,657,657,366,421,132,116,165,230,289,351,413,462,511,315,305,259,256,204,171,158,318,aedes_cnn-study_f_r_eeef01f7aca4.png,aedes_cnn-study_f_r_eeef01f7aca4.tif,Aedes_rusticus
,/Users/kristophernolte/Documents/ITHILDIN_evaluation/reference/reference_finalselection/aedes_cnn-study_f_r_eef75e4a5bf8.png,Full Skeleton,1533,right,Aedes_rusticus,0.99,1194,69,26,0,6,103,223,386,615,985,768,742,709,695,695,389,449,143,133,176,232,299,366,422,479,525,332,319,266,269,209,183,169,319,aedes_cnn-study_f_r_eef75e4a5bf8.png,aedes_cnn-study_f_r_eef75e4a5bf8.tif,Aedes_rusticus
,/Users/kristophernolte/Documents/ITHILDIN_evaluation/reference/reference_finalselection/aedes_cnn-study_f_r_f0734bf8d357.png,Full Skeleton,1747,right,Aedes_rusticus,0.98,1353,97,27,0,23,124,280,470,743,1139,871,855,820,797,801,439,517,151,139,202,279,346,419,489,548,598,373,353,295,291,233,198,178,365,aedes_cnn-study_f_r_f0734bf8d357.png,aedes_cnn-study_f_r_f0734bf8d357.tif,Aedes_rusticus
,/Users/kristophernolte/Documents/ITHILDIN_evaluation/reference/reference_finalselection/aedes_cnn-study_f_r_f0ccaf7df6f6.png,Full Skeleton,969,right,Aedes_koreicus,0.44,730,61,22,0,5,64,140,251,384,641,504,504,462,456,460,301,329,102,89,121,159,202,239,272,302,333,211,202,174,172,143,130,113,206,aedes_cnn-study_f_r_f0ccaf7df6f6.png,aedes_cnn-study_f_r_f0ccaf7df6f6.tif,Aedes_sticticus
,/Users/kristophernolte/Documents/ITHILDIN_evaluation/reference/reference_finalselection/aedes_cnn-study_f_r_f11b2a81f4bc.png,Full Skeleton,1617,right,Aedes_communis-punctor-pair,1.0,1236,91,24,0,17,98,222,408,650,1071,815,801,748,744,754,461,448,141,121,178,238,292,350,414,477,541,346,323,269,265,225,185,161,336,aedes_cnn-study_f_r_f11b2a81f4bc.png,aedes_cnn-study_f_r_f11b2a81f4bc.tif,Aedes_communis-punctor-pair
,/Users/kristophernolte/Documents/ITHILDIN_evaluation/reference/reference_finalselection/aedes_cnn-study_f_r_f124ece2676c.png,Full Skeleton,1853,right,Aedes_rusticus,1.0,1453,100,28,0,24,124,281,486,759,1188,915,903,871,847,851,522,554,176,128,192,273,349,433,506,578,634,409,381,317,313,257,212,188,385,aedes_cnn-study_f_r_f124ece2676c.png,aedes_cnn-study_f_r_f124ece2676c.tif,Aedes_rusticus
,/Users/kristophernolte/Documents/ITHILDIN_evaluation/reference/reference_finalselection/aedes_cnn-study_f_r_f1bf90a63e73.png,Repaired,1523,right,Aedes_rusticus,0.99,1192,101,34,0,31,118,239,400,631,1007,759,749,719,702,702,410,450,135,115,172,236,313,370,431,481,531,333,323,270,270,216,182,169,330,aedes_cnn-study_f_r_f1bf90a63e73.png,aedes_cnn-study_f_r_f1bf90a63e73.tif,Aedes_rusticus
,/Users/kristophernolte/Documents/ITHILDIN_evaluation/reference/reference_finalselection/aedes_cnn-study_f_r_f28b8b4921dd.png,Full Skeleton,1649,right,Aedes_rusticus,0.98,1288,71,25,0,32,124,256,427,669,1081,822,807,768,750,754,445,484,149,142,195,259,330,394,462,512,569,352,337,284,281,227,195,174,352,aedes_cnn-study_f_r_f28b8b4921dd.png,aedes_cnn-study_f_r_f28b8b4921dd.tif,Aedes_rusticus
,/Users/kristophernolte/Documents/ITHILDIN_evaluation/reference/reference_finalselection/aedes_cnn-study_f_r_f2db8f20c304.png,Full Skeleton,1397,right,Aedes_vexans,0.37,1093,69,20,0,15,82,196,330,510,900,724,709,644,639,657,438,430,126,108,157,208,257,306,355,391,433,263,255,219,219,185,154,141,268,aedes_cnn-study_f_r_f2db8f20c304.png,aedes_cnn-study_f_r_f2db8f20c304.tif,Aedes_vexans
,/Users/kristophernolte/Documents/ITHILDIN_evaluation/reference/reference_finalselection/aedes_cnn-study_f_r_f2e3fa1efac8.png,Repaired,1111,right,Aedes_vexans,0.56,849,72,22,0,11,67,153,275,416,730,579,576,531,527,531,353,349,110,87,128,175,218,254,288,317,355,211,209,180,177,153,132,121,218,aedes_cnn-study_f_r_f2e3fa1efac8.png,aedes_cnn-study_f_r_f2e3fa1efac8.tif,Aedes_vexans
,/Users/kristophernolte/Documents/ITHILDIN_evaluation/reference/reference_finalselection/aedes_cnn-study_f_r_f315628db1c5.png,Full Skeleton,1723,right,Aedes_rusticus,0.99,1327,66,19,0,19,137,267,455,714,1107,864,852,793,777,785,471,518,162,147,206,276,355,430,500,567,618,386,375,308,300,253,210,190,379,aedes_cnn-study_f_r_f315628db1c5.png,aedes_cnn-study_f_r_f315628db1c5.tif,Aedes_rusticus
,/Users/kristophernolte/Documents/ITHILDIN_evaluation/reference/reference_finalselection/aedes_cnn-study_f_r_f33dbf0f6d6c.png,Full Skeleton,1533,right,Aedes_rusticus,0.98,1186,74,28,0,17,109,236,402,614,992,762,751,713,706,709,409,444,135,128,174,241,308,379,442,488,538,330,322,266,266,220,181,164,337,aedes_cnn-study_f_r_f33dbf0f6d6c.png,aedes_cnn-study_f_r_f33dbf0f6d6c.tif,Aedes_rusticus
,/Users/kristophernolte/Documents/ITHILDIN_evaluation/reference/reference_finalselection/aedes_cnn-study_f_r_f362b24c8ce7.png,Full Skeleton,1555,right,Aedes_rusticus,0.99,1216,82,34,0,24,106,236,390,632,1014,772,758,724,707,707,386,430,163,139,184,256,317,382,447,498,549,355,341,290,286,228,194,180,351,aedes_cnn-study_f_r_f362b24c8ce7.png,aedes_cnn-study_f_r_f362b24c8ce7.tif,Aedes_rusticus
,/Users/kristophernolte/Documents/ITHILDIN_evaluation/reference/reference_finalselection/aedes_cnn-study_f_r_f3a2bde134f8.png,Full Skeleton,1060,right,Aedes_cinereus-geminus-pair,1.0,794,65,19,0,6,67,166,284,437,696,569,566,503,499,503,328,317,102,87,124,166,210,249,284,312,339,205,201,175,175,151,129,118,221,aedes_cnn-study_f_r_f3a2bde134f8.png,aedes_cnn-study_f_r_f3a2bde134f8.tif,Aedes_cinereus-geminus-pair
,/Users/kristophernolte/Documents/ITHILDIN_evaluation/reference/reference_finalselection/aedes_cnn-study_f_r_f3e3eb6199a2.png,Full Skeleton,1225,right,Aedes_cinereus-geminus-pair,1.0,952,60,20,0,13,82,172,301,465,800,636,631,572,569,569,400,385,126,101,144,188,236,275,313,347,390,241,233,201,198,168,151,129,241,aedes_cnn-study_f_r_f3e3eb6199a2.png,aedes_cnn-study_f_r_f3e3eb6199a2.tif,Aedes_cinereus-geminus-pair
,/Users/kristophernolte/Documents/ITHILDIN_evaluation/reference/reference_finalselection/aedes_cnn-study_f_r_f50b6f81c44c.png,Full Skeleton,1334,right,Aedes_cinereus-geminus-pair,1.0,1031,71,25,0,14,88,181,341,533,866,707,704,619,616,624,440,410,121,96,140,195,236,280,321,363,409,253,242,206,203,176,151,132,250,aedes_cnn-study_f_r_f50b6f81c44c.png,aedes_cnn-study_f_r_f50b6f81c44c.tif,Aedes_cinereus-geminus-pair
,/Users/kristophernolte/Documents/ITHILDIN_evaluation/reference/reference_finalselection/aedes_cnn-study_f_r_f718c063bb1a.png,Full Skeleton,1112,right,Aedes_sticticus,0.76,845,70,29,0,12,67,163,290,453,726,575,570,527,520,525,352,376,222,198,234,284,330,371,419,462,498,349,339,308,306,277,253,237,344,aedes_cnn-study_f_r_f718c063bb1a.png,aedes_cnn-study_f_r_f718c063bb1a.tif,Aedes_sticticus
,/Users/kristophernolte/Documents/ITHILDIN_evaluation/reference/reference_finalselection/aedes_cnn-study_f_r_f722d08ff50e.png,Full Skeleton,1306,right,Aedes_vexans,0.88,991,76,26,0,11,79,181,322,497,857,674,667,617,612,630,434,405,130,99,143,201,248,297,347,386,431,263,263,229,227,185,161,143,274,aedes_cnn-study_f_r_f722d08ff50e.png,aedes_cnn-study_f_r_f722d08ff50e.tif,Aedes_vexans
,/Users/kristophernolte/Documents/ITHILDIN_evaluation/reference/reference_finalselection/aedes_cnn-study_f_r_f75a3a8b6ca8.png,Full Skeleton,1178,right,Aedes_vexans,0.95,890,80,23,0,8,72,151,274,435,777,614,604,558,545,565,343,356,162,121,162,208,254,300,343,382,423,274,267,231,231,203,180,159,272,aedes_cnn-study_f_r_f75a3a8b6ca8.png,aedes_cnn-study_f_r_f75a3a8b6ca8.tif,Aedes_vexans
,/Users/kristophernolte/Documents/ITHILDIN_evaluation/reference/reference_finalselection/aedes_cnn-study_f_r_f808e78b4118.png,Full Skeleton,1380,right,Aedes_communis-punctor-pair,0.99,1058,72,26,0,17,92,213,363,548,900,709,701,649,643,649,421,418,134,108,148,206,261,315,370,419,477,295,284,240,240,197,168,145,292,aedes_cnn-study_f_r_f808e78b4118.png,aedes_cnn-study_f_r_f808e78b4118.tif,Aedes_communis-punctor-pair
,/Users/kristophernolte/Documents/ITHILDIN_evaluation/reference/reference_finalselection/aedes_cnn-study_f_r_f86232d93132.png,Repaired,1382,right,Aedes_cinereus-geminus-pair,0.99,1036,76,22,0,16,87,184,334,540,898,740,735,670,656,670,434,420,123,115,158,212,261,302,343,381,421,253,248,212,218,180,164,150,264,aedes_cnn-study_f_r_f86232d93132.png,aedes_cnn-study_f_r_f86232d93132.tif,Aedes_cinereus-geminus-pair
,/Users/kristophernolte/Documents/ITHILDIN_evaluation/reference/reference_finalselection/aedes_cnn-study_f_r_fa02dffdd6be.png,Full Skeleton,1158,right,Aedes_vexans,0.94,876,65,17,0,12,75,151,279,438,765,598,591,552,538,561,343,341,114,82,123,165,205,249,290,330,369,225,221,191,191,161,137,119,230,aedes_cnn-study_f_r_fa02dffdd6be.png,aedes_cnn-study_f_r_fa02dffdd6be.tif,Aedes_vexans
,/Users/kristophernolte/Documents/ITHILDIN_evaluation/reference/reference_finalselection/aedes_cnn-study_f_r_fa243d988c06.png,Full Skeleton,1144,right,Aedes_sticticus,0.97,863,72,30,0,8,62,145,278,443,743,595,595,548,543,543,322,359,115,88,120,164,208,250,294,331,378,233,223,194,191,162,142,122,231,aedes_cnn-study_f_r_fa243d988c06.png,aedes_cnn-study_f_r_fa243d988c06.tif,Aedes_sticticus
,/Users/kristophernolte/Documents/ITHILDIN_evaluation/reference/reference_finalselection/aedes_cnn-study_f_r_fad6fe60ae79.png,Full Skeleton,907,right,Aedes_sticticus,0.96,685,59,23,0,0,50,127,237,372,586,474,473,427,425,431,262,296,90,69,97,133,169,205,241,274,300,186,179,156,156,131,114,99,184,aedes_cnn-study_f_r_fad6fe60ae79.png,aedes_cnn-study_f_r_fad6fe60ae79.tif,Aedes_sticticus
,/Users/kristophernolte/Documents/ITHILDIN_evaluation/reference/reference_finalselection/aedes_cnn-study_f_r_fafcb6b68aa3.png,Full Skeleton,1151,right,Aedes_cinereus-geminus-pair,0.99,855,67,26,0,2,67,143,268,441,752,611,608,541,537,541,354,352,112,86,122,172,218,261,299,335,369,222,215,186,186,160,141,124,230,aedes_cnn-study_f_r_fafcb6b68aa3.png,aedes_cnn-study_f_r_fafcb6b68aa3.tif,Aedes_cinereus-geminus-pair
,/Users/kristophernolte/Documents/ITHILDIN_evaluation/reference/reference_finalselection/aedes_cnn-study_f_r_fc29df619e97.png,Full Skeleton,1002,right,Aedes_cinereus-geminus-pair,1.0,754,60,14,0,10,66,153,264,401,650,533,531,483,481,489,322,310,100,87,124,162,197,232,265,296,329,201,195,172,172,149,126,114,209,aedes_cnn-study_f_r_fc29df619e97.png,aedes_cnn-study_f_r_fc29df619e97.tif,Aedes_cinereus-geminus-pair
,/Users/kristophernolte/Documents/ITHILDIN_evaluation/reference/reference_finalselection/aedes_cnn-study_f_r_fd43eb1187b4.png,Full Skeleton,1603,right,Aedes_communis-punctor-pair,0.98,1237,93,32,0,18,104,237,428,658,1060,805,791,748,740,748,492,507,147,136,194,262,319,381,442,492,560,341,334,280,276,230,186,172,341,aedes_cnn-study_f_r_fd43eb1187b4.png,aedes_cnn-study_f_r_fd43eb1187b4.tif,Aedes_communis-punctor-pair
,/Users/kristophernolte/Documents/ITHILDIN_evaluation/reference/reference_finalselection/aedes_cnn-study_f_r_fe9f189540ce.png,Full Skeleton,907,right,Aedes_sticticus,0.99,703,56,26,0,4,46,120,224,346,585,459,453,421,413,419,264,284,102,82,110,150,190,228,260,290,324,204,198,172,172,144,124,108,204,aedes_cnn-study_f_r_fe9f189540ce.png,aedes_cnn-study_f_r_fe9f189540ce.tif,Aedes_sticticus
,/Users/kristophernolte/Documents/ITHILDIN_evaluation/reference/reference_finalselection/aedes_convector_f_l_09afb16fb526.png,Full Skeleton,1437,right,Aedes_albopictus,0.98,1067,64,38,0,6,84,183,331,534,954,768,754,684,655,690,478,464,145,107,139,197,255,307,348,391,443,287,278,234,232,203,168,153,275,aedes_convector_f_l_09afb16fb526.png,aedes_convector_f_l_09afb16fb526.tif,Aedes_albopictus
,/Users/kristophernolte/Documents/ITHILDIN_evaluation/reference/reference_finalselection/aedes_convector_f_l_0d95a7bfdec9.png,Repaired,1313,right,Aedes_koreicus,0.98,982,51,17,0,14,80,203,354,542,857,689,684,630,610,635,439,442,105,109,146,197,249,293,339,371,407,244,244,210,207,183,144,129,258,aedes_convector_f_l_0d95a7bfdec9.png,aedes_convector_f_l_0d95a7bfdec9.tif,Aedes_koreicus
,/Users/kristophernolte/Documents/ITHILDIN_evaluation/reference/reference_finalselection/aedes_convector_f_l_0e0d84bbce2b.png,Repaired,1299,left,Aedes_aegypti,0.99,1024,127,69,38,52,136,241,408,583,930,724,724,649,649,660,483,441,113,105,147,199,241,288,333,361,399,249,244,205,205,174,149,130,255,aedes_convector_f_l_0e0d84bbce2b.png,aedes_convector_f_l_0e0d84bbce2b.tif,Aedes_aegypti
,/Users/kristophernolte/Documents/ITHILDIN_evaluation/reference/reference_finalselection/aedes_convector_f_l_0f420c6adfca.png,Full Skeleton,1468,right,Aedes_japonicus,0.98,1137,63,21,0,15,91,215,363,564,967,764,752,682,667,694,512,488,137,116,165,216,268,313,362,398,441,271,274,228,235,201,165,150,274,aedes_convector_f_l_0f420c6adfca.png,aedes_convector_f_l_0f420c6adfca.tif,Aedes_japonicus
,/Users/kristophernolte/Documents/ITHILDIN_evaluation/reference/reference_finalselection/aedes_convector_f_l_130d8fbabf28.png,Repaired,958,left,Aedes_koreicus,0.93,772,85,60,42,58,107,197,296,434,680,548,544,507,505,507,383,363,101,109,138,172,211,227,245,270,296,184,182,158,154,138,125,109,193,aedes_convector_f_l_130d8fbabf28.png,aedes_convector_f_l_130d8fbabf28.tif,Aedes_koreicus
,/Users/kristophernolte/Documents/ITHILDIN_evaluation/reference/reference_finalselection/aedes_convector_f_l_1492a90ea92f.png,Repaired,1468,left,Aedes_koreicus,0.99,1147,111,66,39,57,138,231,423,652,1000,814,808,733,724,754,528,525,141,132,177,228,282,333,375,417,462,294,288,246,246,213,183,156,294,aedes_convector_f_l_1492a90ea92f.png,aedes_convector_f_l_1492a90ea92f.tif,Aedes_koreicus
,/Users/kristophernolte/Documents/ITHILDIN_evaluation/reference/reference_finalselection/aedes_convector_f_l_1bd50be1c7bb.png,Full Skeleton,988,right,Aedes_aegypti,0.99,742,62,22,0,11,73,151,271,404,675,528,511,466,455,466,306,302,97,71,104,146,182,220,255,286,324,202,195,162,162,135,117,102,200,aedes_convector_f_l_1bd50be1c7bb.png,aedes_convector_f_l_1bd50be1c7bb.tif,Aedes_aegypti
,/Users/kristophernolte/Documents/ITHILDIN_evaluation/reference/reference_finalselection/aedes_convector_f_l_1beac762977c.png,Full Skeleton,1241,left,Aedes_aegypti,0.99,965,116,66,33,40,114,213,342,538,873,695,688,609,604,617,447,431,107,92,130,189,234,283,323,354,387,234,234,196,199,171,146,125,240,aedes_convector_f_l_1beac762977c.png,aedes_convector_f_l_1beac762977c.tif,Aedes_aegypti
,/Users/kristophernolte/Documents/ITHILDIN_evaluation/reference/reference_finalselection/aedes_convector_f_l_2012f2735336.png,Full Skeleton,828,right,Aedes_aegypti,0.98,620,54,21,0,9,57,128,217,334,573,436,430,388,384,393,265,253,82,64,90,127,161,193,218,238,266,159,159,138,134,116,96,85,167,aedes_convector_f_l_2012f2735336.png,aedes_convector_f_l_2012f2735336.tif,Aedes_aegypti
,/Users/kristophernolte/Documents/ITHILDIN_evaluation/reference/reference_finalselection/aedes_convector_f_l_20b94d3a574e.png,Full Skeleton,1373,right,Aedes_japonicus,0.99,1038,68,26,0,8,97,217,359,544,900,725,709,651,638,667,492,476,108,113,152,207,265,320,362,396,435,257,257,218,220,186,152,142,268,aedes_convector_f_l_20b94d3a574e.png,aedes_convector_f_l_20b94d3a574e.tif,Aedes_japonicus
,/Users/kristophernolte/Documents/ITHILDIN_evaluation/reference/reference_finalselection/aedes_convector_f_l_2296895b0f61.png,Repaired,1511,right,Aedes_japonicus,0.97,1140,84,30,0,6,78,204,396,606,1014,783,765,714,690,726,480,489,129,114,159,216,270,327,375,411,459,270,270,231,237,198,165,156,288,aedes_convector_f_l_2296895b0f61.png,aedes_convector_f_l_2296895b0f61.tif,Aedes_japonicus
,/Users/kristophernolte/Documents/ITHILDIN_evaluation/reference/reference_finalselection/aedes_convector_f_l_23afa0a3267c.png,Full Skeleton,1424,left,Aedes_koreicus,0.98,1128,129,79,53,66,132,256,429,625,989,812,799,711,704,739,546,534,153,112,146,197,254,301,361,403,447,289,273,235,229,203,165,140,279,aedes_convector_f_l_23afa0a3267c.png,aedes_convector_f_l_23afa0a3267c.tif,Aedes_koreicus
,/Users/kristophernolte/Documents/ITHILDIN_evaluation/reference/reference_finalselection/aedes_convector_f_l_2673562298bd.png,Repaired,1212,right,Aedes_koreicus,0.95,925,66,28,0,16,73,167,324,500,796,641,631,561,549,580,401,392,102,113,149,196,238,287,325,355,386,233,235,196,203,172,139,130,252,aedes_convector_f_l_2673562298bd.png,aedes_convector_f_l_2673562298bd.tif,Aedes_koreicus
,/Users/kristophernolte/Documents/ITHILDIN_evaluation/reference/reference_finalselection/aedes_convector_f_l_293f790f9a85.png,Repaired,1005,right,Aedes_aegypti,0.99,789,58,23,0,13,71,145,249,390,683,511,505,463,461,469,336,291,95,78,107,149,184,217,249,274,307,193,188,159,159,134,114,99,195,aedes_convector_f_l_293f790f9a85.png,aedes_convector_f_l_293f790f9a85.tif,Aedes_aegypti
,/Users/kristophernolte/Documents/ITHILDIN_evaluation/reference/reference_finalselection/aedes_convector_f_l_29b16d99f4c1.png,Full Skeleton,1557,right,Aedes_japonicus,0.95,1180,67,23,0,19,93,217,414,601,1034,833,802,735,716,738,541,512,136,124,168,225,273,327,378,413,467,279,276,228,232,193,174,149,286,aedes_convector_f_l_29b16d99f4c1.png,aedes_convector_f_l_29b16d99f4c1.tif,Aedes_japonicus
,/Users/kristophernolte/Documents/ITHILDIN_evaluation/reference/reference_finalselection/aedes_convector_f_l_2b91df1fab19.png,Full Skeleton,1300,left,Aedes_koreicus,0.99,1024,107,64,40,45,115,215,376,562,885,720,712,653,642,669,443,454,145,107,145,188,236,287,328,371,419,277,266,225,225,196,164,137,266,aedes_convector_f_l_2b91df1fab19.png,aedes_convector_f_l_2b91df1fab19.tif,Aedes_koreicus
,/Users/kristophernolte/Documents/ITHILDIN_evaluation/reference/reference_finalselection/aedes_convector_f_l_2bac764e4a58.png,Full Skeleton,932,right,Aedes_aegypti,0.97,711,53,19,0,9,66,140,243,373,636,487,480,428,425,434,291,287,76,81,113,151,184,219,247,269,291,175,175,149,151,129,105,96,190,aedes_convector_f_l_2bac764e4a58.png,aedes_convector_f_l_2bac764e4a58.tif,Aedes_aegypti
,/Users/kristophernolte/Documents/ITHILDIN_evaluation/reference/reference_finalselection/aedes_convector_f_l_2e95434e3464.png,Repaired,1307,right,Aedes_aegypti,0.92,987,72,28,0,14,86,190,318,525,897,682,665,595,587,607,377,374,123,100,139,198,243,293,341,377,422,257,254,215,215,187,159,137,265,aedes_convector_f_l_2e95434e3464.png,aedes_convector_f_l_2e95434e3464.tif,Aedes_aegypti
,/Users/kristophernolte/Documents/ITHILDIN_evaluation/reference/reference_finalselection/aedes_convector_f_l_2f4baf61cc52.png,Full Skeleton,1287,right,Aedes_aegypti,0.99,982,73,29,0,18,91,203,344,523,878,672,669,609,604,615,448,406,118,100,136,199,240,279,321,352,391,240,235,199,196,170,144,123,243,aedes_convector_f_l_2f4baf61cc52.png,aedes_convector_f_l_2f4baf61cc52.tif,Aedes_aegypti
,/Users/kristophernolte/Documents/ITHILDIN_evaluation/reference/reference_finalselection/aedes_convector_f_l_3304c67de7bf.png,Repaired,830,right,Aedes_aegypti,0.96,634,59,27,0,10,56,127,203,339,566,432,427,385,381,391,271,249,81,60,88,128,162,191,225,245,274,169,169,144,144,123,101,89,176,aedes_convector_f_l_3304c67de7bf.png,aedes_convector_f_l_3304c67de7bf.tif,Aedes_aegypti
,/Users/kristophernolte/Documents/ITHILDIN_evaluation/reference/reference_finalselection/aedes_convector_f_l_3363bff9ab40.png,Repaired,1585,left,Aedes_albopictus,0.99,1262,141,86,45,57,115,228,402,624,1098,856,837,782,763,788,544,511,170,141,189,247,315,360,415,463,515,322,318,267,264,241,212,199,334,aedes_convector_f_l_3363bff9ab40.png,aedes_convector_f_l_3363bff9ab40.tif,Aedes_albopictus
,/Users/kristophernolte/Documents/ITHILDIN_evaluation/reference/reference_finalselection/aedes_convector_f_l_35cbaa02b2d4.png,Repaired,1314,right,Aedes_aegypti,0.98,983,84,30,0,15,96,203,358,539,900,703,679,623,617,617,420,405,132,90,135,195,245,293,337,379,430,269,260,218,215,180,156,135,266,aedes_convector_f_l_35cbaa02b2d4.png,aedes_convector_f_l_35cbaa02b2d4.tif,Aedes_aegypti
,/Users/kristophernolte/Documents/ITHILDIN_evaluation/reference/reference_finalselection/aedes_convector_f_l_384711b0c6f3.png,Repaired,1380,left,Aedes_aegypti,0.88,1091,107,78,43,43,118,217,364,570,975,752,743,674,671,680,465,457,202,130,162,208,269,324,370,410,460,321,306,269,266,237,214,185,303,aedes_convector_f_l_384711b0c6f3.png,aedes_convector_f_l_384711b0c6f3.tif,Aedes_albopictus
,/Users/kristophernolte/Documents/ITHILDIN_evaluation/reference/reference_finalselection/aedes_convector_f_l_38dc321f505a.png,Repaired,920,left,Aedes_albopictus,1.0,704,77,53,32,37,77,134,231,370,642,516,507,465,455,476,322,321,95,84,107,139,177,211,242,270,301,192,187,162,164,143,122,109,192,aedes_convector_f_l_38dc321f505a.png,aedes_convector_f_l_38dc321f505a.tif,Aedes_albopictus
,/Users/kristophernolte/Documents/ITHILDIN_evaluation/reference/reference_finalselection/aedes_convector_f_l_3de28a9946c1.png,Repaired,926,left,Aedes_albopictus,0.85,770,136,105,84,86,122,181,280,422,691,576,559,524,510,519,368,353,93,84,112,143,178,214,237,261,285,180,174,150,152,131,117,110,188,aedes_convector_f_l_3de28a9946c1.png,aedes_convector_f_l_3de28a9946c1.tif,Aedes_albopictus
,/Users/kristophernolte/Documents/ITHILDIN_evaluation/reference/reference_finalselection/aedes_convector_f_l_3e1915de4780.png,Repaired,1040,left,Aedes_koreicus,0.39,831,97,63,42,59,118,205,330,464,734,587,581,545,536,557,422,411,110,112,142,178,216,250,282,316,350,214,214,182,182,161,135,129,216,aedes_convector_f_l_3e1915de4780.png,aedes_convector_f_l_3e1915de4780.tif,Aedes_koreicus
,/Users/kristophernolte/Documents/ITHILDIN_evaluation/reference/reference_finalselection/aedes_convector_f_l_4a1c921599c1.png,Full Skeleton,1332,left,Aedes_japonicus,0.63,1065,148,83,55,70,141,247,398,595,936,765,754,694,684,706,535,507,111,103,151,204,252,290,335,371,406,244,242,204,204,176,148,138,255,aedes_convector_f_l_4a1c921599c1.png,aedes_convector_f_l_4a1c921599c1.tif,Aedes_japonicus
,/Users/kristophernolte/Documents/ITHILDIN_evaluation/reference/reference_finalselection/aedes_convector_f_l_4ca81fea105b.png,Full Skeleton,1206,left,Aedes_japonicus,0.94,966,132,99,69,88,143,248,378,550,882,722,698,647,633,664,531,501,123,104,137,185,225,262,304,339,373,234,232,197,197,169,148,130,232,aedes_convector_f_l_4ca81fea105b.png,aedes_convector_f_l_4ca81fea105b.tif,Aedes_japonicus
,/Users/kristophernolte/Documents/ITHILDIN_evaluation/reference/reference_finalselection/aedes_convector_f_l_4e690186eda1.png,Repaired,1811,left,Aedes_koreicus,0.97,1405,131,71,42,67,153,313,501,782,1227,1000,982,928,896,921,619,665,158,140,186,265,329,393,453,496,546,336,339,286,286,240,197,179,343,aedes_convector_f_l_4e690186eda1.png,aedes_convector_f_l_4e690186eda1.tif,Aedes_koreicus
,/Users/kristophernolte/Documents/ITHILDIN_evaluation/reference/reference_finalselection/aedes_convector_f_l_526448d98ca4.png,Repaired,1415,left,Aedes_koreicus,0.99,1148,132,99,81,102,162,270,426,648,999,810,808,756,743,756,583,567,120,122,163,217,266,306,352,393,439,268,271,231,231,193,160,141,271,aedes_convector_f_l_526448d98ca4.png,aedes_convector_f_l_526448d98ca4.tif,Aedes_koreicus
,/Users/kristophernolte/Documents/ITHILDIN_evaluation/reference/reference_finalselection/aedes_convector_f_l_5b3a4a7dcf64.png,Repaired,1495,left,Aedes_koreicus,0.97,1169,119,70,42,54,134,259,415,662,1029,833,821,760,754,763,552,546,135,120,163,218,270,319,368,398,441,279,270,233,230,203,169,154,282,aedes_convector_f_l_5b3a4a7dcf64.png,aedes_convector_f_l_5b3a4a7dcf64.tif,Aedes_koreicus
,/Users/kristophernolte/Documents/ITHILDIN_evaluation/reference/reference_finalselection/aedes_convector_f_l_5b964a8c1c84.png,Repaired,1352,right,Aedes_koreicus,0.98,1028,55,20,0,15,87,203,352,542,887,716,691,642,632,651,453,441,111,123,158,215,257,302,341,378,416,252,252,215,217,188,156,136,267,aedes_convector_f_l_5b964a8c1c84.png,aedes_convector_f_l_5b964a8c1c84.tif,Aedes_koreicus
,/Users/kristophernolte/Documents/ITHILDIN_evaluation/reference/reference_finalselection/aedes_convector_f_l_630562f23d86.png,Full Skeleton,1420,left,Aedes_japonicus,0.97,1172,159,115,90,112,189,297,448,638,1045,839,825,759,740,770,602,564,118,118,159,214,264,311,355,393,429,258,258,217,222,187,156,143,269,aedes_convector_f_l_630562f23d86.png,aedes_convector_f_l_630562f23d86.tif,Aedes_japonicus
,/Users/kristophernolte/Documents/ITHILDIN_evaluation/reference/reference_finalselection/aedes_convector_f_l_63799413c9e1.png,Repaired,1309,left,Aedes_japonicus,0.98,1060,142,98,72,90,148,262,389,571,927,764,748,699,686,712,550,527,146,100,149,209,253,294,341,378,424,284,269,230,232,198,167,141,269,aedes_convector_f_l_63799413c9e1.png,aedes_convector_f_l_63799413c9e1.tif,Aedes_japonicus
,/Users/kristophernolte/Documents/ITHILDIN_evaluation/reference/reference_finalselection/aedes_convector_f_l_666688960a95.png,Repaired,1238,left,Aedes_koreicus,0.98,988,107,57,37,44,104,212,336,538,845,681,668,621,616,626,466,449,129,87,129,172,219,257,301,336,376,247,237,209,207,179,157,129,239,aedes_convector_f_l_666688960a95.png,aedes_convector_f_l_666688960a95.tif,Aedes_koreicus
,/Users/kristophernolte/Documents/ITHILDIN_evaluation/reference/reference_finalselection/aedes_convector_f_l_66c4b5dd62bf.png,Repaired,766,right,Aedes_aegypti,0.9,574,41,17,0,4,42,99,170,292,499,407,402,360,351,360,222,225,81,62,84,114,148,180,203,222,249,160,153,131,131,114,101,88,158,aedes_convector_f_l_66c4b5dd62bf.png,aedes_convector_f_l_66c4b5dd62bf.tif,Aedes_albopictus
,/Users/kristophernolte/Documents/ITHILDIN_evaluation/reference/reference_finalselection/aedes_convector_f_l_676782ba5b69.png,Repaired,2121,left,Aedes_koreicus,0.15,1657,175,107,72,89,209,372,642,938,1460,1195,1190,1096,1079,1117,783,788,179,145,197,274,355,428,501,561,629,385,372,325,316,269,235,201,385,aedes_convector_f_l_676782ba5b69.png,aedes_convector_f_l_676782ba5b69.tif,Aedes_koreicus
,/Users/kristophernolte/Documents/ITHILDIN_evaluation/reference/reference_finalselection/aedes_convector_f_l_68c7de4c2dba.png,Repaired,1149,left,Aedes_albopictus,0.99,921,103,68,35,40,82,169,289,457,785,624,610,568,556,575,377,372,104,71,104,147,192,234,274,312,347,215,208,173,173,149,130,114,213,aedes_convector_f_l_68c7de4c2dba.png,aedes_convector_f_l_68c7de4c2dba.tif,Aedes_albopictus
,/Users/kristophernolte/Documents/ITHILDIN_evaluation/reference/reference_finalselection/aedes_convector_f_l_6cb2f0334b31.png,Full Skeleton,1957,right,Aedes_koreicus,0.91,1478,89,36,0,16,114,265,485,767,1261,1033,1012,943,926,967,665,661,171,146,200,277,338,400,461,522,587,359,359,298,306,257,212,191,355,aedes_convector_f_l_6cb2f0334b31.png,aedes_convector_f_l_6cb2f0334b31.tif,Aedes_koreicus
,/Users/kristophernolte/Documents/ITHILDIN_evaluation/reference/reference_finalselection/aedes_convector_f_l_6cc054159aa0.png,Full Skeleton,1116,right,Aedes_aegypti,0.98,843,69,18,0,16,80,166,274,442,757,585,580,523,520,529,338,331,131,87,128,170,214,260,294,329,366,237,234,202,195,172,147,124,237,aedes_convector_f_l_6cc054159aa0.png,aedes_convector_f_l_6cc054159aa0.tif,Aedes_aegypti
,/Users/kristophernolte/Documents/ITHILDIN_evaluation/reference/reference_finalselection/aedes_convector_f_l_6db5c785e5a6.png,Full Skeleton,1468,left,Aedes_japonicus,0.97,1187,172,122,90,103,172,310,476,670,1071,886,867,789,773,804,579,557,131,109,150,203,256,303,357,394,438,266,259,222,225,191,162,144,275,aedes_convector_f_l_6db5c785e5a6.png,aedes_convector_f_l_6db5c785e5a6.tif,Aedes_japonicus
,/Users/kristophernolte/Documents/ITHILDIN_evaluation/reference/reference_finalselection/aedes_convector_f_l_746dae224eb0.png,Repaired,923,left,Aedes_aegypti,0.77,727,106,70,44,44,94,161,274,407,663,530,524,481,479,485,320,306,99,67,93,127,168,204,232,259,293,190,184,154,156,134,115,99,186,aedes_convector_f_l_746dae224eb0.png,aedes_convector_f_l_746dae224eb0.tif,Aedes_albopictus
,/Users/kristophernolte/Documents/ITHILDIN_evaluation/reference/reference_finalselection/aedes_convector_f_l_752a479d0b77.png,Full Skeleton,1213,right,Aedes_aegypti,1.0,919,59,12,0,15,91,196,304,473,836,630,627,566,561,564,380,358,121,94,138,182,224,270,312,339,381,238,231,199,197,170,150,126,238,aedes_convector_f_l_752a479d0b77.png,aedes_convector_f_l_752a479d0b77.tif,Aedes_aegypti
,/Users/kristophernolte/Documents/ITHILDIN_evaluation/reference/reference_finalselection/aedes_convector_f_l_765a204bd030.png,Repaired,1352,right,Aedes_koreicus,0.94,1040,49,19,0,22,81,190,333,544,877,712,699,625,596,634,468,490,115,125,169,223,263,301,345,377,426,255,253,215,217,188,155,142,253,aedes_convector_f_l_765a204bd030.png,aedes_convector_f_l_765a204bd030.tif,Aedes_koreicus
,/Users/kristophernolte/Documents/ITHILDIN_evaluation/reference/reference_finalselection/aedes_convector_f_l_77d925bcbf64.png,Repaired,942,left,Aedes_albopictus,0.96,769,84,60,33,39,86,156,254,389,664,519,504,462,459,461,293,331,96,85,108,143,181,215,245,270,290,189,179,153,153,130,119,102,185,aedes_convector_f_l_77d925bcbf64.png,aedes_convector_f_l_77d925bcbf64.tif,Aedes_albopictus
,/Users/kristophernolte/Documents/ITHILDIN_evaluation/reference/reference_finalselection/aedes_convector_f_l_7c33c7c707e0.png,Repaired,1258,left,Aedes_koreicus,0.96,989,99,62,34,49,107,219,348,540,854,695,680,645,625,648,436,461,130,95,128,178,223,270,317,352,395,252,250,213,213,180,148,130,248,aedes_convector_f_l_7c33c7c707e0.png,aedes_convector_f_l_7c33c7c707e0.tif,Aedes_koreicus
,/Users/kristophernolte/Documents/ITHILDIN_evaluation/reference/reference_finalselection/aedes_convector_f_l_7e548fb901b7.png,Repaired,927,left,Aedes_albopictus,0.28,742,98,70,47,53,98,149,244,387,666,531,523,486,476,484,336,328,101,82,105,139,175,211,234,261,287,179,177,154,154,133,116,107,183,aedes_convector_f_l_7e548fb901b7.png,aedes_convector_f_l_7e548fb901b7.tif,Aedes_albopictus
,/Users/kristophernolte/Documents/ITHILDIN_evaluation/reference/reference_finalselection/aedes_convector_f_l_7eb397006012.png,Repaired,1488,right,Aedes_japonicus,0.99,1129,88,32,0,7,66,201,374,593,988,778,756,687,675,712,468,477,131,103,153,210,260,310,373,410,454,272,272,228,235,197,166,150,285,aedes_convector_f_l_7eb397006012.png,aedes_convector_f_l_7eb397006012.tif,Aedes_japonicus
,/Users/kristophernolte/Documents/ITHILDIN_evaluation/reference/reference_finalselection/aedes_convector_f_l_8524cd7d70b4.png,Repaired,1349,left,Aedes_koreicus,0.92,1049,104,60,35,41,104,211,375,567,918,742,720,663,655,682,482,485,141,100,138,185,237,289,338,385,439,280,267,228,228,195,157,141,264,aedes_convector_f_l_8524cd7d70b4.png,aedes_convector_f_l_8524cd7d70b4.tif,Aedes_koreicus
,/Users/kristophernolte/Documents/ITHILDIN_evaluation/reference/reference_finalselection/aedes_convector_f_l_88403e380a03.png,Repaired,1371,right,Aedes_koreicus,0.83,1033,73,25,0,20,89,190,355,567,902,729,718,654,640,665,480,480,132,101,141,191,235,286,333,375,423,272,261,222,219,185,152,135,255,aedes_convector_f_l_88403e380a03.png,aedes_convector_f_l_88403e380a03.tif,Aedes_koreicus
,/Users/kristophernolte/Documents/ITHILDIN_evaluation/reference/reference_finalselection/aedes_convector_f_l_8b15a4ca8e42.png,Repaired,828,left,Aedes_albopictus,0.95,695,122,94,76,80,120,169,264,395,620,510,496,459,452,463,322,322,103,75,99,134,172,203,232,259,285,183,179,159,157,135,123,106,187,aedes_convector_f_l_8b15a4ca8e42.png,aedes_convector_f_l_8b15a4ca8e42.tif,Aedes_albopictus
,/Users/kristophernolte/Documents/ITHILDIN_evaluation/reference/reference_finalselection/aedes_convector_f_l_8d5dde9111b8.png,Repaired,1976,left,Aedes_koreicus,0.98,1579,161,114,78,102,201,355,600,860,1369,1109,1093,1030,1010,1057,734,754,167,163,223,301,365,424,487,534,594,361,365,313,313,262,219,199,369,aedes_convector_f_l_8d5dde9111b8.png,aedes_convector_f_l_8d5dde9111b8.tif,Aedes_koreicus
,/Users/kristophernolte/Documents/ITHILDIN_evaluation/reference/reference_finalselection/aedes_convector_f_l_98db3cd588d0.png,Repaired,1373,right,Aedes_albopictus,0.99,1033,71,32,0,11,78,182,315,518,916,713,700,650,630,653,396,385,124,122,158,208,257,306,353,392,444,273,267,221,228,197,166,150,286,aedes_convector_f_l_98db3cd588d0.png,aedes_convector_f_l_98db3cd588d0.tif,Aedes_albopictus
,/Users/kristophernolte/Documents/ITHILDIN_evaluation/reference/reference_finalselection/aedes_convector_f_l_9ad6cfd61b2f.png,Repaired,1495,left,Aedes_koreicus,0.99,1162,101,58,30,49,116,248,423,640,999,818,812,748,723,760,579,536,157,121,167,219,271,326,378,427,479,302,292,256,252,216,188,167,302,aedes_convector_f_l_9ad6cfd61b2f.png,aedes_convector_f_l_9ad6cfd61b2f.tif,Aedes_koreicus
,/Users/kristophernolte/Documents/ITHILDIN_evaluation/reference/reference_finalselection/aedes_convector_f_l_9eaf2bab66f7.png,Full Skeleton,1536,left,Aedes_japonicus,0.94,1276,147,110,76,101,181,306,466,678,1074,896,868,801,788,813,601,586,162,116,153,211,273,322,380,420,469,300,285,248,254,208,184,159,291,aedes_convector_f_l_9eaf2bab66f7.png,aedes_convector_f_l_9eaf2bab66f7.tif,Aedes_japonicus
,/Users/kristophernolte/Documents/ITHILDIN_evaluation/reference/reference_finalselection/aedes_convector_f_l_a47848f4868a.png,Repaired,1260,left,Aedes_koreicus,0.99,990,113,84,48,64,133,236,403,583,876,712,707,676,660,681,483,470,118,110,136,198,236,277,321,354,398,252,249,210,210,180,149,136,254,aedes_convector_f_l_a47848f4868a.png,aedes_convector_f_l_a47848f4868a.tif,Aedes_koreicus
,/Users/kristophernolte/Documents/ITHILDIN_evaluation/reference/reference_finalselection/aedes_convector_f_l_acbd161d6c57.png,Repaired,1309,right,Aedes_koreicus,0.99,1010,75,34,0,24,73,194,337,530,850,690,678,625,615,635,458,429,116,111,145,200,251,285,336,368,414,256,256,215,215,186,150,140,263,aedes_convector_f_l_acbd161d6c57.png,aedes_convector_f_l_acbd161d6c57.tif,Aedes_koreicus
,/Users/kristophernolte/Documents/ITHILDIN_evaluation/reference/reference_finalselection/aedes_convector_f_l_ae1750f4e7c5.png,Full Skeleton,1289,right,Aedes_koreicus,0.97,979,77,24,0,27,98,200,345,545,852,692,676,621,618,653,437,450,123,107,149,199,260,291,323,355,399,255,249,213,210,181,155,139,252,aedes_convector_f_l_ae1750f4e7c5.png,aedes_convector_f_l_ae1750f4e7c5.tif,Aedes_koreicus
,/Users/kristophernolte/Documents/ITHILDIN_evaluation/reference/reference_finalselection/aedes_convector_f_l_b7e82a1b3369.png,Repaired,1865,right,Aedes_koreicus,0.99,1414,87,21,0,25,102,266,482,745,1206,979,961,888,873,906,687,650,155,155,217,290,352,403,465,513,571,341,341,290,290,254,210,195,349,aedes_convector_f_l_b7e82a1b3369.png,aedes_convector_f_l_b7e82a1b3369.tif,Aedes_koreicus
,/Users/kristophernolte/Documents/ITHILDIN_evaluation/reference/reference_finalselection/aedes_convector_f_l_c1a3c21db946.png,Full Skeleton,1470,right,Aedes_koreicus,0.97,1099,70,21,0,21,97,224,400,599,975,790,778,693,690,711,490,515,137,122,164,216,270,319,367,407,461,282,276,231,237,195,161,146,276,aedes_convector_f_l_c1a3c21db946.png,aedes_convector_f_l_c1a3c21db946.tif,Aedes_koreicus
,/Users/kristophernolte/Documents/ITHILDIN_evaluation/reference/reference_finalselection/aedes_convector_f_l_c1c937a054d0.png,Full Skeleton,1127,left,Aedes_aegypti,0.97,907,93,54,32,43,109,192,295,455,802,608,608,535,530,553,436,356,148,98,132,176,214,263,299,329,372,251,247,214,205,185,160,141,242,aedes_convector_f_l_c1c937a054d0.png,aedes_convector_f_l_c1c937a054d0.tif,Aedes_aegypti
,/Users/kristophernolte/Documents/ITHILDIN_evaluation/reference/reference_finalselection/aedes_convector_f_l_c3ff24d162c3.png,Repaired,1721,left,Aedes_koreicus,0.99,1345,143,101,56,73,150,287,494,746,1191,949,956,883,869,907,630,606,175,143,185,255,318,371,438,483,543,340,336,290,290,248,210,192,350,aedes_convector_f_l_c3ff24d162c3.png,aedes_convector_f_l_c3ff24d162c3.tif,Aedes_koreicus
,/Users/kristophernolte/Documents/ITHILDIN_evaluation/reference/reference_finalselection/aedes_convector_f_l_c4a7ac484d1b.png,Full Skeleton,1332,left,Aedes_albopictus,0.99,1061,107,66,35,47,127,212,356,561,915,743,721,660,655,660,442,434,131,95,131,183,239,288,324,358,396,252,244,208,208,175,158,131,252,aedes_convector_f_l_c4a7ac484d1b.png,aedes_convector_f_l_c4a7ac484d1b.tif,Aedes_albopictus
,/Users/kristophernolte/Documents/ITHILDIN_evaluation/reference/reference_finalselection/aedes_convector_f_l_c6e5c7d6dd6d.png,Full Skeleton,1344,right,Aedes_koreicus,0.98,1019,67,29,0,8,67,169,343,544,874,705,683,627,619,649,434,431,127,111,143,199,245,288,336,376,422,261,258,223,229,183,159,140,266,aedes_convector_f_l_c6e5c7d6dd6d.png,aedes_convector_f_l_c6e5c7d6dd6d.tif,Aedes_koreicus
,/Users/kristophernolte/Documents/ITHILDIN_evaluation/reference/reference_finalselection/aedes_convector_f_l_cb76e3c28695.png,Repaired,1194,left,Aedes_albopictus,0.99,985,169,130,101,112,166,234,357,565,894,730,706,657,646,665,432,474,146,114,148,200,252,297,339,378,412,263,258,229,226,198,177,156,271,aedes_convector_f_l_cb76e3c28695.png,aedes_convector_f_l_cb76e3c28695.tif,Aedes_albopictus
,/Users/kristophernolte/Documents/ITHILDIN_evaluation/reference/reference_finalselection/aedes_convector_f_l_cfb7042783ae.png,Repaired,805,left,Aedes_albopictus,0.98,649,89,57,37,35,83,137,225,346,577,453,441,402,393,409,271,273,93,67,93,123,162,198,222,246,271,173,171,144,147,127,108,98,176,aedes_convector_f_l_cfb7042783ae.png,aedes_convector_f_l_cfb7042783ae.tif,Aedes_albopictus
,/Users/kristophernolte/Documents/ITHILDIN_evaluation/reference/reference_finalselection/aedes_convector_f_l_d14330807aea.png,Full Skeleton,1584,right,Aedes_japonicus,0.71,1199,78,30,0,27,98,243,422,618,1057,841,831,747,730,753,568,557,177,146,190,251,309,366,423,467,525,336,326,275,275,234,207,180,326,aedes_convector_f_l_d14330807aea.png,aedes_convector_f_l_d14330807aea.tif,Aedes_japonicus
,/Users/kristophernolte/Documents/ITHILDIN_evaluation/reference/reference_finalselection/aedes_convector_f_l_d52ad9dcc0c3.png,Full Skeleton,1283,left,Aedes_japonicus,0.98,1039,138,99,73,80,141,237,399,558,919,746,733,676,658,691,524,498,141,94,133,180,235,279,321,360,402,258,250,214,214,177,148,135,253,aedes_convector_f_l_d52ad9dcc0c3.png,aedes_convector_f_l_d52ad9dcc0c3.tif,Aedes_japonicus
,/Users/kristophernolte/Documents/ITHILDIN_evaluation/reference/reference_finalselection/aedes_convector_f_l_d776e4287aff.png,Full Skeleton,1506,left,Aedes_koreicus,0.99,1229,168,125,100,113,189,321,492,709,1085,886,880,819,810,843,635,645,142,129,169,227,282,334,383,426,469,285,292,246,243,212,181,163,288,aedes_convector_f_l_d776e4287aff.png,aedes_convector_f_l_d776e4287aff.tif,Aedes_koreicus
,/Users/kristophernolte/Documents/ITHILDIN_evaluation/reference/reference_finalselection/aedes_convector_f_l_d78a66c7f203.png,Repaired,1640,left,Aedes_japonicus,0.97,1330,166,129,91,102,173,302,459,690,1170,946,942,867,847,871,670,612,207,112,153,210,265,323,381,438,503,350,326,282,282,234,210,170,316,aedes_convector_f_l_d78a66c7f203.png,aedes_convector_f_l_d78a66c7f203.tif,Aedes_japonicus
,/Users/kristophernolte/Documents/ITHILDIN_evaluation/reference/reference_finalselection/aedes_convector_f_l_d7e7ad8334e6.png,Full Skeleton,1578,left,Aedes_japonicus,0.99,1288,164,122,90,118,192,310,502,705,1138,932,907,838,827,862,659,628,197,141,176,232,288,343,399,455,508,329,323,277,281,246,214,186,323,aedes_convector_f_l_d7e7ad8334e6.png,aedes_convector_f_l_d7e7ad8334e6.tif,Aedes_japonicus
,/Users/kristophernolte/Documents/ITHILDIN_evaluation/reference/reference_finalselection/aedes_convector_f_l_dc715b098249.png,Repaired,1451,right,Aedes_albopictus,0.96,1100,70,37,0,15,88,188,340,531,970,767,755,682,661,673,458,440,146,131,165,225,283,334,380,416,459,280,274,231,234,198,177,159,286,aedes_convector_f_l_dc715b098249.png,aedes_convector_f_l_dc715b098249.tif,Aedes_albopictus
,/Users/kristophernolte/Documents/ITHILDIN_evaluation/reference/reference_finalselection/aedes_convector_f_l_def1add2a961.png,Repaired,1454,left,Aedes_koreicus,0.98,1193,175,126,101,116,199,332,492,695,1073,864,858,802,784,818,609,609,167,152,192,250,309,358,407,441,484,306,315,269,266,238,207,189,315,aedes_convector_f_l_def1add2a961.png,aedes_convector_f_l_def1add2a961.tif,Aedes_koreicus
,/Users/kristophernolte/Documents/ITHILDIN_evaluation/reference/reference_finalselection/aedes_convector_f_l_e30c1656edbe.png,Repaired,1557,left,Aedes_japonicus,0.99,1260,154,116,93,110,186,314,517,689,1126,931,899,817,803,858,651,602,114,141,187,242,298,344,385,417,461,269,263,222,234,202,161,152,292,aedes_convector_f_l_e30c1656edbe.png,aedes_convector_f_l_e30c1656edbe.tif,Aedes_japonicus
,/Users/kristophernolte/Documents/ITHILDIN_evaluation/reference/reference_finalselection/aedes_convector_f_l_e5c4fabad341.png,Repaired,973,right,Aedes_aegypti,0.98,725,65,24,0,4,67,146,245,396,672,514,510,455,451,459,300,302,90,61,92,135,173,208,240,269,299,183,175,153,153,131,110,94,185,aedes_convector_f_l_e5c4fabad341.png,aedes_convector_f_l_e5c4fabad341.tif,Aedes_aegypti
,/Users/kristophernolte/Documents/ITHILDIN_evaluation/reference/reference_finalselection/aedes_convector_f_l_e81b1ce142a7.png,Full Skeleton,1553,left,Aedes_japonicus,0.97,1273,173,122,96,119,199,328,498,710,1141,926,910,833,810,836,630,630,131,131,180,238,295,337,382,421,463,279,276,238,241,196,173,151,286,aedes_convector_f_l_e81b1ce142a7.png,aedes_convector_f_l_e81b1ce142a7.tif,Aedes_japonicus
,/Users/kristophernolte/Documents/ITHILDIN_evaluation/reference/reference_finalselection/aedes_convector_f_l_eb733b7bd6e4.png,Repaired,1647,right,Aedes_japonicus,0.99,1261,63,21,0,24,102,239,419,652,1082,874,863,764,743,782,546,574,151,137,183,243,299,341,387,440,500,317,303,253,250,218,183,162,296,aedes_convector_f_l_eb733b7bd6e4.png,aedes_convector_f_l_eb733b7bd6e4.tif,Aedes_koreicus
,/Users/kristophernolte/Documents/ITHILDIN_evaluation/reference/reference_finalselection/aedes_convector_f_l_f38f9fac0339.png,Full Skeleton,1159,right,Aedes_japonicus,0.96,877,64,22,0,18,69,174,298,445,773,621,601,539,537,552,414,399,105,99,139,188,234,266,308,339,373,221,223,190,197,159,141,132,234,aedes_convector_f_l_f38f9fac0339.png,aedes_convector_f_l_f38f9fac0339.tif,Aedes_japonicus
,/Users/kristophernolte/Documents/ITHILDIN_evaluation/reference/reference_finalselection/aedes_convector_f_l_f762921db5cb.png,Repaired,1513,left,Aedes_koreicus,0.98,1182,116,56,41,56,140,274,456,659,1023,844,832,767,752,779,546,561,137,134,185,244,295,340,394,438,480,292,286,253,247,211,182,161,301,aedes_convector_f_l_f762921db5cb.png,aedes_convector_f_l_f762921db5cb.tif,Aedes_koreicus
,/Users/kristophernolte/Documents/ITHILDIN_evaluation/reference/reference_finalselection/aedes_convector_f_l_f85d1c5a9131.png,Repaired,988,left,Aedes_aegypti,0.86,800,114,83,52,59,114,181,297,448,709,580,568,515,499,523,370,383,109,90,119,162,206,243,272,300,327,206,200,172,176,151,131,121,206,aedes_convector_f_l_f85d1c5a9131.png,aedes_convector_f_l_f85d1c5a9131.tif,Aedes_albopictus
,/Users/kristophernolte/Documents/ITHILDIN_evaluation/reference/reference_finalselection/aedes_convector_f_l_f9abea65b7b1.png,Full Skeleton,1554,left,Aedes_aegypti,0.9,1206,138,66,36,49,142,267,452,667,1087,852,846,770,763,783,551,518,140,104,153,223,279,342,391,431,480,295,285,242,239,206,170,147,299,aedes_convector_f_l_f9abea65b7b1.png,aedes_convector_f_l_f9abea65b7b1.tif,Aedes_aegypti
,/Users/kristophernolte/Documents/ITHILDIN_evaluation/reference/reference_finalselection/aedes_convector_f_l_fa3b78d2d720.png,Repaired,1313,left,Aedes_albopictus,0.98,999,113,67,37,43,99,188,352,522,913,730,719,660,646,676,455,455,132,110,145,193,245,293,336,382,422,269,264,229,229,199,167,153,266,aedes_convector_f_l_fa3b78d2d720.png,aedes_convector_f_l_fa3b78d2d720.tif,Aedes_albopictus
,/Users/kristophernolte/Documents/ITHILDIN_evaluation/reference/reference_finalselection/aedes_convector_f_l_fe7317484a75.png,Full Skeleton,1403,right,Aedes_japonicus,0.99,1062,86,28,0,15,93,204,353,573,935,753,722,666,644,672,427,468,119,100,150,202,258,308,354,395,435,258,258,215,224,190,156,147,277,aedes_convector_f_l_fe7317484a75.png,aedes_convector_f_l_fe7317484a75.tif,Aedes_japonicus
,/Users/kristophernolte/Documents/ITHILDIN_evaluation/reference/reference_finalselection/aedes_convector_f_r_0f16e9c890e3.png,Repaired,996,left,Aedes_albopictus,0.95,816,112,78,57,57,110,168,270,408,710,578,567,510,499,508,325,333,109,88,120,158,201,241,266,290,320,203,192,166,169,141,130,113,205,aedes_convector_f_r_0f16e9c890e3.png,aedes_convector_f_r_0f16e9c890e3.tif,Aedes_albopictus
,/Users/kristophernolte/Documents/ITHILDIN_evaluation/reference/reference_finalselection/aedes_convector_f_r_13e233c0bdf0.png,Repaired,1322,left,Aedes_koreicus,0.99,1043,125,83,55,69,141,264,420,595,929,765,748,687,687,706,511,520,140,104,143,201,246,296,346,382,432,274,260,226,221,201,176,148,265,aedes_convector_f_r_13e233c0bdf0.png,aedes_convector_f_r_13e233c0bdf0.tif,Aedes_koreicus
,/Users/kristophernolte/Documents/ITHILDIN_evaluation/reference/reference_finalselection/aedes_convector_f_r_2cad69deeb6c.png,Repaired,1035,left,Aedes_aegypti,0.98,813,101,58,35,45,101,194,290,446,742,578,570,524,512,537,363,331,129,98,131,175,214,249,285,310,345,229,223,193,196,166,146,123,233,aedes_convector_f_r_2cad69deeb6c.png,aedes_convector_f_r_2cad69deeb6c.tif,Aedes_aegypti
,/Users/kristophernolte/Documents/ITHILDIN_evaluation/reference/reference_finalselection/aedes_convector_f_r_3416b07173c5.png,Repaired,922,left,Aedes_albopictus,0.95,703,79,52,32,35,77,134,237,379,647,516,505,467,454,474,309,320,95,82,109,142,176,213,244,275,302,190,190,163,167,140,118,109,194,aedes_convector_f_r_3416b07173c5.png,aedes_convector_f_r_3416b07173c5.tif,Aedes_albopictus
,/Users/kristophernolte/Documents/ITHILDIN_evaluation/reference/reference_finalselection/aedes_convector_f_r_3d4b501828b0.png,Repaired,1200,right,Aedes_koreicus,0.99,910,34,19,0,3,62,157,293,462,767,617,607,564,555,576,384,369,110,98,129,179,227,267,303,334,367,232,224,191,196,167,134,127,234,aedes_convector_f_r_3d4b501828b0.png,aedes_convector_f_r_3d4b501828b0.tif,Aedes_koreicus
,/Users/kristophernolte/Documents/ITHILDIN_evaluation/reference/reference_finalselection/aedes_convector_f_r_404973b11997.png,Full Skeleton,1563,left,Aedes_japonicus,0.98,1285,171,117,90,114,194,332,493,725,1128,936,913,815,809,832,617,570,135,122,172,233,287,334,384,421,468,287,280,236,243,199,172,152,300,aedes_convector_f_r_404973b11997.png,aedes_convector_f_r_404973b11997.tif,Aedes_japonicus
,/Users/kristophernolte/Documents/ITHILDIN_evaluation/reference/reference_finalselection/aedes_convector_f_r_4f408d66c8ee.png,Repaired,1571,left,Aedes_japonicus,0.99,1277,167,119,95,98,176,298,471,686,1137,910,904,815,803,835,632,615,149,116,155,211,280,334,385,426,486,298,292,253,244,211,182,161,298,aedes_convector_f_r_4f408d66c8ee.png,aedes_convector_f_r_4f408d66c8ee.tif,Aedes_japonicus
,/Users/kristophernolte/Documents/ITHILDIN_evaluation/reference/reference_finalselection/aedes_convector_f_r_581bf2a6b4a2.png,Repaired,1562,left,Aedes_japonicus,0.92,1258,170,112,77,90,151,289,470,689,1101,891,885,824,798,827,582,569,136,104,149,207,268,320,387,429,481,301,288,246,246,207,175,152,301,aedes_convector_f_r_581bf2a6b4a2.png,aedes_convector_f_r_581bf2a6b4a2.tif,Aedes_japonicus
,/Users/kristophernolte/Documents/ITHILDIN_evaluation/reference/reference_finalselection/aedes_convector_f_r_58c2a2804174.png,Repaired,866,left,Aedes_albopictus,0.91,707,108,76,51,55,108,170,261,386,634,506,498,462,460,466,321,313,97,66,89,122,156,198,221,246,275,177,173,151,147,128,116,99,175,aedes_convector_f_r_58c2a2804174.png,aedes_convector_f_r_58c2a2804174.tif,Aedes_albopictus
,/Users/kristophernolte/Documents/ITHILDIN_evaluation/reference/reference_finalselection/aedes_convector_f_r_67a9187d12e0.png,Repaired,1438,left,Aedes_japonicus,0.99,1142,121,72,51,62,153,261,423,607,996,810,796,731,715,742,561,558,129,132,180,237,291,340,380,415,464,283,278,234,240,207,170,159,286,aedes_convector_f_r_67a9187d12e0.png,aedes_convector_f_r_67a9187d12e0.tif,Aedes_japonicus
,/Users/kristophernolte/Documents/ITHILDIN_evaluation/reference/reference_finalselection/aedes_convector_f_r_6ac1e5f0d28e.png,Repaired,1020,left,Aedes_aegypti,0.96,831,113,77,53,62,117,190,305,449,740,587,582,531,523,529,374,376,168,164,192,230,274,308,336,361,392,272,270,239,241,219,201,183,274,aedes_convector_f_r_6ac1e5f0d28e.png,aedes_convector_f_r_6ac1e5f0d28e.tif,Aedes_albopictus
,/Users/kristophernolte/Documents/ITHILDIN_evaluation/reference/reference_finalselection/aedes_convector_f_r_7263c85154f8.png,Full Skeleton,765,left,Aedes_aegypti,0.95,605,84,53,30,34,84,151,220,339,557,430,428,394,389,391,256,251,75,57,80,114,142,173,199,219,247,147,147,124,123,106,93,82,155,aedes_convector_f_r_7263c85154f8.png,aedes_convector_f_r_7263c85154f8.tif,Aedes_aegypti
,/Users/kristophernolte/Documents/ITHILDIN_evaluation/reference/reference_finalselection/aedes_convector_f_r_77d35ae5558d.png,Repaired,1180,left,Aedes_koreicus,0.97,932,79,57,39,53,106,214,347,513,806,655,646,593,584,604,443,423,120,114,140,187,238,273,320,351,384,242,240,207,209,176,147,136,247,aedes_convector_f_r_77d35ae5558d.png,aedes_convector_f_r_77d35ae5558d.tif,Aedes_koreicus
,/Users/kristophernolte/Documents/ITHILDIN_evaluation/reference/reference_finalselection/aedes_convector_f_r_7fe3ec219cbd.png,Full Skeleton,1474,left,Aedes_japonicus,0.98,1199,156,113,81,104,174,304,482,673,1051,879,845,778,769,792,589,572,126,120,161,219,274,320,378,422,463,271,271,233,233,201,169,152,291,aedes_convector_f_r_7fe3ec219cbd.png,aedes_convector_f_r_7fe3ec219cbd.tif,Aedes_japonicus
,/Users/kristophernolte/Documents/ITHILDIN_evaluation/reference/reference_finalselection/aedes_convector_f_r_921416d11bee.png,Repaired,1385,left,Aedes_koreicus,0.98,1105,140,99,78,90,157,283,452,633,989,814,796,735,723,755,548,545,138,112,156,199,252,307,360,401,447,284,272,229,229,202,173,147,281,aedes_convector_f_r_921416d11bee.png,aedes_convector_f_r_921416d11bee.tif,Aedes_koreicus
,/Users/kristophernolte/Documents/ITHILDIN_evaluation/reference/reference_finalselection/aedes_convector_f_r_9223ea5d6b2f.png,Repaired,1299,left,Aedes_koreicus,0.99,1037,98,54,38,46,111,210,365,555,871,718,705,646,635,666,469,459,129,101,140,189,230,275,316,347,391,251,238,210,210,179,150,132,246,aedes_convector_f_r_9223ea5d6b2f.png,aedes_convector_f_r_9223ea5d6b2f.tif,Aedes_koreicus
,/Users/kristophernolte/Documents/ITHILDIN_evaluation/reference/reference_finalselection/aedes_convector_f_r_96f061ecfb66.png,Full Skeleton,953,left,Aedes_aegypti,0.97,773,86,49,28,37,91,172,266,404,675,517,515,460,458,469,328,307,82,72,104,142,172,208,240,261,287,178,176,150,148,125,107,91,187,aedes_convector_f_r_96f061ecfb66.png,aedes_convector_f_r_96f061ecfb66.tif,Aedes_aegypti
,/Users/kristophernolte/Documents/ITHILDIN_evaluation/reference/reference_finalselection/aedes_convector_f_r_9e25c4c4fea0.png,Full Skeleton,932,right,Aedes_aegypti,0.89,700,57,18,0,9,67,152,239,374,641,494,478,432,429,438,298,292,86,77,113,150,186,221,253,278,306,184,187,154,152,134,111,99,194,aedes_convector_f_r_9e25c4c4fea0.png,aedes_convector_f_r_9e25c4c4fea0.tif,Aedes_aegypti
,/Users/kristophernolte/Documents/ITHILDIN_evaluation/reference/reference_finalselection/aedes_convector_f_r_9ff7c1646b7b.png,Full Skeleton,1573,left,Aedes_japonicus,0.99,1273,184,127,92,101,193,330,496,702,1145,928,910,833,827,839,675,639,127,122,166,235,291,348,404,446,494,279,285,244,244,208,175,154,303,aedes_convector_f_r_9ff7c1646b7b.png,aedes_convector_f_r_9ff7c1646b7b.tif,Aedes_japonicus
,/Users/kristophernolte/Documents/ITHILDIN_evaluation/reference/reference_finalselection/aedes_convector_f_r_a0005be8e07a.png,Full Skeleton,1342,left,Aedes_koreicus,0.99,1048,97,62,37,54,124,229,391,580,921,748,718,688,675,683,494,483,155,133,171,222,271,312,360,406,447,293,282,247,244,209,182,160,293,aedes_convector_f_r_a0005be8e07a.png,aedes_convector_f_r_a0005be8e07a.tif,Aedes_koreicus
,/Users/kristophernolte/Documents/ITHILDIN_evaluation/reference/reference_finalselection/aedes_convector_f_r_b21688ae44cc.png,Repaired,996,left,Aedes_albopictus,0.95,780,96,58,35,42,96,158,275,438,704,554,547,507,492,521,351,364,100,87,123,163,203,239,263,288,317,194,192,167,165,143,129,111,199,aedes_convector_f_r_b21688ae44cc.png,aedes_convector_f_r_b21688ae44cc.tif,Aedes_albopictus
,/Users/kristophernolte/Documents/ITHILDIN_evaluation/reference/reference_finalselection/aedes_convector_f_r_b68ad754bd4e.png,Repaired,796,left,Aedes_aegypti,0.98,636,87,53,31,36,86,159,245,366,580,449,442,401,396,402,278,263,79,61,84,121,152,184,208,230,256,159,157,132,132,116,97,82,167,aedes_convector_f_r_b68ad754bd4e.png,aedes_convector_f_r_b68ad754bd4e.tif,Aedes_aegypti
,/Users/kristophernolte/Documents/ITHILDIN_evaluation/reference/reference_finalselection/aedes_convector_f_r_d560c3ca41b9.png,Full Skeleton,812,left,Aedes_aegypti,0.79,646,82,52,32,38,82,144,225,345,572,458,449,412,404,414,271,266,85,69,96,128,165,197,223,246,272,176,167,145,144,123,108,95,172,aedes_convector_f_r_d560c3ca41b9.png,aedes_convector_f_r_d560c3ca41b9.tif,Aedes_albopictus
,/Users/kristophernolte/Documents/ITHILDIN_evaluation/reference/reference_finalselection/aedes_convector_f_r_dc1d3ae0bc82.png,Repaired,867,left,Aedes_albopictus,0.96,686,94,61,32,34,76,140,227,368,604,499,473,442,428,440,304,289,93,64,88,124,161,197,228,252,281,181,172,152,152,132,115,99,179,aedes_convector_f_r_dc1d3ae0bc82.png,aedes_convector_f_r_dc1d3ae0bc82.tif,Aedes_albopictus
,/Users/kristophernolte/Documents/ITHILDIN_evaluation/reference/reference_finalselection/aedes_convector_f_r_dfba6cf24042.png,Repaired,1297,left,Aedes_koreicus,0.98,1030,90,64,36,51,114,218,371,571,877,714,703,644,631,664,472,449,111,114,145,192,241,288,334,355,402,246,246,210,210,181,150,132,262,aedes_convector_f_r_dfba6cf24042.png,aedes_convector_f_r_dfba6cf24042.tif,Aedes_koreicus
,/Users/kristophernolte/Documents/ITHILDIN_evaluation/reference/reference_finalselection/aedes_convector_f_r_e83efeb79a16.png,Repaired,1594,left,Aedes_japonicus,0.92,1317,217,134,100,110,184,315,496,724,1173,938,915,824,818,855,643,643,160,100,154,214,274,335,395,445,502,308,301,261,264,221,184,160,305,aedes_convector_f_r_e83efeb79a16.png,aedes_convector_f_r_e83efeb79a16.tif,Aedes_japonicus
,/Users/kristophernolte/Documents/ITHILDIN_evaluation/reference/reference_finalselection/aedes_convector_f_r_ebb3b1626758.png,Repaired,1451,left,Aedes_koreicus,0.93,1186,156,118,92,110,191,321,484,687,1052,867,858,791,768,797,600,609,130,127,165,217,275,313,362,397,440,269,266,223,223,188,168,142,269,aedes_convector_f_r_ebb3b1626758.png,aedes_convector_f_r_ebb3b1626758.tif,Aedes_koreicus
,/Users/kristophernolte/Documents/ITHILDIN_evaluation/reference/reference_finalselection/aedes_eid-med + bnitm colab_f_l_00ffb3545be6.png,Full Skeleton,1512,right,Aedes_detritus-coluzzi-pair,0.98,1177,70,24,0,18,83,193,365,593,959,750,735,698,685,713,452,479,156,156,206,261,313,381,433,488,541,344,338,276,276,236,193,181,332,aedes_eid-med + bnitm colab_f_l_00ffb3545be6.png,aedes_eid-med + bnitm colab_f_l_00ffb3545be6.tif,Aedes_detritus-coluzzi-pair
,/Users/kristophernolte/Documents/ITHILDIN_evaluation/reference/reference_finalselection/aedes_eid-med + bnitm colab_f_l_02d48979e212.png,Full Skeleton,1530,right,Aedes_detritus-coluzzi-pair,0.98,1204,93,23,0,16,96,227,403,605,983,772,768,714,692,720,461,490,152,136,190,248,299,360,417,472,532,347,321,273,270,225,190,168,324,aedes_eid-med + bnitm colab_f_l_02d48979e212.png,aedes_eid-med + bnitm colab_f_l_02d48979e212.tif,Aedes_detritus-coluzzi-pair
,/Users/kristophernolte/Documents/ITHILDIN_evaluation/reference/reference_finalselection/aedes_eid-med + bnitm colab_f_l_04da2dff3191.png,Full Skeleton,1497,right,Aedes_detritus-coluzzi-pair,0.99,1145,75,22,0,19,100,222,384,599,980,767,758,705,680,714,424,481,163,157,210,272,329,382,435,478,525,347,325,279,272,232,191,185,329,aedes_eid-med + bnitm colab_f_l_04da2dff3191.png,aedes_eid-med + bnitm colab_f_l_04da2dff3191.tif,Aedes_detritus-coluzzi-pair
,/Users/kristophernolte/Documents/ITHILDIN_evaluation/reference/reference_finalselection/aedes_eid-med + bnitm colab_f_l_0a8651420bd1.png,Full Skeleton,1476,right,Aedes_detritus-coluzzi-pair,0.99,1155,65,25,0,18,102,226,394,587,950,745,723,683,664,695,453,493,139,142,186,242,301,366,428,474,521,319,313,257,257,220,183,170,313,aedes_eid-med + bnitm colab_f_l_0a8651420bd1.png,aedes_eid-med + bnitm colab_f_l_0a8651420bd1.tif,Aedes_detritus-coluzzi-pair
,/Users/kristophernolte/Documents/ITHILDIN_evaluation/reference/reference_finalselection/aedes_eid-med + bnitm colab_f_l_110e909fb01a.png,Full Skeleton,1489,right,Aedes_detritus-coluzzi-pair,0.98,1146,74,26,0,16,93,218,374,598,970,752,739,701,679,685,464,490,139,136,184,248,302,363,420,468,520,324,308,254,257,212,180,164,308,aedes_eid-med + bnitm colab_f_l_110e909fb01a.png,aedes_eid-med + bnitm colab_f_l_110e909fb01a.tif,Aedes_detritus-coluzzi-pair
,/Users/kristophernolte/Documents/ITHILDIN_evaluation/reference/reference_finalselection/aedes_eid-med + bnitm colab_f_l_1a9146089ae2.png,Full Skeleton,1344,right,Aedes_detritus-coluzzi-pair,0.99,1081,72,18,0,21,102,225,371,545,868,662,659,632,623,632,320,401,119,104,146,188,242,293,344,380,422,275,260,215,212,170,149,134,254,aedes_eid-med + bnitm colab_f_l_1a9146089ae2.png,aedes_eid-med + bnitm colab_f_l_1a9146089ae2.tif,Aedes_detritus-coluzzi-pair
,/Users/kristophernolte/Documents/ITHILDIN_evaluation/reference/reference_finalselection/aedes_eid-med + bnitm colab_f_l_24c21cbc0082.png,Full Skeleton,1471,right,Aedes_detritus-coluzzi-pair,0.98,1146,71,19,0,22,100,222,389,579,950,747,744,682,673,689,434,476,170,161,209,264,322,380,431,479,531,341,325,276,273,231,202,183,328,aedes_eid-med + bnitm colab_f_l_24c21cbc0082.png,aedes_eid-med + bnitm colab_f_l_24c21cbc0082.tif,Aedes_detritus-coluzzi-pair
,/Users/kristophernolte/Documents/ITHILDIN_evaluation/reference/reference_finalselection/aedes_eid-med + bnitm colab_f_l_2bcfa13a88bc.png,Full Skeleton,1479,right,Aedes_detritus-coluzzi-pair,0.98,1126,71,20,0,17,100,203,393,599,959,744,731,689,679,682,441,499,149,136,191,252,316,377,429,484,538,332,320,265,265,217,184,168,316,aedes_eid-med + bnitm colab_f_l_2bcfa13a88bc.png,aedes_eid-med + bnitm colab_f_l_2bcfa13a88bc.tif,Aedes_detritus-coluzzi-pair
,/Users/kristophernolte/Documents/ITHILDIN_evaluation/reference/reference_finalselection/aedes_eid-med + bnitm colab_f_l_3a1939feef9b.png,Full Skeleton,1333,right,Aedes_detritus-coluzzi-pair,0.98,1068,82,23,0,26,91,203,353,536,856,670,666,614,608,608,287,369,122,89,129,178,223,279,331,373,422,276,253,210,210,171,148,129,256,aedes_eid-med + bnitm colab_f_l_3a1939feef9b.png,aedes_eid-med + bnitm colab_f_l_3a1939feef9b.tif,Aedes_detritus-coluzzi-pair
,/Users/kristophernolte/Documents/ITHILDIN_evaluation/reference/reference_finalselection/aedes_eid-med + bnitm colab_f_l_3ad44fb9d723.png,Full Skeleton,1458,right,Aedes_detritus-coluzzi-pair,0.99,1095,47,24,0,15,77,184,363,568,940,729,717,687,678,690,464,476,147,147,186,242,293,352,409,459,513,320,305,254,254,209,177,162,302,aedes_eid-med + bnitm colab_f_l_3ad44fb9d723.png,aedes_eid-med + bnitm colab_f_l_3ad44fb9d723.tif,Aedes_detritus-coluzzi-pair
,/Users/kristophernolte/Documents/ITHILDIN_evaluation/reference/reference_finalselection/aedes_eid-med + bnitm colab_f_l_48802e806430.png,Full Skeleton,1525,right,Aedes_detritus-coluzzi-pair,0.97,1166,62,23,0,20,105,217,397,595,995,762,755,713,700,706,480,503,156,152,202,267,323,389,448,504,556,340,333,277,274,231,198,179,326,aedes_eid-med + bnitm colab_f_l_48802e806430.png,aedes_eid-med + bnitm colab_f_l_48802e806430.tif,Aedes_detritus-coluzzi-pair
,/Users/kristophernolte/Documents/ITHILDIN_evaluation/reference/reference_finalselection/aedes_eid-med + bnitm colab_f_l_56bf4663ba26.png,Full Skeleton,1366,right,Aedes_detritus-coluzzi-pair,0.99,1083,52,16,0,13,86,205,360,546,858,672,669,632,620,626,281,376,114,111,144,193,236,288,349,388,434,279,260,218,215,178,151,135,263,aedes_eid-med + bnitm colab_f_l_56bf4663ba26.png,aedes_eid-med + bnitm colab_f_l_56bf4663ba26.tif,Aedes_detritus-coluzzi-pair
,/Users/kristophernolte/Documents/ITHILDIN_evaluation/reference/reference_finalselection/aedes_eid-med + bnitm colab_f_l_5b7912446659.png,Repaired,1456,right,Aedes_detritus-coluzzi-pair,0.98,1133,59,22,0,15,87,200,386,571,932,722,712,662,659,668,436,464,157,128,175,238,292,354,414,464,524,329,317,263,260,216,178,160,307,aedes_eid-med + bnitm colab_f_l_5b7912446659.png,aedes_eid-med + bnitm colab_f_l_5b7912446659.tif,Aedes_detritus-coluzzi-pair
,/Users/kristophernolte/Documents/ITHILDIN_evaluation/reference/reference_finalselection/aedes_eid-med + bnitm colab_f_l_761f62d7af30.png,Full Skeleton,1468,right,Aedes_detritus-coluzzi-pair,0.99,1147,53,12,0,22,81,181,357,555,931,724,711,664,661,671,470,476,152,145,199,252,312,362,415,471,519,337,318,268,265,221,183,167,312,aedes_eid-med + bnitm colab_f_l_761f62d7af30.png,aedes_eid-med + bnitm colab_f_l_761f62d7af30.tif,Aedes_detritus-coluzzi-pair
,/Users/kristophernolte/Documents/ITHILDIN_evaluation/reference/reference_finalselection/aedes_eid-med + bnitm colab_f_l_78f3b79b12fa.png,Full Skeleton,1446,right,Aedes_detritus-coluzzi-pair,0.99,1124,80,31,0,25,104,214,385,593,944,743,730,682,672,678,407,483,143,134,183,241,299,354,403,445,494,314,299,250,250,207,177,161,302,aedes_eid-med + bnitm colab_f_l_78f3b79b12fa.png,aedes_eid-med + bnitm colab_f_l_78f3b79b12fa.tif,Aedes_detritus-coluzzi-pair
,/Users/kristophernolte/Documents/ITHILDIN_evaluation/reference/reference_finalselection/aedes_eid-med + bnitm colab_f_l_83560d0f5b78.png,Full Skeleton,1477,right,Aedes_detritus-coluzzi-pair,0.98,1148,86,26,0,6,93,220,380,594,938,748,748,704,694,697,360,430,130,106,146,197,253,310,367,410,467,327,287,240,240,190,163,146,280,aedes_eid-med + bnitm colab_f_l_83560d0f5b78.png,aedes_eid-med + bnitm colab_f_l_83560d0f5b78.tif,Aedes_detritus-coluzzi-pair
,/Users/kristophernolte/Documents/ITHILDIN_evaluation/reference/reference_finalselection/aedes_eid-med + bnitm colab_f_l_9025ec1ae10c.png,Full Skeleton,1458,right,Aedes_detritus-coluzzi-pair,0.85,1135,70,26,0,20,89,204,372,560,934,738,731,680,671,683,452,471,152,139,187,247,301,352,403,454,520,324,308,257,254,216,187,162,304,aedes_eid-med + bnitm colab_f_l_9025ec1ae10c.png,aedes_eid-med + bnitm colab_f_l_9025ec1ae10c.tif,Aedes_detritus-coluzzi-pair
,/Users/kristophernolte/Documents/ITHILDIN_evaluation/reference/reference_finalselection/aedes_eid-med + bnitm colab_f_l_91854d2e9c1a.png,Full Skeleton,1365,right,Aedes_detritus-coluzzi-pair,0.98,1092,77,22,0,19,96,216,364,562,867,679,676,642,636,642,312,383,135,98,138,182,231,283,339,382,431,290,268,225,225,182,148,135,259,aedes_eid-med + bnitm colab_f_l_91854d2e9c1a.png,aedes_eid-med + bnitm colab_f_l_91854d2e9c1a.tif,Aedes_detritus-coluzzi-pair
,/Users/kristophernolte/Documents/ITHILDIN_evaluation/reference/reference_finalselection/aedes_eid-med + bnitm colab_f_l_9a5792c509c0.png,Full Skeleton,1486,right,Aedes_detritus-coluzzi-pair,0.99,1142,84,24,0,18,88,203,390,587,963,757,745,696,690,702,439,472,134,149,207,262,316,374,416,455,510,316,301,252,252,210,177,162,307,aedes_eid-med + bnitm colab_f_l_9a5792c509c0.png,aedes_eid-med + bnitm colab_f_l_9a5792c509c0.tif,Aedes_detritus-coluzzi-pair
,/Users/kristophernolte/Documents/ITHILDIN_evaluation/reference/reference_finalselection/aedes_eid-med + bnitm colab_f_l_9c8554e9a76a.png,Full Skeleton,1555,right,Aedes_detritus-coluzzi-pair,0.98,1161,62,16,0,20,107,217,388,608,996,802,786,737,724,753,466,524,159,156,208,266,328,389,447,502,560,347,328,282,279,231,198,172,334,aedes_eid-med + bnitm colab_f_l_9c8554e9a76a.png,aedes_eid-med + bnitm colab_f_l_9c8554e9a76a.tif,Aedes_detritus-coluzzi-pair
,/Users/kristophernolte/Documents/ITHILDIN_evaluation/reference/reference_finalselection/aedes_eid-med + bnitm colab_f_l_a9a9d69b1132.png,Full Skeleton,1308,right,Aedes_detritus-coluzzi-pair,0.98,1009,67,19,0,17,79,163,321,505,829,657,651,612,592,623,403,423,149,132,180,225,276,335,386,431,479,310,296,251,248,214,177,163,296,aedes_eid-med + bnitm colab_f_l_a9a9d69b1132.png,aedes_eid-med + bnitm colab_f_l_a9a9d69b1132.tif,Aedes_detritus-coluzzi-pair
,/Users/kristophernolte/Documents/ITHILDIN_evaluation/reference/reference_finalselection/aedes_eid-med + bnitm colab_f_l_aa83d9e5d5ef.png,Full Skeleton,1563,right,Aedes_detritus-coluzzi-pair,0.96,1212,73,24,0,17,93,208,383,598,1004,780,776,727,704,740,463,496,173,143,193,249,305,371,434,487,553,351,331,285,279,236,196,183,331,aedes_eid-med + bnitm colab_f_l_aa83d9e5d5ef.png,aedes_eid-med + bnitm colab_f_l_aa83d9e5d5ef.tif,Aedes_detritus-coluzzi-pair
,/Users/kristophernolte/Documents/ITHILDIN_evaluation/reference/reference_finalselection/aedes_eid-med + bnitm colab_f_l_ac49aa86070c.png,Repaired,1492,right,Aedes_detritus-coluzzi-pair,0.99,1164,65,24,0,12,99,223,394,599,956,745,738,692,683,692,462,484,207,214,254,310,369,437,490,543,589,394,378,329,329,288,245,242,381,aedes_eid-med + bnitm colab_f_l_ac49aa86070c.png,aedes_eid-med + bnitm colab_f_l_ac49aa86070c.tif,Aedes_detritus-coluzzi-pair
,/Users/kristophernolte/Documents/ITHILDIN_evaluation/reference/reference_finalselection/aedes_eid-med + bnitm colab_f_l_ad60d4df9480.png,Full Skeleton,1575,right,Aedes_detritus-coluzzi-pair,0.99,1219,81,31,0,17,92,200,377,611,1012,798,781,734,717,723,462,486,147,140,195,259,321,378,429,487,541,334,317,263,263,219,181,164,324,aedes_eid-med + bnitm colab_f_l_ad60d4df9480.png,aedes_eid-med + bnitm colab_f_l_ad60d4df9480.tif,Aedes_detritus-coluzzi-pair
,/Users/kristophernolte/Documents/ITHILDIN_evaluation/reference/reference_finalselection/aedes_eid-med + bnitm colab_f_l_b6ac086b7dd0.png,Full Skeleton,1392,right,Aedes_detritus-coluzzi-pair,0.99,1106,63,18,0,21,90,199,352,538,908,688,682,637,622,628,313,409,117,111,153,198,243,300,351,396,441,297,267,225,222,180,159,147,270,aedes_eid-med + bnitm colab_f_l_b6ac086b7dd0.png,aedes_eid-med + bnitm colab_f_l_b6ac086b7dd0.tif,Aedes_detritus-coluzzi-pair
,/Users/kristophernolte/Documents/ITHILDIN_evaluation/reference/reference_finalselection/aedes_eid-med + bnitm colab_f_l_c3b2e626b12e.png,Full Skeleton,1405,right,Aedes_detritus-coluzzi-pair,0.98,1090,57,23,0,18,71,165,334,531,903,700,689,647,637,663,413,447,136,136,179,226,279,323,371,421,466,294,281,242,236,202,160,150,281,aedes_eid-med + bnitm colab_f_l_c3b2e626b12e.png,aedes_eid-med + bnitm colab_f_l_c3b2e626b12e.tif,Aedes_detritus-coluzzi-pair
,/Users/kristophernolte/Documents/ITHILDIN_evaluation/reference/reference_finalselection/aedes_eid-med + bnitm colab_f_l_c96175bceb5c.png,Full Skeleton,1417,right,Aedes_detritus-coluzzi-pair,0.98,1092,65,18,0,15,86,195,351,543,897,711,702,667,652,676,428,466,143,148,202,255,305,361,408,461,508,322,305,261,255,216,178,166,308,aedes_eid-med + bnitm colab_f_l_c96175bceb5c.png,aedes_eid-med + bnitm colab_f_l_c96175bceb5c.tif,Aedes_detritus-coluzzi-pair
,/Users/kristophernolte/Documents/ITHILDIN_evaluation/reference/reference_finalselection/aedes_eid-med + bnitm colab_f_l_d2f122779735.png,Full Skeleton,1468,right,Aedes_detritus-coluzzi-pair,0.99,1161,84,24,0,17,121,244,395,596,947,746,743,706,696,709,365,442,155,135,175,229,279,342,389,426,476,319,292,252,245,209,178,168,296,aedes_eid-med + bnitm colab_f_l_d2f122779735.png,aedes_eid-med + bnitm colab_f_l_d2f122779735.tif,Aedes_detritus-coluzzi-pair
,/Users/kristophernolte/Documents/ITHILDIN_evaluation/reference/reference_finalselection/aedes_eid-med + bnitm colab_f_l_ed929c8776cf.png,Repaired,1556,right,Aedes_detritus-coluzzi-pair,0.99,1197,89,20,0,23,102,231,392,616,1015,798,788,722,712,745,478,514,154,151,211,263,329,382,441,487,547,342,326,276,273,230,194,181,326,aedes_eid-med + bnitm colab_f_l_ed929c8776cf.png,aedes_eid-med + bnitm colab_f_l_ed929c8776cf.tif,Aedes_detritus-coluzzi-pair
,/Users/kristophernolte/Documents/ITHILDIN_evaluation/reference/reference_finalselection/aedes_eid-med + bnitm colab_f_l_f64556c9f4ff.png,Full Skeleton,1372,right,Aedes_detritus-coluzzi-pair,0.95,1105,79,24,0,21,97,207,372,552,879,693,690,638,626,635,348,397,206,178,221,267,313,367,419,462,508,361,340,297,294,258,233,215,343,aedes_eid-med + bnitm colab_f_l_f64556c9f4ff.png,aedes_eid-med + bnitm colab_f_l_f64556c9f4ff.tif,Aedes_detritus-coluzzi-pair
,/Users/kristophernolte/Documents/ITHILDIN_evaluation/reference/reference_finalselection/aedes_eid-med + bnitm colab_f_r_026ce79a0e8f.png,Full Skeleton,1403,right,Aedes_detritus-coluzzi-pair,0.97,1109,75,28,0,25,116,229,392,573,921,714,708,664,652,652,323,414,112,97,134,188,238,291,341,385,438,294,263,216,213,175,147,134,260,aedes_eid-med + bnitm colab_f_r_026ce79a0e8f.png,aedes_eid-med + bnitm colab_f_r_026ce79a0e8f.tif,Aedes_detritus-coluzzi-pair
,/Users/kristophernolte/Documents/ITHILDIN_evaluation/reference/reference_finalselection/aedes_eid-med + bnitm colab_f_r_04bc810c792e.png,Full Skeleton,1518,right,Aedes_detritus-coluzzi-pair,0.97,1174,72,33,0,26,98,216,399,618,990,768,755,713,700,709,474,494,145,161,210,269,318,377,433,478,534,338,315,269,266,220,181,168,321,aedes_eid-med + bnitm colab_f_r_04bc810c792e.png,aedes_eid-med + bnitm colab_f_r_04bc810c792e.tif,Aedes_detritus-coluzzi-pair
,/Users/kristophernolte/Documents/ITHILDIN_evaluation/reference/reference_finalselection/aedes_eid-med + bnitm colab_f_r_090f874bb254.png,Repaired,1445,right,Aedes_detritus-coluzzi-pair,0.99,1156,63,19,0,19,90,194,351,556,918,718,704,663,652,655,400,449,123,134,180,232,282,331,378,430,471,282,271,227,227,194,156,150,285,aedes_eid-med + bnitm colab_f_r_090f874bb254.png,aedes_eid-med + bnitm colab_f_r_090f874bb254.tif,Aedes_detritus-coluzzi-pair
,/Users/kristophernolte/Documents/ITHILDIN_evaluation/reference/reference_finalselection/aedes_eid-med + bnitm colab_f_r_0b215dc495fd.png,Full Skeleton,1408,right,Aedes_detritus-coluzzi-pair,0.99,1073,61,21,0,14,78,182,344,547,907,695,688,658,651,661,412,432,160,129,177,230,288,342,396,453,510,332,305,254,254,210,180,163,305,aedes_eid-med + bnitm colab_f_r_0b215dc495fd.png,aedes_eid-med + bnitm colab_f_r_0b215dc495fd.tif,Aedes_detritus-coluzzi-pair
,/Users/kristophernolte/Documents/ITHILDIN_evaluation/reference/reference_finalselection/aedes_eid-med + bnitm colab_f_r_0b5b5b08cd9d.png,Full Skeleton,1503,right,Aedes_detritus-coluzzi-pair,0.99,1160,68,23,0,16,107,223,381,588,972,756,746,707,698,714,455,497,185,169,218,276,337,395,450,505,563,363,353,302,298,256,224,201,347,aedes_eid-med + bnitm colab_f_r_0b5b5b08cd9d.png,aedes_eid-med + bnitm colab_f_r_0b5b5b08cd9d.tif,Aedes_detritus-coluzzi-pair
,/Users/kristophernolte/Documents/ITHILDIN_evaluation/reference/reference_finalselection/aedes_eid-med + bnitm colab_f_r_0f2e98cf286c.png,Full Skeleton,1344,right,Aedes_detritus-coluzzi-pair,0.98,1064,45,2,0,19,85,181,328,512,841,665,659,606,594,628,365,413,161,169,218,260,308,356,399,447,501,334,314,271,271,237,198,186,317,aedes_eid-med + bnitm colab_f_r_0f2e98cf286c.png,aedes_eid-med + bnitm colab_f_r_0f2e98cf286c.tif,Aedes_detritus-coluzzi-pair
,/Users/kristophernolte/Documents/ITHILDIN_evaluation/reference/reference_finalselection/aedes_eid-med + bnitm colab_f_r_1b4c5608af60.png,Full Skeleton,1550,right,Aedes_detritus-coluzzi-pair,0.99,1185,65,16,0,16,92,203,381,604,1007,768,761,712,709,722,459,489,147,137,190,252,308,370,429,482,541,331,321,265,265,223,190,170,318,aedes_eid-med + bnitm colab_f_r_1b4c5608af60.png,aedes_eid-med + bnitm colab_f_r_1b4c5608af60.tif,Aedes_detritus-coluzzi-pair
,/Users/kristophernolte/Documents/ITHILDIN_evaluation/reference/reference_finalselection/aedes_eid-med + bnitm colab_f_r_1ff8de0a6f45.png,Full Skeleton,1558,right,Aedes_detritus-coluzzi-pair,0.98,1212,79,29,0,19,98,210,382,586,988,787,783,727,721,731,471,497,171,138,191,250,306,368,428,493,559,358,332,279,276,233,197,171,329,aedes_eid-med + bnitm colab_f_r_1ff8de0a6f45.png,aedes_eid-med + bnitm colab_f_r_1ff8de0a6f45.tif,Aedes_detritus-coluzzi-pair
,/Users/kristophernolte/Documents/ITHILDIN_evaluation/reference/reference_finalselection/aedes_eid-med + bnitm colab_f_r_223b3fee55c4.png,Full Skeleton,1561,right,Aedes_detritus-coluzzi-pair,0.99,1203,80,23,0,17,100,219,392,615,1010,784,778,728,714,741,495,512,156,149,205,265,328,382,435,488,551,342,325,272,269,229,189,166,322,aedes_eid-med + bnitm colab_f_r_223b3fee55c4.png,aedes_eid-med + bnitm colab_f_r_223b3fee55c4.tif,Aedes_detritus-coluzzi-pair
,/Users/kristophernolte/Documents/ITHILDIN_evaluation/reference/reference_finalselection/aedes_eid-med + bnitm colab_f_r_269d305fd635.png,Full Skeleton,1502,right,Aedes_detritus-coluzzi-pair,0.98,1165,77,27,0,17,90,197,370,587,951,737,731,701,697,697,480,497,220,196,253,317,380,440,497,554,614,403,387,333,333,293,250,230,383,aedes_eid-med + bnitm colab_f_r_269d305fd635.png,aedes_eid-med + bnitm colab_f_r_269d305fd635.tif,Aedes_detritus-coluzzi-pair
,/Users/kristophernolte/Documents/ITHILDIN_evaluation/reference/reference_finalselection/aedes_eid-med + bnitm colab_f_r_2926835bed78.png,Repaired,1484,right,Aedes_detritus-coluzzi-pair,1.0,1146,69,17,0,14,92,198,386,593,947,740,731,691,682,688,469,475,145,133,188,246,301,358,416,471,522,335,318,269,263,223,177,165,315,aedes_eid-med + bnitm colab_f_r_2926835bed78.png,aedes_eid-med + bnitm colab_f_r_2926835bed78.tif,Aedes_detritus-coluzzi-pair
,/Users/kristophernolte/Documents/ITHILDIN_evaluation/reference/reference_finalselection/aedes_eid-med + bnitm colab_f_r_2ea9cb3967a1.png,Full Skeleton,1505,right,Aedes_detritus-coluzzi-pair,0.98,1154,68,31,0,27,92,202,373,579,976,750,743,712,702,705,469,490,147,130,174,229,294,352,414,469,534,339,321,267,263,219,174,157,311,aedes_eid-med + bnitm colab_f_r_2ea9cb3967a1.png,aedes_eid-med + bnitm colab_f_r_2ea9cb3967a1.tif,Aedes_detritus-coluzzi-pair
,/Users/kristophernolte/Documents/ITHILDIN_evaluation/reference/reference_finalselection/aedes_eid-med + bnitm colab_f_r_343d62d7f311.png,Full Skeleton,1545,right,Aedes_detritus-coluzzi-pair,0.98,1198,72,24,0,24,106,215,390,599,992,780,766,719,701,736,469,503,154,140,191,256,314,369,431,489,547,335,325,273,270,219,184,164,321,aedes_eid-med + bnitm colab_f_r_343d62d7f311.png,aedes_eid-med + bnitm colab_f_r_343d62d7f311.tif,Aedes_detritus-coluzzi-pair
,/Users/kristophernolte/Documents/ITHILDIN_evaluation/reference/reference_finalselection/aedes_eid-med + bnitm colab_f_r_37f2bfe7863a.png,Full Skeleton,1454,right,Aedes_detritus-coluzzi-pair,0.98,1138,66,21,0,24,84,182,354,553,927,725,710,666,651,675,464,476,190,184,237,297,338,395,448,508,561,371,350,303,300,255,222,204,353,aedes_eid-med + bnitm colab_f_r_37f2bfe7863a.png,aedes_eid-med + bnitm colab_f_r_37f2bfe7863a.tif,Aedes_detritus-coluzzi-pair
,/Users/kristophernolte/Documents/ITHILDIN_evaluation/reference/reference_finalselection/aedes_eid-med + bnitm colab_f_r_3c294a1b2787.png,Full Skeleton,1469,right,Aedes_detritus-coluzzi-pair,0.99,1168,71,17,0,21,112,244,403,603,945,742,738,701,687,687,383,440,125,104,142,189,243,301,358,399,450,294,267,226,223,182,155,142,274,aedes_eid-med + bnitm colab_f_r_3c294a1b2787.png,aedes_eid-med + bnitm colab_f_r_3c294a1b2787.tif,Aedes_detritus-coluzzi-pair
,/Users/kristophernolte/Documents/ITHILDIN_evaluation/reference/reference_finalselection/aedes_eid-med + bnitm colab_f_r_40fc78867892.png,Full Skeleton,1430,right,Aedes_detritus-coluzzi-pair,0.99,1128,101,28,0,7,98,234,385,571,936,725,722,669,652,652,329,413,143,112,161,210,255,319,382,424,473,319,290,245,245,199,175,157,294,aedes_eid-med + bnitm colab_f_r_40fc78867892.png,aedes_eid-med + bnitm colab_f_r_40fc78867892.tif,Aedes_detritus-coluzzi-pair
,/Users/kristophernolte/Documents/ITHILDIN_evaluation/reference/reference_finalselection/aedes_eid-med + bnitm colab_f_r_496fa8cd3474.png,Full Skeleton,1460,right,Aedes_detritus-coluzzi-pair,0.98,1109,64,16,0,19,96,220,399,585,962,745,722,674,665,671,444,479,158,164,215,273,330,388,442,493,545,340,327,276,276,234,196,180,330,aedes_eid-med + bnitm colab_f_r_496fa8cd3474.png,aedes_eid-med + bnitm colab_f_r_496fa8cd3474.tif,Aedes_detritus-coluzzi-pair
,/Users/kristophernolte/Documents/ITHILDIN_evaluation/reference/reference_finalselection/aedes_eid-med + bnitm colab_f_r_4d44149252c2.png,Full Skeleton,1497,right,Aedes_detritus-coluzzi-pair,0.98,1180,76,25,0,19,102,230,383,595,962,758,751,697,684,684,431,479,132,135,180,241,305,353,407,452,503,324,299,247,247,199,174,155,302,aedes_eid-med + bnitm colab_f_r_4d44149252c2.png,aedes_eid-med + bnitm colab_f_r_4d44149252c2.tif,Aedes_detritus-coluzzi-pair
,/Users/kristophernolte/Documents/ITHILDIN_evaluation/reference/reference_finalselection/aedes_eid-med + bnitm colab_f_r_54dd47406164.png,Full Skeleton,1426,right,Aedes_detritus-coluzzi-pair,0.96,1100,69,23,0,20,95,210,377,564,915,723,708,676,659,676,446,466,155,152,207,267,319,374,429,475,526,325,319,270,267,224,192,178,325,aedes_eid-med + bnitm colab_f_r_54dd47406164.png,aedes_eid-med + bnitm colab_f_r_54dd47406164.tif,Aedes_detritus-coluzzi-pair
,/Users/kristophernolte/Documents/ITHILDIN_evaluation/reference/reference_finalselection/aedes_eid-med + bnitm colab_f_r_592f28435380.png,Full Skeleton,1390,right,Aedes_detritus-coluzzi-pair,0.93,1103,62,18,0,18,89,194,344,541,882,690,687,643,634,637,329,406,133,103,142,186,228,288,342,393,446,318,276,234,231,186,156,139,267,aedes_eid-med + bnitm colab_f_r_592f28435380.png,aedes_eid-med + bnitm colab_f_r_592f28435380.tif,Aedes_detritus-coluzzi-pair
,/Users/kristophernolte/Documents/ITHILDIN_evaluation/reference/reference_finalselection/aedes_eid-med + bnitm colab_f_r_7c8912caba28.png,Full Skeleton,1551,right,Aedes_detritus-coluzzi-pair,0.92,1189,64,20,0,11,102,228,407,621,1005,788,779,718,694,709,454,507,143,178,231,287,342,401,463,512,559,348,337,290,293,243,202,193,345,aedes_eid-med + bnitm colab_f_r_7c8912caba28.png,aedes_eid-med + bnitm colab_f_r_7c8912caba28.tif,Aedes_detritus-coluzzi-pair
,/Users/kristophernolte/Documents/ITHILDIN_evaluation/reference/reference_finalselection/aedes_eid-med + bnitm colab_f_r_84cc5d65c75b.png,Full Skeleton,1517,right,Aedes_detritus-coluzzi-pair,0.98,1176,69,23,0,13,92,204,389,603,985,761,755,699,685,715,471,488,141,144,194,250,313,365,415,458,507,313,296,250,250,214,177,168,303,aedes_eid-med + bnitm colab_f_r_84cc5d65c75b.png,aedes_eid-med + bnitm colab_f_r_84cc5d65c75b.tif,Aedes_detritus-coluzzi-pair
,/Users/kristophernolte/Documents/ITHILDIN_evaluation/reference/reference_finalselection/aedes_eid-med + bnitm colab_f_r_8ddd53bdab14.png,Full Skeleton,1355,right,Aedes_detritus-coluzzi-pair,0.99,1085,73,19,0,19,95,207,367,549,871,676,667,628,616,619,319,380,130,102,146,201,245,300,347,389,434,296,261,223,217,181,150,140,268,aedes_eid-med + bnitm colab_f_r_8ddd53bdab14.png,aedes_eid-med + bnitm colab_f_r_8ddd53bdab14.tif,Aedes_detritus-coluzzi-pair
,/Users/kristophernolte/Documents/ITHILDIN_evaluation/reference/reference_finalselection/aedes_eid-med + bnitm colab_f_r_933418a5796f.png,Full Skeleton,1458,right,Aedes_detritus-coluzzi-pair,1.0,1138,70,23,0,20,100,215,371,586,946,738,731,682,672,675,400,473,150,133,183,239,295,348,395,444,494,315,299,249,249,209,176,160,292,aedes_eid-med + bnitm colab_f_r_933418a5796f.png,aedes_eid-med + bnitm colab_f_r_933418a5796f.tif,Aedes_detritus-coluzzi-pair
,/Users/kristophernolte/Documents/ITHILDIN_evaluation/reference/reference_finalselection/aedes_eid-med + bnitm colab_f_r_995412276d14.png,Full Skeleton,1462,right,Aedes_detritus-coluzzi-pair,0.98,1140,84,28,0,16,100,227,394,583,945,741,731,679,660,691,437,496,142,133,185,238,300,365,424,470,520,325,309,260,257,219,182,164,309,aedes_eid-med + bnitm colab_f_r_995412276d14.png,aedes_eid-med + bnitm colab_f_r_995412276d14.tif,Aedes_detritus-coluzzi-pair
,/Users/kristophernolte/Documents/ITHILDIN_evaluation/reference/reference_finalselection/aedes_eid-med + bnitm colab_f_r_9d1260bcc540.png,Full Skeleton,1525,right,Aedes_detritus-coluzzi-pair,0.97,1178,64,16,0,26,97,222,367,602,985,756,747,702,686,715,460,486,159,130,181,239,304,365,436,490,548,358,336,284,284,239,194,172,329,aedes_eid-med + bnitm colab_f_r_9d1260bcc540.png,aedes_eid-med + bnitm colab_f_r_9d1260bcc540.tif,Aedes_detritus-coluzzi-pair
,/Users/kristophernolte/Documents/ITHILDIN_evaluation/reference/reference_finalselection/aedes_eid-med + bnitm colab_f_r_a8c939ede1e1.png,Full Skeleton,1431,right,Aedes_detritus-coluzzi-pair,0.98,1121,75,29,0,13,110,241,401,586,935,733,727,687,671,674,358,430,118,102,135,187,242,298,353,392,438,282,259,220,216,177,151,138,272,aedes_eid-med + bnitm colab_f_r_a8c939ede1e1.png,aedes_eid-med + bnitm colab_f_r_a8c939ede1e1.tif,Aedes_detritus-coluzzi-pair
,/Users/kristophernolte/Documents/ITHILDIN_evaluation/reference/reference_finalselection/aedes_eid-med + bnitm colab_f_r_b02a814c8679.png,Full Skeleton,1480,right,Aedes_detritus-coluzzi-pair,1.0,1145,65,20,0,16,79,200,367,566,952,730,720,674,668,674,429,475,165,119,168,227,289,355,417,476,535,351,328,273,273,227,197,168,319,aedes_eid-med + bnitm colab_f_r_b02a814c8679.png,aedes_eid-med + bnitm colab_f_r_b02a814c8679.tif,Aedes_detritus-coluzzi-pair
,/Users/kristophernolte/Documents/ITHILDIN_evaluation/reference/reference_finalselection/aedes_eid-med + bnitm colab_f_r_c3bf34bb456a.png,Full Skeleton,1614,right,Aedes_detritus-coluzzi-pair,0.98,1260,80,33,0,20,97,213,410,653,1033,807,793,743,730,763,507,527,161,138,195,255,325,385,441,498,558,348,331,281,278,235,188,171,338,aedes_eid-med + bnitm colab_f_r_c3bf34bb456a.png,aedes_eid-med + bnitm colab_f_r_c3bf34bb456a.tif,Aedes_detritus-coluzzi-pair
,/Users/kristophernolte/Documents/ITHILDIN_evaluation/reference/reference_finalselection/aedes_eid-med + bnitm colab_f_r_c58fc9ae8fe3.png,Full Skeleton,1482,right,Aedes_detritus-coluzzi-pair,0.99,1142,85,25,0,9,88,196,370,566,962,747,737,690,683,696,440,465,147,140,191,248,305,362,412,460,514,321,302,261,257,216,181,162,311,aedes_eid-med + bnitm colab_f_r_c58fc9ae8fe3.png,aedes_eid-med + bnitm colab_f_r_c58fc9ae8fe3.tif,Aedes_detritus-coluzzi-pair
,/Users/kristophernolte/Documents/ITHILDIN_evaluation/reference/reference_finalselection/aedes_eid-med + bnitm colab_f_r_d246fc5d3909.png,Full Skeleton,1448,right,Aedes_detritus-coluzzi-pair,0.99,1119,63,24,0,24,99,221,383,589,942,733,721,673,664,673,443,482,143,158,203,260,317,370,424,472,526,325,314,263,263,221,185,167,314,aedes_eid-med + bnitm colab_f_r_d246fc5d3909.png,aedes_eid-med + bnitm colab_f_r_d246fc5d3909.tif,Aedes_detritus-coluzzi-pair
,/Users/kristophernolte/Documents/ITHILDIN_evaluation/reference/reference_finalselection/aedes_eid-med + bnitm colab_f_r_d6cb9ff0b4d7.png,Full Skeleton,1456,right,Aedes_detritus-coluzzi-pair,0.99,1141,63,25,0,19,94,207,371,575,943,719,710,672,647,666,415,474,150,147,191,251,307,367,427,477,521,326,320,273,273,223,185,169,314,aedes_eid-med + bnitm colab_f_r_d6cb9ff0b4d7.png,aedes_eid-med + bnitm colab_f_r_d6cb9ff0b4d7.tif,Aedes_detritus-coluzzi-pair
,/Users/kristophernolte/Documents/ITHILDIN_evaluation/reference/reference_finalselection/aedes_eid-med + bnitm colab_f_r_d79390531926.png,Full Skeleton,1403,right,Aedes_detritus-coluzzi-pair,1.0,1122,81,20,0,13,108,223,368,557,902,699,696,659,645,649,361,419,135,98,141,189,243,307,358,402,452,300,270,229,223,185,158,138,266,aedes_eid-med + bnitm colab_f_r_d79390531926.png,aedes_eid-med + bnitm colab_f_r_d79390531926.tif,Aedes_detritus-coluzzi-pair
,/Users/kristophernolte/Documents/ITHILDIN_evaluation/reference/reference_finalselection/aedes_eid-med + bnitm colab_f_r_e498c0da88b9.png,Full Skeleton,1341,right,Aedes_detritus-coluzzi-pair,0.98,1055,72,22,0,16,97,223,363,548,883,686,677,620,605,611,323,395,120,101,145,192,239,295,346,383,427,283,261,220,217,176,151,136,261,aedes_eid-med + bnitm colab_f_r_e498c0da88b9.png,aedes_eid-med + bnitm colab_f_r_e498c0da88b9.tif,Aedes_detritus-coluzzi-pair
,/Users/kristophernolte/Documents/ITHILDIN_evaluation/reference/reference_finalselection/aedes_eid-med + bnitm colab_f_r_ed11dbfae51c.png,Full Skeleton,1450,right,Aedes_detritus-coluzzi-pair,0.99,1120,59,19,0,22,91,204,364,568,938,721,715,674,668,677,433,467,141,144,194,250,307,357,410,458,511,316,304,257,254,207,178,160,307,aedes_eid-med + bnitm colab_f_r_ed11dbfae51c.png,aedes_eid-med + bnitm colab_f_r_ed11dbfae51c.tif,Aedes_detritus-coluzzi-pair
,/Users/kristophernolte/Documents/ITHILDIN_evaluation/reference/reference_finalselection/aedes_eid-med + bnitm colab_f_r_ee26046fb90e.png,Repaired,1418,right,Aedes_detritus-coluzzi-pair,0.99,1133,80,23,0,26,103,243,394,576,925,720,717,672,653,656,349,413,211,172,217,272,326,377,425,464,515,377,342,297,294,259,233,217,348,aedes_eid-med + bnitm colab_f_r_ee26046fb90e.png,aedes_eid-med + bnitm colab_f_r_ee26046fb90e.tif,Aedes_detritus-coluzzi-pair
,/Users/kristophernolte/Documents/ITHILDIN_evaluation/reference/reference_finalselection/aedes_eid-med + bnitm colab_f_r_f921ea9f8e98.png,Full Skeleton,1509,right,Aedes_detritus-coluzzi-pair,0.97,1180,73,27,0,13,100,226,388,597,971,756,743,703,690,700,461,491,140,137,187,250,306,366,425,472,528,326,309,263,260,210,180,167,309,aedes_eid-med + bnitm colab_f_r_f921ea9f8e98.png,aedes_eid-med + bnitm colab_f_r_f921ea9f8e98.tif,Aedes_detritus-coluzzi-pair
,/Users/kristophernolte/Documents/ITHILDIN_evaluation/reference/reference_finalselection/aedes_germany-albopictus-collection_f_l_38c6493978aa.png,Repaired,932,left,Aedes_albopictus,0.91,753,106,77,57,57,96,160,272,390,668,547,535,487,471,487,334,332,111,76,101,147,178,211,248,279,310,192,194,165,165,142,120,111,196,aedes_germany-albopictus-collection_f_l_38c6493978aa.png,aedes_germany-albopictus-collection_f_l_38c6493978aa.tif,Aedes_albopictus
,/Users/kristophernolte/Documents/ITHILDIN_evaluation/reference/reference_finalselection/aedes_germany-albopictus-collection_f_l_3b868fc66589.png,Full Skeleton,911,left,Aedes_albopictus,0.96,759,100,75,53,59,104,172,271,403,646,544,532,472,457,480,324,342,90,78,105,137,173,206,228,246,270,167,163,139,141,123,105,101,169,aedes_germany-albopictus-collection_f_l_3b868fc66589.png,aedes_germany-albopictus-collection_f_l_3b868fc66589.tif,Aedes_albopictus
,/Users/kristophernolte/Documents/ITHILDIN_evaluation/reference/reference_finalselection/aedes_germany-albopictus-collection_f_l_3d3f3dfe2f7b.png,Full Skeleton,908,left,Aedes_albopictus,0.99,749,124,92,69,78,120,186,281,412,676,552,538,500,492,508,379,368,93,74,101,138,178,207,233,262,287,176,172,151,151,128,115,103,178,aedes_germany-albopictus-collection_f_l_3d3f3dfe2f7b.png,aedes_germany-albopictus-collection_f_l_3d3f3dfe2f7b.tif,Aedes_albopictus
,/Users/kristophernolte/Documents/ITHILDIN_evaluation/reference/reference_finalselection/aedes_germany-albopictus-collection_f_l_3da41b0224aa.png,Repaired,975,left,Aedes_albopictus,1.0,820,132,106,83,87,138,203,324,457,716,609,596,530,521,540,386,389,121,81,102,143,185,224,260,288,322,218,209,179,177,156,138,117,207,aedes_germany-albopictus-collection_f_l_3da41b0224aa.png,aedes_germany-albopictus-collection_f_l_3da41b0224aa.tif,Aedes_albopictus
,/Users/kristophernolte/Documents/ITHILDIN_evaluation/reference/reference_finalselection/aedes_germany-albopictus-collection_f_l_77fcbc5b37ab.png,Full Skeleton,981,left,Aedes_albopictus,0.84,804,124,84,58,60,111,184,296,435,710,578,565,520,516,526,379,358,167,128,153,184,225,265,296,325,356,261,252,223,221,201,182,163,246,aedes_germany-albopictus-collection_f_l_77fcbc5b37ab.png,aedes_germany-albopictus-collection_f_l_77fcbc5b37ab.tif,Aedes_albopictus
,/Users/kristophernolte/Documents/ITHILDIN_evaluation/reference/reference_finalselection/aedes_germany-albopictus-collection_f_l_7f53489425ac.png,Repaired,842,left,Aedes_albopictus,0.97,707,113,74,57,65,113,167,269,371,624,499,488,451,445,462,327,295,78,61,91,117,154,180,204,224,248,157,154,135,139,117,100,87,165,aedes_germany-albopictus-collection_f_l_7f53489425ac.png,aedes_germany-albopictus-collection_f_l_7f53489425ac.tif,Aedes_albopictus
,/Users/kristophernolte/Documents/ITHILDIN_evaluation/reference/reference_finalselection/aedes_germany-albopictus-collection_f_l_89c3dcfbc66f.png,Full Skeleton,1006,left,Aedes_albopictus,0.89,829,136,102,74,85,149,225,336,479,754,624,624,547,539,564,392,405,85,72,98,142,176,215,245,270,296,176,179,149,153,136,108,100,187,aedes_germany-albopictus-collection_f_l_89c3dcfbc66f.png,aedes_germany-albopictus-collection_f_l_89c3dcfbc66f.tif,Aedes_albopictus
,/Users/kristophernolte/Documents/ITHILDIN_evaluation/reference/reference_finalselection/aedes_germany-albopictus-collection_f_l_aad8ec136a62.png,Repaired,1026,left,Aedes_albopictus,1.0,856,127,94,74,83,131,199,315,451,744,613,598,558,549,571,387,389,108,90,117,154,193,231,261,285,314,207,193,165,165,143,128,108,196,aedes_germany-albopictus-collection_f_l_aad8ec136a62.png,aedes_germany-albopictus-collection_f_l_aad8ec136a62.tif,Aedes_albopictus
,/Users/kristophernolte/Documents/ITHILDIN_evaluation/reference/reference_finalselection/aedes_germany-albopictus-collection_f_l_acbd9028d8ef.png,Repaired,1005,left,Aedes_albopictus,0.99,812,101,77,51,62,107,191,308,439,715,584,577,530,508,534,372,366,98,70,98,136,179,216,248,276,309,201,192,158,160,132,115,102,195,aedes_germany-albopictus-collection_f_l_acbd9028d8ef.png,aedes_germany-albopictus-collection_f_l_acbd9028d8ef.tif,Aedes_albopictus
,/Users/kristophernolte/Documents/ITHILDIN_evaluation/reference/reference_finalselection/aedes_germany-albopictus-collection_f_l_bd4f704df31b.png,Repaired,866,left,Aedes_albopictus,0.99,708,90,63,43,47,90,155,251,362,629,482,482,435,422,442,315,308,87,66,84,113,154,187,220,249,281,174,174,149,151,125,111,100,176,aedes_germany-albopictus-collection_f_l_bd4f704df31b.png,aedes_germany-albopictus-collection_f_l_bd4f704df31b.tif,Aedes_albopictus
,/Users/kristophernolte/Documents/ITHILDIN_evaluation/reference/reference_finalselection/aedes_germany-albopictus-collection_f_l_da2bbb73c4e4.png,Full Skeleton,888,left,Aedes_albopictus,0.99,730,115,90,65,65,121,185,278,419,661,543,535,471,467,477,365,340,102,73,98,133,168,206,233,260,289,185,181,152,154,137,123,108,181,aedes_germany-albopictus-collection_f_l_da2bbb73c4e4.png,aedes_germany-albopictus-collection_f_l_da2bbb73c4e4.tif,Aedes_albopictus
,/Users/kristophernolte/Documents/ITHILDIN_evaluation/reference/reference_finalselection/aedes_germany-albopictus-collection_f_l_dd7637a525c6.png,Repaired,905,left,Aedes_aegypti,0.95,746,107,76,53,59,111,187,291,417,656,536,534,478,476,482,319,346,91,74,95,130,174,204,229,245,269,174,170,143,141,124,111,95,170,aedes_germany-albopictus-collection_f_l_dd7637a525c6.png,aedes_germany-albopictus-collection_f_l_dd7637a525c6.tif,Aedes_albopictus
,/Users/kristophernolte/Documents/ITHILDIN_evaluation/reference/reference_finalselection/aedes_germany-albopictus-collection_f_r_012c211ed1ca.png,Repaired,845,right,Aedes_albopictus,0.99,633,45,20,0,6,45,113,196,318,550,449,442,394,388,406,281,246,78,70,94,132,166,196,225,247,274,168,162,139,141,121,103,99,173,aedes_germany-albopictus-collection_f_r_012c211ed1ca.png,aedes_germany-albopictus-collection_f_r_012c211ed1ca.tif,Aedes_albopictus
,/Users/kristophernolte/Documents/ITHILDIN_evaluation/reference/reference_finalselection/aedes_germany-albopictus-collection_f_r_05355e9fd3c6.png,Full Skeleton,879,right,Aedes_albopictus,0.96,653,56,24,0,2,50,118,224,351,582,476,455,424,412,422,282,278,90,71,96,131,172,206,234,254,280,176,170,148,150,126,112,103,178,aedes_germany-albopictus-collection_f_r_05355e9fd3c6.png,aedes_germany-albopictus-collection_f_r_05355e9fd3c6.tif,Aedes_albopictus
,/Users/kristophernolte/Documents/ITHILDIN_evaluation/reference/reference_finalselection/aedes_germany-albopictus-collection_f_r_055fb055c532.png,Repaired,922,right,Aedes_albopictus,0.99,712,56,21,0,8,57,123,226,353,609,484,476,420,415,434,269,284,97,78,105,142,176,213,243,272,299,190,184,155,157,134,113,101,188,aedes_germany-albopictus-collection_f_r_055fb055c532.png,aedes_germany-albopictus-collection_f_r_055fb055c532.tif,Aedes_albopictus
,/Users/kristophernolte/Documents/ITHILDIN_evaluation/reference/reference_finalselection/aedes_germany-albopictus-collection_f_r_128f1b7e359e.png,Repaired,998,right,Aedes_albopictus,0.99,752,54,23,0,0,48,122,233,370,663,515,509,465,459,482,307,318,146,117,142,179,225,256,289,318,345,231,231,202,202,177,163,146,229,aedes_germany-albopictus-collection_f_r_128f1b7e359e.png,aedes_germany-albopictus-collection_f_r_128f1b7e359e.tif,Aedes_albopictus
,/Users/kristophernolte/Documents/ITHILDIN_evaluation/reference/reference_finalselection/aedes_germany-albopictus-collection_f_r_2393ad8c1851.png,Full Skeleton,1008,right,Aedes_albopictus,0.99,755,55,19,0,2,61,125,241,379,656,533,523,482,476,489,332,313,96,77,106,144,185,223,250,274,310,193,187,161,159,134,115,98,189,aedes_germany-albopictus-collection_f_r_2393ad8c1851.png,aedes_germany-albopictus-collection_f_r_2393ad8c1851.tif,Aedes_albopictus
,/Users/kristophernolte/Documents/ITHILDIN_evaluation/reference/reference_finalselection/aedes_germany-albopictus-collection_f_r_5aef3eb0d23b.png,Repaired,996,right,Aedes_albopictus,1.0,750,48,25,0,3,54,125,229,381,646,524,516,470,455,474,320,322,95,85,108,157,193,232,259,286,317,195,191,164,162,141,120,112,193,aedes_germany-albopictus-collection_f_r_5aef3eb0d23b.png,aedes_germany-albopictus-collection_f_r_5aef3eb0d23b.tif,Aedes_albopictus
,/Users/kristophernolte/Documents/ITHILDIN_evaluation/reference/reference_finalselection/aedes_germany-albopictus-collection_f_r_5db2841c3db1.png,Full Skeleton,1004,right,Aedes_aegypti,0.93,756,52,24,0,12,58,124,249,397,656,529,529,485,477,487,311,321,84,92,114,152,188,218,248,264,294,188,178,150,148,126,100,96,182,aedes_germany-albopictus-collection_f_r_5db2841c3db1.png,aedes_germany-albopictus-collection_f_r_5db2841c3db1.tif,Aedes_albopictus
,/Users/kristophernolte/Documents/ITHILDIN_evaluation/reference/reference_finalselection/aedes_germany-albopictus-collection_f_r_60524b49ebf9.png,Repaired,905,right,Aedes_albopictus,0.92,682,50,24,7,0,49,118,220,351,603,482,470,411,406,422,273,275,75,70,100,132,176,210,240,262,290,179,172,146,148,132,110,103,179,aedes_germany-albopictus-collection_f_r_60524b49ebf9.png,aedes_germany-albopictus-collection_f_r_60524b49ebf9.tif,Aedes_albopictus
,/Users/kristophernolte/Documents/ITHILDIN_evaluation/reference/reference_finalselection/aedes_germany-albopictus-collection_f_r_6215ba51aedb.png,Repaired,897,right,Aedes_albopictus,0.96,674,47,13,0,13,58,119,220,357,599,478,469,432,417,421,264,292,89,76,106,141,173,202,227,245,273,169,169,145,145,122,107,94,171,aedes_germany-albopictus-collection_f_r_6215ba51aedb.png,aedes_germany-albopictus-collection_f_r_6215ba51aedb.tif,Aedes_albopictus
,/Users/kristophernolte/Documents/ITHILDIN_evaluation/reference/reference_finalselection/aedes_germany-albopictus-collection_f_r_70c44928e047.png,Repaired,1016,right,Aedes_albopictus,0.9,769,51,21,0,0,55,129,221,383,654,533,523,473,467,484,318,314,96,79,106,141,186,225,258,284,315,196,192,161,161,139,116,102,194,aedes_germany-albopictus-collection_f_r_70c44928e047.png,aedes_germany-albopictus-collection_f_r_70c44928e047.tif,Aedes_albopictus
,/Users/kristophernolte/Documents/ITHILDIN_evaluation/reference/reference_finalselection/aedes_germany-albopictus-collection_f_r_84714789ec96.png,Full Skeleton,828,right,Aedes_albopictus,0.99,613,55,27,0,8,54,118,219,334,556,458,446,397,389,399,274,274,92,75,98,138,170,197,222,242,271,168,167,142,144,123,108,94,168,aedes_germany-albopictus-collection_f_r_84714789ec96.png,aedes_germany-albopictus-collection_f_r_84714789ec96.tif,Aedes_albopictus
,/Users/kristophernolte/Documents/ITHILDIN_evaluation/reference/reference_finalselection/aedes_germany-albopictus-collection_f_r_978e5a661d59.png,Full Skeleton,968,right,Aedes_albopictus,0.99,733,44,20,0,8,56,121,228,361,628,507,495,456,448,467,307,307,93,81,106,148,188,221,249,279,304,184,182,154,154,132,114,102,188,aedes_germany-albopictus-collection_f_r_978e5a661d59.png,aedes_germany-albopictus-collection_f_r_978e5a661d59.tif,Aedes_albopictus
,/Users/kristophernolte/Documents/ITHILDIN_evaluation/reference/reference_finalselection/aedes_germany-albopictus-collection_f_r_a7d1e48c4434.png,Repaired,1059,right,Aedes_albopictus,0.93,796,63,25,0,3,63,143,258,400,720,565,558,500,487,498,305,325,104,91,119,157,197,233,262,279,315,206,191,164,162,142,124,111,202,aedes_germany-albopictus-collection_f_r_a7d1e48c4434.png,aedes_germany-albopictus-collection_f_r_a7d1e48c4434.tif,Aedes_albopictus
,/Users/kristophernolte/Documents/ITHILDIN_evaluation/reference/reference_finalselection/aedes_germany-albopictus-collection_f_r_b6c62d97ddf2.png,Full Skeleton,966,right,Aedes_albopictus,0.99,712,61,32,0,7,57,130,240,382,649,524,520,457,447,468,301,297,105,82,109,149,186,222,255,284,318,199,193,165,168,147,130,113,201,aedes_germany-albopictus-collection_f_r_b6c62d97ddf2.png,aedes_germany-albopictus-collection_f_r_b6c62d97ddf2.tif,Aedes_albopictus
,/Users/kristophernolte/Documents/ITHILDIN_evaluation/reference/reference_finalselection/aedes_germany-albopictus-collection_f_r_d62292bc58ec.png,Repaired,1026,right,Aedes_albopictus,0.99,772,63,25,0,13,59,130,244,382,680,550,533,485,474,487,317,317,109,77,109,153,199,234,268,300,331,201,197,167,169,146,125,115,203,aedes_germany-albopictus-collection_f_r_d62292bc58ec.png,aedes_germany-albopictus-collection_f_r_d62292bc58ec.tif,Aedes_albopictus
,/Users/kristophernolte/Documents/ITHILDIN_evaluation/reference/reference_finalselection/aedes_germany-albopictus-collection_f_r_f49b50856f74.png,Full Skeleton,982,right,Aedes_albopictus,0.99,722,55,21,0,0,51,118,232,371,654,526,516,469,459,465,312,307,94,71,94,130,170,204,233,258,292,187,180,151,151,130,113,98,180,aedes_germany-albopictus-collection_f_r_f49b50856f74.png,aedes_germany-albopictus-collection_f_r_f49b50856f74.tif,Aedes_albopictus
,/Users/kristophernolte/Documents/ITHILDIN_evaluation/reference/reference_finalselection/aedes_hanna_f_r_9759c15a1f84.png,Repaired,2184,left,Aedes_annulipes-group,0.99,1756,174,89,71,94,201,376,614,932,1452,1165,1156,1098,1093,1098,717,739,181,168,253,338,423,504,584,652,723,450,432,365,356,298,244,221,445,aedes_hanna_f_r_9759c15a1f84.png,aedes_hanna_f_r_9759c15a1f84.tif,Aedes_annulipes-group
,/Users/kristophernolte/Documents/ITHILDIN_evaluation/reference/reference_finalselection/aedes_landmark-aedes-collection_f_l_0ad61d5c7193.png,Full Skeleton,1298,left,Aedes_japonicus,0.94,1003,112,69,41,59,118,223,387,549,905,731,721,664,649,674,497,490,121,109,147,206,252,296,342,383,424,257,257,214,219,186,160,142,263,aedes_landmark-aedes-collection_f_l_0ad61d5c7193.png,aedes_landmark-aedes-collection_f_l_0ad61d5c7193.tif,Aedes_japonicus
,/Users/kristophernolte/Documents/ITHILDIN_evaluation/reference/reference_finalselection/aedes_landmark-aedes-collection_f_l_158062c4c93d.png,Repaired,1509,left,Aedes_japonicus,0.99,1207,124,81,48,78,154,266,417,644,1044,847,835,765,747,774,584,553,121,115,160,223,275,326,378,417,456,269,272,226,230,196,169,157,284,aedes_landmark-aedes-collection_f_l_158062c4c93d.png,aedes_landmark-aedes-collection_f_l_158062c4c93d.tif,Aedes_japonicus
,/Users/kristophernolte/Documents/ITHILDIN_evaluation/reference/reference_finalselection/aedes_landmark-aedes-collection_f_l_303b0d98da69.png,Repaired,1029,left,Aedes_aegypti,0.98,810,98,52,27,41,108,204,300,455,739,572,568,516,509,512,334,338,96,71,106,150,188,225,259,284,321,192,190,160,158,135,119,98,200,aedes_landmark-aedes-collection_f_l_303b0d98da69.png,aedes_landmark-aedes-collection_f_l_303b0d98da69.tif,Aedes_aegypti
,/Users/kristophernolte/Documents/ITHILDIN_evaluation/reference/reference_finalselection/aedes_landmark-aedes-collection_f_l_40859898246c.png,Full Skeleton,884,left,Aedes_aegypti,0.98,703,105,64,37,51,107,177,272,406,650,512,499,454,452,459,334,304,93,69,99,139,175,210,241,262,294,180,178,150,150,131,114,99,192,aedes_landmark-aedes-collection_f_l_40859898246c.png,aedes_landmark-aedes-collection_f_l_40859898246c.tif,Aedes_aegypti
,/Users/kristophernolte/Documents/ITHILDIN_evaluation/reference/reference_finalselection/aedes_landmark-aedes-collection_f_l_55a0c4fbe88c.png,Repaired,947,left,Aedes_aegypti,0.98,756,102,65,36,43,100,174,264,410,672,533,531,488,486,486,346,336,102,65,94,135,168,207,239,268,305,196,186,155,151,133,116,98,188,aedes_landmark-aedes-collection_f_l_55a0c4fbe88c.png,aedes_landmark-aedes-collection_f_l_55a0c4fbe88c.tif,Aedes_aegypti
,/Users/kristophernolte/Documents/ITHILDIN_evaluation/reference/reference_finalselection/aedes_landmark-aedes-collection_f_l_73e6a01496a4.png,Repaired,1338,left,Aedes_koreicus,0.93,1103,132,96,49,80,154,264,405,593,943,780,750,678,670,703,535,496,133,103,139,194,244,285,329,362,398,257,244,208,211,180,150,131,249,aedes_landmark-aedes-collection_f_l_73e6a01496a4.png,aedes_landmark-aedes-collection_f_l_73e6a01496a4.tif,Aedes_japonicus
,/Users/kristophernolte/Documents/ITHILDIN_evaluation/reference/reference_finalselection/aedes_landmark-aedes-collection_f_l_a86bf7afd11b.png,Full Skeleton,1554,left,Aedes_japonicus,0.99,1211,125,73,39,54,128,271,451,652,1095,866,842,756,747,768,561,555,180,155,201,259,320,372,436,485,530,332,335,286,292,259,225,204,344,aedes_landmark-aedes-collection_f_l_a86bf7afd11b.png,aedes_landmark-aedes-collection_f_l_a86bf7afd11b.tif,Aedes_japonicus
,/Users/kristophernolte/Documents/ITHILDIN_evaluation/reference/reference_finalselection/aedes_landmark-aedes-collection_f_l_b0c6e5c1354c.png,Repaired,1117,left,Aedes_koreicus,0.87,883,116,66,46,58,122,218,327,484,805,640,622,580,571,591,432,428,118,93,129,174,214,252,292,327,363,229,232,198,200,169,151,133,236,aedes_landmark-aedes-collection_f_l_b0c6e5c1354c.png,aedes_landmark-aedes-collection_f_l_b0c6e5c1354c.tif,Aedes_japonicus
,/Users/kristophernolte/Documents/ITHILDIN_evaluation/reference/reference_finalselection/aedes_landmark-aedes-collection_f_l_cd1ee3aa9b2a.png,Repaired,894,left,Aedes_aegypti,0.97,715,90,52,30,36,95,169,251,393,641,487,485,449,449,457,317,301,84,65,93,128,164,202,229,251,280,171,171,146,142,124,106,88,177,aedes_landmark-aedes-collection_f_l_cd1ee3aa9b2a.png,aedes_landmark-aedes-collection_f_l_cd1ee3aa9b2a.tif,Aedes_aegypti
,/Users/kristophernolte/Documents/ITHILDIN_evaluation/reference/reference_finalselection/aedes_landmark-aedes-collection_f_l_cdf82a6ae8b8.png,Repaired,1086,left,Aedes_aegypti,0.97,875,102,56,31,39,102,185,291,452,771,592,579,527,512,529,398,325,101,76,111,151,190,234,267,297,334,207,205,169,171,142,126,105,215,aedes_landmark-aedes-collection_f_l_cdf82a6ae8b8.png,aedes_landmark-aedes-collection_f_l_cdf82a6ae8b8.tif,Aedes_aegypti
,/Users/kristophernolte/Documents/ITHILDIN_evaluation/reference/reference_finalselection/aedes_landmark-aedes-collection_f_l_d4a46396cc2b.png,Full Skeleton,1465,left,Aedes_japonicus,0.99,1152,142,85,47,62,121,242,408,622,1031,826,808,731,714,731,574,539,174,130,174,228,290,331,391,438,485,322,308,266,266,231,201,174,314,aedes_landmark-aedes-collection_f_l_d4a46396cc2b.png,aedes_landmark-aedes-collection_f_l_d4a46396cc2b.tif,Aedes_japonicus
,/Users/kristophernolte/Documents/ITHILDIN_evaluation/reference/reference_finalselection/aedes_landmark-aedes-collection_f_l_ee2a8879fda6.png,Repaired,1264,left,Aedes_japonicus,0.94,1025,124,83,48,71,144,258,396,543,888,738,721,649,642,667,500,492,134,106,142,198,243,284,330,365,398,253,246,210,213,185,162,137,251,aedes_landmark-aedes-collection_f_l_ee2a8879fda6.png,aedes_landmark-aedes-collection_f_l_ee2a8879fda6.tif,Aedes_japonicus
,/Users/kristophernolte/Documents/ITHILDIN_evaluation/reference/reference_finalselection/aedes_landmark-aedes-collection_f_l_f76cebc52c24.png,Repaired,1407,left,Aedes_japonicus,0.94,1116,113,70,46,73,141,267,430,612,981,821,796,744,676,704,553,528,130,96,139,192,247,284,333,367,404,250,241,201,204,173,155,133,250,aedes_landmark-aedes-collection_f_l_f76cebc52c24.png,aedes_landmark-aedes-collection_f_l_f76cebc52c24.tif,Aedes_japonicus
,/Users/kristophernolte/Documents/ITHILDIN_evaluation/reference/reference_finalselection/aedes_landmark-aedes-collection_f_r_02589c07fc4f.png,Full Skeleton,1338,right,Aedes_koreicus,0.95,1002,57,19,0,8,76,179,349,528,891,707,696,626,604,642,442,433,159,148,189,227,276,322,362,398,438,289,284,243,246,216,186,167,289,aedes_landmark-aedes-collection_f_r_02589c07fc4f.png,aedes_landmark-aedes-collection_f_r_02589c07fc4f.tif,Aedes_koreicus
,/Users/kristophernolte/Documents/ITHILDIN_evaluation/reference/reference_finalselection/aedes_landmark-aedes-collection_f_r_034ca847de3b.png,Full Skeleton,1448,right,Aedes_japonicus,0.91,1089,77,34,0,14,86,215,390,573,963,762,759,691,676,708,504,476,143,100,137,194,249,301,361,404,450,283,275,229,229,197,169,149,278,aedes_landmark-aedes-collection_f_r_034ca847de3b.png,aedes_landmark-aedes-collection_f_r_034ca847de3b.tif,Aedes_japonicus
,/Users/kristophernolte/Documents/ITHILDIN_evaluation/reference/reference_finalselection/aedes_landmark-aedes-collection_f_r_0a9e6ebc67fb.png,Repaired,1423,right,Aedes_koreicus,0.96,1089,68,27,0,12,92,192,373,571,929,757,743,674,642,683,482,494,139,121,165,212,257,310,357,393,443,278,266,230,230,201,171,153,275,aedes_landmark-aedes-collection_f_r_0a9e6ebc67fb.png,aedes_landmark-aedes-collection_f_r_0a9e6ebc67fb.tif,Aedes_koreicus
,/Users/kristophernolte/Documents/ITHILDIN_evaluation/reference/reference_finalselection/aedes_landmark-aedes-collection_f_r_15b4ae23cf98.png,Full Skeleton,1485,right,Aedes_koreicus,0.99,1116,53,22,0,13,87,198,377,584,977,785,757,692,671,702,504,507,126,117,154,203,262,315,364,417,460,281,275,234,237,203,169,151,284,aedes_landmark-aedes-collection_f_r_15b4ae23cf98.png,aedes_landmark-aedes-collection_f_r_15b4ae23cf98.tif,Aedes_koreicus
,/Users/kristophernolte/Documents/ITHILDIN_evaluation/reference/reference_finalselection/aedes_landmark-aedes-collection_f_r_178208c3ace3.png,Repaired,1469,right,Aedes_koreicus,0.99,1094,58,18,0,9,79,208,389,610,953,778,751,699,686,705,509,499,124,114,148,209,255,311,363,403,449,274,268,228,231,197,163,142,277,aedes_landmark-aedes-collection_f_r_178208c3ace3.png,aedes_landmark-aedes-collection_f_r_178208c3ace3.tif,Aedes_koreicus
,/Users/kristophernolte/Documents/ITHILDIN_evaluation/reference/reference_finalselection/aedes_landmark-aedes-collection_f_r_1cb58e5dddfb.png,Repaired,1262,right,Aedes_japonicus,0.95,972,82,26,0,13,87,190,318,472,831,682,662,590,580,603,456,418,150,103,150,203,247,288,337,375,424,273,265,229,232,198,173,157,265,aedes_landmark-aedes-collection_f_r_1cb58e5dddfb.png,aedes_landmark-aedes-collection_f_r_1cb58e5dddfb.tif,Aedes_japonicus
,/Users/kristophernolte/Documents/ITHILDIN_evaluation/reference/reference_finalselection/aedes_landmark-aedes-collection_f_r_20044126568a.png,Repaired,1428,right,Aedes_koreicus,0.98,1094,71,27,0,9,68,199,348,577,910,734,731,678,666,681,497,455,132,108,147,200,251,298,352,394,447,281,269,233,230,191,165,144,281,aedes_landmark-aedes-collection_f_r_20044126568a.png,aedes_landmark-aedes-collection_f_r_20044126568a.tif,Aedes_koreicus
,/Users/kristophernolte/Documents/ITHILDIN_evaluation/reference/reference_finalselection/aedes_landmark-aedes-collection_f_r_20b66be3a04f.png,Repaired,1465,right,Aedes_japonicus,0.76,1102,56,13,0,22,91,207,376,592,961,783,751,695,689,686,479,498,126,123,158,205,261,311,361,402,449,283,267,226,220,189,170,145,273,aedes_landmark-aedes-collection_f_r_20b66be3a04f.png,aedes_landmark-aedes-collection_f_r_20b66be3a04f.tif,Aedes_koreicus
,/Users/kristophernolte/Documents/ITHILDIN_evaluation/reference/reference_finalselection/aedes_landmark-aedes-collection_f_r_2935208de9f8.png,Full Skeleton,1374,right,Aedes_japonicus,0.97,1058,72,23,0,11,86,204,334,542,911,724,706,634,614,634,473,458,144,121,161,216,268,314,360,400,450,288,282,233,239,199,178,152,279,aedes_landmark-aedes-collection_f_r_2935208de9f8.png,aedes_landmark-aedes-collection_f_r_2935208de9f8.tif,Aedes_japonicus
,/Users/kristophernolte/Documents/ITHILDIN_evaluation/reference/reference_finalselection/aedes_landmark-aedes-collection_f_r_3701fd009e0d.png,Full Skeleton,1455,right,Aedes_japonicus,0.82,1103,96,25,0,22,86,217,382,583,975,778,755,688,679,714,497,469,133,108,156,210,255,306,357,398,443,270,270,226,229,194,162,143,283,aedes_landmark-aedes-collection_f_r_3701fd009e0d.png,aedes_landmark-aedes-collection_f_r_3701fd009e0d.tif,Aedes_japonicus
,/Users/kristophernolte/Documents/ITHILDIN_evaluation/reference/reference_finalselection/aedes_landmark-aedes-collection_f_r_3cde13fafb2d.png,Full Skeleton,1411,right,Aedes_koreicus,0.87,1052,48,17,0,14,82,197,359,567,929,753,727,653,644,670,459,470,115,118,155,209,260,309,349,392,437,266,258,223,218,189,158,143,266,aedes_landmark-aedes-collection_f_r_3cde13fafb2d.png,aedes_landmark-aedes-collection_f_r_3cde13fafb2d.tif,Aedes_koreicus
,/Users/kristophernolte/Documents/ITHILDIN_evaluation/reference/reference_finalselection/aedes_landmark-aedes-collection_f_r_3de0d0a9b104.png,Repaired,1213,right,Aedes_koreicus,0.94,916,58,20,0,12,68,188,326,494,803,645,627,570,552,577,439,424,117,105,138,190,238,276,316,353,381,233,230,203,200,173,150,130,238,aedes_landmark-aedes-collection_f_r_3de0d0a9b104.png,aedes_landmark-aedes-collection_f_r_3de0d0a9b104.tif,Aedes_koreicus
,/Users/kristophernolte/Documents/ITHILDIN_evaluation/reference/reference_finalselection/aedes_landmark-aedes-collection_f_r_4331a424af30.png,Repaired,1399,right,Aedes_japonicus,0.98,1081,65,21,0,12,74,201,343,534,924,732,718,635,623,641,496,446,132,118,165,218,265,307,348,392,443,268,265,224,227,189,168,144,274,aedes_landmark-aedes-collection_f_r_4331a424af30.png,aedes_landmark-aedes-collection_f_r_4331a424af30.tif,Aedes_japonicus
,/Users/kristophernolte/Documents/ITHILDIN_evaluation/reference/reference_finalselection/aedes_landmark-aedes-collection_f_r_577967b1d7c7.png,Full Skeleton,1420,right,Aedes_japonicus,0.99,1081,86,38,0,23,104,227,379,568,947,769,743,686,671,697,502,479,137,106,151,215,269,315,364,395,444,272,269,226,229,194,163,143,281,aedes_landmark-aedes-collection_f_r_577967b1d7c7.png,aedes_landmark-aedes-collection_f_r_577967b1d7c7.tif,Aedes_japonicus
,/Users/kristophernolte/Documents/ITHILDIN_evaluation/reference/reference_finalselection/aedes_landmark-aedes-collection_f_r_5e61423fbf1b.png,Repaired,1374,right,Aedes_koreicus,0.97,1054,85,22,0,8,74,192,329,578,901,728,707,635,630,644,488,449,132,94,141,193,239,283,332,368,409,264,250,220,220,187,162,138,258,aedes_landmark-aedes-collection_f_r_5e61423fbf1b.png,aedes_landmark-aedes-collection_f_r_5e61423fbf1b.tif,Aedes_koreicus
,/Users/kristophernolte/Documents/ITHILDIN_evaluation/reference/reference_finalselection/aedes_landmark-aedes-collection_f_r_6082b1bdb444.png,Full Skeleton,1414,right,Aedes_japonicus,0.98,1062,88,28,0,17,86,212,372,547,933,773,753,676,661,684,464,466,133,98,147,201,256,305,359,396,439,270,262,224,230,193,167,147,273,aedes_landmark-aedes-collection_f_r_6082b1bdb444.png,aedes_landmark-aedes-collection_f_r_6082b1bdb444.tif,Aedes_japonicus
,/Users/kristophernolte/Documents/ITHILDIN_evaluation/reference/reference_finalselection/aedes_landmark-aedes-collection_f_r_798def796ac6.png,Full Skeleton,1063,right,Aedes_aegypti,0.95,816,61,20,0,3,61,150,261,404,707,537,535,495,484,504,348,301,112,81,112,154,194,239,272,304,346,219,215,181,179,150,128,114,217,aedes_landmark-aedes-collection_f_r_798def796ac6.png,aedes_landmark-aedes-collection_f_r_798def796ac6.tif,Aedes_aegypti
,/Users/kristophernolte/Documents/ITHILDIN_evaluation/reference/reference_finalselection/aedes_landmark-aedes-collection_f_r_7c9adb2aa642.png,Repaired,1501,right,Aedes_koreicus,0.9,1135,71,31,0,18,90,202,392,594,983,790,774,715,703,728,522,510,140,115,158,217,264,320,373,420,469,295,286,242,245,211,180,155,292,aedes_landmark-aedes-collection_f_r_7c9adb2aa642.png,aedes_landmark-aedes-collection_f_r_7c9adb2aa642.tif,Aedes_koreicus
,/Users/kristophernolte/Documents/ITHILDIN_evaluation/reference/reference_finalselection/aedes_landmark-aedes-collection_f_r_7e2f4233cebf.png,Repaired,1488,right,Aedes_japonicus,0.95,1115,60,15,0,18,92,218,406,601,983,780,768,705,687,720,544,508,122,128,173,227,278,325,376,412,466,278,272,233,236,203,167,152,287,aedes_landmark-aedes-collection_f_r_7e2f4233cebf.png,aedes_landmark-aedes-collection_f_r_7e2f4233cebf.tif,Aedes_koreicus
,/Users/kristophernolte/Documents/ITHILDIN_evaluation/reference/reference_finalselection/aedes_landmark-aedes-collection_f_r_7eba2961971c.png,Full Skeleton,1461,right,Aedes_koreicus,0.98,1102,55,26,0,26,94,226,391,585,966,792,769,688,666,698,510,514,138,119,158,213,271,313,368,410,462,284,277,232,235,210,174,151,277,aedes_landmark-aedes-collection_f_r_7eba2961971c.png,aedes_landmark-aedes-collection_f_r_7eba2961971c.tif,Aedes_koreicus
,/Users/kristophernolte/Documents/ITHILDIN_evaluation/reference/reference_finalselection/aedes_landmark-aedes-collection_f_r_86cd3f70ea73.png,Repaired,1230,right,Aedes_koreicus,0.93,939,43,21,0,13,84,190,323,485,813,646,631,581,560,578,404,437,109,117,142,190,240,281,319,356,392,238,233,203,203,172,152,132,238,aedes_landmark-aedes-collection_f_r_86cd3f70ea73.png,aedes_landmark-aedes-collection_f_r_86cd3f70ea73.tif,Aedes_koreicus
,/Users/kristophernolte/Documents/ITHILDIN_evaluation/reference/reference_finalselection/aedes_landmark-aedes-collection_f_r_8863a2399e76.png,Repaired,1441,right,Aedes_koreicus,0.97,1099,63,28,0,14,77,192,360,575,947,747,727,667,647,678,478,489,118,110,144,201,258,310,364,410,447,270,267,227,230,196,158,147,273,aedes_landmark-aedes-collection_f_r_8863a2399e76.png,aedes_landmark-aedes-collection_f_r_8863a2399e76.tif,Aedes_koreicus
,/Users/kristophernolte/Documents/ITHILDIN_evaluation/reference/reference_finalselection/aedes_landmark-aedes-collection_f_r_a4abd12cbe6d.png,Repaired,1441,right,Aedes_japonicus,0.97,1078,64,30,0,19,98,214,374,560,957,774,743,687,676,701,515,509,126,118,166,222,267,323,369,414,459,270,273,230,233,202,171,154,281,aedes_landmark-aedes-collection_f_r_a4abd12cbe6d.png,aedes_landmark-aedes-collection_f_r_a4abd12cbe6d.tif,Aedes_japonicus
,/Users/kristophernolte/Documents/ITHILDIN_evaluation/reference/reference_finalselection/aedes_landmark-aedes-collection_f_r_acf3e27b3d05.png,Repaired,1432,right,Aedes_koreicus,0.88,1067,69,19,0,10,75,183,372,583,928,757,738,676,658,689,484,475,125,106,150,196,255,305,361,407,441,274,265,224,224,193,162,147,277,aedes_landmark-aedes-collection_f_r_acf3e27b3d05.png,aedes_landmark-aedes-collection_f_r_acf3e27b3d05.tif,Aedes_koreicus
,/Users/kristophernolte/Documents/ITHILDIN_evaluation/reference/reference_finalselection/aedes_landmark-aedes-collection_f_r_b253cbdf5588.png,Repaired,1406,right,Aedes_japonicus,0.83,1064,60,19,0,9,76,199,369,559,922,739,726,654,641,666,470,461,138,113,148,202,243,300,350,394,442,281,271,236,236,205,167,148,281,aedes_landmark-aedes-collection_f_r_b253cbdf5588.png,aedes_landmark-aedes-collection_f_r_b253cbdf5588.tif,Aedes_koreicus
,/Users/kristophernolte/Documents/ITHILDIN_evaluation/reference/reference_finalselection/aedes_landmark-aedes-collection_f_r_b38b6e11d8f8.png,Repaired,1092,right,Aedes_aegypti,0.97,814,70,23,0,14,79,177,291,440,744,575,570,526,512,540,361,354,116,86,120,174,214,251,290,321,365,230,225,190,186,158,134,118,223,aedes_landmark-aedes-collection_f_r_b38b6e11d8f8.png,aedes_landmark-aedes-collection_f_r_b38b6e11d8f8.tif,Aedes_aegypti
,/Users/kristophernolte/Documents/ITHILDIN_evaluation/reference/reference_finalselection/aedes_landmark-aedes-collection_f_r_bdbe7a37b1e7.png,Full Skeleton,1398,right,Aedes_japonicus,0.95,1048,53,19,0,17,93,206,387,568,935,737,717,661,638,669,472,489,114,125,165,216,264,315,360,397,442,264,267,224,227,196,165,148,278,aedes_landmark-aedes-collection_f_r_bdbe7a37b1e7.png,aedes_landmark-aedes-collection_f_r_bdbe7a37b1e7.tif,Aedes_koreicus
,/Users/kristophernolte/Documents/ITHILDIN_evaluation/reference/reference_finalselection/aedes_landmark-aedes-collection_f_r_be161c84e112.png,Full Skeleton,1275,right,Aedes_japonicus,0.96,958,67,28,0,20,89,202,331,511,875,676,660,607,591,618,447,461,118,102,140,195,245,281,328,358,391,239,237,201,204,176,151,129,242,aedes_landmark-aedes-collection_f_r_be161c84e112.png,aedes_landmark-aedes-collection_f_r_be161c84e112.tif,Aedes_japonicus
,/Users/kristophernolte/Documents/ITHILDIN_evaluation/reference/reference_finalselection/aedes_landmark-aedes-collection_f_r_be435fd53f05.png,Repaired,1111,right,Aedes_koreicus,0.93,836,56,14,0,18,72,172,281,424,744,597,577,526,517,537,377,381,104,89,126,167,213,249,285,314,347,211,211,182,184,155,135,120,218,aedes_landmark-aedes-collection_f_r_be435fd53f05.png,aedes_landmark-aedes-collection_f_r_be435fd53f05.tif,Aedes_japonicus
,/Users/kristophernolte/Documents/ITHILDIN_evaluation/reference/reference_finalselection/aedes_landmark-aedes-collection_f_r_c5065be5ff6b.png,Full Skeleton,1308,right,Aedes_japonicus,0.98,972,81,29,0,15,93,194,353,521,874,712,694,634,619,642,451,449,131,105,151,203,258,296,339,374,420,258,253,218,221,192,157,140,261,aedes_landmark-aedes-collection_f_r_c5065be5ff6b.png,aedes_landmark-aedes-collection_f_r_c5065be5ff6b.tif,Aedes_japonicus
,/Users/kristophernolte/Documents/ITHILDIN_evaluation/reference/reference_finalselection/aedes_landmark-aedes-collection_f_r_d2091bde884d.png,Full Skeleton,1379,right,Aedes_japonicus,0.96,1063,82,32,0,21,85,202,354,538,908,742,724,634,631,646,500,476,207,163,207,268,312,362,414,458,508,353,332,292,294,259,239,210,335,aedes_landmark-aedes-collection_f_r_d2091bde884d.png,aedes_landmark-aedes-collection_f_r_d2091bde884d.tif,Aedes_japonicus
,/Users/kristophernolte/Documents/ITHILDIN_evaluation/reference/reference_finalselection/aedes_landmark-aedes-collection_f_r_d906b750aa7e.png,Repaired,1529,right,Aedes_koreicus,0.91,1152,80,37,0,21,89,210,399,613,1013,811,793,731,718,740,532,520,134,113,153,212,264,317,370,422,469,286,280,240,243,206,178,153,286,aedes_landmark-aedes-collection_f_r_d906b750aa7e.png,aedes_landmark-aedes-collection_f_r_d906b750aa7e.tif,Aedes_koreicus
,/Users/kristophernolte/Documents/ITHILDIN_evaluation/reference/reference_finalselection/aedes_landmark-aedes-collection_f_r_d952be3b0058.png,Full Skeleton,1489,right,Aedes_japonicus,0.99,1101,79,36,0,33,106,221,361,586,1007,810,792,713,701,731,534,519,124,115,154,221,282,324,376,415,452,264,267,224,230,200,160,151,276,aedes_landmark-aedes-collection_f_r_d952be3b0058.png,aedes_landmark-aedes-collection_f_r_d952be3b0058.tif,Aedes_japonicus
,/Users/kristophernolte/Documents/ITHILDIN_evaluation/reference/reference_finalselection/aedes_landmark-aedes-collection_f_r_df7dd55b01d1.png,Repaired,1026,right,Aedes_aegypti,0.97,784,65,25,0,7,74,153,254,395,701,542,539,472,467,481,330,308,130,67,98,139,175,217,251,287,328,217,206,175,175,150,132,107,206,aedes_landmark-aedes-collection_f_r_df7dd55b01d1.png,aedes_landmark-aedes-collection_f_r_df7dd55b01d1.tif,Aedes_aegypti
,/Users/kristophernolte/Documents/ITHILDIN_evaluation/reference/reference_finalselection/aedes_landmark-aedes-collection_f_r_f3b3351edeb7.png,Repaired,1357,right,Aedes_koreicus,0.99,1026,63,23,0,9,72,189,352,544,894,708,690,633,622,648,453,458,133,113,153,204,253,296,350,390,439,276,267,227,227,201,170,153,273,aedes_landmark-aedes-collection_f_r_f3b3351edeb7.png,aedes_landmark-aedes-collection_f_r_f3b3351edeb7.tif,Aedes_koreicus
,/Users/kristophernolte/Documents/ITHILDIN_evaluation/reference/reference_finalselection/aedes_landmark-aedes-collection_f_r_f66a9283b69c.png,Repaired,1043,right,Aedes_aegypti,0.96,789,66,26,0,9,78,158,264,412,711,558,553,492,490,492,344,308,117,84,113,153,197,233,263,291,332,214,202,176,178,148,131,115,211,aedes_landmark-aedes-collection_f_r_f66a9283b69c.png,aedes_landmark-aedes-collection_f_r_f66a9283b69c.tif,Aedes_aegypti
,/Users/kristophernolte/Documents/ITHILDIN_evaluation/reference/reference_finalselection/aedes_landmark-aedes-collection_f_r_f9e35887b535.png,Repaired,1390,right,Aedes_koreicus,0.99,1069,65,25,0,20,96,207,371,564,907,728,714,655,649,677,485,476,124,110,153,206,249,303,351,394,433,269,263,223,226,187,155,141,269,aedes_landmark-aedes-collection_f_r_f9e35887b535.png,aedes_landmark-aedes-collection_f_r_f9e35887b535.tif,Aedes_koreicus
,/Users/kristophernolte/Documents/ITHILDIN_evaluation/reference/reference_finalselection/aedes_landmark-mosquito-identification_f_r_1f2159dafc93.png,Full Skeleton,1037,right,Aedes_caspius,0.91,783,49,19,0,7,62,146,260,400,660,531,525,489,485,493,290,330,111,83,115,157,202,248,290,333,365,227,216,191,189,157,134,119,223,aedes_landmark-mosquito-identification_f_r_1f2159dafc93.png,aedes_landmark-mosquito-identification_f_r_1f2159dafc93.tif,Aedes_caspius
,/Users/kristophernolte/Documents/ITHILDIN_evaluation/reference/reference_finalselection/aedes_landmark-mosquito-identification_f_r_814885c87ce0.png,Repaired,1297,right,Aedes_caspius,0.35,971,63,21,0,13,92,196,342,520,846,674,650,623,613,618,377,438,146,159,199,246,297,355,406,451,491,313,305,262,262,223,196,185,315,aedes_landmark-mosquito-identification_f_r_814885c87ce0.png,aedes_landmark-mosquito-identification_f_r_814885c87ce0.tif,Aedes_caspius
,/Users/kristophernolte/Documents/ITHILDIN_evaluation/reference/reference_finalselection/aedes_landmark-mosquito-identification_f_r_9020db3d637d.png,Full Skeleton,1245,right,Aedes_caspius,0.86,957,76,15,0,18,86,187,311,483,817,638,623,577,580,592,367,402,127,97,148,196,241,294,347,390,436,272,261,226,226,188,155,140,264,aedes_landmark-mosquito-identification_f_r_9020db3d637d.png,aedes_landmark-mosquito-identification_f_r_9020db3d637d.tif,Aedes_caspius
,/Users/kristophernolte/Documents/ITHILDIN_evaluation/reference/reference_finalselection/aedes_landmark-mosquito-identification_f_r_99c8d500e1de.png,Repaired,1159,right,Aedes_vexans,0.88,908,61,21,0,9,77,183,279,433,754,578,571,543,538,541,349,386,113,97,134,179,225,274,321,354,396,239,232,204,202,167,141,122,232,aedes_landmark-mosquito-identification_f_r_99c8d500e1de.png,aedes_landmark-mosquito-identification_f_r_99c8d500e1de.tif,Aedes_caspius
,/Users/kristophernolte/Documents/ITHILDIN_evaluation/reference/reference_finalselection/aedes_landmark-mosquito-identification_f_r_a4b97afc59be.png,Repaired,1169,right,Aedes_caspius,0.95,892,50,17,0,10,71,169,290,465,745,593,584,548,534,546,335,385,138,134,179,221,273,316,364,406,440,278,271,238,238,200,171,164,281,aedes_landmark-mosquito-identification_f_r_a4b97afc59be.png,aedes_landmark-mosquito-identification_f_r_a4b97afc59be.tif,Aedes_caspius
,/Users/kristophernolte/Documents/ITHILDIN_evaluation/reference/reference_finalselection/aedes_landmark-mosquito-identification_f_r_b63a8223e9c6.png,Full Skeleton,1178,right,Aedes_caspius,0.69,905,79,31,0,3,72,176,303,458,753,605,590,557,544,552,341,379,149,78,114,167,218,274,335,378,429,284,266,228,226,193,162,137,259,aedes_landmark-mosquito-identification_f_r_b63a8223e9c6.png,aedes_landmark-mosquito-identification_f_r_b63a8223e9c6.tif,Aedes_caspius
,/Users/kristophernolte/Documents/ITHILDIN_evaluation/reference/reference_finalselection/aedes_landmark-mosquito-identification_f_r_bcbdd4459a47.png,Repaired,1180,right,Aedes_caspius,0.45,897,58,17,0,2,68,160,283,463,759,589,577,555,536,548,327,363,121,106,145,191,242,295,344,383,421,257,252,215,218,177,157,145,257,aedes_landmark-mosquito-identification_f_r_bcbdd4459a47.png,aedes_landmark-mosquito-identification_f_r_bcbdd4459a47.tif,Aedes_caspius
,/Users/kristophernolte/Documents/ITHILDIN_evaluation/reference/reference_finalselection/aedes_landmark-mosquito-identification_f_r_c69effd814b8.png,Full Skeleton,1291,right,Aedes_vexans,0.39,994,71,30,0,19,85,192,318,491,845,645,645,628,617,623,357,420,134,101,137,186,241,290,343,384,439,260,255,216,211,181,153,139,252,aedes_landmark-mosquito-identification_f_r_c69effd814b8.png,aedes_landmark-mosquito-identification_f_r_c69effd814b8.tif,Aedes_caspius
,/Users/kristophernolte/Documents/ITHILDIN_evaluation/reference/reference_finalselection/aedes_landmark-mosquito-identification_f_r_cc723279e7b8.png,Repaired,1130,right,Aedes_communis-punctor-pair,0.23,863,68,24,0,15,82,177,291,453,737,578,565,532,528,536,340,375,119,88,123,176,231,280,331,373,412,251,251,216,214,178,152,134,249,aedes_landmark-mosquito-identification_f_r_cc723279e7b8.png,aedes_landmark-mosquito-identification_f_r_cc723279e7b8.tif,Aedes_caspius
,/Users/kristophernolte/Documents/ITHILDIN_evaluation/reference/reference_finalselection/aedes_landmark-mosquito-identification_f_r_f47909b9ae34.png,Full Skeleton,1130,right,Aedes_koreicus,0.38,860,64,24,0,14,79,171,283,422,729,586,584,548,538,553,348,395,167,132,172,222,268,313,358,394,429,284,275,248,244,213,191,170,275,aedes_landmark-mosquito-identification_f_r_f47909b9ae34.png,aedes_landmark-mosquito-identification_f_r_f47909b9ae34.tif,Aedes_caspius
,/Users/kristophernolte/Documents/ITHILDIN_evaluation/reference/reference_finalselection/aedes_latvian-mosquito-collection_f_l_0866a25c212c.png,Repaired,1939,left,Aedes_annulipes-group,0.79,1593,187,123,95,119,215,375,607,886,1354,1074,1058,1002,994,1002,683,683,187,147,211,287,355,423,507,579,651,423,403,339,339,287,239,199,403,aedes_latvian-mosquito-collection_f_l_0866a25c212c.png,aedes_latvian-mosquito-collection_f_l_0866a25c212c.tif,Aedes_annulipes-group
,/Users/kristophernolte/Documents/ITHILDIN_evaluation/reference/reference_finalselection/aedes_latvian-mosquito-collection_f_l_154ef6cacc57.png,Full Skeleton,1982,left,Aedes_annulipes-group,0.33,1639,204,149,114,153,252,409,638,934,1426,1103,1091,1060,1036,1044,717,729,185,141,208,295,366,449,524,591,666,417,402,342,335,271,240,197,413,aedes_latvian-mosquito-collection_f_l_154ef6cacc57.png,aedes_latvian-mosquito-collection_f_l_154ef6cacc57.tif,Aedes_annulipes-group
,/Users/kristophernolte/Documents/ITHILDIN_evaluation/reference/reference_finalselection/aedes_latvian-mosquito-collection_f_l_1a2579215731.png,Full Skeleton,1197,left,Aedes_cinereus-geminus-pair,0.85,970,130,92,69,76,147,242,383,540,849,702,687,630,625,635,456,430,95,102,140,195,245,287,326,364,397,235,230,197,199,171,145,135,257,aedes_latvian-mosquito-collection_f_l_1a2579215731.png,aedes_latvian-mosquito-collection_f_l_1a2579215731.tif,Aedes_cinereus-geminus-pair
,/Users/kristophernolte/Documents/ITHILDIN_evaluation/reference/reference_finalselection/aedes_latvian-mosquito-collection_f_l_1cf4ca7c3d9d.png,Repaired,1829,left,Aedes_annulipes-group,0.99,1536,169,115,88,107,211,381,546,820,1263,1024,1009,943,932,939,643,662,146,134,196,258,323,385,446,504,562,354,338,288,285,227,200,173,350,aedes_latvian-mosquito-collection_f_l_1cf4ca7c3d9d.png,aedes_latvian-mosquito-collection_f_l_1cf4ca7c3d9d.tif,Aedes_annulipes-group
,/Users/kristophernolte/Documents/ITHILDIN_evaluation/reference/reference_finalselection/aedes_latvian-mosquito-collection_f_l_29cee9a0d24c.png,Repaired,1396,left,Aedes_cinereus-geminus-pair,0.86,1160,156,109,80,93,172,271,427,607,983,808,808,727,727,738,524,487,121,97,136,202,251,306,350,392,434,275,251,220,215,183,163,139,275,aedes_latvian-mosquito-collection_f_l_29cee9a0d24c.png,aedes_latvian-mosquito-collection_f_l_29cee9a0d24c.tif,Aedes_cinereus-geminus-pair
,/Users/kristophernolte/Documents/ITHILDIN_evaluation/reference/reference_finalselection/aedes_latvian-mosquito-collection_f_l_2f2964203309.png,Full Skeleton,1752,left,Aedes_communis-punctor-pair,0.94,1378,150,73,34,61,158,289,478,749,1212,926,915,845,837,849,536,571,164,125,179,249,322,391,461,527,596,384,361,303,295,245,202,171,364,aedes_latvian-mosquito-collection_f_l_2f2964203309.png,aedes_latvian-mosquito-collection_f_l_2f2964203309.tif,Aedes_communis-punctor-pair
,/Users/kristophernolte/Documents/ITHILDIN_evaluation/reference/reference_finalselection/aedes_latvian-mosquito-collection_f_l_32c14a9277b9.png,Full Skeleton,1552,left,Aedes_communis-punctor-pair,0.99,1242,134,81,59,78,147,263,467,683,1066,840,834,774,765,778,461,505,138,128,181,241,310,367,423,480,523,335,313,269,266,222,185,160,335,aedes_latvian-mosquito-collection_f_l_32c14a9277b9.png,aedes_latvian-mosquito-collection_f_l_32c14a9277b9.tif,Aedes_communis-punctor-pair
,/Users/kristophernolte/Documents/ITHILDIN_evaluation/reference/reference_finalselection/aedes_latvian-mosquito-collection_f_l_3a103aca4931.png,Full Skeleton,2047,left,Aedes_annulipes-group,0.97,1711,202,137,107,150,266,442,679,950,1453,1139,1130,1092,1066,1075,726,774,189,167,232,313,391,460,541,602,670,438,408,344,339,275,249,215,412,aedes_latvian-mosquito-collection_f_l_3a103aca4931.png,aedes_latvian-mosquito-collection_f_l_3a103aca4931.tif,Aedes_annulipes-group
,/Users/kristophernolte/Documents/ITHILDIN_evaluation/reference/reference_finalselection/aedes_latvian-mosquito-collection_f_l_3d3c70966baf.png,Full Skeleton,1346,left,Aedes_cinereus-geminus-pair,0.99,1111,154,109,81,107,185,303,434,630,991,797,795,714,711,727,525,497,141,143,190,245,292,337,374,408,439,272,264,240,238,206,185,170,295,aedes_latvian-mosquito-collection_f_l_3d3c70966baf.png,aedes_latvian-mosquito-collection_f_l_3d3c70966baf.tif,Aedes_cinereus-geminus-pair
,/Users/kristophernolte/Documents/ITHILDIN_evaluation/reference/reference_finalselection/aedes_latvian-mosquito-collection_f_l_40f74d69afee.png,Full Skeleton,2056,left,Aedes_annulipes-group,0.94,1675,188,131,92,122,241,425,662,912,1433,1144,1135,1087,1078,1087,758,784,177,160,221,304,379,449,524,589,673,427,405,339,339,274,221,199,401,aedes_latvian-mosquito-collection_f_l_40f74d69afee.png,aedes_latvian-mosquito-collection_f_l_40f74d69afee.tif,Aedes_annulipes-group
,/Users/kristophernolte/Documents/ITHILDIN_evaluation/reference/reference_finalselection/aedes_latvian-mosquito-collection_f_l_42905e422844.png,Repaired,1999,left,Aedes_annulipes-group,0.96,1654,220,160,138,168,272,444,676,967,1475,1154,1143,1075,1049,1072,765,788,149,197,265,347,410,481,545,597,649,384,381,324,328,265,220,201,399,aedes_latvian-mosquito-collection_f_l_42905e422844.png,aedes_latvian-mosquito-collection_f_l_42905e422844.tif,Aedes_annulipes-group
,/Users/kristophernolte/Documents/ITHILDIN_evaluation/reference/reference_finalselection/aedes_latvian-mosquito-collection_f_l_42efe00dbfec.png,Repaired,1945,left,Aedes_annulipes-group,0.89,1547,137,66,35,70,172,326,542,809,1323,1017,1009,946,923,958,656,648,149,153,220,290,365,436,506,569,636,408,377,322,318,267,212,196,385,aedes_latvian-mosquito-collection_f_l_42efe00dbfec.png,aedes_latvian-mosquito-collection_f_l_42efe00dbfec.tif,Aedes_annulipes-group
,/Users/kristophernolte/Documents/ITHILDIN_evaluation/reference/reference_finalselection/aedes_latvian-mosquito-collection_f_l_46d24c0cd260.png,Repaired,1784,left,Aedes_communis-punctor-pair,0.98,1432,139,79,45,67,177,331,539,769,1232,953,938,867,848,863,550,584,163,167,224,292,356,427,499,556,620,393,382,314,314,254,213,182,390,aedes_latvian-mosquito-collection_f_l_46d24c0cd260.png,aedes_latvian-mosquito-collection_f_l_46d24c0cd260.tif,Aedes_communis-punctor-pair
,/Users/kristophernolte/Documents/ITHILDIN_evaluation/reference/reference_finalselection/aedes_latvian-mosquito-collection_f_l_49c0ee1dad58.png,Full Skeleton,1760,left,Aedes_communis-punctor-pair,0.95,1417,168,110,77,91,191,326,528,767,1223,980,958,903,881,888,602,635,156,134,185,247,321,398,472,541,611,398,369,306,306,251,211,178,369,aedes_latvian-mosquito-collection_f_l_49c0ee1dad58.png,aedes_latvian-mosquito-collection_f_l_49c0ee1dad58.tif,Aedes_communis-punctor-pair
,/Users/kristophernolte/Documents/ITHILDIN_evaluation/reference/reference_finalselection/aedes_latvian-mosquito-collection_f_l_4c63ea55a63c.png,Full Skeleton,2013,left,Aedes_annulipes-group,0.98,1559,151,69,44,81,183,355,583,881,1383,1093,1073,1012,991,1004,693,702,167,159,232,314,391,465,534,583,653,420,387,330,326,265,228,195,404,aedes_latvian-mosquito-collection_f_l_4c63ea55a63c.png,aedes_latvian-mosquito-collection_f_l_4c63ea55a63c.tif,Aedes_annulipes-group
,/Users/kristophernolte/Documents/ITHILDIN_evaluation/reference/reference_finalselection/aedes_latvian-mosquito-collection_f_l_515fa0d50c6f.png,Repaired,2135,left,Aedes_annulipes-group,0.96,1749,223,127,96,127,236,407,631,942,1486,1170,1157,1100,1070,1100,789,802,195,146,230,317,410,493,581,655,721,458,440,370,370,300,252,212,440,aedes_latvian-mosquito-collection_f_l_515fa0d50c6f.png,aedes_latvian-mosquito-collection_f_l_515fa0d50c6f.tif,Aedes_annulipes-group
,/Users/kristophernolte/Documents/ITHILDIN_evaluation/reference/reference_finalselection/aedes_latvian-mosquito-collection_f_l_527e181a2d56.png,Full Skeleton,1800,left,Aedes_communis-punctor-pair,0.97,1443,158,94,64,82,180,327,546,787,1265,953,945,885,870,900,561,583,146,128,180,256,331,414,489,546,617,376,354,312,305,248,203,184,384,aedes_latvian-mosquito-collection_f_l_527e181a2d56.png,aedes_latvian-mosquito-collection_f_l_527e181a2d56.tif,Aedes_communis-punctor-pair
,/Users/kristophernolte/Documents/ITHILDIN_evaluation/reference/reference_finalselection/aedes_latvian-mosquito-collection_f_l_5aee280192e1.png,Full Skeleton,1417,left,Aedes_cinereus-geminus-pair,0.91,1136,112,59,33,47,126,227,376,568,956,765,770,680,677,683,483,444,140,109,157,210,264,320,365,419,466,298,281,247,241,205,177,157,292,aedes_latvian-mosquito-collection_f_l_5aee280192e1.png,aedes_latvian-mosquito-collection_f_l_5aee280192e1.tif,Aedes_cinereus-geminus-pair
,/Users/kristophernolte/Documents/ITHILDIN_evaluation/reference/reference_finalselection/aedes_latvian-mosquito-collection_f_l_5d242b4114d9.png,Full Skeleton,1318,left,Aedes_cinereus-geminus-pair,0.99,1056,90,41,28,44,127,236,376,539,892,719,716,630,625,638,472,420,115,94,133,193,245,294,338,372,403,247,240,206,203,175,151,136,258,aedes_latvian-mosquito-collection_f_l_5d242b4114d9.png,aedes_latvian-mosquito-collection_f_l_5d242b4114d9.tif,Aedes_cinereus-geminus-pair
,/Users/kristophernolte/Documents/ITHILDIN_evaluation/reference/reference_finalselection/aedes_latvian-mosquito-collection_f_l_641a1ad88969.png,Full Skeleton,2107,left,Aedes_annulipes-group,0.98,1742,189,116,94,133,228,405,638,935,1453,1151,1134,1082,1061,1082,776,767,185,194,271,349,427,491,569,634,715,448,427,362,357,288,245,219,427,aedes_latvian-mosquito-collection_f_l_641a1ad88969.png,aedes_latvian-mosquito-collection_f_l_641a1ad88969.tif,Aedes_annulipes-group
,/Users/kristophernolte/Documents/ITHILDIN_evaluation/reference/reference_finalselection/aedes_latvian-mosquito-collection_f_l_6605dc1549fd.png,Full Skeleton,1973,left,Aedes_annulipes-group,0.96,1621,179,121,100,129,229,388,614,898,1375,1107,1099,1015,1007,1007,710,710,190,152,211,290,365,445,520,583,658,436,395,336,336,273,236,202,403,aedes_latvian-mosquito-collection_f_l_6605dc1549fd.png,aedes_latvian-mosquito-collection_f_l_6605dc1549fd.tif,Aedes_annulipes-group
,/Users/kristophernolte/Documents/ITHILDIN_evaluation/reference/reference_finalselection/aedes_latvian-mosquito-collection_f_l_6671ad4f6db9.png,Repaired,1348,left,Aedes_cinereus-geminus-pair,0.93,1129,131,93,76,98,172,282,416,611,954,776,773,693,693,712,504,474,120,128,172,230,271,318,353,386,422,257,246,211,208,186,159,142,266,aedes_latvian-mosquito-collection_f_l_6671ad4f6db9.png,aedes_latvian-mosquito-collection_f_l_6671ad4f6db9.tif,Aedes_cinereus-geminus-pair
,/Users/kristophernolte/Documents/ITHILDIN_evaluation/reference/reference_finalselection/aedes_latvian-mosquito-collection_f_l_6a3694456033.png,Full Skeleton,1824,left,Aedes_communis-punctor-pair,0.98,1441,131,61,38,65,162,290,499,767,1251,933,929,887,852,883,542,581,137,168,226,300,362,435,501,567,629,393,385,315,319,257,211,191,389,aedes_latvian-mosquito-collection_f_l_6a3694456033.png,aedes_latvian-mosquito-collection_f_l_6a3694456033.tif,Aedes_communis-punctor-pair
,/Users/kristophernolte/Documents/ITHILDIN_evaluation/reference/reference_finalselection/aedes_latvian-mosquito-collection_f_l_6bb580e9605e.png,Full Skeleton,1964,left,Aedes_annulipes-group,0.98,1594,171,118,89,122,236,395,627,917,1370,1096,1080,1039,1007,1027,746,770,169,173,234,311,389,454,523,576,634,397,381,311,320,246,214,193,377,aedes_latvian-mosquito-collection_f_l_6bb580e9605e.png,aedes_latvian-mosquito-collection_f_l_6bb580e9605e.tif,Aedes_annulipes-group
,/Users/kristophernolte/Documents/ITHILDIN_evaluation/reference/reference_finalselection/aedes_latvian-mosquito-collection_f_l_6cb3c37141f2.png,Repaired,2040,left,Aedes_annulipes-group,0.74,1661,178,118,101,140,250,407,628,930,1410,1138,1134,1053,1040,1057,692,760,167,163,240,329,410,486,562,630,698,435,414,346,342,278,235,210,418,aedes_latvian-mosquito-collection_f_l_6cb3c37141f2.png,aedes_latvian-mosquito-collection_f_l_6cb3c37141f2.tif,Aedes_annulipes-group
,/Users/kristophernolte/Documents/ITHILDIN_evaluation/reference/reference_finalselection/aedes_latvian-mosquito-collection_f_l_6d1631076ce5.png,Full Skeleton,1832,left,Aedes_communis-punctor-pair,0.98,1429,134,67,37,48,134,276,501,778,1242,961,950,879,875,902,583,583,155,129,189,248,320,391,469,533,585,364,349,297,293,245,200,174,368,aedes_latvian-mosquito-collection_f_l_6d1631076ce5.png,aedes_latvian-mosquito-collection_f_l_6d1631076ce5.tif,Aedes_communis-punctor-pair
,/Users/kristophernolte/Documents/ITHILDIN_evaluation/reference/reference_finalselection/aedes_latvian-mosquito-collection_f_l_6e5a778c8be8.png,Repaired,1977,left,Aedes_annulipes-group,0.99,1630,152,99,76,103,221,366,587,870,1359,1061,1046,996,973,992,736,698,146,177,242,303,372,456,524,578,639,391,379,318,318,261,211,196,398,aedes_latvian-mosquito-collection_f_l_6e5a778c8be8.png,aedes_latvian-mosquito-collection_f_l_6e5a778c8be8.tif,Aedes_annulipes-group
,/Users/kristophernolte/Documents/ITHILDIN_evaluation/reference/reference_finalselection/aedes_latvian-mosquito-collection_f_l_6f317c6ef3f4.png,Full Skeleton,1859,left,Aedes_communis-punctor-pair,0.99,1429,118,51,37,70,163,308,538,798,1269,991,983,902,894,909,605,646,157,183,250,317,380,451,517,581,640,391,373,321,317,261,213,194,395,aedes_latvian-mosquito-collection_f_l_6f317c6ef3f4.png,aedes_latvian-mosquito-collection_f_l_6f317c6ef3f4.tif,Aedes_communis-punctor-pair
,/Users/kristophernolte/Documents/ITHILDIN_evaluation/reference/reference_finalselection/aedes_latvian-mosquito-collection_f_l_72dadef36f0a.png,Full Skeleton,1354,left,Aedes_cinereus-geminus-pair,0.99,1081,126,64,37,53,128,233,394,571,909,756,756,673,670,686,464,423,111,100,146,202,250,301,347,385,422,258,245,210,213,178,156,138,272,aedes_latvian-mosquito-collection_f_l_72dadef36f0a.png,aedes_latvian-mosquito-collection_f_l_72dadef36f0a.tif,Aedes_cinereus-geminus-pair
,/Users/kristophernolte/Documents/ITHILDIN_evaluation/reference/reference_finalselection/aedes_latvian-mosquito-collection_f_l_754c59e874e6.png,Full Skeleton,1529,left,Aedes_communis-punctor-pair,0.85,1209,125,53,31,50,128,240,425,637,1028,790,784,737,731,737,496,506,134,121,181,237,293,359,421,484,550,350,321,278,268,218,187,159,325,aedes_latvian-mosquito-collection_f_l_754c59e874e6.png,aedes_latvian-mosquito-collection_f_l_754c59e874e6.tif,Aedes_communis-punctor-pair
,/Users/kristophernolte/Documents/ITHILDIN_evaluation/reference/reference_finalselection/aedes_latvian-mosquito-collection_f_l_850b9ae4fd3b.png,Full Skeleton,1317,left,Aedes_cinereus-geminus-pair,0.99,1035,114,54,31,44,130,223,387,554,897,730,728,645,642,655,444,455,115,105,154,211,258,310,349,386,433,258,248,211,214,180,157,136,264,aedes_latvian-mosquito-collection_f_l_850b9ae4fd3b.png,aedes_latvian-mosquito-collection_f_l_850b9ae4fd3b.tif,Aedes_cinereus-geminus-pair
,/Users/kristophernolte/Documents/ITHILDIN_evaluation/reference/reference_finalselection/aedes_latvian-mosquito-collection_f_l_8840a9090877.png,Repaired,1806,left,Aedes_annulipes-group,0.98,1507,171,119,93,122,219,364,558,815,1276,1019,1005,934,923,923,647,696,165,161,221,284,351,415,478,523,582,370,351,299,292,240,221,184,355,aedes_latvian-mosquito-collection_f_l_8840a9090877.png,aedes_latvian-mosquito-collection_f_l_8840a9090877.tif,Aedes_annulipes-group
,/Users/kristophernolte/Documents/ITHILDIN_evaluation/reference/reference_finalselection/aedes_latvian-mosquito-collection_f_l_884cc8b0495b.png,Full Skeleton,1980,left,Aedes_annulipes-group,0.98,1620,195,126,93,118,232,375,616,897,1362,1118,1081,1028,991,1024,697,734,159,155,228,318,395,473,550,608,669,416,403,334,338,273,228,212,408,aedes_latvian-mosquito-collection_f_l_884cc8b0495b.png,aedes_latvian-mosquito-collection_f_l_884cc8b0495b.tif,Aedes_annulipes-group
,/Users/kristophernolte/Documents/ITHILDIN_evaluation/reference/reference_finalselection/aedes_latvian-mosquito-collection_f_l_8ab261ebe8b8.png,Repaired,1244,left,Aedes_cinereus-geminus-pair,1.0,994,110,75,47,60,125,212,348,541,861,698,693,626,623,633,438,420,112,107,145,202,248,288,330,363,393,242,232,202,200,170,147,127,250,aedes_latvian-mosquito-collection_f_l_8ab261ebe8b8.png,aedes_latvian-mosquito-collection_f_l_8ab261ebe8b8.tif,Aedes_cinereus-geminus-pair
,/Users/kristophernolte/Documents/ITHILDIN_evaluation/reference/reference_finalselection/aedes_latvian-mosquito-collection_f_l_9a578c792aa0.png,Full Skeleton,1837,left,Aedes_communis-punctor-pair,0.98,1452,138,79,35,55,142,300,502,763,1238,961,953,866,858,890,585,613,162,138,197,269,340,415,498,573,648,423,395,328,328,269,217,193,391,aedes_latvian-mosquito-collection_f_l_9a578c792aa0.png,aedes_latvian-mosquito-collection_f_l_9a578c792aa0.tif,Aedes_communis-punctor-pair
,/Users/kristophernolte/Documents/ITHILDIN_evaluation/reference/reference_finalselection/aedes_latvian-mosquito-collection_f_l_9f9f2f527c02.png,Full Skeleton,1873,left,Aedes_annulipes-group,0.99,1518,168,103,76,111,203,341,552,832,1299,1027,1016,958,939,950,670,678,166,155,216,297,358,435,504,569,634,389,373,323,320,258,220,193,381,aedes_latvian-mosquito-collection_f_l_9f9f2f527c02.png,aedes_latvian-mosquito-collection_f_l_9f9f2f527c02.tif,Aedes_annulipes-group
,/Users/kristophernolte/Documents/ITHILDIN_evaluation/reference/reference_finalselection/aedes_latvian-mosquito-collection_f_l_9fbb663d9628.png,Full Skeleton,1653,left,other,0.72,1321,168,102,80,95,168,289,483,724,1185,896,889,838,816,852,589,589,161,142,201,263,329,395,464,527,585,376,355,296,292,245,201,179,347,aedes_latvian-mosquito-collection_f_l_9fbb663d9628.png,aedes_latvian-mosquito-collection_f_l_9fbb663d9628.tif,Aedes_communis-punctor-pair
,/Users/kristophernolte/Documents/ITHILDIN_evaluation/reference/reference_finalselection/aedes_latvian-mosquito-collection_f_l_a0f02863e46f.png,Full Skeleton,2120,left,Aedes_annulipes-group,0.99,1717,186,114,93,139,233,411,619,945,1475,1170,1166,1085,1060,1098,754,771,186,178,258,347,428,500,572,640,708,440,415,351,347,275,233,212,432,aedes_latvian-mosquito-collection_f_l_a0f02863e46f.png,aedes_latvian-mosquito-collection_f_l_a0f02863e46f.tif,Aedes_annulipes-group
,/Users/kristophernolte/Documents/ITHILDIN_evaluation/reference/reference_finalselection/aedes_latvian-mosquito-collection_f_l_a2a918b7e7cf.png,Full Skeleton,1202,left,Aedes_cinereus-geminus-pair,0.96,990,140,100,58,76,147,238,368,538,852,707,690,626,621,626,444,420,130,98,135,189,238,285,329,363,393,248,240,208,208,176,159,137,255,aedes_latvian-mosquito-collection_f_l_a2a918b7e7cf.png,aedes_latvian-mosquito-collection_f_l_a2a918b7e7cf.tif,Aedes_cinereus-geminus-pair
,/Users/kristophernolte/Documents/ITHILDIN_evaluation/reference/reference_finalselection/aedes_latvian-mosquito-collection_f_l_a68502246eea.png,Full Skeleton,1838,left,Aedes_annulipes-group,0.99,1435,126,65,38,65,157,314,493,769,1256,964,957,915,896,903,666,628,193,193,246,327,392,461,526,576,649,419,396,335,335,281,246,216,400,aedes_latvian-mosquito-collection_f_l_a68502246eea.png,aedes_latvian-mosquito-collection_f_l_a68502246eea.tif,Aedes_annulipes-group
,/Users/kristophernolte/Documents/ITHILDIN_evaluation/reference/reference_finalselection/aedes_latvian-mosquito-collection_f_l_a77d060e24f9.png,Repaired,1522,left,Aedes_cinereus-geminus-pair,0.99,1269,161,99,64,82,179,296,476,678,1061,858,858,770,764,772,540,517,133,110,163,227,289,342,386,427,468,289,280,239,239,198,171,151,301,aedes_latvian-mosquito-collection_f_l_a77d060e24f9.png,aedes_latvian-mosquito-collection_f_l_a77d060e24f9.tif,Aedes_cinereus-geminus-pair
,/Users/kristophernolte/Documents/ITHILDIN_evaluation/reference/reference_finalselection/aedes_latvian-mosquito-collection_f_l_a7c826aa67d5.png,Full Skeleton,2008,left,Aedes_annulipes-group,0.99,1651,177,124,99,132,227,393,616,910,1399,1101,1105,1034,1026,1034,753,786,169,177,240,318,393,467,546,604,674,422,409,339,339,289,235,206,405,aedes_latvian-mosquito-collection_f_l_a7c826aa67d5.png,aedes_latvian-mosquito-collection_f_l_a7c826aa67d5.tif,Aedes_annulipes-group
,/Users/kristophernolte/Documents/ITHILDIN_evaluation/reference/reference_finalselection/aedes_latvian-mosquito-collection_f_l_ab673269f572.png,Full Skeleton,2015,left,Aedes_annulipes-group,0.88,1593,162,70,54,87,204,379,596,863,1380,1080,1063,1009,992,1001,671,713,193,143,218,302,381,469,552,623,690,448,415,352,344,285,235,202,415,aedes_latvian-mosquito-collection_f_l_ab673269f572.png,aedes_latvian-mosquito-collection_f_l_ab673269f572.tif,Aedes_annulipes-group
,/Users/kristophernolte/Documents/ITHILDIN_evaluation/reference/reference_finalselection/aedes_latvian-mosquito-collection_f_l_acad43640777.png,Full Skeleton,2140,left,Aedes_annulipes-group,0.97,1712,181,110,84,133,248,434,661,989,1499,1193,1166,1109,1087,1091,780,785,188,175,259,339,428,494,579,645,734,472,432,361,357,290,259,224,441,aedes_latvian-mosquito-collection_f_l_acad43640777.png,aedes_latvian-mosquito-collection_f_l_acad43640777.tif,Aedes_annulipes-group
,/Users/kristophernolte/Documents/ITHILDIN_evaluation/reference/reference_finalselection/aedes_latvian-mosquito-collection_f_l_b1484b46915f.png,Full Skeleton,1840,left,Aedes_communis-punctor-pair,0.99,1434,124,56,33,71,147,294,532,789,1245,970,962,887,879,887,592,622,158,154,222,286,354,422,498,570,630,411,377,320,317,256,215,192,385,aedes_latvian-mosquito-collection_f_l_b1484b46915f.png,aedes_latvian-mosquito-collection_f_l_b1484b46915f.tif,Aedes_communis-punctor-pair
,/Users/kristophernolte/Documents/ITHILDIN_evaluation/reference/reference_finalselection/aedes_latvian-mosquito-collection_f_l_b2c0a3b36712.png,Repaired,1670,left,Aedes_communis-punctor-pair,0.91,1351,166,102,74,99,183,311,505,746,1167,923,919,852,848,856,569,562,157,118,175,242,309,376,443,507,567,366,341,291,288,235,196,178,351,aedes_latvian-mosquito-collection_f_l_b2c0a3b36712.png,aedes_latvian-mosquito-collection_f_l_b2c0a3b36712.tif,Aedes_communis-punctor-pair
,/Users/kristophernolte/Documents/ITHILDIN_evaluation/reference/reference_finalselection/aedes_latvian-mosquito-collection_f_l_b8e4ac4e147a.png,Full Skeleton,1231,left,Aedes_cinereus-geminus-pair,0.8,1017,148,105,70,75,150,246,366,567,874,721,716,643,640,645,462,432,104,96,136,189,227,272,312,350,388,227,222,192,192,159,136,124,242,aedes_latvian-mosquito-collection_f_l_b8e4ac4e147a.png,aedes_latvian-mosquito-collection_f_l_b8e4ac4e147a.tif,Aedes_cinereus-geminus-pair
,/Users/kristophernolte/Documents/ITHILDIN_evaluation/reference/reference_finalselection/aedes_latvian-mosquito-collection_f_l_c0188d520188.png,Full Skeleton,2006,left,Aedes_annulipes-group,0.93,1627,180,106,82,118,213,389,606,881,1394,1107,1115,1033,1021,1025,688,721,178,145,215,284,362,428,506,567,641,412,383,321,317,260,223,186,387,aedes_latvian-mosquito-collection_f_l_c0188d520188.png,aedes_latvian-mosquito-collection_f_l_c0188d520188.tif,Aedes_annulipes-group
,/Users/kristophernolte/Documents/ITHILDIN_evaluation/reference/reference_finalselection/aedes_latvian-mosquito-collection_f_l_c1146f65cd86.png,Full Skeleton,1815,left,Aedes_communis-punctor-pair,0.81,1464,168,114,87,118,202,332,569,822,1269,1024,1017,948,933,940,630,669,158,166,216,284,353,414,479,544,598,380,349,296,296,242,208,189,369,aedes_latvian-mosquito-collection_f_l_c1146f65cd86.png,aedes_latvian-mosquito-collection_f_l_c1146f65cd86.tif,Aedes_communis-punctor-pair
,/Users/kristophernolte/Documents/ITHILDIN_evaluation/reference/reference_finalselection/aedes_latvian-mosquito-collection_f_l_c5d5eedce82a.png,Repaired,1856,left,Aedes_annulipes-group,0.95,1491,158,81,51,73,173,331,552,795,1248,1009,998,931,913,917,633,648,152,138,200,267,348,418,488,539,602,388,351,303,303,241,208,174,370,aedes_latvian-mosquito-collection_f_l_c5d5eedce82a.png,aedes_latvian-mosquito-collection_f_l_c5d5eedce82a.tif,Aedes_annulipes-group
,/Users/kristophernolte/Documents/ITHILDIN_evaluation/reference/reference_finalselection/aedes_latvian-mosquito-collection_f_l_c7addae109b5.png,Repaired,1346,left,Aedes_cinereus-geminus-pair,0.99,1079,113,66,34,47,121,227,382,562,918,747,744,670,662,670,477,422,133,93,133,191,236,283,326,357,399,254,238,217,215,180,159,138,257,aedes_latvian-mosquito-collection_f_l_c7addae109b5.png,aedes_latvian-mosquito-collection_f_l_c7addae109b5.tif,Aedes_cinereus-geminus-pair
,/Users/kristophernolte/Documents/ITHILDIN_evaluation/reference/reference_finalselection/aedes_latvian-mosquito-collection_f_l_c8f96e90addc.png,Repaired,1985,left,Aedes_annulipes-group,0.96,1594,167,106,85,126,220,358,574,888,1402,1092,1076,1015,1002,1006,664,705,122,171,232,313,375,444,509,570,636,379,375,305,301,252,207,191,387,aedes_latvian-mosquito-collection_f_l_c8f96e90addc.png,aedes_latvian-mosquito-collection_f_l_c8f96e90addc.tif,Aedes_annulipes-group
,/Users/kristophernolte/Documents/ITHILDIN_evaluation/reference/reference_finalselection/aedes_latvian-mosquito-collection_f_l_cbc1be2980cb.png,Full Skeleton,1660,left,Aedes_communis-punctor-pair,0.96,1308,133,75,41,54,136,300,481,724,1127,881,871,816,803,806,556,570,155,141,186,254,319,394,466,527,586,370,346,295,292,240,203,175,350,aedes_latvian-mosquito-collection_f_l_cbc1be2980cb.png,aedes_latvian-mosquito-collection_f_l_cbc1be2980cb.tif,Aedes_communis-punctor-pair
,/Users/kristophernolte/Documents/ITHILDIN_evaluation/reference/reference_finalselection/aedes_latvian-mosquito-collection_f_l_d05aaf781c3e.png,Repaired,1366,left,Aedes_cinereus-geminus-pair,1.0,1063,114,65,33,33,112,216,373,553,932,752,744,676,674,684,488,454,125,96,135,188,237,290,337,378,425,258,253,216,219,182,156,138,263,aedes_latvian-mosquito-collection_f_l_d05aaf781c3e.png,aedes_latvian-mosquito-collection_f_l_d05aaf781c3e.tif,Aedes_cinereus-geminus-pair
,/Users/kristophernolte/Documents/ITHILDIN_evaluation/reference/reference_finalselection/aedes_latvian-mosquito-collection_f_l_d617516c1123.png,Repaired,1864,left,Aedes_annulipes-group,1.0,1496,156,95,76,102,194,342,544,829,1279,1035,1027,951,936,940,651,670,157,150,215,276,352,420,496,561,614,386,371,306,306,256,218,192,375,aedes_latvian-mosquito-collection_f_l_d617516c1123.png,aedes_latvian-mosquito-collection_f_l_d617516c1123.tif,Aedes_annulipes-group
,/Users/kristophernolte/Documents/ITHILDIN_evaluation/reference/reference_finalselection/aedes_latvian-mosquito-collection_f_l_d736e12d8abc.png,Repaired,1956,left,Aedes_annulipes-group,0.94,1641,195,135,107,127,231,382,609,880,1350,1087,1083,1024,1000,1032,697,697,159,167,231,306,374,446,514,573,641,402,386,330,322,266,223,203,398,aedes_latvian-mosquito-collection_f_l_d736e12d8abc.png,aedes_latvian-mosquito-collection_f_l_d736e12d8abc.tif,Aedes_annulipes-group
,/Users/kristophernolte/Documents/ITHILDIN_evaluation/reference/reference_finalselection/aedes_latvian-mosquito-collection_f_l_db9de69f6488.png,Repaired,1830,left,Aedes_communis-punctor-pair,0.79,1461,134,71,48,71,168,322,521,790,1237,963,955,910,899,903,652,663,155,125,189,264,335,406,477,545,609,376,365,313,309,253,215,185,361,aedes_latvian-mosquito-collection_f_l_db9de69f6488.png,aedes_latvian-mosquito-collection_f_l_db9de69f6488.tif,Aedes_annulipes-group
,/Users/kristophernolte/Documents/ITHILDIN_evaluation/reference/reference_finalselection/aedes_latvian-mosquito-collection_f_l_dda223cf77a1.png,Full Skeleton,1460,left,Aedes_communis-punctor-pair,0.88,1148,113,59,32,47,124,240,422,636,990,770,758,707,693,704,440,458,117,135,185,239,287,343,403,456,516,334,316,263,260,212,171,153,325,aedes_latvian-mosquito-collection_f_l_dda223cf77a1.png,aedes_latvian-mosquito-collection_f_l_dda223cf77a1.tif,Aedes_communis-punctor-pair
,/Users/kristophernolte/Documents/ITHILDIN_evaluation/reference/reference_finalselection/aedes_latvian-mosquito-collection_f_l_e2a0ef4d10ef.png,Full Skeleton,1881,left,Aedes_annulipes-group,0.99,1576,213,151,128,166,271,427,648,897,1363,1091,1075,1021,1013,1025,730,737,165,161,227,304,378,448,514,568,627,386,382,328,324,262,223,192,394,aedes_latvian-mosquito-collection_f_l_e2a0ef4d10ef.png,aedes_latvian-mosquito-collection_f_l_e2a0ef4d10ef.tif,Aedes_annulipes-group
,/Users/kristophernolte/Documents/ITHILDIN_evaluation/reference/reference_finalselection/aedes_latvian-mosquito-collection_f_l_e4fef3fc0b1e.png,Full Skeleton,2057,left,Aedes_annulipes-group,0.99,1642,151,71,54,79,180,344,567,869,1360,1092,1083,1024,1008,1016,722,739,241,136,212,296,371,443,539,615,695,472,434,380,375,304,254,203,417,aedes_latvian-mosquito-collection_f_l_e4fef3fc0b1e.png,aedes_latvian-mosquito-collection_f_l_e4fef3fc0b1e.tif,Aedes_annulipes-group
,/Users/kristophernolte/Documents/ITHILDIN_evaluation/reference/reference_finalselection/aedes_latvian-mosquito-collection_f_l_e738c9b7df5a.png,Full Skeleton,1907,left,Aedes_annulipes-group,0.98,1561,153,105,90,117,219,357,557,855,1306,1051,1043,988,969,977,686,702,170,154,217,292,362,433,500,566,625,390,370,319,311,253,221,186,378,aedes_latvian-mosquito-collection_f_l_e738c9b7df5a.png,aedes_latvian-mosquito-collection_f_l_e738c9b7df5a.tif,Aedes_annulipes-group
,/Users/kristophernolte/Documents/ITHILDIN_evaluation/reference/reference_finalselection/aedes_latvian-mosquito-collection_f_l_e82b5a10b450.png,Full Skeleton,2065,left,Aedes_annulipes-group,0.99,1752,253,186,160,186,280,422,653,978,1472,1196,1192,1125,1112,1116,796,836,171,157,233,309,389,469,540,611,678,424,407,344,340,278,224,202,407,aedes_latvian-mosquito-collection_f_l_e82b5a10b450.png,aedes_latvian-mosquito-collection_f_l_e82b5a10b450.tif,Aedes_annulipes-group
,/Users/kristophernolte/Documents/ITHILDIN_evaluation/reference/reference_finalselection/aedes_latvian-mosquito-collection_f_l_ed3f0152dabd.png,Repaired,2043,left,Aedes_annulipes-group,0.98,1652,160,92,84,126,223,404,606,902,1407,1112,1104,1049,1024,1049,720,724,181,189,269,345,417,484,573,636,703,438,421,362,362,299,240,223,438,aedes_latvian-mosquito-collection_f_l_ed3f0152dabd.png,aedes_latvian-mosquito-collection_f_l_ed3f0152dabd.tif,Aedes_annulipes-group
,/Users/kristophernolte/Documents/ITHILDIN_evaluation/reference/reference_finalselection/aedes_latvian-mosquito-collection_f_l_f0122729d109.png,Repaired,1985,left,Aedes_annulipes-group,0.96,1607,146,82,71,101,217,353,582,897,1370,1062,1055,991,972,976,653,687,148,170,249,317,388,463,523,580,636,373,369,309,309,249,215,185,385,aedes_latvian-mosquito-collection_f_l_f0122729d109.png,aedes_latvian-mosquito-collection_f_l_f0122729d109.tif,Aedes_annulipes-group
,/Users/kristophernolte/Documents/ITHILDIN_evaluation/reference/reference_finalselection/aedes_latvian-mosquito-collection_f_l_f95f412a02bf.png,Repaired,1835,left,Aedes_annulipes-group,0.95,1510,169,118,77,92,192,339,557,801,1270,1011,993,934,923,934,649,642,197,123,171,241,312,378,459,526,596,396,367,312,304,249,223,179,363,aedes_latvian-mosquito-collection_f_l_f95f412a02bf.png,aedes_latvian-mosquito-collection_f_l_f95f412a02bf.tif,Aedes_annulipes-group
,/Users/kristophernolte/Documents/ITHILDIN_evaluation/reference/reference_finalselection/aedes_latvian-mosquito-collection_f_l_fa0087922e64.png,Repaired,2064,left,Aedes_annulipes-group,0.53,1607,156,91,72,110,213,361,567,925,1451,1104,1089,1066,1032,1047,712,720,188,192,264,348,428,501,581,649,699,443,428,360,356,295,253,226,443,aedes_latvian-mosquito-collection_f_l_fa0087922e64.png,aedes_latvian-mosquito-collection_f_l_fa0087922e64.tif,Aedes_annulipes-group
,/Users/kristophernolte/Documents/ITHILDIN_evaluation/reference/reference_finalselection/aedes_latvian-mosquito-collection_f_l_fa0e0252b70a.png,Full Skeleton,1952,left,Aedes_annulipes-group,0.98,1583,168,101,78,109,207,391,598,883,1337,1098,1083,1009,985,985,731,731,183,175,250,324,395,457,527,582,645,402,379,324,320,269,238,207,395,aedes_latvian-mosquito-collection_f_l_fa0e0252b70a.png,aedes_latvian-mosquito-collection_f_l_fa0e0252b70a.tif,Aedes_annulipes-group
,/Users/kristophernolte/Documents/ITHILDIN_evaluation/reference/reference_finalselection/aedes_latvian-mosquito-collection_f_l_fb9155b16dfd.png,Full Skeleton,1749,left,Aedes_communis-punctor-pair,0.97,1384,114,57,34,68,167,315,528,772,1190,920,912,840,836,851,532,559,154,169,230,294,363,424,484,541,614,397,374,321,306,256,211,188,386,aedes_latvian-mosquito-collection_f_l_fb9155b16dfd.png,aedes_latvian-mosquito-collection_f_l_fb9155b16dfd.tif,Aedes_communis-punctor-pair
,/Users/kristophernolte/Documents/ITHILDIN_evaluation/reference/reference_finalselection/aedes_latvian-mosquito-collection_f_r_08379a7390a3.png,Full Skeleton,1900,right,Aedes_annulipes-group,0.99,1446,66,15,0,35,116,255,456,754,1222,974,963,905,866,881,545,553,154,166,224,297,363,429,490,556,618,382,363,309,309,251,216,193,390,aedes_latvian-mosquito-collection_f_r_08379a7390a3.png,aedes_latvian-mosquito-collection_f_r_08379a7390a3.tif,Aedes_annulipes-group
,/Users/kristophernolte/Documents/ITHILDIN_evaluation/reference/reference_finalselection/aedes_latvian-mosquito-collection_f_r_0cf8d396c529.png,Repaired,1971,right,Aedes_annulipes-group,0.99,1490,90,27,0,35,129,278,513,815,1294,1031,999,921,909,933,604,639,166,162,233,319,386,456,523,582,648,390,374,315,315,264,221,201,390,aedes_latvian-mosquito-collection_f_r_0cf8d396c529.png,aedes_latvian-mosquito-collection_f_r_0cf8d396c529.tif,Aedes_annulipes-group
,/Users/kristophernolte/Documents/ITHILDIN_evaluation/reference/reference_finalselection/aedes_latvian-mosquito-collection_f_r_1051da6bbb32.png,Full Skeleton,1192,right,Aedes_cinereus-geminus-pair,0.78,901,67,21,0,5,72,167,308,464,775,629,619,557,552,557,390,354,123,89,127,175,228,269,314,359,400,252,240,209,206,178,151,135,249,aedes_latvian-mosquito-collection_f_r_1051da6bbb32.png,aedes_latvian-mosquito-collection_f_r_1051da6bbb32.tif,Aedes_cinereus-geminus-pair
,/Users/kristophernolte/Documents/ITHILDIN_evaluation/reference/reference_finalselection/aedes_latvian-mosquito-collection_f_r_179c41f2f9c1.png,Full Skeleton,1971,right,Aedes_annulipes-group,0.98,1493,101,30,0,26,135,306,537,809,1283,1015,1006,935,927,931,596,650,232,207,278,370,442,521,601,664,731,479,463,400,400,337,291,261,467,aedes_latvian-mosquito-collection_f_r_179c41f2f9c1.png,aedes_latvian-mosquito-collection_f_r_179c41f2f9c1.tif,Aedes_annulipes-group
,/Users/kristophernolte/Documents/ITHILDIN_evaluation/reference/reference_finalselection/aedes_latvian-mosquito-collection_f_r_17da0a4f2e68.png,Full Skeleton,1816,right,Aedes_communis-punctor-pair,0.92,1414,93,33,0,22,116,254,475,726,1190,909,902,823,815,830,516,550,168,164,220,291,362,437,505,568,628,400,377,321,318,265,220,194,396,aedes_latvian-mosquito-collection_f_r_17da0a4f2e68.png,aedes_latvian-mosquito-collection_f_r_17da0a4f2e68.tif,Aedes_communis-punctor-pair
,/Users/kristophernolte/Documents/ITHILDIN_evaluation/reference/reference_finalselection/aedes_latvian-mosquito-collection_f_r_1dac4b91c446.png,Full Skeleton,1774,right,Aedes_communis-punctor-pair,0.96,1379,111,38,0,27,114,262,468,730,1167,901,889,829,817,832,502,559,150,153,218,283,347,412,472,537,594,374,351,298,298,237,195,180,366,aedes_latvian-mosquito-collection_f_r_1dac4b91c446.png,aedes_latvian-mosquito-collection_f_r_1dac4b91c446.tif,Aedes_communis-punctor-pair
,/Users/kristophernolte/Documents/ITHILDIN_evaluation/reference/reference_finalselection/aedes_latvian-mosquito-collection_f_r_1dc2eb99c110.png,Full Skeleton,1877,right,Aedes_communis-punctor-pair,0.96,1427,83,19,0,30,121,272,500,761,1238,958,939,867,863,875,579,602,142,164,225,293,361,426,494,566,622,380,357,304,301,244,195,176,373,aedes_latvian-mosquito-collection_f_r_1dc2eb99c110.png,aedes_latvian-mosquito-collection_f_r_1dc2eb99c110.tif,Aedes_communis-punctor-pair
,/Users/kristophernolte/Documents/ITHILDIN_evaluation/reference/reference_finalselection/aedes_latvian-mosquito-collection_f_r_24279a5686b0.png,Full Skeleton,1434,right,Aedes_vexans,0.79,1082,75,25,0,13,80,183,340,545,947,745,737,662,655,665,453,418,116,113,163,223,278,330,373,425,453,278,268,231,236,196,168,153,290,aedes_latvian-mosquito-collection_f_r_24279a5686b0.png,aedes_latvian-mosquito-collection_f_r_24279a5686b0.tif,Aedes_cinereus-geminus-pair
,/Users/kristophernolte/Documents/ITHILDIN_evaluation/reference/reference_finalselection/aedes_latvian-mosquito-collection_f_r_2665523b7d6e.png,Repaired,1961,right,Aedes_annulipes-group,0.99,1504,89,21,0,33,134,295,526,825,1290,990,974,922,894,902,603,635,153,161,226,307,379,456,529,593,658,400,391,331,331,262,226,197,395,aedes_latvian-mosquito-collection_f_r_2665523b7d6e.png,aedes_latvian-mosquito-collection_f_r_2665523b7d6e.tif,Aedes_annulipes-group
,/Users/kristophernolte/Documents/ITHILDIN_evaluation/reference/reference_finalselection/aedes_latvian-mosquito-collection_f_r_2a7f1a513555.png,Full Skeleton,1939,right,Aedes_annulipes-group,0.84,1529,99,24,0,37,140,305,498,762,1248,981,964,919,878,890,634,643,181,148,218,304,379,457,531,597,663,428,408,342,337,280,234,201,399,aedes_latvian-mosquito-collection_f_r_2a7f1a513555.png,aedes_latvian-mosquito-collection_f_r_2a7f1a513555.tif,Aedes_annulipes-group
,/Users/kristophernolte/Documents/ITHILDIN_evaluation/reference/reference_finalselection/aedes_latvian-mosquito-collection_f_r_3a65af5026bd.png,Full Skeleton,1345,right,Aedes_cinereus-geminus-pair,0.96,1028,70,28,0,18,89,193,336,512,877,717,709,642,625,640,435,408,122,102,141,193,255,292,339,374,418,258,240,213,211,171,151,137,260,aedes_latvian-mosquito-collection_f_r_3a65af5026bd.png,aedes_latvian-mosquito-collection_f_r_3a65af5026bd.tif,Aedes_cinereus-geminus-pair
,/Users/kristophernolte/Documents/ITHILDIN_evaluation/reference/reference_finalselection/aedes_latvian-mosquito-collection_f_r_3c6b03b4841f.png,Full Skeleton,1836,right,Aedes_annulipes-group,0.98,1410,86,24,0,32,117,277,475,748,1215,943,931,865,830,845,530,608,161,142,208,282,348,410,469,531,601,371,356,301,301,235,200,184,368,aedes_latvian-mosquito-collection_f_r_3c6b03b4841f.png,aedes_latvian-mosquito-collection_f_r_3c6b03b4841f.tif,Aedes_annulipes-group
,/Users/kristophernolte/Documents/ITHILDIN_evaluation/reference/reference_finalselection/aedes_latvian-mosquito-collection_f_r_3d19d8a83c09.png,Full Skeleton,1730,right,Aedes_annulipes-group,0.98,1334,72,18,0,25,126,273,460,687,1129,881,867,827,802,831,525,565,156,149,206,278,339,408,461,508,569,354,339,296,292,239,199,174,346,aedes_latvian-mosquito-collection_f_r_3d19d8a83c09.png,aedes_latvian-mosquito-collection_f_r_3d19d8a83c09.tif,Aedes_annulipes-group
,/Users/kristophernolte/Documents/ITHILDIN_evaluation/reference/reference_finalselection/aedes_latvian-mosquito-collection_f_r_3f4c13ce928b.png,Repaired,1845,right,Aedes_annulipes-group,1.0,1422,79,26,0,30,127,274,480,746,1208,934,923,866,855,870,604,623,163,144,208,279,339,410,485,549,609,373,365,309,305,253,208,185,362,aedes_latvian-mosquito-collection_f_r_3f4c13ce928b.png,aedes_latvian-mosquito-collection_f_r_3f4c13ce928b.tif,Aedes_annulipes-group
,/Users/kristophernolte/Documents/ITHILDIN_evaluation/reference/reference_finalselection/aedes_latvian-mosquito-collection_f_r_4590bba4f1f9.png,Full Skeleton,1755,right,Aedes_communis-punctor-pair,0.98,1318,97,39,0,20,108,221,449,704,1160,897,878,812,804,816,468,530,164,141,191,260,334,411,481,543,604,388,369,307,307,245,206,175,369,aedes_latvian-mosquito-collection_f_r_4590bba4f1f9.png,aedes_latvian-mosquito-collection_f_r_4590bba4f1f9.tif,Aedes_communis-punctor-pair
,/Users/kristophernolte/Documents/ITHILDIN_evaluation/reference/reference_finalselection/aedes_latvian-mosquito-collection_f_r_4898a1f10bcc.png,Full Skeleton,1945,right,Aedes_annulipes-group,0.99,1534,97,20,0,28,129,286,503,773,1244,983,975,910,898,902,600,596,153,157,229,306,370,434,499,563,632,398,378,318,314,261,225,197,394,aedes_latvian-mosquito-collection_f_r_4898a1f10bcc.png,aedes_latvian-mosquito-collection_f_r_4898a1f10bcc.tif,Aedes_annulipes-group
,/Users/kristophernolte/Documents/ITHILDIN_evaluation/reference/reference_finalselection/aedes_latvian-mosquito-collection_f_r_4df0d0b79b63.png,Full Skeleton,2021,right,Aedes_annulipes-group,0.77,1556,84,9,0,34,146,304,529,816,1319,1011,990,945,936,949,649,666,172,143,226,318,393,467,542,605,671,422,409,343,338,276,226,197,401,aedes_latvian-mosquito-collection_f_r_4df0d0b79b63.png,aedes_latvian-mosquito-collection_f_r_4df0d0b79b63.tif,Aedes_annulipes-group
,/Users/kristophernolte/Documents/ITHILDIN_evaluation/reference/reference_finalselection/aedes_latvian-mosquito-collection_f_r_4fade4956cc5.png,Full Skeleton,1863,right,Aedes_communis-punctor-pair,0.97,1395,76,19,0,23,125,277,466,743,1262,947,936,856,826,856,515,557,162,151,208,284,352,424,500,560,632,401,371,310,306,253,208,189,382,aedes_latvian-mosquito-collection_f_r_4fade4956cc5.png,aedes_latvian-mosquito-collection_f_r_4fade4956cc5.tif,Aedes_communis-punctor-pair
,/Users/kristophernolte/Documents/ITHILDIN_evaluation/reference/reference_finalselection/aedes_latvian-mosquito-collection_f_r_51757b957c00.png,Repaired,1241,right,Aedes_cinereus-geminus-pair,1.0,939,49,22,0,12,76,160,297,476,807,652,647,574,571,576,390,380,116,106,145,194,243,288,324,361,395,261,239,204,204,170,150,133,251,aedes_latvian-mosquito-collection_f_r_51757b957c00.png,aedes_latvian-mosquito-collection_f_r_51757b957c00.tif,Aedes_cinereus-geminus-pair
,/Users/kristophernolte/Documents/ITHILDIN_evaluation/reference/reference_finalselection/aedes_latvian-mosquito-collection_f_r_51dbf07a4e0c.png,Full Skeleton,1847,right,Aedes_annulipes-group,0.99,1436,75,31,0,21,126,293,504,755,1208,942,936,868,854,857,575,582,154,137,188,267,338,403,467,522,580,362,341,290,290,233,195,178,352,aedes_latvian-mosquito-collection_f_r_51dbf07a4e0c.png,aedes_latvian-mosquito-collection_f_r_51dbf07a4e0c.tif,Aedes_annulipes-group
,/Users/kristophernolte/Documents/ITHILDIN_evaluation/reference/reference_finalselection/aedes_latvian-mosquito-collection_f_r_54c18e3c7642.png,Repaired,1409,right,Aedes_cinereus-geminus-pair,0.71,1091,78,21,0,10,78,178,341,544,915,733,725,639,636,649,444,419,117,96,144,196,247,299,345,388,426,261,247,218,218,182,155,136,266,aedes_latvian-mosquito-collection_f_r_54c18e3c7642.png,aedes_latvian-mosquito-collection_f_r_54c18e3c7642.tif,Aedes_cinereus-geminus-pair
,/Users/kristophernolte/Documents/ITHILDIN_evaluation/reference/reference_finalselection/aedes_latvian-mosquito-collection_f_r_554602b19b25.png,Full Skeleton,1838,right,Aedes_annulipes-group,0.99,1399,100,37,0,23,112,264,471,746,1195,943,924,876,842,872,579,631,174,144,207,296,367,437,500,560,630,404,378,319,315,259,218,192,378,aedes_latvian-mosquito-collection_f_r_554602b19b25.png,aedes_latvian-mosquito-collection_f_r_554602b19b25.tif,Aedes_annulipes-group
,/Users/kristophernolte/Documents/ITHILDIN_evaluation/reference/reference_finalselection/aedes_latvian-mosquito-collection_f_r_5a1501ee7c9c.png,Full Skeleton,1646,right,other,0.89,1239,95,25,0,21,88,211,401,637,1084,824,817,774,767,774,510,521,175,123,183,246,309,366,436,503,580,387,351,299,292,242,200,168,337,aedes_latvian-mosquito-collection_f_r_5a1501ee7c9c.png,aedes_latvian-mosquito-collection_f_r_5a1501ee7c9c.tif,Aedes_communis-punctor-pair
,/Users/kristophernolte/Documents/ITHILDIN_evaluation/reference/reference_finalselection/aedes_latvian-mosquito-collection_f_r_64a51637caa7.png,Repaired,1579,right,Aedes_communis-punctor-pair,0.98,1229,82,35,0,22,100,210,388,610,1020,789,779,729,717,723,435,457,106,146,193,259,325,381,437,490,544,350,325,275,275,225,181,168,344,aedes_latvian-mosquito-collection_f_r_64a51637caa7.png,aedes_latvian-mosquito-collection_f_r_64a51637caa7.tif,Aedes_communis-punctor-pair
,/Users/kristophernolte/Documents/ITHILDIN_evaluation/reference/reference_finalselection/aedes_latvian-mosquito-collection_f_r_73950ef96102.png,Full Skeleton,2042,right,Aedes_annulipes-group,0.96,1560,84,21,0,50,159,322,523,836,1322,1050,1029,974,945,983,627,694,165,177,253,340,412,491,562,625,688,432,412,340,336,273,215,202,407,aedes_latvian-mosquito-collection_f_r_73950ef96102.png,aedes_latvian-mosquito-collection_f_r_73950ef96102.tif,Aedes_annulipes-group
,/Users/kristophernolte/Documents/ITHILDIN_evaluation/reference/reference_finalselection/aedes_latvian-mosquito-collection_f_r_78f14b8a5fab.png,Full Skeleton,1330,right,Aedes_cinereus-geminus-pair,0.98,1012,83,21,0,15,91,194,357,525,875,704,701,624,619,629,432,427,126,108,165,217,269,313,357,401,440,264,258,222,220,191,168,144,271,aedes_latvian-mosquito-collection_f_r_78f14b8a5fab.png,aedes_latvian-mosquito-collection_f_r_78f14b8a5fab.tif,Aedes_cinereus-geminus-pair
,/Users/kristophernolte/Documents/ITHILDIN_evaluation/reference/reference_finalselection/aedes_latvian-mosquito-collection_f_r_7deb50751261.png,Full Skeleton,1364,right,Aedes_cinereus-geminus-pair,0.97,1030,52,23,0,13,77,186,341,527,888,720,712,638,632,638,421,398,131,116,149,201,258,304,345,384,423,258,242,216,214,180,160,136,268,aedes_latvian-mosquito-collection_f_r_7deb50751261.png,aedes_latvian-mosquito-collection_f_r_7deb50751261.tif,Aedes_cinereus-geminus-pair
,/Users/kristophernolte/Documents/ITHILDIN_evaluation/reference/reference_finalselection/aedes_latvian-mosquito-collection_f_r_80b4dbaa7ed2.png,Repaired,1822,right,Aedes_communis-punctor-pair,0.94,1386,83,23,0,23,120,251,449,706,1207,908,901,841,830,837,520,520,136,143,203,274,338,416,483,551,618,409,367,311,304,248,203,181,375,aedes_latvian-mosquito-collection_f_r_80b4dbaa7ed2.png,aedes_latvian-mosquito-collection_f_r_80b4dbaa7ed2.tif,Aedes_communis-punctor-pair
,/Users/kristophernolte/Documents/ITHILDIN_evaluation/reference/reference_finalselection/aedes_latvian-mosquito-collection_f_r_834159454203.png,Repaired,2070,right,Aedes_annulipes-group,0.99,1606,74,21,0,37,139,302,535,830,1332,1054,1034,965,940,981,670,687,173,169,234,304,386,463,541,606,668,427,406,341,345,275,230,206,406,aedes_latvian-mosquito-collection_f_r_834159454203.png,aedes_latvian-mosquito-collection_f_r_834159454203.tif,Aedes_annulipes-group
,/Users/kristophernolte/Documents/ITHILDIN_evaluation/reference/reference_finalselection/aedes_latvian-mosquito-collection_f_r_87fe03a79e72.png,Full Skeleton,1939,right,Aedes_annulipes-group,0.9,1500,85,24,0,36,133,267,481,776,1257,974,966,909,905,909,602,610,169,149,214,282,367,436,501,573,634,408,384,323,315,266,214,189,379,aedes_latvian-mosquito-collection_f_r_87fe03a79e72.png,aedes_latvian-mosquito-collection_f_r_87fe03a79e72.tif,Aedes_annulipes-group
,/Users/kristophernolte/Documents/ITHILDIN_evaluation/reference/reference_finalselection/aedes_latvian-mosquito-collection_f_r_8eed24e5bbb2.png,Repaired,1343,right,Aedes_cinereus-geminus-pair,0.94,1030,85,37,0,2,80,190,327,515,882,705,705,632,630,637,447,412,125,92,132,190,237,287,332,370,405,250,237,210,207,177,155,135,255,aedes_latvian-mosquito-collection_f_r_8eed24e5bbb2.png,aedes_latvian-mosquito-collection_f_r_8eed24e5bbb2.tif,Aedes_cinereus-geminus-pair
,/Users/kristophernolte/Documents/ITHILDIN_evaluation/reference/reference_finalselection/aedes_latvian-mosquito-collection_f_r_938f2007c941.png,Full Skeleton,1894,right,Aedes_annulipes-group,0.4,1431,97,20,0,36,141,299,505,768,1225,962,950,918,906,910,627,647,167,127,200,285,353,434,515,588,661,410,390,325,325,264,216,188,386,aedes_latvian-mosquito-collection_f_r_938f2007c941.png,aedes_latvian-mosquito-collection_f_r_938f2007c941.tif,Aedes_annulipes-group
,/Users/kristophernolte/Documents/ITHILDIN_evaluation/reference/reference_finalselection/aedes_latvian-mosquito-collection_f_r_9528a3d8b475.png,Full Skeleton,2151,right,Aedes_annulipes-group,1.0,1639,99,26,0,39,147,308,550,867,1409,1106,1088,1002,997,1006,702,694,169,147,221,303,394,477,550,628,702,442,403,333,333,281,229,199,416,aedes_latvian-mosquito-collection_f_r_9528a3d8b475.png,aedes_latvian-mosquito-collection_f_r_9528a3d8b475.tif,Aedes_annulipes-group
,/Users/kristophernolte/Documents/ITHILDIN_evaluation/reference/reference_finalselection/aedes_latvian-mosquito-collection_f_r_9e05da5325cd.png,Full Skeleton,2148,right,Aedes_annulipes-group,0.99,1650,74,17,0,33,128,293,532,850,1378,1081,1068,998,986,998,656,672,187,195,266,356,439,509,583,641,707,439,418,352,348,290,237,212,431,aedes_latvian-mosquito-collection_f_r_9e05da5325cd.png,aedes_latvian-mosquito-collection_f_r_9e05da5325cd.tif,Aedes_annulipes-group
,/Users/kristophernolte/Documents/ITHILDIN_evaluation/reference/reference_finalselection/aedes_latvian-mosquito-collection_f_r_9e4fbd10c9dd.png,Repaired,2067,right,Aedes_annulipes-group,0.99,1548,80,30,0,38,122,277,495,844,1356,1020,1016,986,978,982,600,651,172,172,247,335,419,486,566,637,692,427,423,360,356,289,243,222,436,aedes_latvian-mosquito-collection_f_r_9e4fbd10c9dd.png,aedes_latvian-mosquito-collection_f_r_9e4fbd10c9dd.tif,Aedes_annulipes-group
,/Users/kristophernolte/Documents/ITHILDIN_evaluation/reference/reference_finalselection/aedes_latvian-mosquito-collection_f_r_a18885252255.png,Full Skeleton,1762,right,Aedes_communis-punctor-pair,0.99,1361,80,19,0,23,126,257,483,717,1165,882,870,805,793,809,479,529,159,159,220,289,358,419,481,538,615,400,370,312,312,254,208,193,377,aedes_latvian-mosquito-collection_f_r_a18885252255.png,aedes_latvian-mosquito-collection_f_r_a18885252255.tif,Aedes_communis-punctor-pair
,/Users/kristophernolte/Documents/ITHILDIN_evaluation/reference/reference_finalselection/aedes_latvian-mosquito-collection_f_r_a22d068bc519.png,Full Skeleton,2009,right,Aedes_annulipes-group,0.99,1552,68,24,0,32,124,281,505,798,1279,1015,1006,950,938,946,638,638,174,170,226,298,370,447,523,583,647,399,383,322,322,266,214,198,391,aedes_latvian-mosquito-collection_f_r_a22d068bc519.png,aedes_latvian-mosquito-collection_f_r_a22d068bc519.tif,Aedes_annulipes-group
,/Users/kristophernolte/Documents/ITHILDIN_evaluation/reference/reference_finalselection/aedes_latvian-mosquito-collection_f_r_a6007c329abc.png,Full Skeleton,1652,right,Aedes_communis-punctor-pair,0.99,1286,81,20,0,14,101,219,397,643,1074,825,815,744,737,751,498,519,129,126,183,244,304,365,425,489,550,348,328,277,270,220,176,156,324,aedes_latvian-mosquito-collection_f_r_a6007c329abc.png,aedes_latvian-mosquito-collection_f_r_a6007c329abc.tif,Aedes_communis-punctor-pair
,/Users/kristophernolte/Documents/ITHILDIN_evaluation/reference/reference_finalselection/aedes_latvian-mosquito-collection_f_r_a7a833a776c5.png,Full Skeleton,1457,right,Aedes_communis-punctor-pair,0.9,1106,82,30,0,18,88,220,382,602,960,739,727,678,666,672,403,428,120,126,175,230,282,337,401,460,518,337,316,264,264,209,172,151,322,aedes_latvian-mosquito-collection_f_r_a7a833a776c5.png,aedes_latvian-mosquito-collection_f_r_a7a833a776c5.tif,Aedes_communis-punctor-pair
,/Users/kristophernolte/Documents/ITHILDIN_evaluation/reference/reference_finalselection/aedes_latvian-mosquito-collection_f_r_a99c8e8778d8.png,Full Skeleton,1794,right,Aedes_annulipes-group,0.93,1397,105,44,0,8,109,243,449,702,1180,891,883,818,815,829,547,558,200,117,171,240,313,389,465,537,613,403,381,327,316,262,222,179,367,aedes_latvian-mosquito-collection_f_r_a99c8e8778d8.png,aedes_latvian-mosquito-collection_f_r_a99c8e8778d8.tif,Aedes_communis-punctor-pair
,/Users/kristophernolte/Documents/ITHILDIN_evaluation/reference/reference_finalselection/aedes_latvian-mosquito-collection_f_r_ac97acb6d10c.png,Repaired,1829,right,Aedes_annulipes-group,0.96,1384,54,10,0,20,101,268,454,736,1180,916,906,851,841,844,610,604,161,150,205,273,347,412,490,554,615,374,368,317,313,256,215,191,371,aedes_latvian-mosquito-collection_f_r_ac97acb6d10c.png,aedes_latvian-mosquito-collection_f_r_ac97acb6d10c.tif,Aedes_annulipes-group
,/Users/kristophernolte/Documents/ITHILDIN_evaluation/reference/reference_finalselection/aedes_latvian-mosquito-collection_f_r_b3cea4429327.png,Repaired,1844,right,Aedes_communis-punctor-pair,0.85,1407,100,18,0,26,111,260,494,757,1217,943,920,850,835,842,542,586,155,152,226,293,356,426,497,564,623,386,374,308,311,248,204,189,378,aedes_latvian-mosquito-collection_f_r_b3cea4429327.png,aedes_latvian-mosquito-collection_f_r_b3cea4429327.tif,Aedes_communis-punctor-pair
,/Users/kristophernolte/Documents/ITHILDIN_evaluation/reference/reference_finalselection/aedes_latvian-mosquito-collection_f_r_c21da216e94c.png,Full Skeleton,1864,right,Aedes_annulipes-group,0.98,1433,66,19,0,27,120,253,479,740,1203,938,934,884,856,888,592,588,153,165,223,297,368,434,477,539,601,387,364,313,309,247,212,192,375,aedes_latvian-mosquito-collection_f_r_c21da216e94c.png,aedes_latvian-mosquito-collection_f_r_c21da216e94c.tif,Aedes_annulipes-group
,/Users/kristophernolte/Documents/ITHILDIN_evaluation/reference/reference_finalselection/aedes_latvian-mosquito-collection_f_r_ccc6582efd5f.png,Full Skeleton,1364,right,Aedes_cinereus-geminus-pair,1.0,1013,76,24,0,7,74,182,337,516,896,724,715,650,640,657,461,428,131,95,138,186,241,289,339,384,425,267,258,219,222,186,160,141,262,aedes_latvian-mosquito-collection_f_r_ccc6582efd5f.png,aedes_latvian-mosquito-collection_f_r_ccc6582efd5f.tif,Aedes_cinereus-geminus-pair
,/Users/kristophernolte/Documents/ITHILDIN_evaluation/reference/reference_finalselection/aedes_latvian-mosquito-collection_f_r_cd91a1f6b365.png,Full Skeleton,1711,right,Aedes_communis-punctor-pair,0.99,1291,89,29,0,18,100,240,447,706,1124,869,862,802,795,799,518,525,162,151,203,270,336,399,469,532,591,380,351,299,295,244,207,188,369,aedes_latvian-mosquito-collection_f_r_cd91a1f6b365.png,aedes_latvian-mosquito-collection_f_r_cd91a1f6b365.tif,Aedes_communis-punctor-pair
,/Users/kristophernolte/Documents/ITHILDIN_evaluation/reference/reference_finalselection/aedes_latvian-mosquito-collection_f_r_d660ca9d3b08.png,Repaired,1988,right,Aedes_annulipes-group,0.97,1543,85,28,0,28,146,296,487,796,1291,1011,1003,926,914,922,633,621,176,176,237,327,404,469,534,599,668,416,400,347,343,282,233,217,412,aedes_latvian-mosquito-collection_f_r_d660ca9d3b08.png,aedes_latvian-mosquito-collection_f_r_d660ca9d3b08.tif,Aedes_annulipes-group
,/Users/kristophernolte/Documents/ITHILDIN_evaluation/reference/reference_finalselection/aedes_latvian-mosquito-collection_f_r_df90bfdd1b42.png,Full Skeleton,2105,right,Aedes_annulipes-group,0.99,1623,83,22,0,35,130,304,534,825,1371,1055,1046,985,959,990,638,655,193,197,266,344,422,496,570,639,709,436,422,362,362,292,240,210,436,aedes_latvian-mosquito-collection_f_r_df90bfdd1b42.png,aedes_latvian-mosquito-collection_f_r_df90bfdd1b42.tif,Aedes_annulipes-group
,/Users/kristophernolte/Documents/ITHILDIN_evaluation/reference/reference_finalselection/aedes_latvian-mosquito-collection_f_r_e75b9f90666e.png,Repaired,1850,right,Aedes_annulipes-group,0.98,1399,66,23,0,31,124,288,502,748,1216,951,943,873,857,873,576,604,165,150,204,286,352,422,489,555,617,379,364,309,309,247,220,181,376,aedes_latvian-mosquito-collection_f_r_e75b9f90666e.png,aedes_latvian-mosquito-collection_f_r_e75b9f90666e.tif,Aedes_annulipes-group
,/Users/kristophernolte/Documents/ITHILDIN_evaluation/reference/reference_finalselection/aedes_latvian-mosquito-collection_f_r_ea3ea50f884e.png,Repaired,2063,right,Aedes_annulipes-group,0.98,1596,65,9,0,35,142,306,538,818,1329,1037,1011,964,929,972,637,641,180,193,275,348,417,486,572,636,705,438,421,352,356,292,240,219,438,aedes_latvian-mosquito-collection_f_r_ea3ea50f884e.png,aedes_latvian-mosquito-collection_f_r_ea3ea50f884e.tif,Aedes_annulipes-group
,/Users/kristophernolte/Documents/ITHILDIN_evaluation/reference/reference_finalselection/aedes_latvian-mosquito-collection_f_r_eaa57a93ba0f.png,Full Skeleton,1838,right,Aedes_communis-punctor-pair,0.99,1410,95,38,0,11,106,247,457,712,1204,922,910,842,827,838,564,575,171,148,205,278,350,422,502,575,651,415,396,335,331,274,224,201,392,aedes_latvian-mosquito-collection_f_r_eaa57a93ba0f.png,aedes_latvian-mosquito-collection_f_r_eaa57a93ba0f.tif,Aedes_communis-punctor-pair
,/Users/kristophernolte/Documents/ITHILDIN_evaluation/reference/reference_finalselection/aedes_latvian-mosquito-collection_f_r_ed656bf933d1.png,Repaired,1950,right,Aedes_annulipes-group,0.99,1544,94,20,0,28,133,289,504,786,1266,969,961,915,903,911,625,625,142,189,259,314,377,439,498,560,627,380,373,318,310,263,220,201,380,aedes_latvian-mosquito-collection_f_r_ed656bf933d1.png,aedes_latvian-mosquito-collection_f_r_ed656bf933d1.tif,Aedes_annulipes-group
,/Users/kristophernolte/Documents/ITHILDIN_evaluation/reference/reference_finalselection/aedes_latvian-mosquito-collection_f_r_f527d1329deb.png,Full Skeleton,1857,right,Aedes_communis-punctor-pair,0.95,1399,89,27,0,20,109,248,477,736,1244,938,922,841,837,853,519,550,162,151,205,271,341,418,484,565,643,395,372,313,313,255,209,186,383,aedes_latvian-mosquito-collection_f_r_f527d1329deb.png,aedes_latvian-mosquito-collection_f_r_f527d1329deb.tif,Aedes_communis-punctor-pair
,/Users/kristophernolte/Documents/ITHILDIN_evaluation/reference/reference_finalselection/aedes_latvian-mosquito-collection_f_r_f5f3f7cfe6fb.png,Repaired,1389,right,Aedes_cinereus-geminus-pair,0.84,1056,77,19,0,8,90,188,357,544,906,731,729,647,639,644,417,420,95,113,171,216,263,314,361,395,438,263,250,219,216,187,163,147,271,aedes_latvian-mosquito-collection_f_r_f5f3f7cfe6fb.png,aedes_latvian-mosquito-collection_f_r_f5f3f7cfe6fb.tif,Aedes_cinereus-geminus-pair
,/Users/kristophernolte/Documents/ITHILDIN_evaluation/reference/reference_finalselection/aedes_latvian-mosquito-collection_f_r_f80850ae2ef5.png,Repaired,1600,right,Aedes_communis-punctor-pair,0.96,1192,78,27,0,4,88,207,393,640,1060,802,792,731,724,731,474,464,138,121,176,247,308,379,443,500,555,341,335,280,277,230,192,169,341,aedes_latvian-mosquito-collection_f_r_f80850ae2ef5.png,aedes_latvian-mosquito-collection_f_r_f80850ae2ef5.tif,Aedes_communis-punctor-pair
,/Users/kristophernolte/Documents/ITHILDIN_evaluation/reference/reference_finalselection/aedes_latvian-mosquito-collection_f_r_f9837de0904f.png,Repaired,2029,right,Aedes_annulipes-group,0.99,1571,111,30,0,25,128,317,531,848,1319,1023,1019,959,955,959,655,625,154,154,226,308,381,445,526,582,646,406,381,329,316,256,209,197,398,aedes_latvian-mosquito-collection_f_r_f9837de0904f.png,aedes_latvian-mosquito-collection_f_r_f9837de0904f.tif,Aedes_annulipes-group
,/Users/kristophernolte/Documents/ITHILDIN_evaluation/reference/reference_finalselection/aedes_moldova-mosquito-collection_f_r_0152fff7cd39.png,Repaired,1216,right,Aedes_caspius,0.98,930,71,27,0,7,66,174,297,448,773,630,613,568,556,571,357,391,128,98,137,192,246,295,349,398,438,288,268,228,231,194,157,150,270,aedes_moldova-mosquito-collection_f_r_0152fff7cd39.png,aedes_moldova-mosquito-collection_f_r_0152fff7cd39.tif,Aedes_caspius
,/Users/kristophernolte/Documents/ITHILDIN_evaluation/reference/reference_finalselection/aedes_moldova-mosquito-collection_f_r_01c6de5340c4.png,Repaired,1356,right,Aedes_vexans,0.95,1037,84,27,0,14,79,184,335,508,889,702,689,640,637,646,419,408,143,94,143,197,243,297,353,399,445,283,272,237,237,199,170,143,283,aedes_moldova-mosquito-collection_f_r_01c6de5340c4.png,aedes_moldova-mosquito-collection_f_r_01c6de5340c4.tif,Aedes_vexans
,/Users/kristophernolte/Documents/ITHILDIN_evaluation/reference/reference_finalselection/aedes_moldova-mosquito-collection_f_r_051b37f8341d.png,Repaired,1357,right,Aedes_caspius,0.99,1025,81,28,0,11,87,190,334,518,900,677,672,630,616,641,415,438,147,108,161,220,275,337,398,448,504,323,309,264,264,222,181,164,309,aedes_moldova-mosquito-collection_f_r_051b37f8341d.png,aedes_moldova-mosquito-collection_f_r_051b37f8341d.tif,Aedes_caspius
,/Users/kristophernolte/Documents/ITHILDIN_evaluation/reference/reference_finalselection/aedes_moldova-mosquito-collection_f_r_17d91f9c2008.png,Repaired,1658,right,Aedes_vexans,0.97,1255,91,29,0,6,74,194,366,597,1070,846,840,769,762,778,538,525,154,108,160,218,274,338,410,471,533,335,316,274,267,225,186,167,316,aedes_moldova-mosquito-collection_f_r_17d91f9c2008.png,aedes_moldova-mosquito-collection_f_r_17d91f9c2008.tif,Aedes_vexans
,/Users/kristophernolte/Documents/ITHILDIN_evaluation/reference/reference_finalselection/aedes_moldova-mosquito-collection_f_r_21b63156e998.png,Repaired,1244,right,Aedes_caspius,0.97,949,68,27,0,5,65,190,315,484,794,623,620,582,571,595,383,391,134,101,137,194,246,295,357,403,455,297,278,246,243,194,161,142,286,aedes_moldova-mosquito-collection_f_r_21b63156e998.png,aedes_moldova-mosquito-collection_f_r_21b63156e998.tif,Aedes_caspius
,/Users/kristophernolte/Documents/ITHILDIN_evaluation/reference/reference_finalselection/aedes_moldova-mosquito-collection_f_r_2391e8b58491.png,Repaired,1250,right,Aedes_caspius,0.98,958,66,23,0,0,64,169,320,469,784,630,617,579,579,592,335,400,188,160,198,249,314,362,411,447,513,352,331,296,293,249,226,201,326,aedes_moldova-mosquito-collection_f_r_2391e8b58491.png,aedes_moldova-mosquito-collection_f_r_2391e8b58491.tif,Aedes_caspius
,/Users/kristophernolte/Documents/ITHILDIN_evaluation/reference/reference_finalselection/aedes_moldova-mosquito-collection_f_r_27cc78d397b1.png,Full Skeleton,1479,right,Aedes_vexans,0.95,1134,69,24,0,12,81,195,337,541,951,758,743,683,668,695,454,472,151,112,154,215,278,335,386,446,504,320,302,263,266,218,185,164,302,aedes_moldova-mosquito-collection_f_r_27cc78d397b1.png,aedes_moldova-mosquito-collection_f_r_27cc78d397b1.tif,Aedes_vexans
,/Users/kristophernolte/Documents/ITHILDIN_evaluation/reference/reference_finalselection/aedes_moldova-mosquito-collection_f_r_2b6a6adfb4eb.png,Repaired,1494,right,Aedes_vexans,0.96,1143,81,24,0,15,87,186,360,555,972,759,750,702,690,711,474,465,148,106,157,214,280,331,382,433,490,322,301,256,259,211,175,157,301,aedes_moldova-mosquito-collection_f_r_2b6a6adfb4eb.png,aedes_moldova-mosquito-collection_f_r_2b6a6adfb4eb.tif,Aedes_vexans
,/Users/kristophernolte/Documents/ITHILDIN_evaluation/reference/reference_finalselection/aedes_moldova-mosquito-collection_f_r_3ea12cd0e747.png,Repaired,1405,right,Culex_modestus,0.51,1091,85,28,0,17,82,201,357,547,921,697,689,669,646,663,394,462,134,100,148,199,253,307,364,420,477,293,281,242,242,196,165,145,279,aedes_moldova-mosquito-collection_f_r_3ea12cd0e747.png,aedes_moldova-mosquito-collection_f_r_3ea12cd0e747.tif,Aedes_caspius
,/Users/kristophernolte/Documents/ITHILDIN_evaluation/reference/reference_finalselection/aedes_moldova-mosquito-collection_f_r_3ef17a3faf40.png,Repaired,1477,right,Aedes_vexans,0.96,1156,98,27,0,18,98,212,367,561,950,765,746,703,684,703,465,456,138,114,172,231,286,342,397,441,487,308,293,252,256,209,172,166,305,aedes_moldova-mosquito-collection_f_r_3ef17a3faf40.png,aedes_moldova-mosquito-collection_f_r_3ef17a3faf40.tif,Aedes_vexans
,/Users/kristophernolte/Documents/ITHILDIN_evaluation/reference/reference_finalselection/aedes_moldova-mosquito-collection_f_r_4f1516d270ee.png,Repaired,1365,right,Aedes_vexans,0.99,1040,69,26,0,13,74,178,328,512,882,701,698,642,642,650,432,421,130,101,144,197,250,298,352,394,437,266,258,226,224,186,157,136,264,aedes_moldova-mosquito-collection_f_r_4f1516d270ee.png,aedes_moldova-mosquito-collection_f_r_4f1516d270ee.tif,Aedes_vexans
,/Users/kristophernolte/Documents/ITHILDIN_evaluation/reference/reference_finalselection/aedes_moldova-mosquito-collection_f_r_6f66b050a298.png,Repaired,1127,right,Aedes_caspius,0.99,867,61,25,0,2,77,162,265,444,725,574,554,526,512,531,329,357,127,101,140,186,234,285,328,365,411,264,255,218,218,168,154,136,253,aedes_moldova-mosquito-collection_f_r_6f66b050a298.png,aedes_moldova-mosquito-collection_f_r_6f66b050a298.tif,Aedes_caspius
,/Users/kristophernolte/Documents/ITHILDIN_evaluation/reference/reference_finalselection/aedes_moldova-mosquito-collection_f_r_7d59c9f3109c.png,Full Skeleton,1627,right,Aedes_vexans,1.0,1234,91,23,0,13,91,205,360,572,1055,838,835,760,757,773,497,500,155,107,162,224,285,347,405,464,529,334,321,279,272,240,198,168,321,aedes_moldova-mosquito-collection_f_r_7d59c9f3109c.png,aedes_moldova-mosquito-collection_f_r_7d59c9f3109c.tif,Aedes_vexans
,/Users/kristophernolte/Documents/ITHILDIN_evaluation/reference/reference_finalselection/aedes_moldova-mosquito-collection_f_r_87479e2585fe.png,Repaired,1326,right,Aedes_caspius,0.76,1031,77,25,0,11,85,187,324,492,847,671,663,619,608,630,341,410,145,115,159,206,258,319,374,420,473,310,299,255,258,209,176,165,294,aedes_moldova-mosquito-collection_f_r_87479e2585fe.png,aedes_moldova-mosquito-collection_f_r_87479e2585fe.tif,Aedes_caspius
,/Users/kristophernolte/Documents/ITHILDIN_evaluation/reference/reference_finalselection/aedes_moldova-mosquito-collection_f_r_8a5213c873ff.png,Repaired,1309,right,Aedes_caspius,0.91,981,71,31,0,0,74,195,330,510,864,658,640,608,589,618,407,436,144,112,149,212,273,329,390,442,490,305,302,255,257,212,173,165,294,aedes_moldova-mosquito-collection_f_r_8a5213c873ff.png,aedes_moldova-mosquito-collection_f_r_8a5213c873ff.tif,Aedes_caspius
,/Users/kristophernolte/Documents/ITHILDIN_evaluation/reference/reference_finalselection/aedes_moldova-mosquito-collection_f_r_8c372ce5ad6d.png,Repaired,1325,right,Aedes_vexans,0.86,1018,73,16,0,16,84,179,333,498,864,688,674,617,609,642,401,403,143,102,151,203,251,300,349,387,430,273,265,230,230,189,167,143,270,aedes_moldova-mosquito-collection_f_r_8c372ce5ad6d.png,aedes_moldova-mosquito-collection_f_r_8c372ce5ad6d.tif,Aedes_vexans
,/Users/kristophernolte/Documents/ITHILDIN_evaluation/reference/reference_finalselection/aedes_moldova-mosquito-collection_f_r_989a29019cd7.png,Repaired,1422,right,Aedes_caspius,0.96,1091,86,30,0,18,95,204,346,553,925,721,710,677,653,677,399,455,144,115,165,221,289,342,399,452,502,319,310,260,260,209,177,162,304,aedes_moldova-mosquito-collection_f_r_989a29019cd7.png,aedes_moldova-mosquito-collection_f_r_989a29019cd7.tif,Aedes_caspius
,/Users/kristophernolte/Documents/ITHILDIN_evaluation/reference/reference_finalselection/aedes_moldova-mosquito-collection_f_r_99b7198adb88.png,Repaired,1526,right,Aedes_vexans,1.0,1155,88,31,0,8,88,202,370,575,1007,777,765,723,711,737,512,481,135,106,157,217,268,331,382,442,493,306,297,251,254,209,172,157,303,aedes_moldova-mosquito-collection_f_r_99b7198adb88.png,aedes_moldova-mosquito-collection_f_r_99b7198adb88.tif,Aedes_vexans
,/Users/kristophernolte/Documents/ITHILDIN_evaluation/reference/reference_finalselection/aedes_moldova-mosquito-collection_f_r_9b8d02356f48.png,Full Skeleton,1388,right,Aedes_vexans,0.83,1055,86,24,0,14,81,180,330,516,889,712,709,655,645,674,467,459,138,92,146,200,253,310,363,420,471,296,285,248,242,205,170,154,285,aedes_moldova-mosquito-collection_f_r_9b8d02356f48.png,aedes_moldova-mosquito-collection_f_r_9b8d02356f48.tif,Aedes_vexans
,/Users/kristophernolte/Documents/ITHILDIN_evaluation/reference/reference_finalselection/aedes_moldova-mosquito-collection_f_r_b082c94fe8b2.png,Repaired,1560,right,Aedes_vexans,0.99,1183,86,28,0,13,99,219,357,587,1020,808,796,741,735,747,513,520,142,112,167,228,284,345,403,450,508,314,299,256,256,216,185,164,302,aedes_moldova-mosquito-collection_f_r_b082c94fe8b2.png,aedes_moldova-mosquito-collection_f_r_b082c94fe8b2.tif,Aedes_vexans
,/Users/kristophernolte/Documents/ITHILDIN_evaluation/reference/reference_finalselection/aedes_moldova-mosquito-collection_f_r_b46f5ee2cd61.png,Repaired,1554,right,Aedes_vexans,0.93,1179,76,27,0,3,79,205,345,559,1011,794,788,727,712,755,519,480,152,110,161,213,268,330,381,433,488,311,296,250,253,210,177,158,299,aedes_moldova-mosquito-collection_f_r_b46f5ee2cd61.png,aedes_moldova-mosquito-collection_f_r_b46f5ee2cd61.tif,Aedes_vexans
,/Users/kristophernolte/Documents/ITHILDIN_evaluation/reference/reference_finalselection/aedes_moldova-mosquito-collection_f_r_bc6cc8b587bd.png,Repaired,1530,right,Aedes_vexans,0.99,1150,83,30,0,6,104,224,378,572,1009,797,785,735,717,746,493,472,151,113,160,222,278,340,399,446,508,311,299,263,263,216,187,163,311,aedes_moldova-mosquito-collection_f_r_bc6cc8b587bd.png,aedes_moldova-mosquito-collection_f_r_bc6cc8b587bd.tif,Aedes_vexans
,/Users/kristophernolte/Documents/ITHILDIN_evaluation/reference/reference_finalselection/aedes_moldova-mosquito-collection_f_r_c6d4a0a5d415.png,Repaired,1255,right,Aedes_caspius,0.98,948,64,20,0,5,74,169,314,470,812,631,621,598,577,600,347,388,130,107,148,194,247,301,349,398,447,288,278,235,237,194,160,148,270,aedes_moldova-mosquito-collection_f_r_c6d4a0a5d415.png,aedes_moldova-mosquito-collection_f_r_c6d4a0a5d415.tif,Aedes_caspius
,/Users/kristophernolte/Documents/ITHILDIN_evaluation/reference/reference_finalselection/aedes_moldova-mosquito-collection_f_r_c81fe591c49e.png,Repaired,1405,right,Aedes_caspius,0.91,1093,84,29,0,14,104,194,354,516,919,707,696,652,647,661,415,461,153,98,150,208,263,330,385,440,495,313,304,261,258,208,182,156,292,aedes_moldova-mosquito-collection_f_r_c81fe591c49e.png,aedes_moldova-mosquito-collection_f_r_c81fe591c49e.tif,Aedes_caspius
,/Users/kristophernolte/Documents/ITHILDIN_evaluation/reference/reference_finalselection/aedes_moldova-mosquito-collection_f_r_d005fe921507.png,Repaired,1365,right,Aedes_caspius,0.97,1032,87,20,0,9,92,190,331,529,899,687,679,651,634,643,393,437,139,113,164,214,280,336,389,436,489,314,297,255,258,211,180,164,300,aedes_moldova-mosquito-collection_f_r_d005fe921507.png,aedes_moldova-mosquito-collection_f_r_d005fe921507.tif,Aedes_caspius
,/Users/kristophernolte/Documents/ITHILDIN_evaluation/reference/reference_finalselection/aedes_moldova-mosquito-collection_f_r_db736fc55543.png,Full Skeleton,1428,right,Aedes_vexans,0.99,1088,99,34,0,25,79,193,343,524,938,748,745,680,669,694,436,450,155,99,153,212,269,314,368,416,473,308,289,252,252,215,181,158,291,aedes_moldova-mosquito-collection_f_r_db736fc55543.png,aedes_moldova-mosquito-collection_f_r_db736fc55543.tif,Aedes_vexans
,/Users/kristophernolte/Documents/ITHILDIN_evaluation/reference/reference_finalselection/aedes_moldova-mosquito-collection_f_r_e3350a244697.png,Repaired,1202,right,Aedes_caspius,0.99,902,69,15,0,12,81,178,301,449,793,618,603,568,551,573,383,403,128,103,153,197,249,303,353,392,437,276,264,227,227,190,158,140,266,aedes_moldova-mosquito-collection_f_r_e3350a244697.png,aedes_moldova-mosquito-collection_f_r_e3350a244697.tif,Aedes_caspius
,/Users/kristophernolte/Documents/ITHILDIN_evaluation/reference/reference_finalselection/aedes_moldova-mosquito-collection_f_r_e5950fabd4dd.png,Repaired,1529,right,Aedes_vexans,1.0,1178,86,35,0,15,92,210,355,583,980,779,773,734,711,740,497,483,143,122,167,226,288,341,404,454,507,321,306,265,262,220,179,161,309,aedes_moldova-mosquito-collection_f_r_e5950fabd4dd.png,aedes_moldova-mosquito-collection_f_r_e5950fabd4dd.tif,Aedes_vexans
,/Users/kristophernolte/Documents/ITHILDIN_evaluation/reference/reference_finalselection/aedes_moldova-mosquito-collection_f_r_ea9b242b0085.png,Full Skeleton,1408,right,Aedes_vexans,0.74,1069,86,28,0,17,80,177,343,525,923,719,719,669,660,674,423,431,138,102,154,207,262,323,372,414,458,295,281,237,237,201,174,146,287,aedes_moldova-mosquito-collection_f_r_ea9b242b0085.png,aedes_moldova-mosquito-collection_f_r_ea9b242b0085.tif,Aedes_vexans
,/Users/kristophernolte/Documents/ITHILDIN_evaluation/reference/reference_finalselection/aedes_moldova-mosquito-collection_f_r_f7f262fc038c.png,Repaired,1337,right,Aedes_caspius,0.94,1036,83,24,0,6,77,181,322,505,853,675,667,627,606,625,391,425,139,102,150,200,264,314,373,418,468,293,285,240,243,200,174,152,280,aedes_moldova-mosquito-collection_f_r_f7f262fc038c.png,aedes_moldova-mosquito-collection_f_r_f7f262fc038c.tif,Aedes_caspius
,/Users/kristophernolte/Documents/ITHILDIN_evaluation/reference/reference_finalselection/aedes_moldova-mosquito-collection_f_r_f96f367b94ac.png,Repaired,1296,right,Aedes_caspius,0.89,984,80,18,0,5,75,181,315,499,832,654,648,614,611,622,395,437,125,98,141,189,234,293,346,394,453,293,280,234,234,192,157,144,266,aedes_moldova-mosquito-collection_f_r_f96f367b94ac.png,aedes_moldova-mosquito-collection_f_r_f96f367b94ac.tif,Aedes_caspius
,/Users/kristophernolte/Documents/ITHILDIN_evaluation/reference/reference_finalselection/aedes_moldova-mosquito-collection_f_r_fe343a3b8bd7.png,Repaired,1406,right,Aedes_caspius,0.98,1033,70,21,0,12,85,197,352,546,918,713,701,672,651,698,428,475,146,117,170,234,293,346,407,460,507,311,302,258,258,211,178,158,296,aedes_moldova-mosquito-collection_f_r_fe343a3b8bd7.png,aedes_moldova-mosquito-collection_f_r_fe343a3b8bd7.tif,Aedes_caspius
,/Users/kristophernolte/Documents/ITHILDIN_evaluation/reference/reference_finalselection/aedes_mosquito-collection-brazil_f_l_0d0b313c0d9f.png,Full Skeleton,1414,right,Aedes_scapularis,0.96,1076,95,33,0,30,95,223,371,554,960,729,717,670,661,682,465,462,130,118,165,222,281,325,382,438,494,293,293,248,248,207,177,154,299,aedes_mosquito-collection-brazil_f_l_0d0b313c0d9f.png,aedes_mosquito-collection-brazil_f_l_0d0b313c0d9f.tif,Aedes_scapularis
,/Users/kristophernolte/Documents/ITHILDIN_evaluation/reference/reference_finalselection/aedes_mosquito-collection-brazil_f_l_3312d0fc8443.png,Repaired,1449,left,Aedes_scapularis,0.94,1186,166,117,86,98,163,255,412,622,1032,797,791,767,757,767,526,533,154,110,147,209,261,323,385,449,514,323,311,264,261,218,184,160,308,aedes_mosquito-collection-brazil_f_l_3312d0fc8443.png,aedes_mosquito-collection-brazil_f_l_3312d0fc8443.tif,Aedes_scapularis
,/Users/kristophernolte/Documents/ITHILDIN_evaluation/reference/reference_finalselection/aedes_mosquito-collection-brazil_f_l_35b7f2a244e1.png,Repaired,1448,left,Aedes_scapularis,0.99,1143,128,66,40,61,128,258,416,608,992,773,771,724,718,733,500,506,144,117,173,237,289,338,408,455,510,321,306,260,257,219,178,158,312,aedes_mosquito-collection-brazil_f_l_35b7f2a244e1.png,aedes_mosquito-collection-brazil_f_l_35b7f2a244e1.tif,Aedes_scapularis
,/Users/kristophernolte/Documents/ITHILDIN_evaluation/reference/reference_finalselection/aedes_mosquito-collection-brazil_f_l_39646bb8e464.png,Full Skeleton,1505,right,Aedes_scapularis,0.97,1166,74,29,0,26,83,195,352,562,1006,735,735,687,671,703,463,444,153,124,172,236,290,341,399,462,520,319,316,271,268,223,185,162,322,aedes_mosquito-collection-brazil_f_l_39646bb8e464.png,aedes_mosquito-collection-brazil_f_l_39646bb8e464.tif,Aedes_scapularis
,/Users/kristophernolte/Documents/ITHILDIN_evaluation/reference/reference_finalselection/aedes_mosquito-collection-brazil_f_l_41a639eda75c.png,Repaired,1340,left,Aedes_scapularis,0.99,1127,154,117,88,103,180,280,432,600,967,752,752,706,689,721,486,497,133,121,161,227,281,336,384,433,482,301,293,250,247,210,170,155,301,aedes_mosquito-collection-brazil_f_l_41a639eda75c.png,aedes_mosquito-collection-brazil_f_l_41a639eda75c.tif,Aedes_scapularis
,/Users/kristophernolte/Documents/ITHILDIN_evaluation/reference/reference_finalselection/aedes_mosquito-collection-brazil_f_l_4de0dc3ab532.png,Repaired,1395,right,Aedes_scapularis,0.99,1056,63,24,0,11,93,197,362,551,925,694,680,653,647,667,433,442,135,144,187,248,300,358,402,451,498,303,303,256,259,215,179,166,311,aedes_mosquito-collection-brazil_f_l_4de0dc3ab532.png,aedes_mosquito-collection-brazil_f_l_4de0dc3ab532.tif,Aedes_scapularis
,/Users/kristophernolte/Documents/ITHILDIN_evaluation/reference/reference_finalselection/aedes_mosquito-collection-brazil_f_l_50999cbba5c9.png,Repaired,1464,left,Aedes_scapularis,0.98,1179,182,116,80,86,170,271,444,638,1059,823,820,773,758,776,555,549,271,238,289,352,405,465,519,579,641,432,432,385,382,340,310,286,438,aedes_mosquito-collection-brazil_f_l_50999cbba5c9.png,aedes_mosquito-collection-brazil_f_l_50999cbba5c9.tif,Aedes_scapularis
,/Users/kristophernolte/Documents/ITHILDIN_evaluation/reference/reference_finalselection/aedes_mosquito-collection-brazil_f_l_50bf229a88a3.png,Full Skeleton,1482,right,Aedes_scapularis,0.99,1112,75,16,0,16,88,219,379,573,978,755,743,696,683,689,454,461,272,253,310,366,432,485,548,601,657,451,444,394,394,347,313,297,454,aedes_mosquito-collection-brazil_f_l_50bf229a88a3.png,aedes_mosquito-collection-brazil_f_l_50bf229a88a3.tif,Aedes_scapularis
,/Users/kristophernolte/Documents/ITHILDIN_evaluation/reference/reference_finalselection/aedes_mosquito-collection-brazil_f_l_591d0dac3931.png,Full Skeleton,1527,right,Aedes_scapularis,0.98,1147,88,28,0,6,78,188,360,575,1010,766,756,694,685,703,475,472,134,125,171,234,290,353,425,484,537,318,312,265,265,221,175,162,325,aedes_mosquito-collection-brazil_f_l_591d0dac3931.png,aedes_mosquito-collection-brazil_f_l_591d0dac3931.tif,Aedes_scapularis
,/Users/kristophernolte/Documents/ITHILDIN_evaluation/reference/reference_finalselection/aedes_mosquito-collection-brazil_f_l_5b1a2e88075f.png,Repaired,1311,left,Aedes_scapularis,0.92,1054,136,84,60,89,147,226,389,565,948,714,709,675,662,691,452,483,139,115,160,212,265,307,352,412,470,304,291,247,241,207,170,149,286,aedes_mosquito-collection-brazil_f_l_5b1a2e88075f.png,aedes_mosquito-collection-brazil_f_l_5b1a2e88075f.tif,Aedes_scapularis
,/Users/kristophernolte/Documents/ITHILDIN_evaluation/reference/reference_finalselection/aedes_mosquito-collection-brazil_f_l_5d267d21bef6.png,Full Skeleton,1417,left,Aedes_scapularis,0.98,1170,196,130,98,124,176,295,448,631,1060,805,796,767,744,764,544,561,124,127,185,243,301,350,408,460,515,298,301,257,254,214,176,162,312,aedes_mosquito-collection-brazil_f_l_5d267d21bef6.png,aedes_mosquito-collection-brazil_f_l_5d267d21bef6.tif,Aedes_scapularis
,/Users/kristophernolte/Documents/ITHILDIN_evaluation/reference/reference_finalselection/aedes_mosquito-collection-brazil_f_l_6847d6aec701.png,Full Skeleton,1558,right,Aedes_scapularis,0.98,1187,73,27,0,18,94,204,392,584,1047,770,761,724,721,733,496,484,132,135,177,238,293,357,409,470,524,311,311,266,260,223,181,165,320,aedes_mosquito-collection-brazil_f_l_6847d6aec701.png,aedes_mosquito-collection-brazil_f_l_6847d6aec701.tif,Aedes_scapularis
,/Users/kristophernolte/Documents/ITHILDIN_evaluation/reference/reference_finalselection/aedes_mosquito-collection-brazil_f_l_6a90a0892726.png,Repaired,1539,left,Aedes_scapularis,0.98,1263,159,102,63,76,156,290,456,657,1081,842,836,775,762,781,552,555,145,138,183,250,307,362,422,473,534,317,314,269,269,228,189,173,327,aedes_mosquito-collection-brazil_f_l_6a90a0892726.png,aedes_mosquito-collection-brazil_f_l_6a90a0892726.tif,Aedes_scapularis
,/Users/kristophernolte/Documents/ITHILDIN_evaluation/reference/reference_finalselection/aedes_mosquito-collection-brazil_f_l_6fc853b3fc7f.png,Full Skeleton,1521,left,Aedes_scapularis,0.92,1203,138,89,46,56,122,251,393,611,1058,790,787,750,744,754,525,515,143,114,160,219,286,345,411,477,547,332,325,276,272,223,183,163,329,aedes_mosquito-collection-brazil_f_l_6fc853b3fc7f.png,aedes_mosquito-collection-brazil_f_l_6fc853b3fc7f.tif,Aedes_scapularis
,/Users/kristophernolte/Documents/ITHILDIN_evaluation/reference/reference_finalselection/aedes_mosquito-collection-brazil_f_l_81a47085b290.png,Repaired,1422,left,Aedes_scapularis,0.98,1135,156,96,76,98,164,257,419,609,1015,795,790,743,727,754,510,524,134,137,197,255,307,362,414,474,521,315,307,263,263,222,181,167,323,aedes_mosquito-collection-brazil_f_l_81a47085b290.png,aedes_mosquito-collection-brazil_f_l_81a47085b290.tif,Aedes_scapularis
,/Users/kristophernolte/Documents/ITHILDIN_evaluation/reference/reference_finalselection/aedes_mosquito-collection-brazil_f_l_86ec7927cbb8.png,Full Skeleton,1561,left,Aedes_scapularis,0.9,1232,137,73,35,76,130,258,440,651,1086,830,827,776,766,772,523,527,134,118,169,236,290,351,415,463,520,306,303,261,261,210,178,156,319,aedes_mosquito-collection-brazil_f_l_86ec7927cbb8.png,aedes_mosquito-collection-brazil_f_l_86ec7927cbb8.tif,Aedes_scapularis
,/Users/kristophernolte/Documents/ITHILDIN_evaluation/reference/reference_finalselection/aedes_mosquito-collection-brazil_f_l_884c04e016b5.png,Full Skeleton,1243,right,Aedes_scapularis,0.95,957,74,32,0,13,76,176,328,490,826,634,629,579,574,579,380,391,125,107,149,206,256,298,343,387,427,269,262,225,222,191,159,144,269,aedes_mosquito-collection-brazil_f_l_884c04e016b5.png,aedes_mosquito-collection-brazil_f_l_884c04e016b5.tif,Aedes_scapularis
,/Users/kristophernolte/Documents/ITHILDIN_evaluation/reference/reference_finalselection/aedes_mosquito-collection-brazil_f_l_8f6a174a0dfd.png,Full Skeleton,1459,right,Aedes_scapularis,0.98,1105,84,28,0,15,77,177,330,554,971,722,716,666,653,681,439,463,147,135,185,241,303,359,415,471,527,322,316,269,269,222,185,169,316,aedes_mosquito-collection-brazil_f_l_8f6a174a0dfd.png,aedes_mosquito-collection-brazil_f_l_8f6a174a0dfd.tif,Aedes_scapularis
,/Users/kristophernolte/Documents/ITHILDIN_evaluation/reference/reference_finalselection/aedes_mosquito-collection-brazil_f_l_90ecc8cf1f75.png,Full Skeleton,1100,right,Aedes_aegypti,0.9,844,85,27,0,7,51,134,252,421,748,568,563,492,488,492,336,314,109,71,106,151,191,238,276,305,345,211,209,180,173,147,133,113,216,aedes_mosquito-collection-brazil_f_l_90ecc8cf1f75.png,aedes_mosquito-collection-brazil_f_l_90ecc8cf1f75.tif,Aedes_aegypti
,/Users/kristophernolte/Documents/ITHILDIN_evaluation/reference/reference_finalselection/aedes_mosquito-collection-brazil_f_l_9c3ebbd881ae.png,Full Skeleton,1530,right,Aedes_scapularis,0.99,1150,73,30,0,12,85,213,377,572,1016,782,764,718,712,718,468,484,130,139,185,243,301,355,410,465,523,310,310,258,261,215,179,164,316,aedes_mosquito-collection-brazil_f_l_9c3ebbd881ae.png,aedes_mosquito-collection-brazil_f_l_9c3ebbd881ae.tif,Aedes_scapularis
,/Users/kristophernolte/Documents/ITHILDIN_evaluation/reference/reference_finalselection/aedes_mosquito-collection-brazil_f_l_a527133be3dc.png,Full Skeleton,1431,left,Aedes_scapularis,0.97,1195,168,126,102,114,171,276,441,622,1048,799,793,763,757,772,537,543,141,114,156,210,270,318,375,429,489,306,297,252,246,207,174,153,297,aedes_mosquito-collection-brazil_f_l_a527133be3dc.png,aedes_mosquito-collection-brazil_f_l_a527133be3dc.tif,Aedes_scapularis
,/Users/kristophernolte/Documents/ITHILDIN_evaluation/reference/reference_finalselection/aedes_mosquito-collection-brazil_f_l_a5cd6c32e79b.png,Full Skeleton,1407,right,Aedes_scapularis,0.97,1067,69,29,0,3,72,183,325,508,933,703,692,639,628,660,427,456,123,138,175,225,277,335,390,440,495,292,289,245,248,207,170,158,295,aedes_mosquito-collection-brazil_f_l_a5cd6c32e79b.png,aedes_mosquito-collection-brazil_f_l_a5cd6c32e79b.tif,Aedes_scapularis
,/Users/kristophernolte/Documents/ITHILDIN_evaluation/reference/reference_finalselection/aedes_mosquito-collection-brazil_f_l_a8d2dd595878.png,Full Skeleton,1353,right,Aedes_scapularis,0.9,1049,88,45,0,8,76,184,329,507,896,675,672,632,615,635,414,411,163,100,134,188,245,299,355,418,480,316,299,256,256,214,180,157,290,aedes_mosquito-collection-brazil_f_l_a8d2dd595878.png,aedes_mosquito-collection-brazil_f_l_a8d2dd595878.tif,Aedes_scapularis
,/Users/kristophernolte/Documents/ITHILDIN_evaluation/reference/reference_finalselection/aedes_mosquito-collection-brazil_f_l_ab24b8bd50b7.png,Full Skeleton,1541,left,Aedes_scapularis,0.99,1196,125,61,40,61,136,262,448,640,1080,823,806,759,742,768,503,532,144,147,205,266,321,379,438,490,554,330,330,275,275,231,193,173,342,aedes_mosquito-collection-brazil_f_l_ab24b8bd50b7.png,aedes_mosquito-collection-brazil_f_l_ab24b8bd50b7.tif,Aedes_scapularis
,/Users/kristophernolte/Documents/ITHILDIN_evaluation/reference/reference_finalselection/aedes_mosquito-collection-brazil_f_l_ad87a8701c11.png,Full Skeleton,1531,left,Aedes_scapularis,0.99,1238,178,104,86,101,178,294,467,672,1110,851,836,806,795,800,583,577,126,144,206,266,320,379,430,486,537,314,320,266,266,215,180,168,326,aedes_mosquito-collection-brazil_f_l_ad87a8701c11.png,aedes_mosquito-collection-brazil_f_l_ad87a8701c11.tif,Aedes_scapularis
,/Users/kristophernolte/Documents/ITHILDIN_evaluation/reference/reference_finalselection/aedes_mosquito-collection-brazil_f_l_b8797aee87e0.png,Full Skeleton,1343,right,Aedes_scapularis,0.99,1013,83,28,0,10,66,170,319,506,884,669,652,621,617,631,375,409,135,97,145,194,253,301,364,419,485,301,291,249,242,201,163,135,284,aedes_mosquito-collection-brazil_f_l_b8797aee87e0.png,aedes_mosquito-collection-brazil_f_l_b8797aee87e0.tif,Aedes_scapularis
,/Users/kristophernolte/Documents/ITHILDIN_evaluation/reference/reference_finalselection/aedes_mosquito-collection-brazil_f_l_bc2e904517d7.png,Full Skeleton,1542,right,Aedes_scapularis,0.98,1159,99,30,0,30,102,231,402,610,1039,796,778,742,721,751,447,492,124,151,214,283,335,380,437,479,521,301,304,259,262,217,178,172,329,aedes_mosquito-collection-brazil_f_l_bc2e904517d7.png,aedes_mosquito-collection-brazil_f_l_bc2e904517d7.tif,Aedes_scapularis
,/Users/kristophernolte/Documents/ITHILDIN_evaluation/reference/reference_finalselection/aedes_mosquito-collection-brazil_f_l_bd078bb3510f.png,Full Skeleton,1563,left,Aedes_scapularis,0.98,1230,137,73,33,55,134,272,462,670,1089,820,814,771,762,783,553,560,137,149,205,275,336,391,449,489,535,318,321,275,275,232,192,177,336,aedes_mosquito-collection-brazil_f_l_bd078bb3510f.png,aedes_mosquito-collection-brazil_f_l_bd078bb3510f.tif,Aedes_scapularis
,/Users/kristophernolte/Documents/ITHILDIN_evaluation/reference/reference_finalselection/aedes_mosquito-collection-brazil_f_l_bf5c39f4cacf.png,Full Skeleton,1257,left,Aedes_aegypti,0.99,1019,146,81,40,46,111,211,349,528,894,685,685,612,612,623,431,412,120,82,120,180,223,272,318,351,391,248,237,204,201,169,147,120,245,aedes_mosquito-collection-brazil_f_l_bf5c39f4cacf.png,aedes_mosquito-collection-brazil_f_l_bf5c39f4cacf.tif,Aedes_aegypti
,/Users/kristophernolte/Documents/ITHILDIN_evaluation/reference/reference_finalselection/aedes_mosquito-collection-brazil_f_l_c151b9a2b33c.png,Repaired,1469,left,Aedes_scapularis,0.99,1171,155,107,63,85,174,285,459,636,1048,820,820,769,757,785,503,516,134,128,169,242,299,356,410,457,508,308,302,258,254,213,175,163,318,aedes_mosquito-collection-brazil_f_l_c151b9a2b33c.png,aedes_mosquito-collection-brazil_f_l_c151b9a2b33c.tif,Aedes_scapularis
,/Users/kristophernolte/Documents/ITHILDIN_evaluation/reference/reference_finalselection/aedes_mosquito-collection-brazil_f_l_c2c53a36dc4b.png,Full Skeleton,1405,right,Aedes_scapularis,0.97,1066,70,29,0,3,70,186,326,512,934,704,690,637,626,658,428,457,125,139,177,230,279,337,393,439,495,291,291,247,250,209,174,163,297,aedes_mosquito-collection-brazil_f_l_c2c53a36dc4b.png,aedes_mosquito-collection-brazil_f_l_c2c53a36dc4b.tif,Aedes_scapularis
,/Users/kristophernolte/Documents/ITHILDIN_evaluation/reference/reference_finalselection/aedes_mosquito-collection-brazil_f_l_c6a3a6ffe5fd.png,Full Skeleton,1430,left,Aedes_scapularis,0.96,1171,168,117,96,105,174,276,426,621,1033,802,793,769,748,766,516,522,154,106,148,211,268,332,398,455,509,320,313,265,265,220,187,160,313,aedes_mosquito-collection-brazil_f_l_c6a3a6ffe5fd.png,aedes_mosquito-collection-brazil_f_l_c6a3a6ffe5fd.tif,Aedes_scapularis
,/Users/kristophernolte/Documents/ITHILDIN_evaluation/reference/reference_finalselection/aedes_mosquito-collection-brazil_f_l_c94283a30b46.png,Repaired,1334,left,Aedes_scapularis,0.97,1114,187,127,96,109,180,292,446,616,981,780,764,728,717,728,527,519,114,122,172,229,279,326,381,428,469,274,276,232,234,198,169,156,292,aedes_mosquito-collection-brazil_f_l_c94283a30b46.png,aedes_mosquito-collection-brazil_f_l_c94283a30b46.tif,Aedes_scapularis
,/Users/kristophernolte/Documents/ITHILDIN_evaluation/reference/reference_finalselection/aedes_mosquito-collection-brazil_f_l_ccf5af7ecf83.png,Repaired,1266,left,Aedes_scapularis,0.99,1003,138,95,54,66,126,231,365,552,902,697,697,658,637,655,442,460,153,101,147,201,250,302,356,410,466,304,289,248,245,204,176,150,281,aedes_mosquito-collection-brazil_f_l_ccf5af7ecf83.png,aedes_mosquito-collection-brazil_f_l_ccf5af7ecf83.tif,Aedes_scapularis
,/Users/kristophernolte/Documents/ITHILDIN_evaluation/reference/reference_finalselection/aedes_mosquito-collection-brazil_f_l_d06d9584965e.png,Repaired,1298,right,Aedes_scapularis,0.94,982,65,21,0,19,81,172,317,494,856,654,650,611,594,617,425,425,107,130,174,227,277,323,371,415,451,270,268,233,233,194,158,151,284,aedes_mosquito-collection-brazil_f_l_d06d9584965e.png,aedes_mosquito-collection-brazil_f_l_d06d9584965e.tif,Aedes_scapularis
,/Users/kristophernolte/Documents/ITHILDIN_evaluation/reference/reference_finalselection/aedes_mosquito-collection-brazil_f_l_d48a764cbe19.png,Full Skeleton,1350,left,Aedes_scapularis,0.98,1057,115,76,47,60,118,218,373,552,947,726,721,681,673,681,468,473,142,134,176,239,281,331,386,436,478,297,289,250,247,210,176,157,300,aedes_mosquito-collection-brazil_f_l_d48a764cbe19.png,aedes_mosquito-collection-brazil_f_l_d48a764cbe19.tif,Aedes_scapularis
,/Users/kristophernolte/Documents/ITHILDIN_evaluation/reference/reference_finalselection/aedes_mosquito-collection-brazil_f_l_db061d162a9d.png,Full Skeleton,1527,left,Aedes_scapularis,0.99,1174,122,66,33,55,133,262,404,613,1052,817,812,772,759,781,530,532,125,145,195,262,315,365,421,466,521,301,301,256,256,217,175,164,318,aedes_mosquito-collection-brazil_f_l_db061d162a9d.png,aedes_mosquito-collection-brazil_f_l_db061d162a9d.tif,Aedes_scapularis
,/Users/kristophernolte/Documents/ITHILDIN_evaluation/reference/reference_finalselection/aedes_mosquito-collection-brazil_f_l_f6aaf438adc4.png,Repaired,1374,left,Aedes_scapularis,0.96,1122,125,75,49,63,139,255,398,581,959,727,721,689,680,689,477,477,141,123,161,222,269,321,379,431,487,306,301,254,254,213,178,158,306,aedes_mosquito-collection-brazil_f_l_f6aaf438adc4.png,aedes_mosquito-collection-brazil_f_l_f6aaf438adc4.tif,Aedes_scapularis
,/Users/kristophernolte/Documents/ITHILDIN_evaluation/reference/reference_finalselection/aedes_mosquito-collection-brazil_f_l_f9b9d2b6767f.png,Full Skeleton,1439,right,Aedes_scapularis,0.99,1093,86,31,0,25,102,204,383,548,972,738,727,683,658,691,466,482,136,133,188,251,290,351,406,458,507,306,304,260,260,221,177,166,306,aedes_mosquito-collection-brazil_f_l_f9b9d2b6767f.png,aedes_mosquito-collection-brazil_f_l_f9b9d2b6767f.tif,Aedes_scapularis
,/Users/kristophernolte/Documents/ITHILDIN_evaluation/reference/reference_finalselection/aedes_mosquito-collection-brazil_f_l_fc1e84ba356e.png,Full Skeleton,1378,left,Aedes_scapularis,0.99,1105,159,101,78,89,167,272,422,593,995,769,764,735,729,737,529,512,143,131,180,235,296,348,400,452,510,314,305,264,259,215,186,166,314,aedes_mosquito-collection-brazil_f_l_fc1e84ba356e.png,aedes_mosquito-collection-brazil_f_l_fc1e84ba356e.tif,Aedes_scapularis
,/Users/kristophernolte/Documents/ITHILDIN_evaluation/reference/reference_finalselection/aedes_mosquito-collection-brazil_f_r_0a31eab23187.png,Full Skeleton,1538,left,Aedes_scapularis,0.83,1216,137,89,57,67,131,240,419,640,1078,816,809,761,755,771,537,528,152,120,161,222,283,347,417,475,536,331,321,270,267,225,180,164,328,aedes_mosquito-collection-brazil_f_r_0a31eab23187.png,aedes_mosquito-collection-brazil_f_r_0a31eab23187.tif,Aedes_scapularis
,/Users/kristophernolte/Documents/ITHILDIN_evaluation/reference/reference_finalselection/aedes_mosquito-collection-brazil_f_r_11a31ee5e9d4.png,Full Skeleton,1229,left,Aedes_aegypti,0.85,1021,157,94,57,65,123,219,342,526,892,678,672,607,607,623,442,424,140,85,124,176,226,268,320,354,399,263,252,215,213,179,155,129,247,aedes_mosquito-collection-brazil_f_r_11a31ee5e9d4.png,aedes_mosquito-collection-brazil_f_r_11a31ee5e9d4.tif,Aedes_aegypti
,/Users/kristophernolte/Documents/ITHILDIN_evaluation/reference/reference_finalselection/aedes_mosquito-collection-brazil_f_r_2c9273468f04.png,Repaired,1450,right,Aedes_scapularis,0.99,1110,79,25,0,12,69,183,357,537,961,727,721,651,639,667,436,446,140,124,172,229,276,340,403,454,507,305,295,254,254,216,181,162,305,aedes_mosquito-collection-brazil_f_r_2c9273468f04.png,aedes_mosquito-collection-brazil_f_r_2c9273468f04.tif,Aedes_scapularis
,/Users/kristophernolte/Documents/ITHILDIN_evaluation/reference/reference_finalselection/aedes_mosquito-collection-brazil_f_r_3b6f43811233.png,Full Skeleton,1478,right,Aedes_scapularis,0.98,1103,84,25,0,6,78,200,366,576,990,745,733,677,670,683,445,473,144,131,188,250,304,360,423,479,539,316,316,275,272,225,191,172,329,aedes_mosquito-collection-brazil_f_r_3b6f43811233.png,aedes_mosquito-collection-brazil_f_r_3b6f43811233.tif,Aedes_scapularis
,/Users/kristophernolte/Documents/ITHILDIN_evaluation/reference/reference_finalselection/aedes_mosquito-collection-brazil_f_r_58bf7a4317fc.png,Repaired,1443,left,Aedes_scapularis,0.97,1142,130,68,44,62,130,223,386,592,994,761,756,723,702,735,467,464,123,132,183,248,293,346,400,453,501,308,302,260,260,212,174,165,317,aedes_mosquito-collection-brazil_f_r_58bf7a4317fc.png,aedes_mosquito-collection-brazil_f_r_58bf7a4317fc.tif,Aedes_scapularis
,/Users/kristophernolte/Documents/ITHILDIN_evaluation/reference/reference_finalselection/aedes_mosquito-collection-brazil_f_r_5909230aa2ec.png,Repaired,1424,left,Aedes_scapularis,0.97,1150,150,108,81,105,168,261,432,618,1009,805,799,754,745,754,543,528,135,129,171,237,294,345,399,459,510,309,300,255,255,210,180,156,312,aedes_mosquito-collection-brazil_f_r_5909230aa2ec.png,aedes_mosquito-collection-brazil_f_r_5909230aa2ec.tif,Aedes_scapularis
,/Users/kristophernolte/Documents/ITHILDIN_evaluation/reference/reference_finalselection/aedes_mosquito-collection-brazil_f_r_5a81854956f1.png,Full Skeleton,1398,left,Aedes_scapularis,0.98,1107,133,77,52,75,148,273,409,612,994,761,751,708,700,710,497,512,118,165,213,273,321,371,424,469,512,301,306,258,263,221,183,175,324,aedes_mosquito-collection-brazil_f_r_5a81854956f1.png,aedes_mosquito-collection-brazil_f_r_5a81854956f1.tif,Aedes_scapularis
,/Users/kristophernolte/Documents/ITHILDIN_evaluation/reference/reference_finalselection/aedes_mosquito-collection-brazil_f_r_5e52d173c178.png,Repaired,1395,right,Aedes_scapularis,0.99,1057,71,27,0,16,82,184,324,523,944,696,682,635,624,655,435,454,121,151,195,247,302,355,401,448,495,288,294,247,250,214,173,170,302,aedes_mosquito-collection-brazil_f_r_5e52d173c178.png,aedes_mosquito-collection-brazil_f_r_5e52d173c178.tif,Aedes_scapularis
,/Users/kristophernolte/Documents/ITHILDIN_evaluation/reference/reference_finalselection/aedes_mosquito-collection-brazil_f_r_65295ad687a1.png,Full Skeleton,1319,left,Aedes_scapularis,0.85,1058,128,88,57,68,131,237,386,572,927,715,712,680,672,686,463,472,124,113,155,207,253,301,353,404,459,290,278,238,233,193,164,138,278,aedes_mosquito-collection-brazil_f_r_65295ad687a1.png,aedes_mosquito-collection-brazil_f_r_65295ad687a1.tif,Aedes_scapularis
,/Users/kristophernolte/Documents/ITHILDIN_evaluation/reference/reference_finalselection/aedes_mosquito-collection-brazil_f_r_674a0f4b845e.png,Full Skeleton,1530,right,Aedes_scapularis,0.99,1162,74,19,0,19,105,219,398,592,1011,777,761,715,706,712,456,496,151,147,203,258,317,375,431,490,557,342,329,280,280,237,194,175,335,aedes_mosquito-collection-brazil_f_r_674a0f4b845e.png,aedes_mosquito-collection-brazil_f_r_674a0f4b845e.tif,Aedes_scapularis
,/Users/kristophernolte/Documents/ITHILDIN_evaluation/reference/reference_finalselection/aedes_mosquito-collection-brazil_f_r_6cc8e6b751f4.png,Repaired,1261,left,Aedes_scapularis,0.98,1010,120,73,54,67,125,214,352,516,882,691,689,649,629,634,438,451,118,105,150,199,246,293,345,390,437,272,262,225,223,184,160,139,267,aedes_mosquito-collection-brazil_f_r_6cc8e6b751f4.png,aedes_mosquito-collection-brazil_f_r_6cc8e6b751f4.tif,Aedes_scapularis
,/Users/kristophernolte/Documents/ITHILDIN_evaluation/reference/reference_finalselection/aedes_mosquito-collection-brazil_f_r_70138a3f5ff4.png,Full Skeleton,1440,right,Aedes_scapularis,0.99,1094,75,27,0,15,75,193,347,537,931,711,705,681,660,693,422,431,131,116,155,218,281,339,402,456,507,308,302,257,254,212,176,158,311,aedes_mosquito-collection-brazil_f_r_70138a3f5ff4.png,aedes_mosquito-collection-brazil_f_r_70138a3f5ff4.tif,Aedes_scapularis
,/Users/kristophernolte/Documents/ITHILDIN_evaluation/reference/reference_finalselection/aedes_mosquito-collection-brazil_f_r_73977a769260.png,Repaired,1456,right,Aedes_scapularis,0.98,1103,71,21,0,27,100,206,380,565,953,739,727,691,677,712,447,468,151,130,175,254,298,354,413,466,522,328,316,269,269,228,183,169,319,aedes_mosquito-collection-brazil_f_r_73977a769260.png,aedes_mosquito-collection-brazil_f_r_73977a769260.tif,Aedes_scapularis
,/Users/kristophernolte/Documents/ITHILDIN_evaluation/reference/reference_finalselection/aedes_mosquito-collection-brazil_f_r_7641244db1ee.png,Full Skeleton,1526,left,Aedes_scapularis,0.99,1230,170,110,75,91,170,284,461,651,1097,844,837,799,787,803,575,581,167,135,186,249,309,366,423,486,547,341,335,284,284,237,196,177,332,aedes_mosquito-collection-brazil_f_r_7641244db1ee.png,aedes_mosquito-collection-brazil_f_r_7641244db1ee.tif,Aedes_scapularis
,/Users/kristophernolte/Documents/ITHILDIN_evaluation/reference/reference_finalselection/aedes_mosquito-collection-brazil_f_r_7f811441d455.png,Repaired,1478,right,Aedes_scapularis,0.63,1155,107,47,0,29,101,205,379,558,979,751,740,693,682,714,480,491,207,109,155,216,277,334,398,467,537,366,343,297,291,248,210,176,329,aedes_mosquito-collection-brazil_f_r_7f811441d455.png,aedes_mosquito-collection-brazil_f_r_7f811441d455.tif,Aedes_scapularis
,/Users/kristophernolte/Documents/ITHILDIN_evaluation/reference/reference_finalselection/aedes_mosquito-collection-brazil_f_r_7fd98d95edd5.png,Full Skeleton,1505,left,Aedes_scapularis,0.89,1184,129,67,40,55,120,252,413,616,1023,792,789,749,737,749,521,505,169,117,172,228,289,351,422,478,542,342,323,277,271,231,194,166,326,aedes_mosquito-collection-brazil_f_r_7fd98d95edd5.png,aedes_mosquito-collection-brazil_f_r_7fd98d95edd5.tif,Aedes_scapularis
,/Users/kristophernolte/Documents/ITHILDIN_evaluation/reference/reference_finalselection/aedes_mosquito-collection-brazil_f_r_808f7914ea07.png,Repaired,1285,right,Aedes_scapularis,0.99,980,75,23,0,8,72,171,313,491,837,636,633,602,584,610,393,411,126,121,170,224,273,317,369,423,470,286,284,245,242,204,168,155,284,aedes_mosquito-collection-brazil_f_r_808f7914ea07.png,aedes_mosquito-collection-brazil_f_r_808f7914ea07.tif,Aedes_scapularis
,/Users/kristophernolte/Documents/ITHILDIN_evaluation/reference/reference_finalselection/aedes_mosquito-collection-brazil_f_r_876313406516.png,Full Skeleton,1517,left,Aedes_scapularis,0.98,1189,136,76,38,41,117,218,380,608,1043,773,767,742,732,748,504,510,155,110,158,225,279,345,405,472,542,342,326,272,272,228,183,155,323,aedes_mosquito-collection-brazil_f_r_876313406516.png,aedes_mosquito-collection-brazil_f_r_876313406516.tif,Aedes_scapularis
,/Users/kristophernolte/Documents/ITHILDIN_evaluation/reference/reference_finalselection/aedes_mosquito-collection-brazil_f_r_8f4437a25c74.png,Full Skeleton,1426,left,Aedes_scapularis,0.98,1185,182,123,93,120,182,302,457,637,1047,821,810,763,754,777,575,572,136,124,180,242,289,339,397,447,497,309,306,259,262,218,183,165,309,aedes_mosquito-collection-brazil_f_r_8f4437a25c74.png,aedes_mosquito-collection-brazil_f_r_8f4437a25c74.tif,Aedes_scapularis
,/Users/kristophernolte/Documents/ITHILDIN_evaluation/reference/reference_finalselection/aedes_mosquito-collection-brazil_f_r_a331f9fe1834.png,Repaired,1378,left,Aedes_scapularis,0.99,1081,107,55,35,55,135,251,398,580,959,727,721,694,666,680,436,481,127,135,188,246,290,342,398,445,497,301,298,251,251,201,174,157,304,aedes_mosquito-collection-brazil_f_r_a331f9fe1834.png,aedes_mosquito-collection-brazil_f_r_a331f9fe1834.tif,Aedes_scapularis
,/Users/kristophernolte/Documents/ITHILDIN_evaluation/reference/reference_finalselection/aedes_mosquito-collection-brazil_f_r_a908d0c5cfc9.png,Repaired,1500,right,Aedes_scapularis,0.99,1137,92,25,0,9,104,217,388,581,993,761,749,706,688,712,465,483,131,131,186,247,299,366,424,479,534,317,311,262,262,220,177,168,320,aedes_mosquito-collection-brazil_f_r_a908d0c5cfc9.png,aedes_mosquito-collection-brazil_f_r_a908d0c5cfc9.tif,Aedes_scapularis
,/Users/kristophernolte/Documents/ITHILDIN_evaluation/reference/reference_finalselection/aedes_mosquito-collection-brazil_f_r_aecd385567a9.png,Full Skeleton,1636,left,Aedes_scapularis,0.98,1349,190,141,103,141,200,335,515,740,1207,931,917,879,872,886,626,616,188,192,240,309,365,420,482,534,593,375,372,323,320,271,233,216,379,aedes_mosquito-collection-brazil_f_r_aecd385567a9.png,aedes_mosquito-collection-brazil_f_r_aecd385567a9.tif,Aedes_scapularis
,/Users/kristophernolte/Documents/ITHILDIN_evaluation/reference/reference_finalselection/aedes_mosquito-collection-brazil_f_r_b19264299ec6.png,Full Skeleton,1423,left,Aedes_scapularis,0.98,1179,189,135,102,117,186,288,451,640,1062,815,803,767,755,782,526,547,127,127,170,230,284,335,389,440,491,299,299,251,248,206,176,154,302,aedes_mosquito-collection-brazil_f_r_b19264299ec6.png,aedes_mosquito-collection-brazil_f_r_b19264299ec6.tif,Aedes_scapularis
,/Users/kristophernolte/Documents/ITHILDIN_evaluation/reference/reference_finalselection/aedes_mosquito-collection-brazil_f_r_babb1fce4cb0.png,Repaired,1441,left,Aedes_scapularis,0.97,1189,181,131,100,112,181,288,448,630,1060,809,806,771,762,774,545,567,145,127,174,240,293,346,409,469,528,315,315,268,265,221,183,167,315,aedes_mosquito-collection-brazil_f_r_babb1fce4cb0.png,aedes_mosquito-collection-brazil_f_r_babb1fce4cb0.tif,Aedes_scapularis
,/Users/kristophernolte/Documents/ITHILDIN_evaluation/reference/reference_finalselection/aedes_mosquito-collection-brazil_f_r_cec03d6edc48.png,Full Skeleton,1359,right,Aedes_scapularis,0.27,1034,89,32,0,12,75,166,312,511,894,674,660,623,611,640,409,409,129,92,138,195,249,309,366,426,489,304,295,244,246,201,161,138,292,aedes_mosquito-collection-brazil_f_r_cec03d6edc48.png,aedes_mosquito-collection-brazil_f_r_cec03d6edc48.tif,Aedes_scapularis
,/Users/kristophernolte/Documents/ITHILDIN_evaluation/reference/reference_finalselection/aedes_mosquito-collection-brazil_f_r_d6ba82213e7c.png,Repaired,1498,right,Aedes_scapularis,0.99,1139,72,14,0,20,95,205,372,542,986,756,744,695,689,701,499,496,173,124,178,242,294,354,421,478,539,343,331,282,282,236,204,175,331,aedes_mosquito-collection-brazil_f_r_d6ba82213e7c.png,aedes_mosquito-collection-brazil_f_r_d6ba82213e7c.tif,Aedes_scapularis
,/Users/kristophernolte/Documents/ITHILDIN_evaluation/reference/reference_finalselection/aedes_mosquito-collection-brazil_f_r_d84f964764c0.png,Repaired,1482,right,Aedes_scapularis,0.94,1119,90,31,0,13,93,209,384,569,980,756,753,704,695,710,424,446,135,122,172,233,294,350,402,454,506,313,307,264,258,215,178,165,316,aedes_mosquito-collection-brazil_f_r_d84f964764c0.png,aedes_mosquito-collection-brazil_f_r_d84f964764c0.tif,Aedes_scapularis
,/Users/kristophernolte/Documents/ITHILDIN_evaluation/reference/reference_finalselection/aedes_mosquito-collection-brazil_f_r_e0ddcdac749d.png,Full Skeleton,1371,left,Aedes_scapularis,0.99,1135,171,109,79,91,153,254,422,615,975,754,748,721,712,730,505,505,150,121,168,218,272,316,378,437,502,310,298,260,257,215,180,156,304,aedes_mosquito-collection-brazil_f_r_e0ddcdac749d.png,aedes_mosquito-collection-brazil_f_r_e0ddcdac749d.tif,Aedes_scapularis
,/Users/kristophernolte/Documents/ITHILDIN_evaluation/reference/reference_finalselection/aedes_mosquito-collection-brazil_f_r_e10c5739a740.png,Full Skeleton,1384,left,Aedes_scapularis,0.98,1148,185,126,94,114,182,294,453,650,1010,789,783,750,742,753,521,541,144,132,182,238,291,353,406,456,512,315,309,267,265,220,185,170,318,aedes_mosquito-collection-brazil_f_r_e10c5739a740.png,aedes_mosquito-collection-brazil_f_r_e10c5739a740.tif,Aedes_scapularis
,/Users/kristophernolte/Documents/ITHILDIN_evaluation/reference/reference_finalselection/aedes_mosquito-collection-brazil_f_r_e3a407d48a82.png,Full Skeleton,1608,left,Aedes_scapularis,0.99,1285,138,82,52,62,148,270,452,674,1116,839,839,799,789,819,558,558,166,133,183,249,302,365,427,493,566,358,348,292,292,246,199,173,341,aedes_mosquito-collection-brazil_f_r_e3a407d48a82.png,aedes_mosquito-collection-brazil_f_r_e3a407d48a82.tif,Aedes_scapularis
,/Users/kristophernolte/Documents/ITHILDIN_evaluation/reference/reference_finalselection/aedes_mosquito-collection-brazil_f_r_e3e5bb927d61.png,Full Skeleton,1355,left,Aedes_scapularis,0.99,1051,107,58,37,49,112,213,367,547,941,723,704,674,657,669,451,468,129,134,181,232,282,335,385,434,478,293,286,242,244,202,169,155,296,aedes_mosquito-collection-brazil_f_r_e3e5bb927d61.png,aedes_mosquito-collection-brazil_f_r_e3e5bb927d61.tif,Aedes_scapularis
,/Users/kristophernolte/Documents/ITHILDIN_evaluation/reference/reference_finalselection/aedes_mosquito-collection-brazil_f_r_e4d32d4bb004.png,Full Skeleton,1648,left,Aedes_scapularis,0.96,1376,206,154,110,123,196,309,491,719,1193,922,915,877,867,877,622,605,197,180,228,290,359,414,483,552,624,390,387,335,332,276,242,225,390,aedes_mosquito-collection-brazil_f_r_e4d32d4bb004.png,aedes_mosquito-collection-brazil_f_r_e4d32d4bb004.tif,Aedes_scapularis
,/Users/kristophernolte/Documents/ITHILDIN_evaluation/reference/reference_finalselection/aedes_mosquito-collection-brazil_f_r_eaa952165eb0.png,Repaired,1546,right,Aedes_scapularis,0.99,1151,83,27,0,15,86,207,399,605,1039,782,770,738,717,732,472,472,125,148,207,264,328,376,432,473,523,305,305,264,264,219,181,172,331,aedes_mosquito-collection-brazil_f_r_eaa952165eb0.png,aedes_mosquito-collection-brazil_f_r_eaa952165eb0.tif,Aedes_scapularis
,/Users/kristophernolte/Documents/ITHILDIN_evaluation/reference/reference_finalselection/aedes_mosquito-collection-brazil_f_r_f2075b9c845f.png,Repaired,1567,left,Aedes_scapularis,0.99,1261,140,89,62,77,149,277,450,674,1118,823,811,778,760,781,545,566,144,141,198,266,323,377,445,502,556,323,326,275,275,228,189,177,335,aedes_mosquito-collection-brazil_f_r_f2075b9c845f.png,aedes_mosquito-collection-brazil_f_r_f2075b9c845f.tif,Aedes_scapularis
,/Users/kristophernolte/Documents/ITHILDIN_evaluation/reference/reference_finalselection/aedes_mosquito-collection-brazil_f_r_f25f8774080e.png,Full Skeleton,1241,right,Aedes_aegypti,1.0,969,92,31,0,5,67,156,288,489,844,628,608,545,545,554,382,355,104,89,127,183,232,279,323,355,397,245,243,203,201,176,147,131,245,aedes_mosquito-collection-brazil_f_r_f25f8774080e.png,aedes_mosquito-collection-brazil_f_r_f25f8774080e.tif,Aedes_aegypti
,/Users/kristophernolte/Documents/ITHILDIN_evaluation/reference/reference_finalselection/aedes_mosquito-collection-brazil_f_r_f28d98baf3ea.png,Full Skeleton,1531,left,Aedes_scapularis,1.0,1244,147,97,65,97,177,295,466,664,1096,853,836,780,759,783,552,558,127,144,197,268,322,375,422,475,528,301,304,254,257,215,183,168,322,aedes_mosquito-collection-brazil_f_r_f28d98baf3ea.png,aedes_mosquito-collection-brazil_f_r_f28d98baf3ea.tif,Aedes_scapularis
,/Users/kristophernolte/Documents/ITHILDIN_evaluation/reference/reference_finalselection/aedes_mosquito-collection-brazil_f_r_fb87e72ad404.png,Full Skeleton,1519,left,Aedes_scapularis,0.96,1243,178,121,86,127,184,299,468,663,1106,861,861,810,800,813,570,567,140,130,178,245,296,354,411,468,526,318,312,264,264,216,188,165,318,aedes_mosquito-collection-brazil_f_r_fb87e72ad404.png,aedes_mosquito-collection-brazil_f_r_fb87e72ad404.tif,Aedes_scapularis
,/Users/kristophernolte/Documents/ITHILDIN_evaluation/reference/reference_finalselection/aedes_mosquito-collection-ukraine_f_l_0491653fcc0e.png,Full Skeleton,1492,left,other,0.26,1192,124,60,33,51,127,258,413,599,1009,778,772,727,723,739,483,529,132,98,153,217,281,339,396,451,506,314,299,253,250,202,165,147,299,aedes_mosquito-collection-ukraine_f_l_0491653fcc0e.png,aedes_mosquito-collection-ukraine_f_l_0491653fcc0e.tif,Aedes_caspius
,/Users/kristophernolte/Documents/ITHILDIN_evaluation/reference/reference_finalselection/aedes_mosquito-collection-ukraine_f_l_2b893913577b.png,Repaired,1479,left,Culex_modestus,0.67,1181,125,74,53,65,146,254,412,607,1028,807,798,744,738,753,532,508,139,109,159,225,270,324,381,429,485,300,291,249,246,210,174,157,297,aedes_mosquito-collection-ukraine_f_l_2b893913577b.png,aedes_mosquito-collection-ukraine_f_l_2b893913577b.tif,Aedes_vexans
,/Users/kristophernolte/Documents/ITHILDIN_evaluation/reference/reference_finalselection/aedes_mosquito-collection-ukraine_f_l_2c86831a8d8e.png,Full Skeleton,1186,left,Aedes_caspius,0.99,945,105,73,53,71,139,239,364,509,827,666,658,624,617,624,411,443,131,108,148,204,248,295,341,385,422,260,251,214,216,179,153,138,260,aedes_mosquito-collection-ukraine_f_l_2c86831a8d8e.png,aedes_mosquito-collection-ukraine_f_l_2c86831a8d8e.tif,Aedes_caspius
,/Users/kristophernolte/Documents/ITHILDIN_evaluation/reference/reference_finalselection/aedes_mosquito-collection-ukraine_f_l_2d1bb22a8023.png,Repaired,1154,right,Aedes_vexans,0.68,894,74,22,0,5,62,164,277,447,744,571,566,527,524,544,354,382,133,106,143,193,246,288,343,380,425,265,258,226,223,193,153,141,263,aedes_mosquito-collection-ukraine_f_l_2d1bb22a8023.png,aedes_mosquito-collection-ukraine_f_l_2d1bb22a8023.tif,Aedes_caspius
,/Users/kristophernolte/Documents/ITHILDIN_evaluation/reference/reference_finalselection/aedes_mosquito-collection-ukraine_f_l_9acb58eee668.png,Repaired,1092,right,Aedes_caspius,0.59,845,63,21,0,4,60,137,248,404,697,536,536,511,504,506,330,351,181,118,153,185,236,287,336,380,431,301,287,253,250,213,199,171,278,aedes_mosquito-collection-ukraine_f_l_9acb58eee668.png,aedes_mosquito-collection-ukraine_f_l_9acb58eee668.tif,Aedes_caspius
,/Users/kristophernolte/Documents/ITHILDIN_evaluation/reference/reference_finalselection/aedes_mosquito-collection-ukraine_f_l_cb1fa46b35dc.png,Repaired,1315,left,Culex_pipiens s.l.-torrentium-pair,0.22,1035,104,52,32,46,118,228,362,535,903,706,703,651,642,656,472,458,203,140,184,244,288,340,395,442,491,337,318,285,280,247,219,192,318,aedes_mosquito-collection-ukraine_f_l_cb1fa46b35dc.png,aedes_mosquito-collection-ukraine_f_l_cb1fa46b35dc.tif,Aedes_vexans
,/Users/kristophernolte/Documents/ITHILDIN_evaluation/reference/reference_finalselection/aedes_mosquito-collection-ukraine_f_r_08ea81bb5a5a.png,Repaired,1147,left,Culex_modestus,0.95,937,120,76,44,56,128,219,345,510,787,624,621,589,582,587,397,434,118,83,118,175,219,273,318,360,404,266,251,219,217,177,150,130,249,aedes_mosquito-collection-ukraine_f_r_08ea81bb5a5a.png,aedes_mosquito-collection-ukraine_f_r_08ea81bb5a5a.tif,Aedes_caspius
,/Users/kristophernolte/Documents/ITHILDIN_evaluation/reference/reference_finalselection/aedes_mosquito-collection-ukraine_f_r_2faad6fe6c60.png,Repaired,1152,right,other,0.39,884,77,32,0,5,70,153,275,435,762,571,569,528,526,542,354,378,136,78,117,169,212,269,322,365,413,257,250,219,214,181,148,124,243,aedes_mosquito-collection-ukraine_f_r_2faad6fe6c60.png,aedes_mosquito-collection-ukraine_f_r_2faad6fe6c60.tif,Aedes_caspius
,/Users/kristophernolte/Documents/ITHILDIN_evaluation/reference/reference_finalselection/aedes_mosquito-collection-ukraine_f_r_b12f14b30529.png,Repaired,1109,left,Aedes_caspius,0.38,893,110,71,51,58,129,216,333,484,770,631,623,571,569,577,376,413,122,96,137,178,226,267,310,351,384,245,230,204,204,167,143,124,234,aedes_mosquito-collection-ukraine_f_r_b12f14b30529.png,aedes_mosquito-collection-ukraine_f_r_b12f14b30529.tif,Aedes_caspius
,/Users/kristophernolte/Documents/ITHILDIN_evaluation/reference/reference_finalselection/aedes_mosquito-collection-ukraine_f_r_d9284c6bdafe.png,Repaired,1437,right,Aedes_vexans,0.99,1098,69,26,0,14,95,190,342,546,928,736,733,678,675,681,425,417,139,119,168,219,274,331,380,432,478,294,277,245,242,208,182,153,300,aedes_mosquito-collection-ukraine_f_r_d9284c6bdafe.png,aedes_mosquito-collection-ukraine_f_r_d9284c6bdafe.tif,Aedes_vexans
,/Users/kristophernolte/Documents/ITHILDIN_evaluation/reference/reference_finalselection/aedes_mosquito-collection-ukraine_f_r_e7fcc4f5913b.png,Full Skeleton,1382,right,Culex_pipiens s.l.-torrentium-pair,0.67,1066,86,25,0,11,92,195,357,544,907,709,701,648,642,650,455,438,124,90,141,194,244,300,353,397,448,275,263,233,230,185,157,135,272,aedes_mosquito-collection-ukraine_f_r_e7fcc4f5913b.png,aedes_mosquito-collection-ukraine_f_r_e7fcc4f5913b.tif,Aedes_vexans
,/Users/kristophernolte/Documents/ITHILDIN_evaluation/reference/reference_finalselection/aedes_urca_f_l_0c633291e2f2.png,Full Skeleton,982,right,Aedes_aegypti,0.98,733,65,26,0,2,61,139,248,386,654,514,510,469,462,482,340,318,99,83,114,160,199,232,265,293,321,199,199,171,164,147,118,112,203,aedes_urca_f_l_0c633291e2f2.png,aedes_urca_f_l_0c633291e2f2.tif,Aedes_aegypti
,/Users/kristophernolte/Documents/ITHILDIN_evaluation/reference/reference_finalselection/aedes_urca_f_l_6759d137f51f.png,Repaired,1189,left,Aedes_aegypti,0.98,985,128,93,60,65,136,236,355,514,851,672,655,612,602,627,458,446,118,103,138,186,229,277,309,347,390,241,244,204,206,176,146,128,246,aedes_urca_f_l_6759d137f51f.png,aedes_urca_f_l_6759d137f51f.tif,Aedes_aegypti
,/Users/kristophernolte/Documents/ITHILDIN_evaluation/reference/reference_finalselection/aedes_urca_f_l_f863df3a39a0.png,Full Skeleton,1011,left,Aedes_aegypti,0.98,845,117,88,57,53,117,202,306,467,745,567,565,513,509,516,367,358,105,78,107,152,185,223,256,283,317,208,199,170,170,141,125,105,203,aedes_urca_f_l_f863df3a39a0.png,aedes_urca_f_l_f863df3a39a0.tif,Aedes_aegypti
,/Users/kristophernolte/Documents/ITHILDIN_evaluation/reference/reference_finalselection/aedes_urca_f_l_f8810262430e.png,Repaired,942,left,Aedes_aegypti,0.96,781,118,85,60,58,116,192,299,443,693,546,537,492,476,492,367,331,121,74,104,139,180,218,258,289,318,215,207,177,177,148,133,115,209,aedes_urca_f_l_f8810262430e.png,aedes_urca_f_l_f8810262430e.tif,Aedes_aegypti
,/Users/kristophernolte/Documents/ITHILDIN_evaluation/reference/reference_finalselection/aedes_urca_f_r_31f4c402b4ed.png,Full Skeleton,953,right,Aedes_aegypti,0.98,740,67,28,0,0,65,145,245,392,641,493,483,435,435,444,305,283,104,72,98,141,174,217,254,280,314,202,198,167,167,146,124,109,200,aedes_urca_f_r_31f4c402b4ed.png,aedes_urca_f_r_31f4c402b4ed.tif,Aedes_aegypti
,/Users/kristophernolte/Documents/ITHILDIN_evaluation/reference/reference_finalselection/aedes_urca_f_r_7df68299362d.png,Full Skeleton,1023,right,Aedes_aegypti,0.68,765,60,16,0,2,58,139,258,405,688,530,528,472,472,477,305,316,105,82,117,161,201,238,275,298,331,212,208,180,182,152,131,115,210,aedes_urca_f_r_7df68299362d.png,aedes_urca_f_r_7df68299362d.tif,Aedes_aegypti
,/Users/kristophernolte/Documents/ITHILDIN_evaluation/reference/reference_finalselection/aedes_urca_f_r_a174ab23cb73.png,Repaired,976,left,Aedes_albopictus,0.99,776,87,51,29,37,85,142,242,395,667,534,536,490,478,490,313,315,98,74,100,137,175,211,237,269,296,201,189,159,159,137,116,102,187,aedes_urca_f_r_a174ab23cb73.png,aedes_urca_f_r_a174ab23cb73.tif,Aedes_albopictus
,/Users/kristophernolte/Documents/ITHILDIN_evaluation/reference/reference_finalselection/aedes_vietnam-mosquito-collection-2022_f_l_a9082a0b7e49.png,Full Skeleton,860,left,Aedes_aegypti,0.99,710,107,70,52,54,109,184,269,391,625,498,495,457,454,461,303,302,89,84,113,146,176,207,234,253,282,178,169,146,144,123,108,99,183,aedes_vietnam-mosquito-collection-2022_f_l_a9082a0b7e49.png,aedes_vietnam-mosquito-collection-2022_f_l_a9082a0b7e49.tif,Aedes_aegypti
,/Users/kristophernolte/Documents/ITHILDIN_evaluation/reference/reference_finalselection/aedes_vietnam-mosquito-collection-2022_f_r_01c392fd3cfd.png,Repaired,1024,right,Aedes_albopictus,0.62,776,51,27,2,0,55,148,253,390,691,545,527,479,461,483,321,306,111,80,103,136,176,218,251,278,311,207,196,167,167,145,120,107,200,aedes_vietnam-mosquito-collection-2022_f_r_01c392fd3cfd.png,aedes_vietnam-mosquito-collection-2022_f_r_01c392fd3cfd.tif,Aedes_albopictus
,/Users/kristophernolte/Documents/ITHILDIN_evaluation/reference/reference_finalselection/aedes_vietnam-mosquito-collection-2022_f_r_875f31bb54b8.png,Repaired,943,right,Aedes_albopictus,0.98,712,51,25,0,2,55,135,229,358,634,508,499,438,428,450,301,280,104,83,102,139,177,210,241,261,290,186,180,155,159,135,120,110,188,aedes_vietnam-mosquito-collection-2022_f_r_875f31bb54b8.png,aedes_vietnam-mosquito-collection-2022_f_r_875f31bb54b8.tif,Aedes_albopictus
,/Users/kristophernolte/Documents/ITHILDIN_evaluation/reference/reference_finalselection/aedes_vietnam-mosquito-collection-2022_f_r_93fb7c4223c6.png,Repaired,841,right,Aedes_albopictus,0.95,641,51,25,0,4,43,111,208,326,570,439,422,392,379,399,263,255,89,84,103,132,168,202,226,247,273,172,168,144,146,127,106,104,176,aedes_vietnam-mosquito-collection-2022_f_r_93fb7c4223c6.png,aedes_vietnam-mosquito-collection-2022_f_r_93fb7c4223c6.tif,Aedes_albopictus
,/Users/kristophernolte/Documents/ITHILDIN_evaluation/reference/reference_finalselection/aedes_vietnam-mosquito-collection-2022_f_r_b2820d51afb0.png,Full Skeleton,939,right,Aedes_aegypti,0.99,717,61,25,0,3,56,137,235,364,632,485,482,441,437,455,295,295,98,82,111,148,181,219,250,271,298,188,190,158,156,138,115,104,192,aedes_vietnam-mosquito-collection-2022_f_r_b2820d51afb0.png,aedes_vietnam-mosquito-collection-2022_f_r_b2820d51afb0.tif,Aedes_aegypti
,/Users/kristophernolte/Documents/ITHILDIN_evaluation/reference/reference_finalselection/aedes_vietnam-mosquito-collection-2022_f_r_b466326194f1.png,Repaired,967,right,Aedes_aegypti,0.93,727,64,24,0,5,52,129,232,356,643,510,504,472,435,465,283,287,63,84,114,155,191,219,249,266,294,176,176,150,150,133,110,103,187,aedes_vietnam-mosquito-collection-2022_f_r_b466326194f1.png,aedes_vietnam-mosquito-collection-2022_f_r_b466326194f1.tif,Aedes_albopictus
,/Users/kristophernolte/Documents/ITHILDIN_evaluation/reference/reference_finalselection/aedes_vietnam-mosquito-collection-2022_f_r_d02f1953ac10.png,Repaired,979,right,Aedes_albopictus,0.96,749,41,19,2,0,55,135,244,377,650,506,500,462,441,456,303,284,86,95,116,156,184,225,252,271,299,184,182,156,156,136,119,108,197,aedes_vietnam-mosquito-collection-2022_f_r_d02f1953ac10.png,aedes_vietnam-mosquito-collection-2022_f_r_d02f1953ac10.tif,Aedes_albopictus
,/Users/kristophernolte/Documents/ITHILDIN_evaluation/reference/reference_finalselection/aedes_vietnam-mosquito-collection-2023_f_r_50a94fe6da7f.png,Repaired,801,right,Aedes_albopictus,0.94,606,37,24,0,7,57,116,201,321,533,427,415,366,362,381,238,244,79,74,96,134,164,200,224,245,273,167,164,142,145,124,104,98,173,aedes_vietnam-mosquito-collection-2023_f_r_50a94fe6da7f.png,aedes_vietnam-mosquito-collection-2023_f_r_50a94fe6da7f.tif,Aedes_albopictus
,/Users/kristophernolte/Documents/ITHILDIN_evaluation/reference/reference_finalselection/aedes_vietnam-mosquito-collection-2023_f_r_6686574884ce.png,Repaired,993,right,Aedes_albopictus,0.86,755,61,25,0,0,53,126,244,385,665,515,513,452,438,470,320,299,99,83,109,152,187,225,258,288,319,199,195,170,168,146,122,111,203,aedes_vietnam-mosquito-collection-2023_f_r_6686574884ce.png,aedes_vietnam-mosquito-collection-2023_f_r_6686574884ce.tif,Aedes_aegypti
,/Users/kristophernolte/Documents/ITHILDIN_evaluation/reference/reference_finalselection/aedes_vietnam-mosquito-collection-2023_f_r_6e8a8b17e858.png,Full Skeleton,986,right,Aedes_albopictus,0.85,740,50,21,0,8,62,132,235,369,659,525,525,457,445,476,324,309,90,88,113,154,189,228,255,278,304,187,183,156,160,144,121,109,193,aedes_vietnam-mosquito-collection-2023_f_r_6e8a8b17e858.png,aedes_vietnam-mosquito-collection-2023_f_r_6e8a8b17e858.tif,Aedes_albopictus
,/Users/kristophernolte/Documents/ITHILDIN_evaluation/reference/reference_finalselection/aedes_vietnam-mosquito-collection-2023_f_r_c91e69dc00ae.png,Repaired,978,right,Aedes_aegypti,0.95,731,61,25,0,2,59,139,244,385,655,526,523,467,446,462,314,296,108,74,101,142,185,224,251,271,305,203,190,164,164,140,123,112,196,aedes_vietnam-mosquito-collection-2023_f_r_c91e69dc00ae.png,aedes_vietnam-mosquito-collection-2023_f_r_c91e69dc00ae.tif,Aedes_albopictus
,/Users/kristophernolte/Documents/ITHILDIN_evaluation/reference/reference_finalselection/anopheles_ai-data-collection-23_f_l_10bb54efdf5c.png,Repaired,1278,left,Anopheles_stephensi,0.98,891,133,72,54,78,140,238,354,519,856,768,786,724,740,746,424,448,84,84,139,189,235,272,318,351,388,220,209,180,187,154,125,119,235,anopheles_ai-data-collection-23_f_l_10bb54efdf5c.png,anopheles_ai-data-collection-23_f_l_10bb54efdf5c.tif,Anopheles_stephensi
,/Users/kristophernolte/Documents/ITHILDIN_evaluation/reference/reference_finalselection/anopheles_ai-data-collection-23_f_l_2bd3bebca35e.png,Repaired,1153,right,Anopheles_stephensi,0.99,809,67,18,0,20,76,167,285,446,753,635,617,553,550,640,345,374,98,98,135,178,225,262,307,338,376,216,218,187,196,160,131,131,229,anopheles_ai-data-collection-23_f_l_2bd3bebca35e.png,anopheles_ai-data-collection-23_f_l_2bd3bebca35e.tif,Anopheles_stephensi
,/Users/kristophernolte/Documents/ITHILDIN_evaluation/reference/reference_finalselection/anopheles_ai-data-collection-23_f_l_3e9c7a34f0d5.png,Repaired,1178,left,Anopheles_stephensi,0.98,789,127,76,53,67,123,220,335,500,814,744,698,676,676,687,398,411,79,90,132,175,226,257,300,329,361,206,189,166,168,143,113,115,226,anopheles_ai-data-collection-23_f_l_3e9c7a34f0d5.png,anopheles_ai-data-collection-23_f_l_3e9c7a34f0d5.tif,Anopheles_stephensi
,/Users/kristophernolte/Documents/ITHILDIN_evaluation/reference/reference_finalselection/anopheles_ai-data-collection-23_f_l_525553447749.png,Repaired,1250,left,Anopheles_stephensi,0.98,904,107,72,48,74,139,228,365,512,848,782,780,640,631,727,424,449,99,108,143,189,238,278,313,350,387,227,215,185,196,164,131,122,231,anopheles_ai-data-collection-23_f_l_525553447749.png,anopheles_ai-data-collection-23_f_l_525553447749.tif,Anopheles_stephensi
,/Users/kristophernolte/Documents/ITHILDIN_evaluation/reference/reference_finalselection/anopheles_ai-data-collection-23_f_l_52f213be29bb.png,Repaired,1312,right,Anopheles_stephensi,0.96,905,85,22,0,17,71,173,307,482,815,713,725,693,676,703,389,389,117,91,142,195,234,275,324,365,407,246,234,200,205,176,147,132,251,anopheles_ai-data-collection-23_f_l_52f213be29bb.png,anopheles_ai-data-collection-23_f_l_52f213be29bb.tif,Anopheles_stephensi
,/Users/kristophernolte/Documents/ITHILDIN_evaluation/reference/reference_finalselection/anopheles_ai-data-collection-23_f_l_58e920a3f20b.png,Repaired,1314,left,Anopheles_stephensi,0.96,916,110,72,51,63,124,222,356,525,895,766,757,729,733,759,454,478,103,93,128,168,227,267,321,365,407,234,227,196,199,164,131,121,236,anopheles_ai-data-collection-23_f_l_58e920a3f20b.png,anopheles_ai-data-collection-23_f_l_58e920a3f20b.tif,Anopheles_stephensi
,/Users/kristophernolte/Documents/ITHILDIN_evaluation/reference/reference_finalselection/anopheles_ai-data-collection-23_f_l_661d083772bd.png,Repaired,1262,right,Anopheles_stephensi,0.97,849,48,15,0,22,73,185,318,480,785,712,720,583,664,682,368,400,88,103,143,184,236,272,322,352,384,238,206,178,195,156,128,124,234,anopheles_ai-data-collection-23_f_l_661d083772bd.png,anopheles_ai-data-collection-23_f_l_661d083772bd.tif,Anopheles_stephensi
,/Users/kristophernolte/Documents/ITHILDIN_evaluation/reference/reference_finalselection/anopheles_ai-data-collection-23_f_l_b0fe2eacd984.png,Repaired,1305,left,Anopheles_stephensi,0.97,965,166,114,89,106,181,278,400,574,940,803,805,783,768,786,470,492,93,85,128,172,225,272,317,351,391,217,215,185,187,157,125,115,235,anopheles_ai-data-collection-23_f_l_b0fe2eacd984.png,anopheles_ai-data-collection-23_f_l_b0fe2eacd984.tif,Anopheles_stephensi
,/Users/kristophernolte/Documents/ITHILDIN_evaluation/reference/reference_finalselection/anopheles_ai-data-collection-23_f_l_b73379977654.png,Repaired,1411,left,Anopheles_stephensi,0.98,1026,135,91,60,72,149,251,384,574,937,852,847,789,789,804,459,488,111,96,135,188,241,292,340,376,415,239,224,195,195,169,140,130,251,anopheles_ai-data-collection-23_f_l_b73379977654.png,anopheles_ai-data-collection-23_f_l_b73379977654.tif,Anopheles_stephensi
,/Users/kristophernolte/Documents/ITHILDIN_evaluation/reference/reference_finalselection/anopheles_ai-data-collection-23_f_l_bc358c15ba78.png,Repaired,1323,left,Anopheles_stephensi,0.98,867,89,64,41,61,130,240,357,532,883,805,793,752,736,752,445,465,78,107,139,192,234,275,321,355,392,222,206,174,178,146,117,117,227,anopheles_ai-data-collection-23_f_l_bc358c15ba78.png,anopheles_ai-data-collection-23_f_l_bc358c15ba78.tif,Anopheles_stephensi
,/Users/kristophernolte/Documents/ITHILDIN_evaluation/reference/reference_finalselection/anopheles_ai-data-collection-23_f_l_c7d378df2f71.png,Repaired,1540,left,Anopheles_stephensi,0.99,1079,157,103,72,93,169,281,433,627,1048,945,921,885,885,909,521,545,115,109,157,215,275,324,375,418,472,272,254,224,227,194,157,145,281,anopheles_ai-data-collection-23_f_l_c7d378df2f71.png,anopheles_ai-data-collection-23_f_l_c7d378df2f71.tif,Anopheles_stephensi
,/Users/kristophernolte/Documents/ITHILDIN_evaluation/reference/reference_finalselection/anopheles_ai-data-collection-23_f_r_163a81bfdcf0.png,Repaired,1355,left,Anopheles_stephensi,0.97,950,108,72,52,60,125,221,358,526,894,808,808,748,743,762,423,447,102,99,135,181,234,280,330,366,405,229,217,188,196,167,133,126,244,anopheles_ai-data-collection-23_f_r_163a81bfdcf0.png,anopheles_ai-data-collection-23_f_r_163a81bfdcf0.tif,Anopheles_stephensi
,/Users/kristophernolte/Documents/ITHILDIN_evaluation/reference/reference_finalselection/anopheles_ai-data-collection-23_f_r_263c1a37c25f.png,Repaired,1261,left,Anopheles_stephensi,0.95,911,114,81,59,72,131,237,357,522,860,748,748,720,713,722,406,461,85,90,127,175,217,252,300,331,371,206,197,166,171,142,118,112,215,anopheles_ai-data-collection-23_f_r_263c1a37c25f.png,anopheles_ai-data-collection-23_f_r_263c1a37c25f.tif,Anopheles_stephensi
,/Users/kristophernolte/Documents/ITHILDIN_evaluation/reference/reference_finalselection/anopheles_ai-data-collection-23_f_r_7498a50784b1.png,Repaired,1320,right,Anopheles_stephensi,0.99,915,56,31,0,24,95,190,316,491,830,737,740,672,676,708,377,401,101,96,130,176,225,271,312,354,397,234,220,188,193,159,132,120,239,anopheles_ai-data-collection-23_f_r_7498a50784b1.png,anopheles_ai-data-collection-23_f_r_7498a50784b1.tif,Anopheles_stephensi
,/Users/kristophernolte/Documents/ITHILDIN_evaluation/reference/reference_finalselection/anopheles_ai-data-collection-23_f_r_897679443f48.png,Repaired,1335,left,Anopheles_stephensi,0.97,913,157,88,59,81,141,248,413,578,951,829,820,669,767,791,470,504,82,87,149,202,249,297,345,374,412,228,216,185,206,156,127,127,242,anopheles_ai-data-collection-23_f_r_897679443f48.png,anopheles_ai-data-collection-23_f_r_897679443f48.tif,Anopheles_stephensi
,/Users/kristophernolte/Documents/ITHILDIN_evaluation/reference/reference_finalselection/anopheles_ai-data-collection-23_f_r_c9421cfa4e96.png,Repaired,1237,left,Anopheles_stephensi,0.98,909,137,82,57,66,133,222,338,502,820,756,747,689,687,709,420,438,105,87,132,179,230,270,312,348,385,227,212,183,187,161,132,118,230,anopheles_ai-data-collection-23_f_r_c9421cfa4e96.png,anopheles_ai-data-collection-23_f_r_c9421cfa4e96.tif,Anopheles_stephensi
,/Users/kristophernolte/Documents/ITHILDIN_evaluation/reference/reference_finalselection/anopheles_ai-data-collection-23_f_r_f079ecf935d6.png,Repaired,1364,left,Anopheles_stephensi,0.99,1010,140,81,61,81,125,253,375,555,895,828,805,767,749,767,450,460,109,89,145,194,242,281,340,383,427,250,237,204,207,176,143,130,260,anopheles_ai-data-collection-23_f_r_f079ecf935d6.png,anopheles_ai-data-collection-23_f_r_f079ecf935d6.tif,Anopheles_stephensi
,/Users/kristophernolte/Documents/ITHILDIN_evaluation/reference/reference_finalselection/anopheles_ai-data-collection-23_f_x_1c54f56b67fc.png,Repaired,1246,left,Anopheles_coustani-group,0.99,933,137,66,38,40,91,203,320,529,875,710,704,638,631,654,414,384,106,66,109,150,193,231,277,315,356,216,208,175,183,150,119,109,223,anopheles_ai-data-collection-23_f_x_1c54f56b67fc.png,anopheles_ai-data-collection-23_f_x_1c54f56b67fc.tif,Anopheles_coustani-group
,/Users/kristophernolte/Documents/ITHILDIN_evaluation/reference/reference_finalselection/anopheles_ai-data-collection-23_f_x_307ba507dbf0.png,Repaired,1317,right,Anopheles_coustani-group,0.98,925,31,18,0,5,73,159,277,491,878,700,690,661,622,653,431,389,96,104,130,177,222,253,287,321,349,206,211,174,180,154,120,114,224,anopheles_ai-data-collection-23_f_x_307ba507dbf0.png,anopheles_ai-data-collection-23_f_x_307ba507dbf0.tif,Anopheles_coustani-group
,/Users/kristophernolte/Documents/ITHILDIN_evaluation/reference/reference_finalselection/anopheles_ai-data-collection-23_f_x_32169d0b667f.png,Repaired,1685,right,Anopheles_paludis,0.97,1148,80,13,0,10,96,206,382,682,1125,902,889,849,835,862,556,579,103,123,176,226,283,332,379,412,452,256,253,206,213,173,136,133,263,anopheles_ai-data-collection-23_f_x_32169d0b667f.png,anopheles_ai-data-collection-23_f_x_32169d0b667f.tif,Anopheles_paludis
,/Users/kristophernolte/Documents/ITHILDIN_evaluation/reference/reference_finalselection/anopheles_ai-data-collection-23_f_x_32364158d73c.png,Repaired,1566,left,Anopheles_paludis,0.97,1126,117,68,43,52,123,241,411,662,1098,888,876,820,807,826,569,569,117,95,139,185,241,290,340,393,442,256,250,210,216,176,148,130,260,anopheles_ai-data-collection-23_f_x_32364158d73c.png,anopheles_ai-data-collection-23_f_x_32364158d73c.tif,Anopheles_paludis
,/Users/kristophernolte/Documents/ITHILDIN_evaluation/reference/reference_finalselection/anopheles_ai-data-collection-23_f_x_32a150a19ff1.png,Repaired,1736,left,Anopheles_paludis,0.98,1259,142,86,52,62,163,277,433,718,1214,975,968,936,930,957,593,641,128,124,176,232,284,336,381,430,489,277,267,235,232,194,163,142,288,anopheles_ai-data-collection-23_f_x_32a150a19ff1.png,anopheles_ai-data-collection-23_f_x_32a150a19ff1.tif,Anopheles_paludis
,/Users/kristophernolte/Documents/ITHILDIN_evaluation/reference/reference_finalselection/anopheles_ai-data-collection-23_f_x_4964ac4bc505.png,Repaired,1513,right,Anopheles_coustani-group,0.97,1048,87,28,0,19,100,234,368,602,1057,817,805,767,749,783,465,452,116,92,138,194,238,285,335,372,419,238,238,201,204,173,138,123,257,anopheles_ai-data-collection-23_f_x_4964ac4bc505.png,anopheles_ai-data-collection-23_f_x_4964ac4bc505.tif,Anopheles_coustani-group
,/Users/kristophernolte/Documents/ITHILDIN_evaluation/reference/reference_finalselection/anopheles_ai-data-collection-23_f_x_5e8b55d4199c.png,Repaired,1234,right,Anopheles_coustani-group,0.98,884,36,12,0,17,63,167,285,494,825,663,651,588,583,612,409,375,94,96,130,162,205,232,271,307,341,203,198,169,171,142,116,104,213,anopheles_ai-data-collection-23_f_x_5e8b55d4199c.png,anopheles_ai-data-collection-23_f_x_5e8b55d4199c.tif,Anopheles_coustani-group
,/Users/kristophernolte/Documents/ITHILDIN_evaluation/reference/reference_finalselection/anopheles_ai-data-collection-23_f_x_6d1a9203b3c1.png,Repaired,1072,left,Anopheles_coustani-group,0.99,808,129,94,66,70,121,198,301,482,782,643,634,605,590,619,396,383,103,70,101,141,176,211,255,290,321,196,191,167,169,145,121,105,204,anopheles_ai-data-collection-23_f_x_6d1a9203b3c1.png,anopheles_ai-data-collection-23_f_x_6d1a9203b3c1.tif,Anopheles_coustani-group
,/Users/kristophernolte/Documents/ITHILDIN_evaluation/reference/reference_finalselection/anopheles_ai-data-collection-23_f_x_7671e69f17fb.png,Repaired,1203,right,Anopheles_coustani-group,0.98,863,85,22,0,15,65,165,291,471,812,659,642,597,589,602,401,386,109,74,116,156,199,237,279,312,347,222,206,179,181,159,131,114,219,anopheles_ai-data-collection-23_f_x_7671e69f17fb.png,anopheles_ai-data-collection-23_f_x_7671e69f17fb.tif,Anopheles_coustani-group
,/Users/kristophernolte/Documents/ITHILDIN_evaluation/reference/reference_finalselection/anopheles_ai-data-collection-23_f_x_79020365fcc3.png,Repaired,1576,left,Anopheles_paludis,0.98,1136,122,65,46,53,112,228,391,648,1099,877,873,826,804,848,532,557,115,103,153,194,247,294,344,394,447,259,259,209,216,184,150,137,266,anopheles_ai-data-collection-23_f_x_79020365fcc3.png,anopheles_ai-data-collection-23_f_x_79020365fcc3.tif,Anopheles_paludis
,/Users/kristophernolte/Documents/ITHILDIN_evaluation/reference/reference_finalselection/anopheles_ai-data-collection-23_f_x_8175d9b1c44d.png,Repaired,1327,right,Anopheles_coustani-group,0.98,934,90,21,0,5,42,174,324,529,884,703,692,661,650,671,366,411,89,65,128,168,221,249,294,328,363,205,202,176,178,149,121,113,223,anopheles_ai-data-collection-23_f_x_8175d9b1c44d.png,anopheles_ai-data-collection-23_f_x_8175d9b1c44d.tif,Anopheles_coustani-group
,/Users/kristophernolte/Documents/ITHILDIN_evaluation/reference/reference_finalselection/anopheles_ai-data-collection-23_f_x_8783c54dc45f.png,Repaired,1521,right,Anopheles_coustani-group,0.95,1095,63,18,0,21,87,176,331,606,1017,809,800,737,716,746,454,430,107,92,134,187,235,277,322,363,408,232,235,199,202,169,134,122,253,anopheles_ai-data-collection-23_f_x_8783c54dc45f.png,anopheles_ai-data-collection-23_f_x_8783c54dc45f.tif,Anopheles_coustani-group
,/Users/kristophernolte/Documents/ITHILDIN_evaluation/reference/reference_finalselection/anopheles_ai-data-collection-23_f_x_94d27a6eb1d3.png,Repaired,1542,right,Anopheles_paludis,0.94,1023,68,21,0,21,74,175,329,607,1047,819,813,792,770,779,505,527,97,103,149,195,241,288,331,377,439,244,238,204,201,167,134,124,248,anopheles_ai-data-collection-23_f_x_94d27a6eb1d3.png,anopheles_ai-data-collection-23_f_x_94d27a6eb1d3.tif,Anopheles_paludis
,/Users/kristophernolte/Documents/ITHILDIN_evaluation/reference/reference_finalselection/anopheles_ai-data-collection-23_f_x_9522cb6460d8.png,Repaired,1136,right,Anopheles_coustani-group,0.94,815,94,33,0,10,62,156,261,453,760,625,613,577,559,575,382,353,93,61,98,146,185,217,253,283,317,192,187,157,162,137,112,98,196,anopheles_ai-data-collection-23_f_x_9522cb6460d8.png,anopheles_ai-data-collection-23_f_x_9522cb6460d8.tif,Anopheles_coustani-group
,/Users/kristophernolte/Documents/ITHILDIN_evaluation/reference/reference_finalselection/anopheles_ai-data-collection-23_f_x_a0ead6e3b3f6.png,Repaired,1187,left,Anopheles_coustani-group,0.97,878,103,54,30,47,101,203,321,515,824,680,668,633,602,640,415,413,90,67,105,145,187,223,263,298,327,190,187,161,159,135,114,98,197,anopheles_ai-data-collection-23_f_x_a0ead6e3b3f6.png,anopheles_ai-data-collection-23_f_x_a0ead6e3b3f6.tif,Anopheles_coustani-group
,/Users/kristophernolte/Documents/ITHILDIN_evaluation/reference/reference_finalselection/anopheles_ai-data-collection-23_f_x_a9f2a2a06bbb.png,Repaired,1322,right,Anopheles_coustani-group,0.97,944,38,21,0,21,81,181,297,531,893,704,693,642,629,639,407,399,83,118,143,197,237,277,313,342,372,207,205,175,180,148,121,113,232,anopheles_ai-data-collection-23_f_x_a9f2a2a06bbb.png,anopheles_ai-data-collection-23_f_x_a9f2a2a06bbb.tif,Anopheles_coustani-group
,/Users/kristophernolte/Documents/ITHILDIN_evaluation/reference/reference_finalselection/anopheles_ai-data-collection-23_f_x_bc037cddfb00.png,Repaired,1337,right,Anopheles_coustani-group,0.99,953,44,26,0,18,81,197,344,537,905,713,708,676,647,676,416,413,97,94,123,171,215,252,297,329,363,205,205,179,181,155,123,110,223,anopheles_ai-data-collection-23_f_x_bc037cddfb00.png,anopheles_ai-data-collection-23_f_x_bc037cddfb00.tif,Anopheles_coustani-group
,/Users/kristophernolte/Documents/ITHILDIN_evaluation/reference/reference_finalselection/anopheles_ai-data-collection-23_f_x_c4bc73b858b5.png,Repaired,1304,left,Anopheles_coustani-group,0.99,918,89,44,29,47,99,186,316,552,908,734,729,689,669,669,428,408,84,82,119,161,204,246,278,318,360,201,196,166,166,136,116,99,216,anopheles_ai-data-collection-23_f_x_c4bc73b858b5.png,anopheles_ai-data-collection-23_f_x_c4bc73b858b5.tif,Anopheles_coustani-group
,/Users/kristophernolte/Documents/ITHILDIN_evaluation/reference/reference_finalselection/anopheles_ai-data-collection-23_f_x_c61bf1c96ec3.png,Repaired,1243,right,Anopheles_coustani-group,0.96,859,32,20,0,15,63,176,304,502,833,668,655,617,605,627,379,364,102,105,130,175,218,256,298,328,364,218,210,183,185,153,123,118,236,anopheles_ai-data-collection-23_f_x_c61bf1c96ec3.png,anopheles_ai-data-collection-23_f_x_c61bf1c96ec3.tif,Anopheles_coustani-group
,/Users/kristophernolte/Documents/ITHILDIN_evaluation/reference/reference_finalselection/anopheles_ai-data-collection-23_f_x_c80c318c0642.png,Repaired,1225,right,Anopheles_coustani-group,0.98,855,41,25,0,17,64,163,276,455,827,668,655,599,591,617,409,368,101,96,119,165,201,234,277,308,352,211,198,167,170,144,121,106,213,anopheles_ai-data-collection-23_f_x_c80c318c0642.png,anopheles_ai-data-collection-23_f_x_c80c318c0642.tif,Anopheles_coustani-group
,/Users/kristophernolte/Documents/ITHILDIN_evaluation/reference/reference_finalselection/anopheles_ai-data-collection-23_f_x_dc5a0ebe494f.png,Repaired,1235,right,Anopheles_coustani-group,0.97,854,52,10,0,10,52,133,261,455,805,667,652,613,588,623,372,354,93,88,125,159,206,238,278,314,354,204,199,172,174,145,120,108,221,anopheles_ai-data-collection-23_f_x_dc5a0ebe494f.png,anopheles_ai-data-collection-23_f_x_dc5a0ebe494f.tif,Anopheles_coustani-group
,/Users/kristophernolte/Documents/ITHILDIN_evaluation/reference/reference_finalselection/anopheles_ai-data-collection-23_f_x_dc98273af743.png,Repaired,1265,left,Anopheles_coustani-group,0.97,923,107,53,28,51,107,209,323,535,897,706,706,665,650,663,425,410,94,71,107,153,196,234,280,316,357,209,209,173,178,153,114,99,219,anopheles_ai-data-collection-23_f_x_dc98273af743.png,anopheles_ai-data-collection-23_f_x_dc98273af743.tif,Anopheles_coustani-group
,/Users/kristophernolte/Documents/ITHILDIN_evaluation/reference/reference_finalselection/anopheles_ai-data-collection-23_f_x_dfc1565f059c.png,Repaired,1322,left,Anopheles_coustani-group,0.98,953,59,41,31,46,77,194,330,535,912,730,727,678,662,673,436,428,103,96,122,158,202,239,283,319,358,220,207,174,179,153,127,103,220,anopheles_ai-data-collection-23_f_x_dfc1565f059c.png,anopheles_ai-data-collection-23_f_x_dfc1565f059c.tif,Anopheles_coustani-group
,/Users/kristophernolte/Documents/ITHILDIN_evaluation/reference/reference_finalselection/anopheles_ai-data-collection-23_f_x_ec0e3f9bca32.png,Repaired,1529,right,Anopheles_coustani-group,0.98,1128,33,21,0,12,87,216,339,615,999,816,789,735,723,753,465,438,106,118,142,193,232,274,322,355,400,256,226,193,196,169,133,124,250,anopheles_ai-data-collection-23_f_x_ec0e3f9bca32.png,anopheles_ai-data-collection-23_f_x_ec0e3f9bca32.tif,Anopheles_coustani-group
,/Users/kristophernolte/Documents/ITHILDIN_evaluation/reference/reference_finalselection/anopheles_ai-data-collection-23_f_x_f66e71e97d27.png,Repaired,1288,left,Anopheles_coustani-group,0.99,950,74,53,33,48,107,215,322,532,896,729,714,647,658,683,443,402,97,97,122,161,204,238,281,317,361,204,204,171,176,148,120,110,222,anopheles_ai-data-collection-23_f_x_f66e71e97d27.png,anopheles_ai-data-collection-23_f_x_f66e71e97d27.tif,Anopheles_coustani-group
,/Users/kristophernolte/Documents/ITHILDIN_evaluation/reference/reference_finalselection/anopheles_ai-data-collection-24_f_l_054ff3db4678.png,Repaired,1633,left,Anopheles_claviger-petragnani-pair,0.97,1194,120,80,49,55,129,237,394,640,1108,911,908,874,865,896,569,505,117,120,157,203,261,301,344,394,452,258,252,212,215,181,147,135,271,anopheles_ai-data-collection-24_f_l_054ff3db4678.png,anopheles_ai-data-collection-24_f_l_054ff3db4678.tif,Anopheles_claviger-petragnani-pair
,/Users/kristophernolte/Documents/ITHILDIN_evaluation/reference/reference_finalselection/anopheles_ai-data-collection-24_f_l_2f93ff21ca32.png,Repaired,1792,right,Anopheles_claviger-petragnani-pair,0.94,1286,54,37,0,14,85,199,368,635,1154,935,935,888,881,911,577,486,133,136,177,221,275,328,379,433,487,285,268,231,231,197,163,140,298,anopheles_ai-data-collection-24_f_l_2f93ff21ca32.png,anopheles_ai-data-collection-24_f_l_2f93ff21ca32.tif,Anopheles_claviger-petragnani-pair
,/Users/kristophernolte/Documents/ITHILDIN_evaluation/reference/reference_finalselection/anopheles_ai-data-collection-24_f_l_488aa0e43d55.png,Repaired,1564,right,Culex_pipiens s.l.-torrentium-pair,0.83,1095,55,23,0,23,76,166,331,575,1023,816,808,784,779,811,482,445,114,137,172,222,268,297,338,393,445,257,248,210,210,178,140,129,265,anopheles_ai-data-collection-24_f_l_488aa0e43d55.png,anopheles_ai-data-collection-24_f_l_488aa0e43d55.tif,Anopheles_claviger-petragnani-pair
,/Users/kristophernolte/Documents/ITHILDIN_evaluation/reference/reference_finalselection/anopheles_ai-data-collection-24_f_l_b5c47179096f.png,Repaired,1826,left,Anopheles_claviger-petragnani-pair,0.97,1348,103,58,37,51,116,237,406,691,1193,970,970,949,946,973,633,543,151,141,185,233,289,337,402,461,529,316,295,261,258,220,178,154,320,anopheles_ai-data-collection-24_f_l_b5c47179096f.png,anopheles_ai-data-collection-24_f_l_b5c47179096f.tif,Anopheles_claviger-petragnani-pair
,/Users/kristophernolte/Documents/ITHILDIN_evaluation/reference/reference_finalselection/anopheles_ai-data-collection-24_f_l_be32bf4a9749.png,Repaired,1797,right,Anopheles_claviger-petragnani-pair,0.98,1251,57,25,0,18,75,213,394,684,1170,929,929,907,897,943,557,479,120,124,155,209,269,315,379,425,478,276,272,237,237,198,159,141,301,anopheles_ai-data-collection-24_f_l_be32bf4a9749.png,anopheles_ai-data-collection-24_f_l_be32bf4a9749.tif,Anopheles_claviger-petragnani-pair
,/Users/kristophernolte/Documents/ITHILDIN_evaluation/reference/reference_finalselection/anopheles_ai-data-collection-24_f_l_e1ffc4110378.png,Repaired,1615,right,Anopheles_claviger-petragnani-pair,0.96,1118,52,20,0,12,73,189,329,591,1036,856,856,821,806,832,501,445,110,125,160,212,256,293,343,390,436,250,238,203,206,174,142,125,264,anopheles_ai-data-collection-24_f_l_e1ffc4110378.png,anopheles_ai-data-collection-24_f_l_e1ffc4110378.tif,Anopheles_claviger-petragnani-pair
,/Users/kristophernolte/Documents/ITHILDIN_evaluation/reference/reference_finalselection/anopheles_ai-data-collection-24_f_l_f0d64645e875.png,Repaired,1568,left,Anopheles_claviger-petragnani-pair,0.99,1137,98,44,32,53,98,227,371,616,1071,850,847,817,817,841,535,493,97,106,151,196,238,270,315,357,402,226,220,190,187,157,130,112,244,anopheles_ai-data-collection-24_f_l_f0d64645e875.png,anopheles_ai-data-collection-24_f_l_f0d64645e875.tif,Anopheles_claviger-petragnani-pair
,/Users/kristophernolte/Documents/ITHILDIN_evaluation/reference/reference_finalselection/anopheles_ai-data-collection-24_f_r_2bbbff418ae3.png,Repaired,1826,left,Anopheles_claviger-petragnani-pair,0.88,1351,111,65,42,59,121,246,427,703,1206,982,982,949,949,973,617,539,133,146,195,241,297,346,402,461,524,297,287,248,251,208,169,146,323,anopheles_ai-data-collection-24_f_r_2bbbff418ae3.png,anopheles_ai-data-collection-24_f_r_2bbbff418ae3.tif,Anopheles_claviger-petragnani-pair
,/Users/kristophernolte/Documents/ITHILDIN_evaluation/reference/reference_finalselection/anopheles_ai-data-collection-24_f_r_4e141e2ac506.png,Repaired,1815,right,Anopheles_claviger-petragnani-pair,0.99,1229,30,10,0,10,76,198,380,674,1186,948,929,899,896,948,588,512,110,160,176,223,275,325,378,434,490,279,269,229,233,193,150,137,299,anopheles_ai-data-collection-24_f_r_4e141e2ac506.png,anopheles_ai-data-collection-24_f_r_4e141e2ac506.tif,Anopheles_claviger-petragnani-pair
,/Users/kristophernolte/Documents/ITHILDIN_evaluation/reference/reference_finalselection/anopheles_ai-data-collection-24_f_r_66e42a02c45e.png,Repaired,1953,left,Anopheles_claviger-petragnani-pair,0.98,1417,94,67,37,63,139,263,451,744,1312,1056,1049,1011,1004,1038,673,567,150,150,188,251,312,368,428,485,552,330,315,267,270,218,184,161,338,anopheles_ai-data-collection-24_f_r_66e42a02c45e.png,anopheles_ai-data-collection-24_f_r_66e42a02c45e.tif,Anopheles_claviger-petragnani-pair
,/Users/kristophernolte/Documents/ITHILDIN_evaluation/reference/reference_finalselection/anopheles_ai-data-collection-24_f_r_7c55c37ac67f.png,Repaired,1744,right,Anopheles_claviger-petragnani-pair,0.99,1281,71,20,0,13,90,195,371,620,1109,911,898,860,853,892,566,505,134,121,172,217,271,322,370,415,479,284,271,230,233,194,162,146,287,anopheles_ai-data-collection-24_f_r_7c55c37ac67f.png,anopheles_ai-data-collection-24_f_r_7c55c37ac67f.tif,Anopheles_claviger-petragnani-pair
,/Users/kristophernolte/Documents/ITHILDIN_evaluation/reference/reference_finalselection/anopheles_ai-data-collection-24_f_r_7dc9f14825c6.png,Repaired,1856,left,Anopheles_claviger-petragnani-pair,0.99,1319,130,79,43,50,126,238,426,719,1272,1016,1016,980,965,998,614,567,124,135,179,233,291,348,395,450,508,287,273,244,240,204,164,139,305,anopheles_ai-data-collection-24_f_r_7dc9f14825c6.png,anopheles_ai-data-collection-24_f_r_7dc9f14825c6.tif,Anopheles_claviger-petragnani-pair
,/Users/kristophernolte/Documents/ITHILDIN_evaluation/reference/reference_finalselection/anopheles_ai-data-collection-24_f_r_b0db7560496d.png,Repaired,1485,left,Anopheles_claviger-petragnani-pair,0.97,1068,73,52,33,49,101,184,351,560,998,816,800,776,766,803,483,418,144,129,160,200,240,280,320,369,428,274,252,215,215,190,160,132,261,anopheles_ai-data-collection-24_f_r_b0db7560496d.png,anopheles_ai-data-collection-24_f_r_b0db7560496d.tif,Anopheles_claviger-petragnani-pair
,/Users/kristophernolte/Documents/ITHILDIN_evaluation/reference/reference_finalselection/anopheles_ai-data-collection-24_f_r_b983d50a7598.png,Repaired,1983,left,Anopheles_claviger-petragnani-pair,0.98,1432,108,59,37,48,108,253,451,768,1320,1059,1048,1021,1014,1044,701,596,145,141,182,231,294,350,425,492,559,331,317,272,272,227,190,160,343,anopheles_ai-data-collection-24_f_r_b983d50a7598.png,anopheles_ai-data-collection-24_f_r_b983d50a7598.tif,Anopheles_claviger-petragnani-pair
,/Users/kristophernolte/Documents/ITHILDIN_evaluation/reference/reference_finalselection/anopheles_ai-data-collection-24_f_r_dd3b3df498b1.png,Repaired,1793,right,Anopheles_claviger-petragnani-pair,0.99,1255,67,14,0,21,95,200,386,649,1164,943,940,901,898,933,537,473,126,126,175,224,269,315,371,424,483,277,262,227,224,192,161,140,298,anopheles_ai-data-collection-24_f_r_dd3b3df498b1.png,anopheles_ai-data-collection-24_f_r_dd3b3df498b1.tif,Anopheles_claviger-petragnani-pair
,/Users/kristophernolte/Documents/ITHILDIN_evaluation/reference/reference_finalselection/anopheles_ai-data-collection-24_f_r_e741e5c5876c.png,Repaired,1725,right,Anopheles_claviger-petragnani-pair,0.99,1161,49,10,0,13,65,176,339,620,1122,900,900,861,845,897,506,450,110,130,169,215,267,309,362,414,472,267,257,218,221,182,143,133,287,anopheles_ai-data-collection-24_f_r_e741e5c5876c.png,anopheles_ai-data-collection-24_f_r_e741e5c5876c.tif,Anopheles_claviger-petragnani-pair
,/Users/kristophernolte/Documents/ITHILDIN_evaluation/reference/reference_finalselection/anopheles_ai-data-collection-25_f_l_48e3d2028832.png,Repaired,1281,right,Anopheles_stephensi,0.67,874,58,20,0,13,73,175,288,463,796,721,704,664,646,674,371,366,108,83,121,163,218,259,306,341,379,234,218,186,188,158,136,118,229,anopheles_ai-data-collection-25_f_l_48e3d2028832.png,anopheles_ai-data-collection-25_f_l_48e3d2028832.tif,Anopheles_stephensi
,/Users/kristophernolte/Documents/ITHILDIN_evaluation/reference/reference_finalselection/anopheles_ai-data-collection-25_f_l_ef5c3fccd8cf.png,Repaired,1209,right,Anopheles_stephensi,0.96,853,57,19,0,15,81,167,291,444,769,652,640,611,580,669,351,389,157,131,171,214,257,305,348,386,432,279,267,236,238,210,183,167,274,anopheles_ai-data-collection-25_f_l_ef5c3fccd8cf.png,anopheles_ai-data-collection-25_f_l_ef5c3fccd8cf.tif,Anopheles_stephensi
,/Users/kristophernolte/Documents/ITHILDIN_evaluation/reference/reference_finalselection/anopheles_ai-data-collection-25_f_l_f0d82f9a2333.png,Repaired,1247,left,Anopheles_stephensi,0.99,905,93,57,36,48,98,194,297,462,782,720,713,684,668,684,366,384,118,80,114,160,203,251,304,336,379,233,215,189,192,160,134,109,228,anopheles_ai-data-collection-25_f_l_f0d82f9a2333.png,anopheles_ai-data-collection-25_f_l_f0d82f9a2333.tif,Anopheles_stephensi
,/Users/kristophernolte/Documents/ITHILDIN_evaluation/reference/reference_finalselection/anopheles_ai-data-collection-25_f_r_3d1df101c1c8.png,Repaired,1231,right,Anopheles_stephensi,0.82,796,63,16,0,22,79,170,272,442,773,687,696,657,651,667,342,379,97,95,133,179,224,258,301,340,376,224,208,176,185,156,129,120,229,anopheles_ai-data-collection-25_f_r_3d1df101c1c8.png,anopheles_ai-data-collection-25_f_r_3d1df101c1c8.tif,Anopheles_stephensi
,/Users/kristophernolte/Documents/ITHILDIN_evaluation/reference/reference_finalselection/anopheles_ai-data-collection-25_f_r_51224e61a66e.png,Repaired,1343,right,Anopheles_stephensi,0.99,940,80,24,0,19,83,187,312,486,846,790,700,676,673,708,385,414,110,92,134,185,236,276,329,372,412,244,225,198,201,172,137,126,244,anopheles_ai-data-collection-25_f_r_51224e61a66e.png,anopheles_ai-data-collection-25_f_r_51224e61a66e.tif,Anopheles_stephensi
,/Users/kristophernolte/Documents/ITHILDIN_evaluation/reference/reference_finalselection/anopheles_bundeswehr-mosquito-collection_f_l_00575dc63ac4.png,Repaired,1453,left,Anopheles_paludis,0.42,1040,79,53,34,45,116,229,374,621,1003,825,802,762,748,740,496,530,235,272,306,348,399,436,476,507,553,365,360,326,334,300,272,263,382,anopheles_bundeswehr-mosquito-collection_f_l_00575dc63ac4.png,anopheles_bundeswehr-mosquito-collection_f_l_00575dc63ac4.tif,Anopheles_paludis
,/Users/kristophernolte/Documents/ITHILDIN_evaluation/reference/reference_finalselection/anopheles_bundeswehr-mosquito-collection_f_l_2442b1d9b0f9.png,Repaired,1032,left,Anopheles_moucheti,0.94,780,106,66,42,52,112,200,288,447,699,603,603,569,585,601,389,350,90,90,126,168,196,222,250,276,298,182,172,152,154,126,112,102,192,anopheles_bundeswehr-mosquito-collection_f_l_2442b1d9b0f9.png,anopheles_bundeswehr-mosquito-collection_f_l_2442b1d9b0f9.tif,Anopheles_moucheti
,/Users/kristophernolte/Documents/ITHILDIN_evaluation/reference/reference_finalselection/anopheles_bundeswehr-mosquito-collection_f_l_b2f84127a7ec.png,Repaired,1511,left,Anopheles_paludis,0.98,1065,87,54,30,51,123,234,372,612,1053,849,834,789,783,804,552,531,109,103,139,181,229,277,328,373,427,244,235,199,205,169,139,118,250,anopheles_bundeswehr-mosquito-collection_f_l_b2f84127a7ec.png,anopheles_bundeswehr-mosquito-collection_f_l_b2f84127a7ec.tif,Anopheles_paludis
,/Users/kristophernolte/Documents/ITHILDIN_evaluation/reference/reference_finalselection/anopheles_bundeswehr-mosquito-collection_f_l_d099302c98a7.png,Repaired,998,left,Anopheles_moucheti,0.95,773,120,85,65,87,118,212,301,433,707,612,603,504,601,601,374,347,84,82,117,146,192,217,252,277,307,186,175,151,164,126,106,96,193,anopheles_bundeswehr-mosquito-collection_f_l_d099302c98a7.png,anopheles_bundeswehr-mosquito-collection_f_l_d099302c98a7.tif,Anopheles_moucheti
,/Users/kristophernolte/Documents/ITHILDIN_evaluation/reference/reference_finalselection/anopheles_bundeswehr-mosquito-collection_f_l_e363009a0c11.png,Repaired,1577,left,Anopheles_paludis,0.94,1161,126,79,60,75,142,262,411,683,1110,882,882,857,835,847,566,582,121,112,166,226,267,308,362,409,463,261,261,213,216,178,143,134,270,anopheles_bundeswehr-mosquito-collection_f_l_e363009a0c11.png,anopheles_bundeswehr-mosquito-collection_f_l_e363009a0c11.tif,Anopheles_paludis
,/Users/kristophernolte/Documents/ITHILDIN_evaluation/reference/reference_finalselection/anopheles_bundeswehr-mosquito-collection_f_l_e5db23097795.png,Repaired,1581,left,Anopheles_paludis,0.99,1138,136,71,49,68,136,222,364,637,1113,890,875,850,828,850,550,565,126,105,154,197,253,293,346,395,463,272,262,222,222,191,154,139,272,anopheles_bundeswehr-mosquito-collection_f_l_e5db23097795.png,anopheles_bundeswehr-mosquito-collection_f_l_e5db23097795.tif,Anopheles_paludis
,/Users/kristophernolte/Documents/ITHILDIN_evaluation/reference/reference_finalselection/anopheles_bundeswehr-mosquito-collection_f_r_04648b779c0d.png,Repaired,988,right,Anopheles_moucheti,0.85,696,50,14,0,10,56,123,229,375,630,534,524,494,490,512,307,287,82,76,112,142,182,210,242,274,304,186,174,150,154,124,106,94,188,anopheles_bundeswehr-mosquito-collection_f_r_04648b779c0d.png,anopheles_bundeswehr-mosquito-collection_f_r_04648b779c0d.tif,Anopheles_moucheti
,/Users/kristophernolte/Documents/ITHILDIN_evaluation/reference/reference_finalselection/anopheles_bundeswehr-mosquito-collection_f_r_1bc6d3589475.png,Repaired,1591,right,Anopheles_paludis,0.98,1099,44,25,0,16,78,189,332,595,1059,846,833,790,777,802,508,530,125,113,140,190,239,292,339,388,453,264,255,215,218,187,153,131,264,anopheles_bundeswehr-mosquito-collection_f_r_1bc6d3589475.png,anopheles_bundeswehr-mosquito-collection_f_r_1bc6d3589475.tif,Anopheles_paludis
,/Users/kristophernolte/Documents/ITHILDIN_evaluation/reference/reference_finalselection/anopheles_bundeswehr-mosquito-collection_f_r_41e14bced0d9.png,Repaired,1455,right,Anopheles_coustani-group,0.99,1044,89,19,0,8,72,191,339,575,983,766,755,711,705,730,439,439,54,73,123,168,215,254,298,331,373,209,206,173,176,151,112,98,223,anopheles_bundeswehr-mosquito-collection_f_r_41e14bced0d9.png,anopheles_bundeswehr-mosquito-collection_f_r_41e14bced0d9.tif,Anopheles_coustani-group
,/Users/kristophernolte/Documents/ITHILDIN_evaluation/reference/reference_finalselection/anopheles_bundeswehr-mosquito-collection_f_r_460c1f8b4e01.png,Repaired,1277,right,Anopheles_coustani-group,0.96,943,62,18,0,21,83,173,300,495,849,684,673,629,608,629,404,399,95,82,121,163,207,245,282,318,352,204,199,170,173,147,113,103,209,anopheles_bundeswehr-mosquito-collection_f_r_460c1f8b4e01.png,anopheles_bundeswehr-mosquito-collection_f_r_460c1f8b4e01.tif,Anopheles_coustani-group
,/Users/kristophernolte/Documents/ITHILDIN_evaluation/reference/reference_finalselection/anopheles_bundeswehr-mosquito-collection_f_r_5b4da01e7235.png,Repaired,1516,right,Anopheles_paludis,0.95,1050,84,24,0,21,78,179,358,600,1014,814,811,770,749,776,528,504,108,96,144,189,234,278,329,374,425,243,240,201,204,168,141,126,252,anopheles_bundeswehr-mosquito-collection_f_r_5b4da01e7235.png,anopheles_bundeswehr-mosquito-collection_f_r_5b4da01e7235.tif,Anopheles_paludis
,/Users/kristophernolte/Documents/ITHILDIN_evaluation/reference/reference_finalselection/anopheles_bundeswehr-mosquito-collection_f_r_67a65733ff33.png,Repaired,1417,right,Anopheles_paludis,0.71,969,97,22,0,14,78,181,315,556,966,757,746,721,712,737,475,483,90,68,121,163,210,255,303,336,386,222,205,177,171,146,113,104,216,anopheles_bundeswehr-mosquito-collection_f_r_67a65733ff33.png,anopheles_bundeswehr-mosquito-collection_f_r_67a65733ff33.tif,Anopheles_paludis
,/Users/kristophernolte/Documents/ITHILDIN_evaluation/reference/reference_finalselection/anopheles_bundeswehr-mosquito-collection_f_r_7e29d66fa902.png,Repaired,1391,right,Anopheles_coustani-group,0.95,995,60,24,0,22,76,175,325,527,929,749,729,697,678,697,437,401,109,101,136,180,229,267,308,349,388,235,229,199,202,172,139,123,248,anopheles_bundeswehr-mosquito-collection_f_r_7e29d66fa902.png,anopheles_bundeswehr-mosquito-collection_f_r_7e29d66fa902.tif,Anopheles_coustani-group
,/Users/kristophernolte/Documents/ITHILDIN_evaluation/reference/reference_finalselection/anopheles_bundeswehr-mosquito-collection_f_r_9666aaaeea11.png,Repaired,1543,right,Anopheles_paludis,0.98,1056,37,18,0,21,91,191,331,592,1022,825,819,780,755,780,473,513,119,131,159,213,268,310,356,398,444,256,250,213,216,183,150,131,268,anopheles_bundeswehr-mosquito-collection_f_r_9666aaaeea11.png,anopheles_bundeswehr-mosquito-collection_f_r_9666aaaeea11.tif,Anopheles_paludis
,/Users/kristophernolte/Documents/ITHILDIN_evaluation/reference/reference_finalselection/anopheles_bundeswehr-mosquito-collection_f_r_99e779aef182.png,Repaired,1368,right,Anopheles_coustani-group,0.94,971,93,25,0,11,82,180,322,543,939,728,723,688,666,674,469,404,102,72,113,159,205,252,301,336,380,225,216,186,189,156,126,113,233,anopheles_bundeswehr-mosquito-collection_f_r_99e779aef182.png,anopheles_bundeswehr-mosquito-collection_f_r_99e779aef182.tif,Anopheles_coustani-group
,/Users/kristophernolte/Documents/ITHILDIN_evaluation/reference/reference_finalselection/anopheles_bundeswehr-mosquito-collection_f_r_b62d01a089e6.png,Repaired,1548,right,Anopheles_paludis,0.97,1036,40,19,0,15,81,171,348,619,1048,818,815,771,753,787,485,513,118,127,155,202,255,298,345,388,441,255,252,208,214,180,143,127,261,anopheles_bundeswehr-mosquito-collection_f_r_b62d01a089e6.png,anopheles_bundeswehr-mosquito-collection_f_r_b62d01a089e6.tif,Anopheles_paludis
,/Users/kristophernolte/Documents/ITHILDIN_evaluation/reference/reference_finalselection/anopheles_bundeswehr-mosquito-collection_f_r_edb5f96eb06b.png,Repaired,1710,right,Anopheles_paludis,0.88,1147,65,17,0,7,99,204,401,692,1126,930,926,862,841,869,604,580,115,125,179,234,284,325,376,424,491,274,264,220,230,189,152,135,284,anopheles_bundeswehr-mosquito-collection_f_r_edb5f96eb06b.png,anopheles_bundeswehr-mosquito-collection_f_r_edb5f96eb06b.tif,Anopheles_paludis
,/Users/kristophernolte/Documents/ITHILDIN_evaluation/reference/reference_finalselection/anopheles_bundeswehr-mosquito-collection_f_r_f0e3af2eaebc.png,Repaired,1474,right,Anopheles_paludis,0.08,1012,36,15,0,12,99,204,334,596,985,795,768,735,711,747,445,494,343,403,436,473,533,575,608,641,674,473,482,445,451,418,388,382,506,anopheles_bundeswehr-mosquito-collection_f_r_f0e3af2eaebc.png,anopheles_bundeswehr-mosquito-collection_f_r_f0e3af2eaebc.tif,Anopheles_paludis
,/Users/kristophernolte/Documents/ITHILDIN_evaluation/reference/reference_finalselection/anopheles_bundeswehr-mosquito-collection_f_r_fed36f9256a4.png,Repaired,1582,right,Anopheles_paludis,0.89,1112,80,16,0,16,80,204,376,625,1055,841,838,781,768,790,494,520,239,226,283,341,382,430,481,535,586,379,385,337,341,306,270,258,392,anopheles_bundeswehr-mosquito-collection_f_r_fed36f9256a4.png,anopheles_bundeswehr-mosquito-collection_f_r_fed36f9256a4.tif,Anopheles_paludis
,/Users/kristophernolte/Documents/ITHILDIN_evaluation/reference/reference_finalselection/anopheles_bundeswehr-mosquito-collection_f_x_327d40befa01.png,Repaired,1576,right,Anopheles_paludis,0.96,1071,85,24,0,3,79,208,349,609,1062,841,835,801,780,814,520,538,116,110,165,211,260,312,358,397,449,257,260,217,217,189,149,137,266,anopheles_bundeswehr-mosquito-collection_f_x_327d40befa01.png,anopheles_bundeswehr-mosquito-collection_f_x_327d40befa01.tif,Anopheles_paludis
,/Users/kristophernolte/Documents/ITHILDIN_evaluation/reference/reference_finalselection/anopheles_bundeswehr-mosquito-collection_f_x_6b549e1818d8.png,Repaired,1583,right,Anopheles_paludis,0.98,1066,46,31,0,19,92,200,347,614,1056,860,854,802,789,823,504,534,128,116,144,196,251,297,343,386,448,267,261,214,221,187,153,135,264,anopheles_bundeswehr-mosquito-collection_f_x_6b549e1818d8.png,anopheles_bundeswehr-mosquito-collection_f_x_6b549e1818d8.tif,Anopheles_paludis
,/Users/kristophernolte/Documents/ITHILDIN_evaluation/reference/reference_finalselection/anopheles_cnn-study_f_r_0504536fb639.png,Repaired,1558,right,Anopheles_claviger-petragnani-pair,0.99,1072,60,15,0,15,69,186,342,590,1027,824,821,782,779,803,509,467,106,109,151,190,232,267,318,375,429,243,235,205,202,169,142,118,255,anopheles_cnn-study_f_r_0504536fb639.png,anopheles_cnn-study_f_r_0504536fb639.tif,Anopheles_claviger-petragnani-pair
,/Users/kristophernolte/Documents/ITHILDIN_evaluation/reference/reference_finalselection/anopheles_cnn-study_f_r_15f0b2cd4a13.png,Repaired,1492,right,Anopheles_claviger-petragnani-pair,0.99,1025,33,21,0,21,87,173,294,562,995,773,775,749,749,775,419,413,106,136,157,207,246,288,323,356,406,234,225,193,193,163,136,118,240,anopheles_cnn-study_f_r_15f0b2cd4a13.png,anopheles_cnn-study_f_r_15f0b2cd4a13.tif,Anopheles_claviger-petragnani-pair
,/Users/kristophernolte/Documents/ITHILDIN_evaluation/reference/reference_finalselection/anopheles_cnn-study_f_r_271a21a99d89.png,Repaired,1773,right,Anopheles_claviger-petragnani-pair,0.95,1220,49,18,0,18,87,221,407,679,1176,927,921,900,896,910,562,545,110,130,165,210,272,320,375,427,479,268,265,227,227,189,158,141,286,anopheles_cnn-study_f_r_271a21a99d89.png,anopheles_cnn-study_f_r_271a21a99d89.tif,Anopheles_claviger-petragnani-pair
,/Users/kristophernolte/Documents/ITHILDIN_evaluation/reference/reference_finalselection/anopheles_cnn-study_f_r_42f75517fe22.png,Repaired,1617,right,Anopheles_claviger-petragnani-pair,0.98,1136,58,15,0,18,64,167,332,573,1048,834,831,810,816,837,509,463,117,129,169,211,257,293,339,388,440,254,245,217,214,181,156,138,269,anopheles_cnn-study_f_r_42f75517fe22.png,anopheles_cnn-study_f_r_42f75517fe22.tif,Anopheles_claviger-petragnani-pair
,/Users/kristophernolte/Documents/ITHILDIN_evaluation/reference/reference_finalselection/anopheles_cnn-study_f_r_4879718c21ab.png,Repaired,1520,right,Anopheles_claviger-petragnani-pair,0.95,1082,51,25,0,9,54,153,294,531,975,780,771,749,757,783,469,401,107,104,135,180,226,259,307,347,404,237,223,192,192,158,135,113,248,anopheles_cnn-study_f_r_4879718c21ab.png,anopheles_cnn-study_f_r_4879718c21ab.tif,Anopheles_claviger-petragnani-pair
,/Users/kristophernolte/Documents/ITHILDIN_evaluation/reference/reference_finalselection/anopheles_cnn-study_f_r_56923d597e32.png,Repaired,1493,right,Anopheles_claviger-petragnani-pair,0.92,1009,29,12,0,12,50,162,297,527,986,774,774,736,736,756,486,412,107,128,154,195,239,269,322,366,419,231,231,198,195,163,136,116,251,anopheles_cnn-study_f_r_56923d597e32.png,anopheles_cnn-study_f_r_56923d597e32.tif,Anopheles_claviger-petragnani-pair
,/Users/kristophernolte/Documents/ITHILDIN_evaluation/reference/reference_finalselection/anopheles_cnn-study_f_r_5b90a7a4c18c.png,Repaired,1520,right,Anopheles_claviger-petragnani-pair,0.91,1057,35,12,0,20,78,169,318,545,989,794,791,757,754,777,519,456,111,140,174,217,257,295,338,386,438,246,234,206,203,171,148,128,257,anopheles_cnn-study_f_r_5b90a7a4c18c.png,anopheles_cnn-study_f_r_5b90a7a4c18c.tif,Anopheles_claviger-petragnani-pair
,/Users/kristophernolte/Documents/ITHILDIN_evaluation/reference/reference_finalselection/anopheles_cnn-study_f_r_77d3e3edcca3.png,Repaired,1403,right,Anopheles_claviger-petragnani-pair,0.97,972,35,26,0,26,60,164,307,525,926,746,734,697,691,717,459,402,101,113,133,176,222,256,308,348,397,225,216,184,184,156,130,113,236,anopheles_cnn-study_f_r_77d3e3edcca3.png,anopheles_cnn-study_f_r_77d3e3edcca3.tif,Anopheles_claviger-petragnani-pair
,/Users/kristophernolte/Documents/ITHILDIN_evaluation/reference/reference_finalselection/anopheles_cnn-study_f_r_7d078d414f79.png,Repaired,1865,right,Anopheles_claviger-petragnani-pair,0.99,1314,71,14,0,14,92,221,403,674,1206,974,971,946,942,971,610,524,123,119,176,219,273,323,376,426,480,269,262,226,226,191,155,133,287,anopheles_cnn-study_f_r_7d078d414f79.png,anopheles_cnn-study_f_r_7d078d414f79.tif,Anopheles_claviger-petragnani-pair
,/Users/kristophernolte/Documents/ITHILDIN_evaluation/reference/reference_finalselection/anopheles_cnn-study_f_r_846d5a214527.png,Repaired,1485,right,Anopheles_claviger-petragnani-pair,0.98,1002,45,14,0,14,65,162,308,531,973,779,785,756,753,771,462,408,108,119,154,196,236,274,316,359,405,225,216,191,191,159,148,122,245,anopheles_cnn-study_f_r_846d5a214527.png,anopheles_cnn-study_f_r_846d5a214527.tif,Anopheles_claviger-petragnani-pair
,/Users/kristophernolte/Documents/ITHILDIN_evaluation/reference/reference_finalselection/anopheles_cnn-study_f_r_bfdd6b421d26.png,Repaired,1462,right,Aedes_communis-punctor-pair,0.51,1001,49,12,0,17,72,176,326,540,952,753,753,736,750,762,436,407,103,126,173,216,259,297,349,389,438,239,236,207,210,170,141,126,265,anopheles_cnn-study_f_r_bfdd6b421d26.png,anopheles_cnn-study_f_r_bfdd6b421d26.tif,Anopheles_claviger-petragnani-pair
,/Users/kristophernolte/Documents/ITHILDIN_evaluation/reference/reference_finalselection/anopheles_cnn-study_f_r_c7106bdccc6b.png,Repaired,1675,right,Anopheles_claviger-petragnani-pair,0.98,1163,58,16,0,16,58,168,335,606,1076,883,873,834,828,863,532,506,117,114,162,207,256,297,339,394,446,259,246,210,214,181,146,130,262,anopheles_cnn-study_f_r_c7106bdccc6b.png,anopheles_cnn-study_f_r_c7106bdccc6b.tif,Anopheles_claviger-petragnani-pair
,/Users/kristophernolte/Documents/ITHILDIN_evaluation/reference/reference_finalselection/anopheles_cnn-study_f_r_d82d2671bcc4.png,Repaired,1598,right,Anopheles_claviger-petragnani-pair,0.99,1120,40,25,0,13,58,192,344,606,1038,831,828,798,795,813,545,481,106,136,161,206,249,292,340,386,432,240,240,209,206,173,143,124,255,anopheles_cnn-study_f_r_d82d2671bcc4.png,anopheles_cnn-study_f_r_d82d2671bcc4.tif,Anopheles_claviger-petragnani-pair
,/Users/kristophernolte/Documents/ITHILDIN_evaluation/reference/reference_finalselection/anopheles_cnn-study_f_r_e4ca0b080f09.png,Repaired,1812,right,Anopheles_claviger-petragnani-pair,0.98,1250,54,6,0,24,95,239,421,681,1188,942,969,911,914,952,599,527,126,140,198,243,298,342,397,441,493,274,274,232,232,195,164,143,301,anopheles_cnn-study_f_r_e4ca0b080f09.png,anopheles_cnn-study_f_r_e4ca0b080f09.tif,Anopheles_claviger-petragnani-pair
,/Users/kristophernolte/Documents/ITHILDIN_evaluation/reference/reference_finalselection/anopheles_cnn-study_f_r_e9868525098b.png,Repaired,1650,right,Anopheles_claviger-petragnani-pair,0.95,1161,36,16,0,19,84,184,348,602,1087,853,849,820,814,849,525,463,115,138,170,212,263,299,340,389,440,250,244,205,212,176,144,131,263,anopheles_cnn-study_f_r_e9868525098b.png,anopheles_cnn-study_f_r_e9868525098b.tif,Anopheles_claviger-petragnani-pair
,/Users/kristophernolte/Documents/ITHILDIN_evaluation/reference/reference_finalselection/anopheles_cnn-study_f_r_f31d7e9a9a04.png,Repaired,1551,right,Anopheles_claviger-petragnani-pair,0.88,1064,64,25,0,9,67,180,332,581,1028,812,806,779,769,809,517,468,110,110,150,199,241,281,332,384,439,250,241,208,208,174,141,126,253,anopheles_cnn-study_f_r_f31d7e9a9a04.png,anopheles_cnn-study_f_r_f31d7e9a9a04.tif,Anopheles_claviger-petragnani-pair
,/Users/kristophernolte/Documents/ITHILDIN_evaluation/reference/reference_finalselection/anopheles_cnn-study_f_r_f5176b6dfcc6.png,Repaired,1759,right,Anopheles_claviger-petragnani-pair,0.98,1259,58,14,0,11,62,206,387,643,1139,910,907,862,859,886,565,486,112,126,167,212,270,307,359,410,472,270,256,222,222,188,150,133,280,anopheles_cnn-study_f_r_f5176b6dfcc6.png,anopheles_cnn-study_f_r_f5176b6dfcc6.tif,Anopheles_claviger-petragnani-pair
,/Users/kristophernolte/Documents/ITHILDIN_evaluation/reference/reference_finalselection/anopheles_culifo2_f_r_07bfee0245d3.png,Repaired,1608,right,Anopheles_maculipennis s.l.,0.98,1163,73,12,0,22,98,209,380,637,1080,830,824,779,763,804,491,484,114,117,177,228,278,329,383,427,478,266,272,234,234,193,148,136,288,anopheles_culifo2_f_r_07bfee0245d3.png,anopheles_culifo2_f_r_07bfee0245d3.tif,Anopheles_maculipennis s.l.
,/Users/kristophernolte/Documents/ITHILDIN_evaluation/reference/reference_finalselection/anopheles_culifo2_f_r_0809c20a2e95.png,Repaired,1641,right,Anopheles_maculipennis s.l.,0.99,1194,69,29,0,19,80,218,378,642,1063,838,831,813,802,835,494,494,132,125,165,223,281,331,400,451,509,302,295,259,255,212,168,150,310,anopheles_culifo2_f_r_0809c20a2e95.png,anopheles_culifo2_f_r_0809c20a2e95.tif,Anopheles_maculipennis s.l.
,/Users/kristophernolte/Documents/ITHILDIN_evaluation/reference/reference_finalselection/anopheles_culifo2_f_r_085828b42e75.png,Repaired,1790,right,Anopheles_maculipennis s.l.,0.97,1254,70,21,0,24,98,241,430,730,1223,933,919,870,863,894,570,524,122,136,188,248,307,363,426,482,534,304,304,258,262,216,174,160,331,anopheles_culifo2_f_r_085828b42e75.png,anopheles_culifo2_f_r_085828b42e75.tif,Anopheles_maculipennis s.l.
,/Users/kristophernolte/Documents/ITHILDIN_evaluation/reference/reference_finalselection/anopheles_culifo2_f_r_0ca9de309a4b.png,Repaired,1847,right,Anopheles_maculipennis s.l.,0.98,1295,55,22,0,30,99,272,470,781,1251,957,946,910,899,943,561,569,130,159,203,265,331,383,445,493,544,317,313,273,273,225,177,166,339,anopheles_culifo2_f_r_0ca9de309a4b.png,anopheles_culifo2_f_r_0ca9de309a4b.tif,Anopheles_maculipennis s.l.
,/Users/kristophernolte/Documents/ITHILDIN_evaluation/reference/reference_finalselection/anopheles_culifo2_f_r_0cf706b57b11.png,Repaired,1850,right,Anopheles_maculipennis s.l.,0.99,1298,54,14,0,25,89,225,422,755,1227,962,951,905,891,923,526,537,125,139,189,246,307,354,425,475,532,307,311,268,268,218,175,164,329,anopheles_culifo2_f_r_0cf706b57b11.png,anopheles_culifo2_f_r_0cf706b57b11.tif,Anopheles_maculipennis s.l.
,/Users/kristophernolte/Documents/ITHILDIN_evaluation/reference/reference_finalselection/anopheles_culifo2_f_r_1696cefab388.png,Repaired,2045,right,Anopheles_maculipennis s.l.,0.98,1496,64,18,0,30,116,255,466,819,1326,1056,1045,999,988,1029,605,597,127,150,206,270,330,390,454,511,567,311,315,266,274,221,176,172,334,anopheles_culifo2_f_r_1696cefab388.png,anopheles_culifo2_f_r_1696cefab388.tif,Anopheles_maculipennis s.l.
,/Users/kristophernolte/Documents/ITHILDIN_evaluation/reference/reference_finalselection/anopheles_culifo2_f_r_16a5ade0852a.png,Repaired,1885,right,Anopheles_maculipennis s.l.,0.97,1374,58,25,0,18,72,223,409,725,1234,954,954,900,886,929,556,524,136,147,193,247,308,362,426,487,552,315,315,265,268,218,179,164,340,anopheles_culifo2_f_r_16a5ade0852a.png,anopheles_culifo2_f_r_16a5ade0852a.tif,Anopheles_maculipennis s.l.
,/Users/kristophernolte/Documents/ITHILDIN_evaluation/reference/reference_finalselection/anopheles_culifo2_f_r_1a408550ebb1.png,Repaired,1699,right,Anopheles_maculipennis s.l.,0.99,1230,74,26,0,16,100,235,386,669,1129,870,864,837,833,860,534,497,129,136,179,243,297,351,408,458,512,300,294,250,250,213,166,156,314,anopheles_culifo2_f_r_1a408550ebb1.png,anopheles_culifo2_f_r_1a408550ebb1.tif,Anopheles_maculipennis s.l.
,/Users/kristophernolte/Documents/ITHILDIN_evaluation/reference/reference_finalselection/anopheles_culifo2_f_r_1c76330925fc.png,Repaired,1879,right,Anopheles_maculipennis s.l.,0.98,1346,39,17,0,32,111,257,469,766,1246,973,966,913,923,952,562,572,216,238,277,334,384,445,506,560,624,392,392,345,349,302,252,238,406,anopheles_culifo2_f_r_1c76330925fc.png,anopheles_culifo2_f_r_1c76330925fc.tif,Anopheles_maculipennis s.l.
,/Users/kristophernolte/Documents/ITHILDIN_evaluation/reference/reference_finalselection/anopheles_culifo2_f_r_1d7a21daf9ec.png,Repaired,1763,right,Anopheles_maculipennis s.l.,0.98,1272,58,17,0,34,102,245,409,702,1152,910,913,869,859,910,491,508,115,143,194,252,310,351,409,453,504,289,286,238,245,194,156,146,317,anopheles_culifo2_f_r_1d7a21daf9ec.png,anopheles_culifo2_f_r_1d7a21daf9ec.tif,Anopheles_maculipennis s.l.
,/Users/kristophernolte/Documents/ITHILDIN_evaluation/reference/reference_finalselection/anopheles_culifo2_f_r_1ffbbc32808b.png,Repaired,1847,right,Anopheles_maculipennis s.l.,0.99,1331,73,18,0,33,105,258,450,740,1226,961,950,903,878,932,570,555,128,161,219,277,335,386,458,509,571,324,320,273,277,222,172,168,349,anopheles_culifo2_f_r_1ffbbc32808b.png,anopheles_culifo2_f_r_1ffbbc32808b.tif,Anopheles_maculipennis s.l.
,/Users/kristophernolte/Documents/ITHILDIN_evaluation/reference/reference_finalselection/anopheles_culifo2_f_r_22275d4a2614.png,Repaired,1618,right,Anopheles_maculipennis s.l.,0.96,1165,34,9,0,22,94,213,377,641,1077,842,826,779,766,795,468,443,108,142,180,234,287,328,375,416,460,262,262,221,224,186,152,142,287,anopheles_culifo2_f_r_22275d4a2614.png,anopheles_culifo2_f_r_22275d4a2614.tif,Anopheles_maculipennis s.l.
,/Users/kristophernolte/Documents/ITHILDIN_evaluation/reference/reference_finalselection/anopheles_culifo2_f_r_2a33f8632810.png,Repaired,1808,right,Anopheles_maculipennis s.l.,0.98,1295,66,21,0,10,84,214,438,744,1197,919,919,874,853,898,558,530,115,136,189,245,308,361,421,474,523,294,294,252,249,210,165,154,326,anopheles_culifo2_f_r_2a33f8632810.png,anopheles_culifo2_f_r_2a33f8632810.tif,Anopheles_maculipennis s.l.
,/Users/kristophernolte/Documents/ITHILDIN_evaluation/reference/reference_finalselection/anopheles_culifo2_f_r_2febbb188cd6.png,Repaired,1905,right,Anopheles_maculipennis s.l.,0.99,1361,71,22,0,22,105,264,452,758,1255,1003,988,942,927,958,584,584,137,148,201,262,318,378,446,503,559,318,314,273,273,220,171,164,337,anopheles_culifo2_f_r_2febbb188cd6.png,anopheles_culifo2_f_r_2febbb188cd6.tif,Anopheles_maculipennis s.l.
,/Users/kristophernolte/Documents/ITHILDIN_evaluation/reference/reference_finalselection/anopheles_culifo2_f_r_303a693b23c4.png,Repaired,1817,right,Anopheles_maculipennis s.l.,0.99,1304,70,25,0,25,91,216,418,720,1189,949,942,883,883,911,567,560,126,137,189,248,304,359,418,477,526,307,297,255,251,213,168,154,314,anopheles_culifo2_f_r_303a693b23c4.png,anopheles_culifo2_f_r_303a693b23c4.tif,Anopheles_maculipennis s.l.
,/Users/kristophernolte/Documents/ITHILDIN_evaluation/reference/reference_finalselection/anopheles_culifo2_f_r_33ac02ab4c0b.png,Repaired,1817,right,Anopheles_maculipennis s.l.,0.98,1306,50,15,0,29,104,232,407,717,1217,938,928,878,871,878,543,560,131,142,206,267,310,363,424,481,542,306,306,260,260,214,171,156,321,anopheles_culifo2_f_r_33ac02ab4c0b.png,anopheles_culifo2_f_r_33ac02ab4c0b.tif,Anopheles_maculipennis s.l.
,/Users/kristophernolte/Documents/ITHILDIN_evaluation/reference/reference_finalselection/anopheles_culifo2_f_r_465d52ea60b6.png,Repaired,1878,right,Anopheles_maculipennis s.l.,0.99,1341,75,15,0,23,87,248,446,761,1232,993,970,910,907,948,573,570,131,127,187,239,295,348,419,486,546,310,310,258,262,220,172,164,329,anopheles_culifo2_f_r_465d52ea60b6.png,anopheles_culifo2_f_r_465d52ea60b6.tif,Anopheles_maculipennis s.l.
,/Users/kristophernolte/Documents/ITHILDIN_evaluation/reference/reference_finalselection/anopheles_culifo2_f_r_474af33f2ee2.png,Repaired,1810,right,Anopheles_maculipennis s.l.,0.99,1294,42,14,0,21,102,230,418,719,1177,932,928,897,879,911,528,517,198,219,265,319,382,429,485,531,595,382,368,329,326,280,237,219,390,anopheles_culifo2_f_r_474af33f2ee2.png,anopheles_culifo2_f_r_474af33f2ee2.tif,Anopheles_maculipennis s.l.
,/Users/kristophernolte/Documents/ITHILDIN_evaluation/reference/reference_finalselection/anopheles_culifo2_f_r_59985b84e899.png,Repaired,1816,right,Anopheles_maculipennis s.l.,0.98,1292,47,14,0,29,101,238,443,749,1202,947,939,878,871,903,554,536,124,152,199,260,325,376,437,476,530,307,300,257,257,210,163,152,325,anopheles_culifo2_f_r_59985b84e899.png,anopheles_culifo2_f_r_59985b84e899.tif,Anopheles_maculipennis s.l.
,/Users/kristophernolte/Documents/ITHILDIN_evaluation/reference/reference_finalselection/anopheles_culifo2_f_r_5f6eca382435.png,Repaired,1663,right,Anopheles_maculipennis s.l.,0.99,1156,49,13,0,20,78,221,393,656,1101,867,851,786,815,851,458,455,69,134,176,232,284,329,387,433,488,277,274,228,235,186,150,144,303,anopheles_culifo2_f_r_5f6eca382435.png,anopheles_culifo2_f_r_5f6eca382435.tif,Anopheles_maculipennis s.l.
,/Users/kristophernolte/Documents/ITHILDIN_evaluation/reference/reference_finalselection/anopheles_culifo2_f_r_6f2b7d9f7f8c.png,Repaired,1627,right,Anopheles_maculipennis s.l.,0.98,1153,47,22,0,13,82,217,361,669,1084,827,820,795,786,820,503,484,108,143,183,237,290,331,385,432,482,278,275,240,237,199,149,143,300,anopheles_culifo2_f_r_6f2b7d9f7f8c.png,anopheles_culifo2_f_r_6f2b7d9f7f8c.tif,Anopheles_maculipennis s.l.
,/Users/kristophernolte/Documents/ITHILDIN_evaluation/reference/reference_finalselection/anopheles_culifo2_f_r_7393d889bdfe.png,Repaired,1652,right,Anopheles_maculipennis s.l.,0.99,1196,51,19,0,22,83,201,390,649,1087,850,831,783,780,838,479,467,115,134,175,227,287,339,393,441,495,287,284,243,243,198,159,147,313,anopheles_culifo2_f_r_7393d889bdfe.png,anopheles_culifo2_f_r_7393d889bdfe.tif,Anopheles_maculipennis s.l.
,/Users/kristophernolte/Documents/ITHILDIN_evaluation/reference/reference_finalselection/anopheles_culifo2_f_r_73e6edc5051b.png,Repaired,1754,right,Anopheles_maculipennis s.l.,0.96,1251,51,10,0,27,93,237,398,725,1151,911,897,866,797,869,512,512,125,146,197,256,321,369,438,489,544,307,300,256,259,221,173,156,331,anopheles_culifo2_f_r_73e6edc5051b.png,anopheles_culifo2_f_r_73e6edc5051b.tif,Anopheles_maculipennis s.l.
,/Users/kristophernolte/Documents/ITHILDIN_evaluation/reference/reference_finalselection/anopheles_culifo2_f_r_88e3f9647567.png,Repaired,1869,right,Anopheles_maculipennis s.l.,0.99,1366,62,22,0,22,94,224,436,746,1233,948,941,890,894,908,562,544,136,151,201,259,324,374,439,500,565,320,320,270,273,223,183,162,345,anopheles_culifo2_f_r_88e3f9647567.png,anopheles_culifo2_f_r_88e3f9647567.tif,Anopheles_maculipennis s.l.
,/Users/kristophernolte/Documents/ITHILDIN_evaluation/reference/reference_finalselection/anopheles_culifo2_f_r_8bd13ff5b2ff.png,Repaired,1814,right,Anopheles_maculipennis s.l.,0.97,1307,47,11,0,29,97,247,448,759,1214,920,913,891,874,874,559,573,153,179,232,289,347,397,458,508,569,340,336,289,286,243,196,179,347,anopheles_culifo2_f_r_8bd13ff5b2ff.png,anopheles_culifo2_f_r_8bd13ff5b2ff.tif,Anopheles_maculipennis s.l.
,/Users/kristophernolte/Documents/ITHILDIN_evaluation/reference/reference_finalselection/anopheles_culifo2_f_r_9efe36755bf1.png,Repaired,1816,right,Anopheles_maculipennis s.l.,0.98,1306,62,14,0,21,87,235,404,729,1195,929,915,874,870,902,542,532,127,141,200,255,314,359,428,486,549,303,307,262,262,214,169,155,328,anopheles_culifo2_f_r_9efe36755bf1.png,anopheles_culifo2_f_r_9efe36755bf1.tif,Anopheles_maculipennis s.l.
,/Users/kristophernolte/Documents/ITHILDIN_evaluation/reference/reference_finalselection/anopheles_culifo2_f_r_a2214da09f55.png,Repaired,1844,right,Anopheles_maculipennis s.l.,0.99,1330,78,25,0,25,99,258,441,751,1203,960,945,914,907,945,582,557,141,144,201,260,328,377,444,493,553,328,324,278,278,232,179,162,342,anopheles_culifo2_f_r_a2214da09f55.png,anopheles_culifo2_f_r_a2214da09f55.tif,Anopheles_maculipennis s.l.
,/Users/kristophernolte/Documents/ITHILDIN_evaluation/reference/reference_finalselection/anopheles_culifo2_f_r_a945561bbd00.png,Repaired,1611,right,Anopheles_maculipennis s.l.,0.98,1130,63,18,0,27,93,225,399,665,1082,845,836,806,797,809,492,483,106,130,175,235,289,333,387,429,474,262,265,229,226,190,148,145,301,anopheles_culifo2_f_r_a945561bbd00.png,anopheles_culifo2_f_r_a945561bbd00.tif,Anopheles_maculipennis s.l.
,/Users/kristophernolte/Documents/ITHILDIN_evaluation/reference/reference_finalselection/anopheles_culifo2_f_r_b3461bcd6090.png,Repaired,1627,right,Anopheles_maculipennis s.l.,0.99,1184,43,14,0,25,96,212,360,640,1088,820,809,784,777,813,505,484,151,169,208,257,310,360,413,459,519,310,307,275,264,236,183,173,325,anopheles_culifo2_f_r_b3461bcd6090.png,anopheles_culifo2_f_r_b3461bcd6090.tif,Anopheles_maculipennis s.l.
,/Users/kristophernolte/Documents/ITHILDIN_evaluation/reference/reference_finalselection/anopheles_culifo2_f_r_bad8e7619fa1.png,Repaired,1717,right,Anopheles_maculipennis s.l.,0.98,1261,91,30,0,30,84,222,400,666,1133,887,874,834,824,874,524,474,127,124,184,242,302,353,406,457,511,292,289,248,245,205,168,151,319,anopheles_culifo2_f_r_bad8e7619fa1.png,anopheles_culifo2_f_r_bad8e7619fa1.tif,Anopheles_maculipennis s.l.
,/Users/kristophernolte/Documents/ITHILDIN_evaluation/reference/reference_finalselection/anopheles_culifo2_f_r_bbb93f885606.png,Repaired,1683,right,Anopheles_maculipennis s.l.,0.99,1219,52,19,0,16,81,196,360,644,1081,866,853,817,801,837,489,483,141,144,189,250,299,347,405,463,521,315,302,257,260,212,164,157,315,anopheles_culifo2_f_r_bbb93f885606.png,anopheles_culifo2_f_r_bbb93f885606.tif,Anopheles_maculipennis s.l.
,/Users/kristophernolte/Documents/ITHILDIN_evaluation/reference/reference_finalselection/anopheles_culifo2_f_r_cae563858c37.png,Repaired,1822,right,Anopheles_maculipennis s.l.,0.98,1288,39,7,0,22,92,227,412,724,1185,940,929,880,876,901,550,536,118,161,207,253,310,370,437,494,558,306,306,260,260,218,164,154,331,anopheles_culifo2_f_r_cae563858c37.png,anopheles_culifo2_f_r_cae563858c37.tif,Anopheles_maculipennis s.l.
,/Users/kristophernolte/Documents/ITHILDIN_evaluation/reference/reference_finalselection/anopheles_culifo2_f_r_e079b75faacb.png,Repaired,1704,right,Anopheles_maculipennis s.l.,0.98,1236,55,23,0,23,96,233,377,681,1115,875,863,840,834,859,495,495,124,140,182,236,293,338,402,447,501,287,287,249,245,204,159,146,306,anopheles_culifo2_f_r_e079b75faacb.png,anopheles_culifo2_f_r_e079b75faacb.tif,Anopheles_maculipennis s.l.
,/Users/kristophernolte/Documents/ITHILDIN_evaluation/reference/reference_finalselection/anopheles_culifo2_f_r_e93dae3469e8.png,Repaired,1516,right,Anopheles_maculipennis s.l.,0.96,1084,57,18,0,30,81,200,365,606,1004,789,783,753,738,765,463,460,114,126,171,225,276,312,365,410,461,264,264,222,225,189,150,135,282,anopheles_culifo2_f_r_e93dae3469e8.png,anopheles_culifo2_f_r_e93dae3469e8.tif,Anopheles_maculipennis s.l.
,/Users/kristophernolte/Documents/ITHILDIN_evaluation/reference/reference_finalselection/anopheles_culifo2_f_r_ea6eca5e5ad4.png,Repaired,1754,right,Anopheles_maculipennis s.l.,0.98,1238,56,14,0,28,102,242,424,719,1174,912,912,859,841,880,512,501,112,143,196,248,308,357,420,466,518,280,283,238,245,196,154,157,318,anopheles_culifo2_f_r_ea6eca5e5ad4.png,anopheles_culifo2_f_r_ea6eca5e5ad4.tif,Anopheles_maculipennis s.l.
,/Users/kristophernolte/Documents/ITHILDIN_evaluation/reference/reference_finalselection/anopheles_culifo2_f_r_ea9af26da0aa.png,Repaired,1727,right,Anopheles_maculipennis s.l.,0.98,1246,63,23,0,23,86,213,393,670,1130,893,893,846,833,863,546,490,121,128,171,225,285,338,395,448,498,288,281,238,235,198,161,151,315,anopheles_culifo2_f_r_ea9af26da0aa.png,anopheles_culifo2_f_r_ea9af26da0aa.tif,Anopheles_maculipennis s.l.
,/Users/kristophernolte/Documents/ITHILDIN_evaluation/reference/reference_finalselection/anopheles_culifo2_f_r_eb48114f5b9f.png,Repaired,1827,right,Anopheles_maculipennis s.l.,0.98,1320,40,15,0,26,98,258,414,733,1204,950,943,863,863,914,544,540,119,159,203,268,326,369,431,474,532,300,300,250,253,210,166,155,319,anopheles_culifo2_f_r_eb48114f5b9f.png,anopheles_culifo2_f_r_eb48114f5b9f.tif,Anopheles_maculipennis s.l.
,/Users/kristophernolte/Documents/ITHILDIN_evaluation/reference/reference_finalselection/anopheles_culifo_f_r_20441adf2630.png,Repaired,1735,left,Anopheles_claviger-petragnani-pair,0.99,1259,113,49,29,56,99,222,372,661,1143,933,927,907,907,937,571,518,139,116,169,219,269,309,365,412,468,282,269,226,229,192,166,139,289,anopheles_culifo_f_r_20441adf2630.png,anopheles_culifo_f_r_20441adf2630.tif,Anopheles_claviger-petragnani-pair
,/Users/kristophernolte/Documents/ITHILDIN_evaluation/reference/reference_finalselection/anopheles_culifo_f_r_20cd78456df0.png,Repaired,1793,right,Anopheles_claviger-petragnani-pair,0.99,1255,67,14,0,21,95,200,386,649,1164,943,940,901,898,933,537,473,126,126,175,224,269,315,371,424,483,277,262,227,224,192,161,140,298,anopheles_culifo_f_r_20cd78456df0.png,anopheles_culifo_f_r_20cd78456df0.tif,Anopheles_claviger-petragnani-pair
,/Users/kristophernolte/Documents/ITHILDIN_evaluation/reference/reference_finalselection/anopheles_culifo_f_r_27ba3e2a99ff.png,Repaired,1615,right,Anopheles_claviger-petragnani-pair,0.96,1118,52,20,0,12,73,189,329,591,1036,856,856,821,806,832,501,445,110,125,160,212,256,293,343,390,436,250,238,203,206,174,142,125,264,anopheles_culifo_f_r_27ba3e2a99ff.png,anopheles_culifo_f_r_27ba3e2a99ff.tif,Anopheles_claviger-petragnani-pair
,/Users/kristophernolte/Documents/ITHILDIN_evaluation/reference/reference_finalselection/anopheles_culifo_f_r_36e6c583d739.png,Repaired,1631,left,Anopheles_claviger-petragnani-pair,0.98,1165,100,69,39,45,115,221,379,634,1083,901,901,874,865,895,525,500,115,118,154,203,251,297,342,385,443,254,239,206,203,176,145,127,264,anopheles_culifo_f_r_36e6c583d739.png,anopheles_culifo_f_r_36e6c583d739.tif,Anopheles_claviger-petragnani-pair
,/Users/kristophernolte/Documents/ITHILDIN_evaluation/reference/reference_finalselection/anopheles_culifo_f_r_3877226e3158.png,Repaired,1568,left,Anopheles_claviger-petragnani-pair,0.99,1137,98,44,32,53,98,227,371,616,1071,850,847,817,817,841,535,493,97,106,151,196,238,270,315,357,402,226,220,190,187,157,130,112,244,anopheles_culifo_f_r_3877226e3158.png,anopheles_culifo_f_r_3877226e3158.tif,Anopheles_claviger-petragnani-pair
,/Users/kristophernolte/Documents/ITHILDIN_evaluation/reference/reference_finalselection/anopheles_culifo_f_r_3b79cf423d5b.png,Repaired,1792,right,Anopheles_claviger-petragnani-pair,0.94,1286,54,37,0,14,85,199,368,635,1154,935,935,888,881,911,577,486,133,136,177,221,275,328,379,433,487,285,268,231,231,197,163,140,298,anopheles_culifo_f_r_3b79cf423d5b.png,anopheles_culifo_f_r_3b79cf423d5b.tif,Anopheles_claviger-petragnani-pair
,/Users/kristophernolte/Documents/ITHILDIN_evaluation/reference/reference_finalselection/anopheles_culifo_f_r_3ec88ddd8104.png,Repaired,1564,right,Culex_pipiens s.l.-torrentium-pair,0.83,1095,55,23,0,23,76,166,331,575,1023,816,808,784,779,811,482,445,114,137,172,222,268,297,338,393,445,257,248,210,210,178,140,129,265,anopheles_culifo_f_r_3ec88ddd8104.png,anopheles_culifo_f_r_3ec88ddd8104.tif,Anopheles_claviger-petragnani-pair
,/Users/kristophernolte/Documents/ITHILDIN_evaluation/reference/reference_finalselection/anopheles_culifo_f_r_49bb34124c84.png,Repaired,1866,left,Anopheles_claviger-petragnani-pair,0.92,1358,85,60,35,53,120,248,446,741,1237,1003,1003,968,960,992,624,553,134,138,177,226,287,329,390,446,510,297,280,244,241,205,166,152,315,anopheles_culifo_f_r_49bb34124c84.png,anopheles_culifo_f_r_49bb34124c84.tif,Anopheles_claviger-petragnani-pair
,/Users/kristophernolte/Documents/ITHILDIN_evaluation/reference/reference_finalselection/anopheles_culifo_f_r_4d4a05041e36.png,Repaired,1856,left,Anopheles_claviger-petragnani-pair,0.99,1319,130,79,43,50,126,238,426,719,1272,1016,1016,980,965,998,614,567,124,135,179,233,291,348,395,450,508,287,273,244,240,204,164,139,305,anopheles_culifo_f_r_4d4a05041e36.png,anopheles_culifo_f_r_4d4a05041e36.tif,Anopheles_claviger-petragnani-pair
,/Users/kristophernolte/Documents/ITHILDIN_evaluation/reference/reference_finalselection/anopheles_culifo_f_r_5abacbe24bc4.png,Repaired,1953,left,Anopheles_claviger-petragnani-pair,0.98,1417,94,67,37,63,139,263,451,744,1312,1056,1049,1011,1004,1038,673,567,150,150,188,251,312,368,428,485,552,330,315,267,270,218,184,161,338,anopheles_culifo_f_r_5abacbe24bc4.png,anopheles_culifo_f_r_5abacbe24bc4.tif,Anopheles_claviger-petragnani-pair
,/Users/kristophernolte/Documents/ITHILDIN_evaluation/reference/reference_finalselection/anopheles_culifo_f_r_60425c0c69d7.png,Repaired,1744,right,Anopheles_claviger-petragnani-pair,0.99,1281,71,20,0,13,90,195,371,620,1109,911,898,860,853,892,566,505,134,121,172,217,271,322,370,415,479,284,271,230,233,194,162,146,287,anopheles_culifo_f_r_60425c0c69d7.png,anopheles_culifo_f_r_60425c0c69d7.tif,Anopheles_claviger-petragnani-pair
,/Users/kristophernolte/Documents/ITHILDIN_evaluation/reference/reference_finalselection/anopheles_culifo_f_r_74176e839749.png,Repaired,1797,right,Anopheles_claviger-petragnani-pair,0.98,1251,57,25,0,18,75,213,394,684,1170,929,929,907,897,943,557,479,120,124,155,209,269,315,379,425,478,276,272,237,237,198,159,141,301,anopheles_culifo_f_r_74176e839749.png,anopheles_culifo_f_r_74176e839749.tif,Anopheles_claviger-petragnani-pair
,/Users/kristophernolte/Documents/ITHILDIN_evaluation/reference/reference_finalselection/anopheles_culifo_f_r_847418a951db.png,Repaired,1826,left,Anopheles_claviger-petragnani-pair,0.88,1351,111,65,42,59,121,246,427,703,1206,982,982,949,949,973,617,539,133,146,195,241,297,346,402,461,524,297,287,248,251,208,169,146,323,anopheles_culifo_f_r_847418a951db.png,anopheles_culifo_f_r_847418a951db.tif,Anopheles_claviger-petragnani-pair
,/Users/kristophernolte/Documents/ITHILDIN_evaluation/reference/reference_finalselection/anopheles_culifo_f_r_97db7fdf796e.png,Repaired,1983,left,Anopheles_claviger-petragnani-pair,0.98,1432,108,59,37,48,108,253,451,768,1320,1059,1048,1021,1014,1044,701,596,145,141,182,231,294,350,425,492,559,331,317,272,272,227,190,160,343,anopheles_culifo_f_r_97db7fdf796e.png,anopheles_culifo_f_r_97db7fdf796e.tif,Anopheles_claviger-petragnani-pair
,/Users/kristophernolte/Documents/ITHILDIN_evaluation/reference/reference_finalselection/anopheles_culifo_f_r_a458a33b6b1e.png,Repaired,1764,left,Anopheles_claviger-petragnani-pair,0.96,1262,145,83,55,69,134,262,425,688,1217,985,982,954,944,996,622,539,383,335,383,435,498,539,598,653,719,543,515,477,473,439,411,373,525,anopheles_culifo_f_r_a458a33b6b1e.png,anopheles_culifo_f_r_a458a33b6b1e.tif,Anopheles_claviger-petragnani-pair
,/Users/kristophernolte/Documents/ITHILDIN_evaluation/reference/reference_finalselection/anopheles_culifo_f_r_a86491f056ae.png,Repaired,1969,left,Anopheles_claviger-petragnani-pair,0.98,1418,127,71,41,56,124,267,447,767,1328,1057,1053,1031,1023,1064,703,602,144,133,182,235,295,351,419,491,558,333,317,276,269,231,182,163,340,anopheles_culifo_f_r_a86491f056ae.png,anopheles_culifo_f_r_a86491f056ae.tif,Anopheles_claviger-petragnani-pair
,/Users/kristophernolte/Documents/ITHILDIN_evaluation/reference/reference_finalselection/anopheles_culifo_f_r_a8d4be441d71.png,Repaired,1826,left,Anopheles_claviger-petragnani-pair,0.97,1348,103,58,37,51,116,237,406,691,1193,970,970,949,946,973,633,543,151,141,185,233,289,337,402,461,529,316,295,261,258,220,178,154,320,anopheles_culifo_f_r_a8d4be441d71.png,anopheles_culifo_f_r_a8d4be441d71.tif,Anopheles_claviger-petragnani-pair
,/Users/kristophernolte/Documents/ITHILDIN_evaluation/reference/reference_finalselection/anopheles_culifo_f_r_b3ba2e53d6f3.png,Repaired,1633,left,Anopheles_claviger-petragnani-pair,0.97,1194,120,80,49,55,129,237,394,640,1108,911,908,874,865,896,569,505,117,120,157,203,261,301,344,394,452,258,252,212,215,181,147,135,271,anopheles_culifo_f_r_b3ba2e53d6f3.png,anopheles_culifo_f_r_b3ba2e53d6f3.tif,Anopheles_claviger-petragnani-pair
,/Users/kristophernolte/Documents/ITHILDIN_evaluation/reference/reference_finalselection/anopheles_culifo_f_r_df2fdc722769.png,Repaired,1725,right,Anopheles_claviger-petragnani-pair,0.99,1161,49,10,0,13,65,176,339,620,1122,900,900,861,845,897,506,450,110,130,169,215,267,309,362,414,472,267,257,218,221,182,143,133,287,anopheles_culifo_f_r_df2fdc722769.png,anopheles_culifo_f_r_df2fdc722769.tif,Anopheles_claviger-petragnani-pair
,/Users/kristophernolte/Documents/ITHILDIN_evaluation/reference/reference_finalselection/anopheles_culifo_f_r_f1fbfbb319c8.png,Repaired,1815,right,Anopheles_claviger-petragnani-pair,0.99,1229,30,10,0,10,76,198,380,674,1186,948,929,899,896,948,588,512,110,160,176,223,275,325,378,434,490,279,269,229,233,193,150,137,299,anopheles_culifo_f_r_f1fbfbb319c8.png,anopheles_culifo_f_r_f1fbfbb319c8.tif,Anopheles_claviger-petragnani-pair
,/Users/kristophernolte/Documents/ITHILDIN_evaluation/reference/reference_finalselection/anopheles_isodore_f_l_02d20a264ffc.png,Repaired,1209,left,Anopheles_coluzzii,0.99,965,108,81,58,69,128,216,333,489,841,741,687,615,611,629,439,437,101,94,121,160,209,245,286,320,360,202,193,171,175,151,126,117,216,anopheles_isodore_f_l_02d20a264ffc.png,anopheles_isodore_f_l_02d20a264ffc.tif,Anopheles_coluzzii
,/Users/kristophernolte/Documents/ITHILDIN_evaluation/reference/reference_finalselection/anopheles_isodore_f_l_3131175119f9.png,Repaired,962,left,Anopheles_coluzzii,0.97,758,120,80,62,69,123,198,288,433,708,584,580,510,510,532,389,376,95,83,115,153,187,221,257,285,316,181,185,156,165,137,117,104,196,anopheles_isodore_f_l_3131175119f9.png,anopheles_isodore_f_l_3131175119f9.tif,Anopheles_coluzzii
,/Users/kristophernolte/Documents/ITHILDIN_evaluation/reference/reference_finalselection/anopheles_isodore_f_l_47ea980030da.png,Repaired,1193,right,Anopheles_coluzzii,0.98,873,65,18,0,15,60,148,272,459,771,657,643,560,549,580,366,384,96,101,139,182,234,256,299,330,366,211,195,171,180,153,126,117,218,anopheles_isodore_f_l_47ea980030da.png,anopheles_isodore_f_l_47ea980030da.tif,Anopheles_coluzzii
,/Users/kristophernolte/Documents/ITHILDIN_evaluation/reference/reference_finalselection/anopheles_isodore_f_l_47ece0e5559e.png,Repaired,1166,right,Anopheles_coluzzii,0.98,859,55,22,0,15,65,167,271,436,768,655,607,549,540,560,356,382,88,97,130,173,216,251,288,320,357,208,195,169,175,145,119,112,212,anopheles_isodore_f_l_47ece0e5559e.png,anopheles_isodore_f_l_47ece0e5559e.tif,Anopheles_coluzzii
,/Users/kristophernolte/Documents/ITHILDIN_evaluation/reference/reference_finalselection/anopheles_isodore_f_l_4ab7db03b4eb.png,Repaired,1057,right,Anopheles_coluzzii,0.99,769,40,16,0,8,55,128,235,383,670,615,544,503,487,497,318,337,105,87,115,154,196,229,268,296,332,198,186,168,170,146,127,115,203,anopheles_isodore_f_l_4ab7db03b4eb.png,anopheles_isodore_f_l_4ab7db03b4eb.tif,Anopheles_coluzzii
,/Users/kristophernolte/Documents/ITHILDIN_evaluation/reference/reference_finalselection/anopheles_isodore_f_l_51516fa4a407.png,Repaired,1246,left,Anopheles_coluzzii,0.99,978,97,66,33,49,109,184,305,500,841,699,684,590,597,673,424,426,127,116,146,199,241,282,319,353,400,246,237,206,213,180,156,142,246,anopheles_isodore_f_l_51516fa4a407.png,anopheles_isodore_f_l_51516fa4a407.tif,Anopheles_coluzzii
,/Users/kristophernolte/Documents/ITHILDIN_evaluation/reference/reference_finalselection/anopheles_isodore_f_l_59ea0f5bf0b2.png,Repaired,1233,right,Anopheles_coluzzii,0.99,890,66,17,0,10,78,167,289,470,803,700,688,573,564,585,364,409,96,98,136,178,225,269,305,340,375,204,199,171,185,152,124,119,222,anopheles_isodore_f_l_59ea0f5bf0b2.png,anopheles_isodore_f_l_59ea0f5bf0b2.tif,Anopheles_coluzzii
,/Users/kristophernolte/Documents/ITHILDIN_evaluation/reference/reference_finalselection/anopheles_isodore_f_l_5e362de6d81d.png,Repaired,1170,left,Anopheles_coluzzii,0.97,909,121,63,37,42,95,184,290,464,808,684,646,583,573,593,404,424,223,160,198,236,284,321,364,402,453,324,304,273,279,246,225,198,301,anopheles_isodore_f_l_5e362de6d81d.png,anopheles_isodore_f_l_5e362de6d81d.tif,Anopheles_coluzzii
,/Users/kristophernolte/Documents/ITHILDIN_evaluation/reference/reference_finalselection/anopheles_isodore_f_l_614b2c239964.png,Repaired,1066,left,Anopheles_coluzzii,0.99,815,88,54,34,46,96,179,282,440,742,609,599,533,533,541,355,371,103,97,132,174,215,247,283,313,348,213,202,170,178,148,126,116,213,anopheles_isodore_f_l_614b2c239964.png,anopheles_isodore_f_l_614b2c239964.tif,Anopheles_coluzzii
,/Users/kristophernolte/Documents/ITHILDIN_evaluation/reference/reference_finalselection/anopheles_isodore_f_l_6d17733b883c.png,Repaired,1212,left,Anopheles_coluzzii,0.97,948,132,85,55,73,132,230,349,507,843,771,727,606,606,648,431,440,100,91,123,167,219,255,299,333,366,226,201,179,187,156,132,120,223,anopheles_isodore_f_l_6d17733b883c.png,anopheles_isodore_f_l_6d17733b883c.tif,Anopheles_coluzzii
,/Users/kristophernolte/Documents/ITHILDIN_evaluation/reference/reference_finalselection/anopheles_isodore_f_l_770df4734059.png,Repaired,1214,left,Anopheles_coluzzii,0.96,940,89,53,35,49,114,192,299,494,828,684,669,597,602,628,420,423,111,98,132,176,217,264,299,335,376,219,217,181,190,156,134,118,226,anopheles_isodore_f_l_770df4734059.png,anopheles_isodore_f_l_770df4734059.tif,Anopheles_coluzzii
,/Users/kristophernolte/Documents/ITHILDIN_evaluation/reference/reference_finalselection/anopheles_isodore_f_l_885825e2ba3c.png,Repaired,1084,left,Anopheles_coluzzii,0.99,840,87,50,33,44,95,194,301,449,752,624,600,538,528,550,369,398,83,99,132,167,210,245,283,307,340,188,184,159,169,143,120,110,200,anopheles_isodore_f_l_885825e2ba3c.png,anopheles_isodore_f_l_885825e2ba3c.tif,Anopheles_coluzzii
,/Users/kristophernolte/Documents/ITHILDIN_evaluation/reference/reference_finalselection/anopheles_isodore_f_l_8a8c2e464500.png,Repaired,1262,left,Anopheles_coluzzii,0.98,963,91,55,36,50,114,220,342,508,852,751,744,602,609,646,441,429,124,131,160,200,246,289,333,367,406,239,223,200,216,179,156,147,255,anopheles_isodore_f_l_8a8c2e464500.png,anopheles_isodore_f_l_8a8c2e464500.tif,Anopheles_coluzzii
,/Users/kristophernolte/Documents/ITHILDIN_evaluation/reference/reference_finalselection/anopheles_isodore_f_l_ae95ac188e5c.png,Repaired,1210,left,Anopheles_coluzzii,0.99,962,97,73,46,66,126,213,320,493,842,736,664,604,607,607,426,440,117,128,155,200,244,282,318,349,382,229,213,193,200,164,151,144,237,anopheles_isodore_f_l_ae95ac188e5c.png,anopheles_isodore_f_l_ae95ac188e5c.tif,Anopheles_coluzzii
,/Users/kristophernolte/Documents/ITHILDIN_evaluation/reference/reference_finalselection/anopheles_isodore_f_l_c180e91934ca.png,Repaired,1170,right,Anopheles_coluzzii,0.99,852,52,15,0,9,71,154,249,424,758,651,640,544,536,566,349,360,98,98,132,171,207,250,286,316,353,207,194,166,175,147,126,115,211,anopheles_isodore_f_l_c180e91934ca.png,anopheles_isodore_f_l_c180e91934ca.tif,Anopheles_coluzzii
,/Users/kristophernolte/Documents/ITHILDIN_evaluation/reference/reference_finalselection/anopheles_isodore_f_l_c66b78897f0f.png,Repaired,1163,right,Anopheles_coluzzii,0.97,852,43,9,0,11,62,156,259,422,751,647,597,551,525,555,346,372,106,99,134,175,228,256,295,329,370,214,200,177,180,152,129,120,217,anopheles_isodore_f_l_c66b78897f0f.png,anopheles_isodore_f_l_c66b78897f0f.tif,Anopheles_coluzzii
,/Users/kristophernolte/Documents/ITHILDIN_evaluation/reference/reference_finalselection/anopheles_isodore_f_l_db0cceb0310c.png,Repaired,1247,left,Anopheles_coluzzii,0.98,980,127,82,49,70,136,224,323,506,881,733,714,669,624,653,443,455,218,175,213,255,300,347,387,427,477,333,317,281,284,255,234,215,319,anopheles_isodore_f_l_db0cceb0310c.png,anopheles_isodore_f_l_db0cceb0310c.tif,Anopheles_coluzzii
,/Users/kristophernolte/Documents/ITHILDIN_evaluation/reference/reference_finalselection/anopheles_isodore_f_l_f181068747b4.png,Repaired,1230,left,Anopheles_coluzzii,0.99,920,95,53,31,44,95,195,317,478,818,733,725,605,609,631,425,419,92,96,129,176,211,249,293,324,362,211,196,169,182,151,127,118,225,anopheles_isodore_f_l_f181068747b4.png,anopheles_isodore_f_l_f181068747b4.tif,Anopheles_coluzzii
,/Users/kristophernolte/Documents/ITHILDIN_evaluation/reference/reference_finalselection/anopheles_isodore_f_l_f73dfaba8d0e.png,Repaired,1123,left,Anopheles_coluzzii,0.99,851,130,111,79,93,153,254,368,517,844,732,699,629,617,631,431,440,95,109,130,172,221,254,291,321,359,219,200,177,181,153,132,123,216,anopheles_isodore_f_l_f73dfaba8d0e.png,anopheles_isodore_f_l_f73dfaba8d0e.tif,Anopheles_coluzzii
,/Users/kristophernolte/Documents/ITHILDIN_evaluation/reference/reference_finalselection/anopheles_isodore_f_l_fbba06a38c85.png,Repaired,1320,left,Anopheles_coluzzii,0.99,1008,107,59,35,50,109,212,336,517,889,765,751,689,646,670,443,438,94,98,139,184,227,265,313,342,382,213,201,175,180,153,127,120,230,anopheles_isodore_f_l_fbba06a38c85.png,anopheles_isodore_f_l_fbba06a38c85.tif,Anopheles_coluzzii
,/Users/kristophernolte/Documents/ITHILDIN_evaluation/reference/reference_finalselection/anopheles_isodore_f_l_fca19b626ab2.png,Repaired,1219,left,Anopheles_coluzzii,0.99,966,127,81,58,68,131,206,331,505,848,707,748,623,610,623,419,444,87,87,128,171,214,252,289,325,368,205,207,171,182,150,123,119,218,anopheles_isodore_f_l_fca19b626ab2.png,anopheles_isodore_f_l_fca19b626ab2.tif,Anopheles_coluzzii
,/Users/kristophernolte/Documents/ITHILDIN_evaluation/reference/reference_finalselection/anopheles_isodore_f_r_0373a59f0b43.png,Repaired,1228,right,Anopheles_coluzzii,0.99,899,54,19,0,12,71,167,279,446,814,671,644,571,573,593,380,402,98,90,122,171,213,254,296,335,377,218,210,176,186,151,132,117,218,anopheles_isodore_f_r_0373a59f0b43.png,anopheles_isodore_f_r_0373a59f0b43.tif,Anopheles_coluzzii
,/Users/kristophernolte/Documents/ITHILDIN_evaluation/reference/reference_finalselection/anopheles_isodore_f_r_0a42eac55dfe.png,Repaired,1220,right,Anopheles_coluzzii,0.98,823,65,14,0,10,65,157,285,462,793,692,674,626,584,616,375,384,91,89,128,163,213,252,291,324,360,202,188,163,167,142,119,112,213,anopheles_isodore_f_r_0a42eac55dfe.png,anopheles_isodore_f_r_0a42eac55dfe.tif,Anopheles_coluzzii
,/Users/kristophernolte/Documents/ITHILDIN_evaluation/reference/reference_finalselection/anopheles_isodore_f_r_0b8c2aa3d7ac.png,Repaired,1078,right,Anopheles_coluzzii,0.99,745,46,19,0,13,66,157,262,407,710,621,617,514,499,526,341,355,83,93,124,165,209,238,275,302,332,200,178,159,168,141,116,108,200,anopheles_isodore_f_r_0b8c2aa3d7ac.png,anopheles_isodore_f_r_0b8c2aa3d7ac.tif,Anopheles_coluzzii
,/Users/kristophernolte/Documents/ITHILDIN_evaluation/reference/reference_finalselection/anopheles_isodore_f_r_0eb1b7def527.png,Repaired,1182,left,Anopheles_coluzzii,0.97,887,111,62,40,51,113,210,315,484,826,733,668,596,585,601,429,438,98,75,111,158,201,243,288,324,366,219,194,172,178,149,122,111,216,anopheles_isodore_f_r_0eb1b7def527.png,anopheles_isodore_f_r_0eb1b7def527.tif,Anopheles_coluzzii
,/Users/kristophernolte/Documents/ITHILDIN_evaluation/reference/reference_finalselection/anopheles_isodore_f_r_23960b887a14.png,Repaired,1127,right,Anopheles_coluzzii,0.99,827,58,14,0,9,67,146,263,417,727,624,613,527,524,536,335,368,99,89,124,164,215,245,278,313,350,206,197,169,178,148,124,115,208,anopheles_isodore_f_r_23960b887a14.png,anopheles_isodore_f_r_23960b887a14.tif,Anopheles_coluzzii
,/Users/kristophernolte/Documents/ITHILDIN_evaluation/reference/reference_finalselection/anopheles_isodore_f_r_6fd157f0bbc5.png,Repaired,1167,right,Anopheles_coluzzii,0.98,855,57,18,0,9,70,152,276,432,751,659,644,549,538,555,343,369,82,88,123,160,203,240,277,307,342,190,184,158,166,140,119,108,205,anopheles_isodore_f_r_6fd157f0bbc5.png,anopheles_isodore_f_r_6fd157f0bbc5.tif,Anopheles_coluzzii
,/Users/kristophernolte/Documents/ITHILDIN_evaluation/reference/reference_finalselection/anopheles_isodore_f_r_732d794ad4a2.png,Repaired,1082,right,Anopheles_coluzzii,0.99,785,32,17,0,15,58,145,245,399,700,616,572,490,499,514,340,349,85,105,124,163,211,241,278,306,337,191,185,161,174,142,118,111,202,anopheles_isodore_f_r_732d794ad4a2.png,anopheles_isodore_f_r_732d794ad4a2.tif,Anopheles_coluzzii
,/Users/kristophernolte/Documents/ITHILDIN_evaluation/reference/reference_finalselection/anopheles_isodore_f_r_8eed8ba566d2.png,Repaired,1232,left,Anopheles_coluzzii,0.98,969,135,96,69,71,122,227,343,518,861,743,725,663,647,660,446,467,97,81,113,155,206,240,291,328,362,208,196,169,171,146,125,109,210,anopheles_isodore_f_r_8eed8ba566d2.png,anopheles_isodore_f_r_8eed8ba566d2.tif,Anopheles_coluzzii
,/Users/kristophernolte/Documents/ITHILDIN_evaluation/reference/reference_finalselection/anopheles_isodore_f_r_952f2389ba7b.png,Repaired,1294,right,Anopheles_coluzzii,0.85,950,72,27,0,17,76,173,301,470,834,733,718,626,612,626,398,413,142,142,175,222,270,305,348,379,416,255,241,217,225,196,175,163,267,anopheles_isodore_f_r_952f2389ba7b.png,anopheles_isodore_f_r_952f2389ba7b.tif,Anopheles_coluzzii
,/Users/kristophernolte/Documents/ITHILDIN_evaluation/reference/reference_finalselection/anopheles_isodore_f_r_95531a673564.png,Repaired,1206,right,Anopheles_coluzzii,0.99,868,66,19,0,7,73,169,259,451,799,647,651,560,576,600,350,374,135,99,132,168,219,266,311,349,393,250,238,205,210,175,158,132,245,anopheles_isodore_f_r_95531a673564.png,anopheles_isodore_f_r_95531a673564.tif,Anopheles_coluzzii
,/Users/kristophernolte/Documents/ITHILDIN_evaluation/reference/reference_finalselection/anopheles_isodore_f_r_9786f21f6417.png,Repaired,1313,left,Anopheles_coluzzii,0.99,1006,94,61,38,61,115,205,333,528,895,798,728,636,649,664,456,462,107,112,146,189,243,274,313,346,385,233,207,184,195,159,138,120,233,anopheles_isodore_f_r_9786f21f6417.png,anopheles_isodore_f_r_9786f21f6417.tif,Anopheles_coluzzii
,/Users/kristophernolte/Documents/ITHILDIN_evaluation/reference/reference_finalselection/anopheles_isodore_f_r_9b3e3eb0ccf4.png,Repaired,1318,right,Anopheles_coluzzii,0.98,941,59,22,0,17,79,195,303,490,870,751,739,623,613,636,421,424,103,110,147,189,239,276,322,352,391,226,204,179,189,157,138,125,236,anopheles_isodore_f_r_9b3e3eb0ccf4.png,anopheles_isodore_f_r_9b3e3eb0ccf4.tif,Anopheles_coluzzii
,/Users/kristophernolte/Documents/ITHILDIN_evaluation/reference/reference_finalselection/anopheles_isodore_f_r_ab778719fe9e.png,Repaired,1232,left,Anopheles_coluzzii,0.99,947,113,66,37,56,108,201,319,499,822,722,713,675,616,623,419,433,117,91,124,169,223,257,299,332,373,235,209,185,183,159,138,122,221,anopheles_isodore_f_r_ab778719fe9e.png,anopheles_isodore_f_r_ab778719fe9e.tif,Anopheles_coluzzii
,/Users/kristophernolte/Documents/ITHILDIN_evaluation/reference/reference_finalselection/anopheles_isodore_f_r_b0c09eddaa35.png,Repaired,1059,right,Anopheles_coluzzii,0.98,742,61,19,0,15,69,147,251,397,698,606,579,529,514,523,341,335,110,83,119,156,198,234,269,305,340,211,192,171,173,150,131,117,206,anopheles_isodore_f_r_b0c09eddaa35.png,anopheles_isodore_f_r_b0c09eddaa35.tif,Anopheles_coluzzii
,/Users/kristophernolte/Documents/ITHILDIN_evaluation/reference/reference_finalselection/anopheles_isodore_f_r_b40a340b0860.png,Repaired,1092,right,Anopheles_coluzzii,0.98,794,65,21,0,11,67,155,243,401,706,590,586,542,532,554,347,341,91,75,109,149,187,227,267,295,333,193,189,161,163,137,117,105,197,anopheles_isodore_f_r_b40a340b0860.png,anopheles_isodore_f_r_b40a340b0860.tif,Anopheles_coluzzii
,/Users/kristophernolte/Documents/ITHILDIN_evaluation/reference/reference_finalselection/anopheles_isodore_f_r_b5a510ca6125.png,Repaired,1227,left,Anopheles_coluzzii,0.97,970,116,72,46,60,126,223,343,508,858,703,700,615,620,649,450,447,109,94,128,172,223,260,304,340,379,221,221,182,194,160,133,121,228,anopheles_isodore_f_r_b5a510ca6125.png,anopheles_isodore_f_r_b5a510ca6125.tif,Anopheles_coluzzii
,/Users/kristophernolte/Documents/ITHILDIN_evaluation/reference/reference_finalselection/anopheles_isodore_f_r_b90cb5a671f1.png,Repaired,1181,left,Anopheles_coluzzii,0.99,898,110,72,46,57,105,185,297,462,808,676,680,623,614,645,420,420,113,93,126,164,210,247,289,324,368,221,216,186,186,159,142,124,223,anopheles_isodore_f_r_b90cb5a671f1.png,anopheles_isodore_f_r_b90cb5a671f1.tif,Anopheles_coluzzii
,/Users/kristophernolte/Documents/ITHILDIN_evaluation/reference/reference_finalselection/anopheles_isodore_f_r_c2e4f251e379.png,Repaired,1169,left,Anopheles_coluzzii,0.98,905,87,53,34,55,120,207,311,494,815,674,658,575,570,598,399,418,91,105,142,181,223,257,294,329,363,206,204,172,183,151,125,116,218,anopheles_isodore_f_r_c2e4f251e379.png,anopheles_isodore_f_r_c2e4f251e379.tif,Anopheles_coluzzii
,/Users/kristophernolte/Documents/ITHILDIN_evaluation/reference/reference_finalselection/anopheles_isodore_f_r_de9553e2d39d.png,Repaired,1145,left,Anopheles_coluzzii,0.99,919,119,84,65,75,134,232,331,505,819,678,676,604,598,622,440,433,112,99,130,171,210,247,288,316,353,214,208,175,184,156,132,114,216,anopheles_isodore_f_r_de9553e2d39d.png,anopheles_isodore_f_r_de9553e2d39d.tif,Anopheles_coluzzii
,/Users/kristophernolte/Documents/ITHILDIN_evaluation/reference/reference_finalselection/anopheles_isodore_f_r_e763b67aee85.png,Repaired,1274,right,Anopheles_coluzzii,0.99,920,54,16,0,16,58,171,281,470,823,760,652,594,585,594,378,403,102,106,145,187,232,266,313,345,381,214,201,181,187,158,133,124,228,anopheles_isodore_f_r_e763b67aee85.png,anopheles_isodore_f_r_e763b67aee85.tif,Anopheles_coluzzii
,/Users/kristophernolte/Documents/ITHILDIN_evaluation/reference/reference_finalselection/anopheles_isodore_f_r_f8ce5c50ef88.png,Repaired,1162,left,Anopheles_coluzzii,0.99,846,89,58,35,47,94,197,310,469,808,680,671,599,593,611,406,433,104,84,113,156,196,234,279,317,358,212,203,174,178,151,129,111,205,anopheles_isodore_f_r_f8ce5c50ef88.png,anopheles_isodore_f_r_f8ce5c50ef88.tif,Anopheles_coluzzii
,/Users/kristophernolte/Documents/ITHILDIN_evaluation/reference/reference_finalselection/anopheles_landmark-mosquito-identification_f_r_27a7a55b7afd.png,Repaired,1970,right,Anopheles_claviger-petragnani-pair,0.99,1380,71,22,0,3,82,221,416,716,1298,1005,1005,982,979,1005,660,574,133,118,170,223,286,339,403,463,527,294,294,249,249,211,174,151,313,anopheles_landmark-mosquito-identification_f_r_27a7a55b7afd.png,anopheles_landmark-mosquito-identification_f_r_27a7a55b7afd.tif,Anopheles_claviger-petragnani-pair
,/Users/kristophernolte/Documents/ITHILDIN_evaluation/reference/reference_finalselection/anopheles_landmark-mosquito-identification_f_r_2a2df7770a81.png,Repaired,1541,right,Anopheles_claviger-petragnani-pair,0.93,1075,78,21,0,12,58,165,310,556,993,808,802,785,785,791,487,432,121,104,150,194,240,277,327,373,434,254,243,217,214,182,159,136,260,anopheles_landmark-mosquito-identification_f_r_2a2df7770a81.png,anopheles_landmark-mosquito-identification_f_r_2a2df7770a81.tif,Anopheles_claviger-petragnani-pair
,/Users/kristophernolte/Documents/ITHILDIN_evaluation/reference/reference_finalselection/anopheles_landmark-mosquito-identification_f_r_32ed3d9202eb.png,Repaired,1565,right,Anopheles_claviger-petragnani-pair,0.96,1081,38,18,0,21,82,189,340,593,1020,819,819,796,787,819,506,453,114,135,167,213,262,300,349,396,431,248,239,213,213,178,146,137,268,anopheles_landmark-mosquito-identification_f_r_32ed3d9202eb.png,anopheles_landmark-mosquito-identification_f_r_32ed3d9202eb.tif,Anopheles_claviger-petragnani-pair
,/Users/kristophernolte/Documents/ITHILDIN_evaluation/reference/reference_finalselection/anopheles_landmark-mosquito-identification_f_r_58d73ef500ad.png,Repaired,1874,right,Anopheles_claviger-petragnani-pair,0.98,1307,97,19,0,11,78,216,387,674,1236,983,979,946,931,946,596,510,122,115,178,227,275,331,398,450,506,286,282,241,245,204,174,152,312,anopheles_landmark-mosquito-identification_f_r_58d73ef500ad.png,anopheles_landmark-mosquito-identification_f_r_58d73ef500ad.tif,Anopheles_claviger-petragnani-pair
,/Users/kristophernolte/Documents/ITHILDIN_evaluation/reference/reference_finalselection/anopheles_landmark-mosquito-identification_f_r_8b8561a10127.png,Repaired,1476,right,Anopheles_claviger-petragnani-pair,0.97,1037,59,22,0,6,56,162,315,535,956,777,764,738,730,758,465,415,98,98,132,171,218,257,305,344,391,224,215,185,185,154,123,112,238,anopheles_landmark-mosquito-identification_f_r_8b8561a10127.png,anopheles_landmark-mosquito-identification_f_r_8b8561a10127.tif,Anopheles_claviger-petragnani-pair
,/Users/kristophernolte/Documents/ITHILDIN_evaluation/reference/reference_finalselection/anopheles_landmark-mosquito-identification_f_r_93f5ae1a059f.png,Repaired,1659,right,Anopheles_claviger-petragnani-pair,0.99,1148,57,20,0,17,80,176,355,604,1092,863,856,840,840,876,544,481,104,111,147,197,240,283,323,373,423,250,243,207,207,170,137,121,253,anopheles_landmark-mosquito-identification_f_r_93f5ae1a059f.png,anopheles_landmark-mosquito-identification_f_r_93f5ae1a059f.tif,Anopheles_claviger-petragnani-pair
,/Users/kristophernolte/Documents/ITHILDIN_evaluation/reference/reference_finalselection/anopheles_landmark-mosquito-identification_f_r_f6fe6066ec72.png,Repaired,1921,right,Anopheles_claviger-petragnani-pair,0.99,1351,88,27,0,0,73,224,420,725,1235,1003,999,972,965,984,625,540,129,117,167,218,272,326,395,453,511,299,291,252,248,206,171,148,314,anopheles_landmark-mosquito-identification_f_r_f6fe6066ec72.png,anopheles_landmark-mosquito-identification_f_r_f6fe6066ec72.tif,Anopheles_claviger-petragnani-pair
,/Users/kristophernolte/Documents/ITHILDIN_evaluation/reference/reference_finalselection/anopheles_latvian-mosquito-collection_f_l_2ca69c1057bb.png,Repaired,1635,left,Anopheles_claviger-petragnani-pair,0.92,1156,118,68,43,49,115,220,388,671,1113,920,910,858,858,895,550,500,104,110,150,194,247,293,340,383,430,250,244,209,212,172,138,116,265,anopheles_latvian-mosquito-collection_f_l_2ca69c1057bb.png,anopheles_latvian-mosquito-collection_f_l_2ca69c1057bb.tif,Anopheles_claviger-petragnani-pair
,/Users/kristophernolte/Documents/ITHILDIN_evaluation/reference/reference_finalselection/anopheles_latvian-mosquito-collection_f_l_9273ea10eaa9.png,Repaired,1684,left,Anopheles_claviger-petragnani-pair,0.94,1209,117,79,50,67,126,241,423,667,1156,944,941,903,900,926,606,529,130,107,145,195,245,289,342,395,463,283,257,227,225,189,157,136,278,anopheles_latvian-mosquito-collection_f_l_9273ea10eaa9.png,anopheles_latvian-mosquito-collection_f_l_9273ea10eaa9.tif,Anopheles_claviger-petragnani-pair
,/Users/kristophernolte/Documents/ITHILDIN_evaluation/reference/reference_finalselection/anopheles_latvian-mosquito-collection_f_r_194fe22e8680.png,Repaired,2290,right,Anopheles_maculipennis s.l.,0.98,1688,66,22,0,26,128,297,528,888,1528,1150,1137,1097,1097,1110,702,648,191,173,226,297,364,439,533,608,693,417,413,359,351,293,235,208,422,anopheles_latvian-mosquito-collection_f_r_194fe22e8680.png,anopheles_latvian-mosquito-collection_f_r_194fe22e8680.tif,Anopheles_maculipennis s.l.
,/Users/kristophernolte/Documents/ITHILDIN_evaluation/reference/reference_finalselection/anopheles_latvian-mosquito-collection_f_r_268daaa2eff1.png,Repaired,1740,right,Anopheles_maculipennis s.l.,0.94,1293,66,14,0,31,100,217,396,683,1144,889,889,831,831,841,531,514,141,127,179,227,286,334,396,461,523,299,289,261,255,213,165,144,313,anopheles_latvian-mosquito-collection_f_r_268daaa2eff1.png,anopheles_latvian-mosquito-collection_f_r_268daaa2eff1.tif,Anopheles_maculipennis s.l.
,/Users/kristophernolte/Documents/ITHILDIN_evaluation/reference/reference_finalselection/anopheles_latvian-mosquito-collection_f_r_daa344adb817.png,Repaired,2068,right,Anopheles_maculipennis s.l.,0.97,1507,55,15,0,33,107,252,459,837,1378,1048,1041,989,974,1015,607,596,125,174,229,285,344,396,463,526,581,333,325,281,274,229,177,170,351,anopheles_latvian-mosquito-collection_f_r_daa344adb817.png,anopheles_latvian-mosquito-collection_f_r_daa344adb817.tif,Anopheles_maculipennis s.l.
,/Users/kristophernolte/Documents/ITHILDIN_evaluation/reference/reference_finalselection/anopheles_moldova-mosquito-collection_f_r_00758a99782e.png,Repaired,1658,right,Anopheles_maculipennis s.l.,0.97,1199,64,12,0,27,98,210,384,662,1101,857,842,805,793,820,482,494,114,135,196,251,297,346,401,446,507,294,297,251,251,205,160,157,312,anopheles_moldova-mosquito-collection_f_r_00758a99782e.png,anopheles_moldova-mosquito-collection_f_r_00758a99782e.tif,Anopheles_maculipennis s.l.
,/Users/kristophernolte/Documents/ITHILDIN_evaluation/reference/reference_finalselection/anopheles_moldova-mosquito-collection_f_r_04ab2c0518ba.png,Repaired,1368,right,Anopheles_maculipennis s.l.,0.99,965,54,16,0,14,73,176,317,551,906,713,694,659,648,683,418,396,109,112,153,204,253,302,353,397,448,269,264,223,229,185,145,136,286,anopheles_moldova-mosquito-collection_f_r_04ab2c0518ba.png,anopheles_moldova-mosquito-collection_f_r_04ab2c0518ba.tif,Anopheles_maculipennis s.l.
,/Users/kristophernolte/Documents/ITHILDIN_evaluation/reference/reference_finalselection/anopheles_moldova-mosquito-collection_f_r_0527e7dd6c69.png,Repaired,1502,right,Anopheles_maculipennis s.l.,0.98,1070,44,17,0,23,94,199,354,612,999,771,759,741,733,765,463,457,115,136,174,218,265,309,359,414,470,282,277,241,241,194,153,142,282,anopheles_moldova-mosquito-collection_f_r_0527e7dd6c69.png,anopheles_moldova-mosquito-collection_f_r_0527e7dd6c69.tif,Anopheles_maculipennis s.l.
,/Users/kristophernolte/Documents/ITHILDIN_evaluation/reference/reference_finalselection/anopheles_moldova-mosquito-collection_f_r_078ff76587da.png,Repaired,1469,right,Anopheles_maculipennis s.l.,0.98,1046,77,24,0,21,88,192,351,586,981,778,772,728,713,746,463,445,114,85,138,185,229,279,332,383,444,265,262,221,226,179,147,129,274,anopheles_moldova-mosquito-collection_f_r_078ff76587da.png,anopheles_moldova-mosquito-collection_f_r_078ff76587da.tif,Anopheles_maculipennis s.l.
,/Users/kristophernolte/Documents/ITHILDIN_evaluation/reference/reference_finalselection/anopheles_moldova-mosquito-collection_f_r_0b31e43c787f.png,Repaired,1440,right,Anopheles_maculipennis s.l.,0.99,1043,45,19,0,25,85,182,322,570,946,758,741,689,681,715,438,401,142,111,153,196,245,293,344,399,456,296,273,239,239,196,159,139,282,anopheles_moldova-mosquito-collection_f_r_0b31e43c787f.png,anopheles_moldova-mosquito-collection_f_r_0b31e43c787f.tif,Anopheles_maculipennis s.l.
,/Users/kristophernolte/Documents/ITHILDIN_evaluation/reference/reference_finalselection/anopheles_moldova-mosquito-collection_f_r_1cad89c2199e.png,Repaired,1308,right,Anopheles_maculipennis s.l.,0.94,944,51,13,0,18,67,158,290,516,874,651,648,627,624,648,363,387,107,110,153,199,247,282,328,365,425,255,247,212,212,172,134,129,252,anopheles_moldova-mosquito-collection_f_r_1cad89c2199e.png,anopheles_moldova-mosquito-collection_f_r_1cad89c2199e.tif,Anopheles_maculipennis s.l.
,/Users/kristophernolte/Documents/ITHILDIN_evaluation/reference/reference_finalselection/anopheles_moldova-mosquito-collection_f_r_2452ce25f125.png,Repaired,1748,right,Anopheles_maculipennis s.l.,0.99,1264,69,27,0,20,86,227,398,685,1142,908,895,852,843,882,533,517,148,138,184,240,299,358,421,477,536,332,315,273,276,230,184,164,332,anopheles_moldova-mosquito-collection_f_r_2452ce25f125.png,anopheles_moldova-mosquito-collection_f_r_2452ce25f125.tif,Anopheles_maculipennis s.l.
,/Users/kristophernolte/Documents/ITHILDIN_evaluation/reference/reference_finalselection/anopheles_moldova-mosquito-collection_f_r_33e90beee5d5.png,Repaired,1393,right,Anopheles_maculipennis s.l.,0.98,1030,60,15,0,32,83,172,334,551,919,728,719,660,660,699,431,420,106,101,146,186,243,278,323,369,415,249,246,206,212,172,138,126,255,anopheles_moldova-mosquito-collection_f_r_33e90beee5d5.png,anopheles_moldova-mosquito-collection_f_r_33e90beee5d5.tif,Anopheles_maculipennis s.l.
,/Users/kristophernolte/Documents/ITHILDIN_evaluation/reference/reference_finalselection/anopheles_moldova-mosquito-collection_f_r_49c3af0f1cc8.png,Repaired,1597,right,Anopheles_maculipennis s.l.,0.97,1124,68,18,0,21,80,208,360,640,1053,838,823,792,779,810,490,450,124,121,167,217,264,313,375,425,496,291,279,248,248,205,161,149,304,anopheles_moldova-mosquito-collection_f_r_49c3af0f1cc8.png,anopheles_moldova-mosquito-collection_f_r_49c3af0f1cc8.tif,Anopheles_maculipennis s.l.
,/Users/kristophernolte/Documents/ITHILDIN_evaluation/reference/reference_finalselection/anopheles_moldova-mosquito-collection_f_r_715e8a57473b.png,Repaired,1669,right,Anopheles_maculipennis s.l.,0.97,1212,63,17,0,27,95,230,384,659,1107,862,845,809,803,829,508,505,131,140,189,242,294,343,406,465,533,314,311,265,271,216,176,163,324,anopheles_moldova-mosquito-collection_f_r_715e8a57473b.png,anopheles_moldova-mosquito-collection_f_r_715e8a57473b.tif,Anopheles_maculipennis s.l.
,/Users/kristophernolte/Documents/ITHILDIN_evaluation/reference/reference_finalselection/anopheles_moldova-mosquito-collection_f_r_791b9aa1a1a4.png,Repaired,1726,right,Anopheles_maculipennis s.l.,0.99,1227,58,16,0,26,93,212,395,671,1134,890,877,851,838,874,527,527,125,144,189,244,301,350,407,468,530,311,305,256,256,205,160,157,321,anopheles_moldova-mosquito-collection_f_r_791b9aa1a1a4.png,anopheles_moldova-mosquito-collection_f_r_791b9aa1a1a4.tif,Anopheles_maculipennis s.l.
,/Users/kristophernolte/Documents/ITHILDIN_evaluation/reference/reference_finalselection/anopheles_moldova-mosquito-collection_f_r_7deceebb6195.png,Repaired,1426,right,Anopheles_maculipennis s.l.,0.98,1020,49,11,0,29,101,199,338,575,965,745,739,710,708,705,476,439,96,140,186,223,261,301,339,377,423,244,247,212,206,174,140,131,264,anopheles_moldova-mosquito-collection_f_r_7deceebb6195.png,anopheles_moldova-mosquito-collection_f_r_7deceebb6195.tif,Anopheles_maculipennis s.l.
,/Users/kristophernolte/Documents/ITHILDIN_evaluation/reference/reference_finalselection/anopheles_moldova-mosquito-collection_f_r_7e0f94856d3d.png,Repaired,1778,right,Anopheles_maculipennis s.l.,0.97,1283,55,24,0,17,89,215,392,679,1167,908,897,853,867,894,556,519,127,131,172,237,284,339,404,462,523,312,305,261,261,206,165,151,315,anopheles_moldova-mosquito-collection_f_r_7e0f94856d3d.png,anopheles_moldova-mosquito-collection_f_r_7e0f94856d3d.tif,Anopheles_maculipennis s.l.
,/Users/kristophernolte/Documents/ITHILDIN_evaluation/reference/reference_finalselection/anopheles_moldova-mosquito-collection_f_r_9743b2536e51.png,Repaired,1326,right,Anopheles_maculipennis s.l.,0.99,961,48,6,0,32,91,187,315,545,878,681,676,660,652,681,409,385,114,104,146,186,232,269,314,354,405,258,242,208,210,173,141,122,253,anopheles_moldova-mosquito-collection_f_r_9743b2536e51.png,anopheles_moldova-mosquito-collection_f_r_9743b2536e51.tif,Anopheles_maculipennis s.l.
,/Users/kristophernolte/Documents/ITHILDIN_evaluation/reference/reference_finalselection/anopheles_moldova-mosquito-collection_f_r_9b848ef0395b.png,Repaired,1566,right,Anopheles_maculipennis s.l.,0.98,1129,61,12,0,25,86,206,387,647,1025,816,807,764,761,776,503,485,116,104,156,202,254,300,365,420,478,291,282,245,242,196,159,138,285,anopheles_moldova-mosquito-collection_f_r_9b848ef0395b.png,anopheles_moldova-mosquito-collection_f_r_9b848ef0395b.tif,Anopheles_maculipennis s.l.
,/Users/kristophernolte/Documents/ITHILDIN_evaluation/reference/reference_finalselection/anopheles_moldova-mosquito-collection_f_r_9e5b13589c8f.png,Repaired,1757,right,Anopheles_maculipennis s.l.,0.99,1260,73,21,0,28,97,235,439,715,1194,904,898,839,839,856,556,573,108,129,191,246,308,360,419,481,543,315,312,267,263,208,163,150,315,anopheles_moldova-mosquito-collection_f_r_9e5b13589c8f.png,anopheles_moldova-mosquito-collection_f_r_9e5b13589c8f.tif,Anopheles_maculipennis s.l.
,/Users/kristophernolte/Documents/ITHILDIN_evaluation/reference/reference_finalselection/anopheles_moldova-mosquito-collection_f_r_a2432267e472.png,Repaired,1409,right,Anopheles_maculipennis s.l.,0.98,1024,38,8,0,14,66,170,299,552,931,706,700,656,651,681,412,409,135,144,182,226,270,319,374,421,470,286,278,245,243,204,174,160,297,anopheles_moldova-mosquito-collection_f_r_a2432267e472.png,anopheles_moldova-mosquito-collection_f_r_a2432267e472.tif,Anopheles_maculipennis s.l.
,/Users/kristophernolte/Documents/ITHILDIN_evaluation/reference/reference_finalselection/anopheles_moldova-mosquito-collection_f_r_a7097ee129de.png,Repaired,1666,right,Anopheles_maculipennis s.l.,0.95,1209,86,23,0,23,83,241,406,674,1107,869,852,819,799,832,509,529,130,120,176,229,289,338,408,457,520,308,308,265,269,216,176,156,315,anopheles_moldova-mosquito-collection_f_r_a7097ee129de.png,anopheles_moldova-mosquito-collection_f_r_a7097ee129de.tif,Anopheles_maculipennis s.l.
,/Users/kristophernolte/Documents/ITHILDIN_evaluation/reference/reference_finalselection/anopheles_moldova-mosquito-collection_f_r_ba62807e20be.png,Repaired,1570,right,Anopheles_maculipennis s.l.,0.99,1125,31,12,0,22,90,199,368,633,1050,791,779,757,745,788,446,446,115,146,177,221,277,320,370,420,476,283,277,233,236,190,146,140,292,anopheles_moldova-mosquito-collection_f_r_ba62807e20be.png,anopheles_moldova-mosquito-collection_f_r_ba62807e20be.tif,Anopheles_maculipennis s.l.
,/Users/kristophernolte/Documents/ITHILDIN_evaluation/reference/reference_finalselection/anopheles_moldova-mosquito-collection_f_r_bc77eb3d4f55.png,Repaired,1367,right,Anopheles_maculipennis s.l.,0.95,986,30,8,0,13,65,165,303,521,892,692,681,657,648,681,427,416,108,129,159,202,245,289,337,378,426,264,256,216,218,181,143,135,259,anopheles_moldova-mosquito-collection_f_r_bc77eb3d4f55.png,anopheles_moldova-mosquito-collection_f_r_bc77eb3d4f55.tif,Anopheles_maculipennis s.l.
,/Users/kristophernolte/Documents/ITHILDIN_evaluation/reference/reference_finalselection/anopheles_moldova-mosquito-collection_f_r_c43059082f81.png,Repaired,1593,right,Anopheles_maculipennis s.l.,0.99,1144,62,23,0,36,88,214,370,639,1066,836,817,788,775,797,502,486,131,118,163,221,273,315,374,426,484,283,280,241,247,202,157,140,293,anopheles_moldova-mosquito-collection_f_r_c43059082f81.png,anopheles_moldova-mosquito-collection_f_r_c43059082f81.tif,Anopheles_maculipennis s.l.
,/Users/kristophernolte/Documents/ITHILDIN_evaluation/reference/reference_finalselection/anopheles_moldova-mosquito-collection_f_r_ca8dc436690c.png,Repaired,1732,right,Anopheles_maculipennis s.l.,0.98,1232,35,10,0,25,92,213,401,699,1139,891,880,838,820,880,571,518,142,170,213,266,319,369,422,468,529,316,312,266,273,223,177,163,330,anopheles_moldova-mosquito-collection_f_r_ca8dc436690c.png,anopheles_moldova-mosquito-collection_f_r_ca8dc436690c.tif,Anopheles_maculipennis s.l.
,/Users/kristophernolte/Documents/ITHILDIN_evaluation/reference/reference_finalselection/anopheles_moldova-mosquito-collection_f_r_dc12dd122beb.png,Repaired,1387,right,Anopheles_maculipennis s.l.,0.98,985,31,14,0,25,84,199,328,564,926,719,713,682,671,699,421,413,110,138,166,211,256,298,340,380,427,259,253,214,217,181,138,127,265,anopheles_moldova-mosquito-collection_f_r_dc12dd122beb.png,anopheles_moldova-mosquito-collection_f_r_dc12dd122beb.tif,Anopheles_maculipennis s.l.
,/Users/kristophernolte/Documents/ITHILDIN_evaluation/reference/reference_finalselection/anopheles_moldova-mosquito-collection_f_r_eb2aefe352d4.png,Repaired,1385,right,Anopheles_maculipennis s.l.,0.95,984,31,12,0,9,62,165,304,530,904,708,703,664,650,672,419,399,128,119,150,197,245,292,354,404,448,273,267,228,234,195,156,142,281,anopheles_moldova-mosquito-collection_f_r_eb2aefe352d4.png,anopheles_moldova-mosquito-collection_f_r_eb2aefe352d4.tif,Anopheles_maculipennis s.l.
,/Users/kristophernolte/Documents/ITHILDIN_evaluation/reference/reference_finalselection/anopheles_mosquito-collection-brazil_f_l_02aaffe3fdec.png,Repaired,1208,left,Anopheles_darlingi,0.98,909,99,56,31,47,87,195,319,529,824,686,655,592,583,610,421,378,103,103,148,200,243,281,326,369,391,222,213,186,193,155,121,108,243,anopheles_mosquito-collection-brazil_f_l_02aaffe3fdec.png,anopheles_mosquito-collection-brazil_f_l_02aaffe3fdec.tif,Anopheles_darlingi
,/Users/kristophernolte/Documents/ITHILDIN_evaluation/reference/reference_finalselection/anopheles_mosquito-collection-brazil_f_l_09aae2d9b311.png,Repaired,1561,left,Anopheles_aquasalis,0.99,1146,100,62,38,44,115,239,428,656,1072,851,839,791,780,812,514,505,127,130,174,233,280,328,387,446,493,286,277,236,239,197,150,130,289,anopheles_mosquito-collection-brazil_f_l_09aae2d9b311.png,anopheles_mosquito-collection-brazil_f_l_09aae2d9b311.tif,Anopheles_aquasalis
,/Users/kristophernolte/Documents/ITHILDIN_evaluation/reference/reference_finalselection/anopheles_mosquito-collection-brazil_f_l_0ff0ced4b9a5.png,Repaired,1584,left,Anopheles_aquasalis,0.99,1171,117,66,39,48,105,244,392,664,1087,860,848,800,788,824,504,498,138,129,181,226,289,335,398,449,510,292,289,241,244,208,160,154,298,anopheles_mosquito-collection-brazil_f_l_0ff0ced4b9a5.png,anopheles_mosquito-collection-brazil_f_l_0ff0ced4b9a5.tif,Anopheles_aquasalis
,/Users/kristophernolte/Documents/ITHILDIN_evaluation/reference/reference_finalselection/anopheles_mosquito-collection-brazil_f_l_1459ba91b139.png,Repaired,1546,left,Anopheles_aquasalis,0.99,1156,131,71,41,38,122,241,381,622,1052,846,843,795,777,810,524,500,138,108,156,210,263,323,385,436,484,284,278,230,233,192,156,132,293,anopheles_mosquito-collection-brazil_f_l_1459ba91b139.png,anopheles_mosquito-collection-brazil_f_l_1459ba91b139.tif,Anopheles_aquasalis
,/Users/kristophernolte/Documents/ITHILDIN_evaluation/reference/reference_finalselection/anopheles_mosquito-collection-brazil_f_l_1957a9507d94.png,Repaired,1329,right,Anopheles_darlingi,0.98,982,72,25,0,5,70,166,320,518,873,731,677,627,602,595,409,365,112,95,137,187,241,283,330,375,415,241,229,199,201,164,125,107,249,anopheles_mosquito-collection-brazil_f_l_1957a9507d94.png,anopheles_mosquito-collection-brazil_f_l_1957a9507d94.tif,Anopheles_darlingi
,/Users/kristophernolte/Documents/ITHILDIN_evaluation/reference/reference_finalselection/anopheles_mosquito-collection-brazil_f_l_203d522ce496.png,Repaired,1282,right,Anopheles_darlingi,0.98,935,55,23,0,8,75,176,313,509,852,677,647,599,586,634,394,366,112,102,142,185,227,275,330,373,413,240,225,195,200,162,130,105,248,anopheles_mosquito-collection-brazil_f_l_203d522ce496.png,anopheles_mosquito-collection-brazil_f_l_203d522ce496.tif,Anopheles_darlingi
,/Users/kristophernolte/Documents/ITHILDIN_evaluation/reference/reference_finalselection/anopheles_mosquito-collection-brazil_f_l_2d59fa2b3ed8.png,Full Skeleton,1290,right,Anopheles_darlingi,0.98,955,59,16,0,18,80,180,311,503,855,675,657,611,595,588,395,347,110,100,151,194,243,292,341,384,428,251,243,205,207,169,133,115,264,anopheles_mosquito-collection-brazil_f_l_2d59fa2b3ed8.png,anopheles_mosquito-collection-brazil_f_l_2d59fa2b3ed8.tif,Anopheles_darlingi
,/Users/kristophernolte/Documents/ITHILDIN_evaluation/reference/reference_finalselection/anopheles_mosquito-collection-brazil_f_l_2ee5721041e9.png,Repaired,1481,left,Anopheles_aquasalis,0.97,1098,103,59,38,49,117,207,367,604,1010,803,798,741,741,760,471,471,104,118,164,211,273,320,369,420,467,257,257,216,219,178,140,121,273,anopheles_mosquito-collection-brazil_f_l_2ee5721041e9.png,anopheles_mosquito-collection-brazil_f_l_2ee5721041e9.tif,Anopheles_aquasalis
,/Users/kristophernolte/Documents/ITHILDIN_evaluation/reference/reference_finalselection/anopheles_mosquito-collection-brazil_f_l_358498b99b96.png,Repaired,1597,left,Anopheles_aquasalis,0.97,1167,95,52,31,43,98,246,382,637,1077,866,854,808,796,825,512,504,108,131,175,218,276,323,386,430,479,262,259,212,215,181,143,126,282,anopheles_mosquito-collection-brazil_f_l_358498b99b96.png,anopheles_mosquito-collection-brazil_f_l_358498b99b96.tif,Anopheles_aquasalis
,/Users/kristophernolte/Documents/ITHILDIN_evaluation/reference/reference_finalselection/anopheles_mosquito-collection-brazil_f_l_3ee5e7158124.png,Repaired,1564,right,Anopheles_aquasalis,0.99,1119,69,24,3,0,69,179,336,589,1023,821,812,750,729,759,476,455,133,133,187,232,282,330,380,437,496,285,276,235,238,202,157,139,291,anopheles_mosquito-collection-brazil_f_l_3ee5e7158124.png,anopheles_mosquito-collection-brazil_f_l_3ee5e7158124.tif,Anopheles_aquasalis
,/Users/kristophernolte/Documents/ITHILDIN_evaluation/reference/reference_finalselection/anopheles_mosquito-collection-brazil_f_l_3eeac02894ef.png,Repaired,1547,right,Anopheles_aquasalis,0.96,1097,64,20,0,6,73,167,343,601,1020,809,795,730,721,756,449,443,114,117,167,214,263,319,372,428,472,260,255,219,222,187,143,123,284,anopheles_mosquito-collection-brazil_f_l_3eeac02894ef.png,anopheles_mosquito-collection-brazil_f_l_3eeac02894ef.tif,Anopheles_aquasalis
,/Users/kristophernolte/Documents/ITHILDIN_evaluation/reference/reference_finalselection/anopheles_mosquito-collection-brazil_f_l_4f700556f73d.png,Repaired,1349,right,Anopheles_darlingi,0.99,968,70,23,0,12,61,167,310,520,880,722,722,643,629,652,415,380,333,263,307,353,409,444,500,552,611,456,426,403,397,356,324,292,432,anopheles_mosquito-collection-brazil_f_l_4f700556f73d.png,anopheles_mosquito-collection-brazil_f_l_4f700556f73d.tif,Anopheles_darlingi
,/Users/kristophernolte/Documents/ITHILDIN_evaluation/reference/reference_finalselection/anopheles_mosquito-collection-brazil_f_l_5b2f4a1d6c3a.png,Repaired,1399,right,Anopheles_darlingi,0.98,1008,70,21,0,0,61,166,297,533,906,737,735,649,638,651,440,370,92,111,156,199,245,301,355,400,449,264,242,213,218,175,140,122,274,anopheles_mosquito-collection-brazil_f_l_5b2f4a1d6c3a.png,anopheles_mosquito-collection-brazil_f_l_5b2f4a1d6c3a.tif,Anopheles_darlingi
,/Users/kristophernolte/Documents/ITHILDIN_evaluation/reference/reference_finalselection/anopheles_mosquito-collection-brazil_f_l_6038fccb1d1d.png,Repaired,1338,right,Anopheles_darlingi,0.99,963,61,20,0,3,76,149,319,498,862,723,705,624,612,640,422,407,123,113,156,202,255,303,346,404,447,262,247,214,219,182,144,121,265,anopheles_mosquito-collection-brazil_f_l_6038fccb1d1d.png,anopheles_mosquito-collection-brazil_f_l_6038fccb1d1d.tif,Anopheles_darlingi
,/Users/kristophernolte/Documents/ITHILDIN_evaluation/reference/reference_finalselection/anopheles_mosquito-collection-brazil_f_l_6136c26fe5ce.png,Repaired,1503,right,Anopheles_aquasalis,0.99,1080,64,21,0,6,69,190,353,586,994,775,767,712,695,721,448,442,114,126,175,218,281,330,384,439,482,264,266,226,226,189,146,129,287,anopheles_mosquito-collection-brazil_f_l_6136c26fe5ce.png,anopheles_mosquito-collection-brazil_f_l_6136c26fe5ce.tif,Anopheles_aquasalis
,/Users/kristophernolte/Documents/ITHILDIN_evaluation/reference/reference_finalselection/anopheles_mosquito-collection-brazil_f_l_61bf4b1e31ea.png,Repaired,1262,left,Anopheles_darlingi,0.98,956,107,60,36,41,107,212,356,552,867,715,702,633,620,620,411,400,120,96,144,188,235,280,332,374,413,246,230,199,204,167,128,112,246,anopheles_mosquito-collection-brazil_f_l_61bf4b1e31ea.png,anopheles_mosquito-collection-brazil_f_l_61bf4b1e31ea.tif,Anopheles_darlingi
,/Users/kristophernolte/Documents/ITHILDIN_evaluation/reference/reference_finalselection/anopheles_mosquito-collection-brazil_f_l_657b8596f561.png,Repaired,1540,right,Anopheles_aquasalis,0.99,1103,57,18,0,9,70,163,339,579,1009,797,785,727,721,749,461,455,122,122,168,213,277,325,374,431,471,268,262,225,225,189,150,128,280,anopheles_mosquito-collection-brazil_f_l_657b8596f561.png,anopheles_mosquito-collection-brazil_f_l_657b8596f561.tif,Anopheles_aquasalis
,/Users/kristophernolte/Documents/ITHILDIN_evaluation/reference/reference_finalselection/anopheles_mosquito-collection-brazil_f_l_750023b00179.png,Repaired,1385,right,Anopheles_darlingi,0.97,1019,52,22,0,13,77,189,327,535,906,761,695,651,643,659,458,387,120,104,140,186,236,282,340,384,431,252,239,208,211,175,134,118,258,anopheles_mosquito-collection-brazil_f_l_750023b00179.png,anopheles_mosquito-collection-brazil_f_l_750023b00179.tif,Anopheles_darlingi
,/Users/kristophernolte/Documents/ITHILDIN_evaluation/reference/reference_finalselection/anopheles_mosquito-collection-brazil_f_l_7810b20106de.png,Repaired,1453,left,Anopheles_aquasalis,0.98,1088,103,60,34,48,109,218,364,585,990,801,784,743,726,732,479,459,129,106,146,186,247,295,347,405,453,267,258,212,218,180,140,123,264,anopheles_mosquito-collection-brazil_f_l_7810b20106de.png,anopheles_mosquito-collection-brazil_f_l_7810b20106de.tif,Anopheles_aquasalis
,/Users/kristophernolte/Documents/ITHILDIN_evaluation/reference/reference_finalselection/anopheles_mosquito-collection-brazil_f_l_786b82240d28.png,Repaired,1603,left,Anopheles_aquasalis,0.99,1175,110,70,39,52,128,217,386,672,1095,877,874,819,807,837,527,518,119,122,171,217,282,328,374,432,488,276,267,230,230,184,144,131,285,anopheles_mosquito-collection-brazil_f_l_786b82240d28.png,anopheles_mosquito-collection-brazil_f_l_786b82240d28.tif,Anopheles_aquasalis
,/Users/kristophernolte/Documents/ITHILDIN_evaluation/reference/reference_finalselection/anopheles_mosquito-collection-brazil_f_l_7c195bb04e80.png,Repaired,1539,left,Anopheles_aquasalis,0.98,1132,107,68,41,55,101,212,402,617,1049,840,837,785,774,801,501,482,117,122,166,216,274,315,370,428,483,276,268,221,219,186,144,122,279,anopheles_mosquito-collection-brazil_f_l_7c195bb04e80.png,anopheles_mosquito-collection-brazil_f_l_7c195bb04e80.tif,Anopheles_aquasalis
,/Users/kristophernolte/Documents/ITHILDIN_evaluation/reference/reference_finalselection/anopheles_mosquito-collection-brazil_f_l_7cd19f943644.png,Repaired,1569,right,Anopheles_aquasalis,0.97,1108,77,28,0,6,80,187,374,601,1028,828,813,767,758,785,479,470,102,118,167,222,274,326,378,437,486,277,265,222,225,188,148,130,289,anopheles_mosquito-collection-brazil_f_l_7cd19f943644.png,anopheles_mosquito-collection-brazil_f_l_7cd19f943644.tif,Anopheles_aquasalis
,/Users/kristophernolte/Documents/ITHILDIN_evaluation/reference/reference_finalselection/anopheles_mosquito-collection-brazil_f_l_82374dde2552.png,Repaired,1375,right,Anopheles_darlingi,0.98,989,64,30,0,3,78,164,311,531,898,753,709,653,639,650,428,386,132,134,168,218,279,326,368,415,460,276,259,226,229,193,154,143,287,anopheles_mosquito-collection-brazil_f_l_82374dde2552.png,anopheles_mosquito-collection-brazil_f_l_82374dde2552.tif,Anopheles_darlingi
,/Users/kristophernolte/Documents/ITHILDIN_evaluation/reference/reference_finalselection/anopheles_mosquito-collection-brazil_f_l_86b35e3ff5a5.png,Full Skeleton,1587,right,Anopheles_aquasalis,0.98,1131,61,16,0,7,74,186,375,612,1041,824,811,756,740,772,468,455,120,113,164,206,270,321,379,443,498,286,277,229,232,193,148,126,296,anopheles_mosquito-collection-brazil_f_l_86b35e3ff5a5.png,anopheles_mosquito-collection-brazil_f_l_86b35e3ff5a5.tif,Anopheles_aquasalis
,/Users/kristophernolte/Documents/ITHILDIN_evaluation/reference/reference_finalselection/anopheles_mosquito-collection-brazil_f_l_90d64c04b7c4.png,Repaired,1259,right,Anopheles_darlingi,0.98,912,71,19,0,9,66,170,300,489,827,678,652,590,574,628,394,352,105,90,138,183,227,268,317,360,405,232,220,187,194,157,119,112,242,anopheles_mosquito-collection-brazil_f_l_90d64c04b7c4.png,anopheles_mosquito-collection-brazil_f_l_90d64c04b7c4.tif,Anopheles_darlingi
,/Users/kristophernolte/Documents/ITHILDIN_evaluation/reference/reference_finalselection/anopheles_mosquito-collection-brazil_f_l_996d5dbeb8d2.png,Repaired,1356,right,Anopheles_darlingi,0.99,973,58,21,0,19,64,164,317,520,884,741,686,636,633,649,441,385,112,114,156,201,265,301,349,402,444,254,238,209,217,172,133,114,265,anopheles_mosquito-collection-brazil_f_l_996d5dbeb8d2.png,anopheles_mosquito-collection-brazil_f_l_996d5dbeb8d2.tif,Anopheles_darlingi
,/Users/kristophernolte/Documents/ITHILDIN_evaluation/reference/reference_finalselection/anopheles_mosquito-collection-brazil_f_l_a2234641ff0b.png,Repaired,1528,right,Anopheles_aquasalis,0.98,1094,59,17,0,11,65,181,336,574,993,791,770,746,731,758,455,452,126,117,159,203,266,313,361,420,471,272,272,224,224,185,147,126,275,anopheles_mosquito-collection-brazil_f_l_a2234641ff0b.png,anopheles_mosquito-collection-brazil_f_l_a2234641ff0b.tif,Anopheles_aquasalis
,/Users/kristophernolte/Documents/ITHILDIN_evaluation/reference/reference_finalselection/anopheles_mosquito-collection-brazil_f_l_a558415c86e0.png,Repaired,1520,right,Anopheles_aquasalis,0.97,1075,70,24,3,0,70,164,349,580,1005,795,786,726,714,732,465,434,133,121,170,215,273,327,379,437,488,285,285,236,239,206,154,136,291,anopheles_mosquito-collection-brazil_f_l_a558415c86e0.png,anopheles_mosquito-collection-brazil_f_l_a558415c86e0.tif,Anopheles_aquasalis
,/Users/kristophernolte/Documents/ITHILDIN_evaluation/reference/reference_finalselection/anopheles_mosquito-collection-brazil_f_l_ab5c6f5c069a.png,Repaired,1549,right,Anopheles_aquasalis,0.98,1104,64,17,0,0,64,180,370,591,1015,808,801,733,723,750,468,448,129,122,173,213,285,332,383,431,482,268,264,227,227,190,146,135,285,anopheles_mosquito-collection-brazil_f_l_ab5c6f5c069a.png,anopheles_mosquito-collection-brazil_f_l_ab5c6f5c069a.tif,Anopheles_aquasalis
,/Users/kristophernolte/Documents/ITHILDIN_evaluation/reference/reference_finalselection/anopheles_mosquito-collection-brazil_f_l_abab0706314f.png,Repaired,1553,left,Anopheles_aquasalis,0.98,1149,105,67,43,49,117,203,392,627,1053,855,840,784,781,803,500,491,118,122,165,211,270,328,369,427,480,273,264,217,223,189,149,128,279,anopheles_mosquito-collection-brazil_f_l_abab0706314f.png,anopheles_mosquito-collection-brazil_f_l_abab0706314f.tif,Anopheles_aquasalis
,/Users/kristophernolte/Documents/ITHILDIN_evaluation/reference/reference_finalselection/anopheles_mosquito-collection-brazil_f_l_acc54ba4cef4.png,Repaired,1527,right,Anopheles_aquasalis,0.97,1085,53,20,0,0,73,192,370,596,1007,787,782,729,718,746,462,437,111,133,177,219,280,330,380,431,478,261,261,219,222,183,139,133,283,anopheles_mosquito-collection-brazil_f_l_acc54ba4cef4.png,anopheles_mosquito-collection-brazil_f_l_acc54ba4cef4.tif,Anopheles_aquasalis
,/Users/kristophernolte/Documents/ITHILDIN_evaluation/reference/reference_finalselection/anopheles_mosquito-collection-brazil_f_l_b2172a0d36a8.png,Repaired,1331,left,Anopheles_darlingi,0.99,999,116,59,36,49,108,232,369,575,909,782,712,674,663,679,480,436,118,105,160,204,258,302,356,389,428,258,235,206,209,170,129,113,255,anopheles_mosquito-collection-brazil_f_l_b2172a0d36a8.png,anopheles_mosquito-collection-brazil_f_l_b2172a0d36a8.tif,Anopheles_darlingi
,/Users/kristophernolte/Documents/ITHILDIN_evaluation/reference/reference_finalselection/anopheles_mosquito-collection-brazil_f_l_b4a239e317de.png,Repaired,1284,right,Anopheles_darlingi,0.96,921,60,25,0,2,75,178,321,522,851,692,677,607,602,605,406,371,90,110,153,195,238,283,328,371,404,225,223,188,195,158,120,105,243,anopheles_mosquito-collection-brazil_f_l_b4a239e317de.png,anopheles_mosquito-collection-brazil_f_l_b4a239e317de.tif,Anopheles_darlingi
,/Users/kristophernolte/Documents/ITHILDIN_evaluation/reference/reference_finalselection/anopheles_mosquito-collection-brazil_f_l_b9397075e123.png,Repaired,1520,left,Anopheles_aquasalis,0.99,1130,111,73,38,49,105,208,369,601,1036,821,813,775,763,789,501,478,132,120,164,214,273,319,375,431,487,278,267,228,228,193,155,135,281,anopheles_mosquito-collection-brazil_f_l_b9397075e123.png,anopheles_mosquito-collection-brazil_f_l_b9397075e123.tif,Anopheles_aquasalis
,/Users/kristophernolte/Documents/ITHILDIN_evaluation/reference/reference_finalselection/anopheles_mosquito-collection-brazil_f_l_bb5d5d05112f.png,Repaired,1304,right,Anopheles_darlingi,0.98,930,67,21,0,13,57,181,320,531,853,706,696,619,608,621,423,374,96,94,140,184,235,274,325,374,416,240,230,194,202,166,124,112,253,anopheles_mosquito-collection-brazil_f_l_bb5d5d05112f.png,anopheles_mosquito-collection-brazil_f_l_bb5d5d05112f.tif,Anopheles_darlingi
,/Users/kristophernolte/Documents/ITHILDIN_evaluation/reference/reference_finalselection/anopheles_mosquito-collection-brazil_f_l_beb3098c07f1.png,Repaired,1515,right,Anopheles_aquasalis,0.98,1082,62,23,0,12,68,201,342,579,992,791,774,729,718,752,463,444,105,128,176,218,283,331,382,430,478,266,261,221,224,187,148,128,286,anopheles_mosquito-collection-brazil_f_l_beb3098c07f1.png,anopheles_mosquito-collection-brazil_f_l_beb3098c07f1.tif,Anopheles_aquasalis
,/Users/kristophernolte/Documents/ITHILDIN_evaluation/reference/reference_finalselection/anopheles_mosquito-collection-brazil_f_l_c153f5c9ea93.png,Repaired,1503,left,Anopheles_aquasalis,0.99,1126,122,77,47,55,114,211,392,625,1040,834,826,765,748,742,500,486,121,123,171,221,279,326,379,438,488,274,271,226,229,196,148,140,287,anopheles_mosquito-collection-brazil_f_l_c153f5c9ea93.png,anopheles_mosquito-collection-brazil_f_l_c153f5c9ea93.tif,Anopheles_aquasalis
,/Users/kristophernolte/Documents/ITHILDIN_evaluation/reference/reference_finalselection/anopheles_mosquito-collection-brazil_f_l_c32dd7ae8fe0.png,Repaired,1396,right,Anopheles_darlingi,0.96,1018,62,23,0,13,55,172,325,552,906,737,719,664,622,643,437,380,110,121,162,209,259,303,363,412,451,248,238,207,212,175,131,121,277,anopheles_mosquito-collection-brazil_f_l_c32dd7ae8fe0.png,anopheles_mosquito-collection-brazil_f_l_c32dd7ae8fe0.tif,Anopheles_darlingi
,/Users/kristophernolte/Documents/ITHILDIN_evaluation/reference/reference_finalselection/anopheles_mosquito-collection-brazil_f_l_c880894613a9.png,Repaired,1532,left,Anopheles_aquasalis,0.99,1130,109,67,39,45,101,208,360,620,1039,834,820,769,755,789,498,484,122,111,159,207,266,311,373,432,486,280,271,229,229,193,147,125,286,anopheles_mosquito-collection-brazil_f_l_c880894613a9.png,anopheles_mosquito-collection-brazil_f_l_c880894613a9.tif,Anopheles_aquasalis
,/Users/kristophernolte/Documents/ITHILDIN_evaluation/reference/reference_finalselection/anopheles_mosquito-collection-brazil_f_l_cf4cdcf312a2.png,Repaired,1332,left,Anopheles_darlingi,0.98,1012,113,65,32,50,101,215,344,572,904,749,744,676,655,645,473,427,112,112,158,206,262,297,345,383,426,239,226,196,201,165,125,107,254,anopheles_mosquito-collection-brazil_f_l_cf4cdcf312a2.png,anopheles_mosquito-collection-brazil_f_l_cf4cdcf312a2.tif,Anopheles_darlingi
,/Users/kristophernolte/Documents/ITHILDIN_evaluation/reference/reference_finalselection/anopheles_mosquito-collection-brazil_f_l_d273d612cb52.png,Repaired,1254,right,Anopheles_darlingi,0.98,903,75,27,0,14,75,171,309,488,834,666,658,602,592,605,413,365,110,91,137,182,235,280,331,379,422,238,227,195,201,166,126,113,251,anopheles_mosquito-collection-brazil_f_l_d273d612cb52.png,anopheles_mosquito-collection-brazil_f_l_d273d612cb52.tif,Anopheles_darlingi
,/Users/kristophernolte/Documents/ITHILDIN_evaluation/reference/reference_finalselection/anopheles_mosquito-collection-brazil_f_l_d3739b53a94d.png,Repaired,1321,right,Anopheles_darlingi,0.95,987,57,23,0,5,75,167,309,509,855,683,676,613,606,651,441,372,105,100,143,188,230,280,320,370,410,238,228,200,203,165,130,110,248,anopheles_mosquito-collection-brazil_f_l_d3739b53a94d.png,anopheles_mosquito-collection-brazil_f_l_d3739b53a94d.tif,Anopheles_darlingi
,/Users/kristophernolte/Documents/ITHILDIN_evaluation/reference/reference_finalselection/anopheles_mosquito-collection-brazil_f_l_d710f2a6f6fb.png,Repaired,1591,left,Anopheles_aquasalis,0.98,1175,110,61,34,46,119,224,408,647,1084,866,851,810,796,819,521,498,125,119,169,224,279,329,379,437,489,279,279,230,227,192,145,122,282,anopheles_mosquito-collection-brazil_f_l_d710f2a6f6fb.png,anopheles_mosquito-collection-brazil_f_l_d710f2a6f6fb.tif,Anopheles_aquasalis
,/Users/kristophernolte/Documents/ITHILDIN_evaluation/reference/reference_finalselection/anopheles_mosquito-collection-brazil_f_l_d7606f2a4819.png,Repaired,1232,right,Anopheles_darlingi,0.99,902,63,31,0,12,63,149,280,478,806,669,631,594,566,566,396,354,117,119,164,210,257,292,338,376,418,236,229,201,206,171,136,129,255,anopheles_mosquito-collection-brazil_f_l_d7606f2a4819.png,anopheles_mosquito-collection-brazil_f_l_d7606f2a4819.tif,Anopheles_darlingi
,/Users/kristophernolte/Documents/ITHILDIN_evaluation/reference/reference_finalselection/anopheles_mosquito-collection-brazil_f_l_d9dad15455ef.png,Repaired,1487,right,Anopheles_aquasalis,0.97,1047,60,19,0,6,57,163,352,568,982,774,755,706,693,723,460,433,121,116,162,211,267,319,373,427,476,273,273,227,229,192,151,132,284,anopheles_mosquito-collection-brazil_f_l_d9dad15455ef.png,anopheles_mosquito-collection-brazil_f_l_d9dad15455ef.tif,Anopheles_aquasalis
,/Users/kristophernolte/Documents/ITHILDIN_evaluation/reference/reference_finalselection/anopheles_mosquito-collection-brazil_f_l_e4f53e3fe809.png,Repaired,1364,right,Anopheles_darlingi,0.99,979,58,17,0,3,66,169,314,521,873,725,717,668,619,671,445,387,124,110,153,194,241,292,342,382,437,249,233,203,203,170,140,118,252,anopheles_mosquito-collection-brazil_f_l_e4f53e3fe809.png,anopheles_mosquito-collection-brazil_f_l_e4f53e3fe809.tif,Anopheles_darlingi
,/Users/kristophernolte/Documents/ITHILDIN_evaluation/reference/reference_finalselection/anopheles_mosquito-collection-brazil_f_l_e6e17534269a.png,Repaired,1328,right,Anopheles_darlingi,0.96,957,52,18,0,5,55,160,299,510,852,697,681,631,620,652,426,365,122,101,140,185,237,274,329,372,422,253,235,203,206,169,138,114,251,anopheles_mosquito-collection-brazil_f_l_e6e17534269a.png,anopheles_mosquito-collection-brazil_f_l_e6e17534269a.tif,Anopheles_darlingi
,/Users/kristophernolte/Documents/ITHILDIN_evaluation/reference/reference_finalselection/anopheles_mosquito-collection-brazil_f_l_ec8c28ab1079.png,Repaired,1517,left,Anopheles_aquasalis,0.99,1127,103,57,35,46,114,218,401,622,1034,832,810,772,761,766,474,477,107,124,170,219,274,323,372,424,468,255,255,214,214,178,137,137,274,anopheles_mosquito-collection-brazil_f_l_ec8c28ab1079.png,anopheles_mosquito-collection-brazil_f_l_ec8c28ab1079.tif,Anopheles_aquasalis
,/Users/kristophernolte/Documents/ITHILDIN_evaluation/reference/reference_finalselection/anopheles_mosquito-collection-brazil_f_l_f0c19a29a55b.png,Repaired,1353,right,Anopheles_darlingi,0.98,976,68,26,0,5,63,172,318,515,875,742,706,630,630,651,461,388,135,109,158,208,252,296,351,403,447,268,249,216,223,179,145,124,268,anopheles_mosquito-collection-brazil_f_l_f0c19a29a55b.png,anopheles_mosquito-collection-brazil_f_l_f0c19a29a55b.tif,Anopheles_darlingi
,/Users/kristophernolte/Documents/ITHILDIN_evaluation/reference/reference_finalselection/anopheles_mosquito-collection-brazil_f_l_f761241030c5.png,Repaired,1687,left,Anopheles_aquasalis,0.99,1259,133,99,62,87,158,248,444,724,1172,948,929,879,861,892,562,550,129,191,240,296,362,421,461,523,561,303,315,262,268,231,191,184,362,anopheles_mosquito-collection-brazil_f_l_f761241030c5.png,anopheles_mosquito-collection-brazil_f_l_f761241030c5.tif,Anopheles_aquasalis
,/Users/kristophernolte/Documents/ITHILDIN_evaluation/reference/reference_finalselection/anopheles_mosquito-collection-brazil_f_l_fd54f94e57e1.png,Repaired,1501,right,Anopheles_aquasalis,0.99,1099,75,27,6,0,72,197,356,570,997,782,770,717,705,732,445,424,122,116,155,205,259,307,355,408,465,268,262,220,220,187,152,134,277,anopheles_mosquito-collection-brazil_f_l_fd54f94e57e1.png,anopheles_mosquito-collection-brazil_f_l_fd54f94e57e1.tif,Anopheles_aquasalis
,/Users/kristophernolte/Documents/ITHILDIN_evaluation/reference/reference_finalselection/anopheles_mosquito-collection-brazil_f_r_044e992dbda3.png,Repaired,1620,left,Anopheles_aquasalis,0.99,1202,112,66,39,39,106,246,404,666,1108,876,864,803,797,828,532,514,133,121,173,219,280,334,404,453,517,292,283,243,243,194,155,140,304,anopheles_mosquito-collection-brazil_f_r_044e992dbda3.png,anopheles_mosquito-collection-brazil_f_r_044e992dbda3.tif,Anopheles_aquasalis
,/Users/kristophernolte/Documents/ITHILDIN_evaluation/reference/reference_finalselection/anopheles_mosquito-collection-brazil_f_r_05ade4d90fdf.png,Repaired,1391,right,Anopheles_darlingi,0.98,1006,66,21,0,8,63,178,324,522,918,754,701,654,644,675,438,397,110,110,155,199,251,293,342,389,433,246,230,199,204,162,134,110,259,anopheles_mosquito-collection-brazil_f_r_05ade4d90fdf.png,anopheles_mosquito-collection-brazil_f_r_05ade4d90fdf.tif,Anopheles_darlingi
,/Users/kristophernolte/Documents/ITHILDIN_evaluation/reference/reference_finalselection/anopheles_mosquito-collection-brazil_f_r_1168a860e6f2.png,Repaired,1343,right,Anopheles_darlingi,0.97,965,69,31,0,13,64,164,313,521,883,718,698,652,629,641,400,403,127,127,170,229,281,314,363,411,453,265,257,222,224,186,150,145,273,anopheles_mosquito-collection-brazil_f_r_1168a860e6f2.png,anopheles_mosquito-collection-brazil_f_r_1168a860e6f2.tif,Anopheles_darlingi
,/Users/kristophernolte/Documents/ITHILDIN_evaluation/reference/reference_finalselection/anopheles_mosquito-collection-brazil_f_r_27ddf734e5be.png,Repaired,1523,left,Anopheles_aquasalis,0.98,1132,118,62,38,44,109,201,379,622,1034,826,817,770,761,791,497,486,122,111,161,200,259,312,360,422,469,268,259,214,217,179,146,125,277,anopheles_mosquito-collection-brazil_f_r_27ddf734e5be.png,anopheles_mosquito-collection-brazil_f_r_27ddf734e5be.tif,Anopheles_aquasalis
,/Users/kristophernolte/Documents/ITHILDIN_evaluation/reference/reference_finalselection/anopheles_mosquito-collection-brazil_f_r_2ce9f76e641a.png,Repaired,1360,left,Anopheles_darlingi,0.99,1021,96,57,38,41,98,197,315,573,911,754,743,672,667,680,480,422,164,145,183,227,274,323,378,425,474,299,285,249,255,216,172,153,293,anopheles_mosquito-collection-brazil_f_r_2ce9f76e641a.png,anopheles_mosquito-collection-brazil_f_r_2ce9f76e641a.tif,Anopheles_darlingi
,/Users/kristophernolte/Documents/ITHILDIN_evaluation/reference/reference_finalselection/anopheles_mosquito-collection-brazil_f_r_30abddc2a906.png,Repaired,1525,left,Anopheles_aquasalis,0.99,1133,115,68,38,44,118,210,384,633,1044,828,825,769,754,781,488,482,122,113,164,205,270,324,374,436,486,279,273,229,229,196,152,137,285,anopheles_mosquito-collection-brazil_f_r_30abddc2a906.png,anopheles_mosquito-collection-brazil_f_r_30abddc2a906.tif,Anopheles_aquasalis
,/Users/kristophernolte/Documents/ITHILDIN_evaluation/reference/reference_finalselection/anopheles_mosquito-collection-brazil_f_r_3a40adb16bc2.png,Repaired,1338,right,Anopheles_darlingi,0.97,961,70,21,3,0,67,178,323,527,891,726,685,628,612,654,403,362,117,96,145,189,233,287,337,375,419,241,233,197,202,166,133,120,254,anopheles_mosquito-collection-brazil_f_r_3a40adb16bc2.png,anopheles_mosquito-collection-brazil_f_r_3a40adb16bc2.tif,Anopheles_darlingi
,/Users/kristophernolte/Documents/ITHILDIN_evaluation/reference/reference_finalselection/anopheles_mosquito-collection-brazil_f_r_401cb9776c49.png,Repaired,1312,right,Anopheles_darlingi,0.98,940,55,25,0,5,60,168,300,510,853,723,688,623,608,605,418,378,130,115,140,200,252,285,340,390,432,260,245,210,215,180,142,132,262,anopheles_mosquito-collection-brazil_f_r_401cb9776c49.png,anopheles_mosquito-collection-brazil_f_r_401cb9776c49.tif,Anopheles_darlingi
,/Users/kristophernolte/Documents/ITHILDIN_evaluation/reference/reference_finalselection/anopheles_mosquito-collection-brazil_f_r_5461c7fbb792.png,Repaired,1297,left,Anopheles_darlingi,0.97,968,97,47,35,61,108,210,338,539,885,745,722,665,651,632,471,419,108,108,163,201,253,286,333,376,414,239,224,191,196,161,123,108,246,anopheles_mosquito-collection-brazil_f_r_5461c7fbb792.png,anopheles_mosquito-collection-brazil_f_r_5461c7fbb792.tif,Anopheles_darlingi
,/Users/kristophernolte/Documents/ITHILDIN_evaluation/reference/reference_finalselection/anopheles_mosquito-collection-brazil_f_r_591a5cfab5cf.png,Repaired,1543,right,Anopheles_aquasalis,0.98,1115,63,21,0,9,69,191,368,571,1005,804,792,750,732,756,463,448,118,115,162,204,267,318,366,423,470,267,261,219,219,186,147,124,276,anopheles_mosquito-collection-brazil_f_r_591a5cfab5cf.png,anopheles_mosquito-collection-brazil_f_r_591a5cfab5cf.tif,Anopheles_aquasalis
,/Users/kristophernolte/Documents/ITHILDIN_evaluation/reference/reference_finalselection/anopheles_mosquito-collection-brazil_f_r_59be9e551d14.png,Repaired,1586,left,Anopheles_aquasalis,0.99,1195,132,82,44,47,126,233,425,668,1094,883,858,820,794,810,536,542,145,132,182,230,296,347,400,454,501,290,287,242,246,211,167,151,299,anopheles_mosquito-collection-brazil_f_r_59be9e551d14.png,anopheles_mosquito-collection-brazil_f_r_59be9e551d14.tif,Anopheles_aquasalis
,/Users/kristophernolte/Documents/ITHILDIN_evaluation/reference/reference_finalselection/anopheles_mosquito-collection-brazil_f_r_607bf05a4911.png,Repaired,1619,right,Anopheles_aquasalis,0.98,1155,62,25,3,0,68,225,375,612,1057,857,836,784,771,805,498,464,124,124,173,219,271,324,394,440,493,281,274,234,234,195,152,133,290,anopheles_mosquito-collection-brazil_f_r_607bf05a4911.png,anopheles_mosquito-collection-brazil_f_r_607bf05a4911.tif,Anopheles_aquasalis
,/Users/kristophernolte/Documents/ITHILDIN_evaluation/reference/reference_finalselection/anopheles_mosquito-collection-brazil_f_r_6cf085e01a11.png,Repaired,1346,right,Anopheles_darlingi,0.98,964,58,13,0,3,73,183,335,520,867,706,698,651,640,664,429,403,108,108,155,205,249,304,348,395,432,254,236,205,205,171,129,111,262,anopheles_mosquito-collection-brazil_f_r_6cf085e01a11.png,anopheles_mosquito-collection-brazil_f_r_6cf085e01a11.tif,Anopheles_darlingi
,/Users/kristophernolte/Documents/ITHILDIN_evaluation/reference/reference_finalselection/anopheles_mosquito-collection-brazil_f_r_6e6cda3b107e.png,Repaired,1603,left,Anopheles_aquasalis,0.99,1194,104,58,30,46,110,218,400,640,1081,862,865,800,797,819,511,502,117,120,172,215,277,323,372,431,483,274,271,218,218,187,150,123,277,anopheles_mosquito-collection-brazil_f_r_6e6cda3b107e.png,anopheles_mosquito-collection-brazil_f_r_6e6cda3b107e.tif,Anopheles_aquasalis
,/Users/kristophernolte/Documents/ITHILDIN_evaluation/reference/reference_finalselection/anopheles_mosquito-collection-brazil_f_r_81d6ae586d5f.png,Repaired,1541,left,Anopheles_aquasalis,0.97,1138,108,52,35,49,102,214,384,619,1041,842,824,777,762,801,492,492,117,120,178,223,281,325,375,428,478,272,267,223,223,187,149,129,281,anopheles_mosquito-collection-brazil_f_r_81d6ae586d5f.png,anopheles_mosquito-collection-brazil_f_r_81d6ae586d5f.tif,Anopheles_aquasalis
,/Users/kristophernolte/Documents/ITHILDIN_evaluation/reference/reference_finalselection/anopheles_mosquito-collection-brazil_f_r_85dc4e379dfb.png,Repaired,1314,right,Anopheles_darlingi,0.98,946,73,29,0,5,65,160,314,513,880,689,665,610,600,644,422,382,91,104,149,199,243,285,343,387,427,241,235,204,209,165,133,112,254,anopheles_mosquito-collection-brazil_f_r_85dc4e379dfb.png,anopheles_mosquito-collection-brazil_f_r_85dc4e379dfb.tif,Anopheles_darlingi
,/Users/kristophernolte/Documents/ITHILDIN_evaluation/reference/reference_finalselection/anopheles_mosquito-collection-brazil_f_r_870eebcfc3c5.png,Repaired,1688,right,Anopheles_aquasalis,0.97,1224,70,28,0,6,95,204,396,667,1118,886,859,807,777,819,512,503,114,144,196,245,306,357,409,470,516,284,278,232,236,199,153,141,306,anopheles_mosquito-collection-brazil_f_r_870eebcfc3c5.png,anopheles_mosquito-collection-brazil_f_r_870eebcfc3c5.tif,Anopheles_aquasalis
,/Users/kristophernolte/Documents/ITHILDIN_evaluation/reference/reference_finalselection/anopheles_mosquito-collection-brazil_f_r_8bd5624aed7d.png,Repaired,1408,right,Anopheles_darlingi,0.99,1032,72,27,3,0,64,168,304,526,925,765,733,645,629,659,424,382,134,123,171,225,273,307,361,406,451,267,254,219,227,187,150,137,281,anopheles_mosquito-collection-brazil_f_r_8bd5624aed7d.png,anopheles_mosquito-collection-brazil_f_r_8bd5624aed7d.tif,Anopheles_darlingi
,/Users/kristophernolte/Documents/ITHILDIN_evaluation/reference/reference_finalselection/anopheles_mosquito-collection-brazil_f_r_8e3058a05be2.png,Repaired,1524,right,Anopheles_aquasalis,0.98,1086,64,34,5,0,67,200,343,579,1002,813,785,740,729,757,461,470,121,126,163,213,272,312,368,422,472,272,267,225,230,188,149,135,275,anopheles_mosquito-collection-brazil_f_r_8e3058a05be2.png,anopheles_mosquito-collection-brazil_f_r_8e3058a05be2.tif,Anopheles_aquasalis
,/Users/kristophernolte/Documents/ITHILDIN_evaluation/reference/reference_finalselection/anopheles_mosquito-collection-brazil_f_r_93b8423ef83c.png,Repaired,1591,right,Anopheles_aquasalis,0.97,1129,61,17,0,3,70,184,354,602,1049,828,820,764,736,756,474,474,115,146,191,232,297,347,400,455,494,271,274,232,238,199,157,135,299,anopheles_mosquito-collection-brazil_f_r_93b8423ef83c.png,anopheles_mosquito-collection-brazil_f_r_93b8423ef83c.tif,Anopheles_aquasalis
,/Users/kristophernolte/Documents/ITHILDIN_evaluation/reference/reference_finalselection/anopheles_mosquito-collection-brazil_f_r_9c2a2365165e.png,Repaired,1302,right,Anopheles_darlingi,0.96,943,55,12,0,7,60,168,309,513,847,704,681,621,591,598,410,372,113,110,150,188,241,281,329,372,409,238,228,198,201,163,128,108,243,anopheles_mosquito-collection-brazil_f_r_9c2a2365165e.png,anopheles_mosquito-collection-brazil_f_r_9c2a2365165e.tif,Anopheles_darlingi
,/Users/kristophernolte/Documents/ITHILDIN_evaluation/reference/reference_finalselection/anopheles_mosquito-collection-brazil_f_r_9e14a38b340c.png,Repaired,1347,right,Anopheles_darlingi,0.95,987,69,21,0,13,56,171,288,503,865,707,696,640,630,658,413,360,112,102,150,196,242,283,339,379,423,247,234,198,204,165,132,112,254,anopheles_mosquito-collection-brazil_f_r_9e14a38b340c.png,anopheles_mosquito-collection-brazil_f_r_9e14a38b340c.tif,Anopheles_darlingi
,/Users/kristophernolte/Documents/ITHILDIN_evaluation/reference/reference_finalselection/anopheles_mosquito-collection-brazil_f_r_a447375228c2.png,Repaired,1555,left,Anopheles_aquasalis,0.99,1138,120,66,42,51,108,231,414,640,1072,856,850,802,778,802,519,504,124,127,181,232,292,341,401,443,488,280,277,235,238,196,151,139,305,anopheles_mosquito-collection-brazil_f_r_a447375228c2.png,anopheles_mosquito-collection-brazil_f_r_a447375228c2.tif,Anopheles_aquasalis
,/Users/kristophernolte/Documents/ITHILDIN_evaluation/reference/reference_finalselection/anopheles_mosquito-collection-brazil_f_r_ab0bf307915a.png,Repaired,1504,left,Anopheles_aquasalis,0.96,1117,127,73,45,45,113,206,410,625,1032,826,817,769,758,780,512,480,114,120,168,219,278,323,374,431,479,267,267,222,224,188,142,131,287,anopheles_mosquito-collection-brazil_f_r_ab0bf307915a.png,anopheles_mosquito-collection-brazil_f_r_ab0bf307915a.tif,Anopheles_aquasalis
,/Users/kristophernolte/Documents/ITHILDIN_evaluation/reference/reference_finalselection/anopheles_mosquito-collection-brazil_f_r_ab5663396937.png,Repaired,1637,left,Anopheles_aquasalis,0.99,1208,121,70,42,50,112,262,417,680,1129,897,877,827,812,858,530,508,118,118,169,220,285,335,406,454,505,279,270,228,231,189,160,129,293,anopheles_mosquito-collection-brazil_f_r_ab5663396937.png,anopheles_mosquito-collection-brazil_f_r_ab5663396937.tif,Anopheles_aquasalis
,/Users/kristophernolte/Documents/ITHILDIN_evaluation/reference/reference_finalselection/anopheles_mosquito-collection-brazil_f_r_abcc257c9ace.png,Repaired,1375,right,Anopheles_darlingi,0.98,1022,67,20,0,13,64,179,316,518,897,708,705,646,638,640,417,386,119,114,160,207,264,303,358,396,454,262,249,217,220,176,132,121,264,anopheles_mosquito-collection-brazil_f_r_abcc257c9ace.png,anopheles_mosquito-collection-brazil_f_r_abcc257c9ace.tif,Anopheles_darlingi
,/Users/kristophernolte/Documents/ITHILDIN_evaluation/reference/reference_finalselection/anopheles_mosquito-collection-brazil_f_r_aeef5ee7aef6.png,Repaired,1552,left,Anopheles_aquasalis,0.99,1145,107,62,39,48,118,226,410,647,1060,859,839,783,769,794,525,506,123,123,168,213,278,329,383,439,493,281,270,230,227,193,148,128,295,anopheles_mosquito-collection-brazil_f_r_aeef5ee7aef6.png,anopheles_mosquito-collection-brazil_f_r_aeef5ee7aef6.tif,Anopheles_aquasalis
,/Users/kristophernolte/Documents/ITHILDIN_evaluation/reference/reference_finalselection/anopheles_mosquito-collection-brazil_f_r_af03d160772b.png,Repaired,1501,left,Anopheles_aquasalis,0.99,1135,111,64,35,46,111,228,395,623,1018,819,807,763,752,746,485,482,115,115,162,209,270,317,373,417,475,267,261,223,226,185,141,130,279,anopheles_mosquito-collection-brazil_f_r_af03d160772b.png,anopheles_mosquito-collection-brazil_f_r_af03d160772b.tif,Anopheles_aquasalis
,/Users/kristophernolte/Documents/ITHILDIN_evaluation/reference/reference_finalselection/anopheles_mosquito-collection-brazil_f_r_bd4ec413dff2.png,Repaired,1550,left,Anopheles_aquasalis,0.97,1152,118,71,41,50,112,225,391,635,1056,858,840,792,780,810,510,483,118,109,154,201,267,320,362,418,466,264,264,216,216,187,142,124,276,anopheles_mosquito-collection-brazil_f_r_bd4ec413dff2.png,anopheles_mosquito-collection-brazil_f_r_bd4ec413dff2.tif,Anopheles_aquasalis
,/Users/kristophernolte/Documents/ITHILDIN_evaluation/reference/reference_finalselection/anopheles_mosquito-collection-brazil_f_r_c0c00fd33afa.png,Repaired,1319,left,Anopheles_darlingi,0.98,1004,108,66,34,39,98,211,352,553,898,713,708,676,649,672,460,418,93,115,160,209,251,297,347,381,420,243,233,194,196,160,125,110,258,anopheles_mosquito-collection-brazil_f_r_c0c00fd33afa.png,anopheles_mosquito-collection-brazil_f_r_c0c00fd33afa.tif,Anopheles_darlingi
,/Users/kristophernolte/Documents/ITHILDIN_evaluation/reference/reference_finalselection/anopheles_mosquito-collection-brazil_f_r_c90ed31953e1.png,Repaired,1366,right,Anopheles_darlingi,0.97,981,57,18,0,10,75,178,327,535,893,708,703,661,649,674,458,389,124,132,181,230,279,320,369,405,446,258,250,212,214,181,145,127,279,anopheles_mosquito-collection-brazil_f_r_c90ed31953e1.png,anopheles_mosquito-collection-brazil_f_r_c90ed31953e1.tif,Anopheles_darlingi
,/Users/kristophernolte/Documents/ITHILDIN_evaluation/reference/reference_finalselection/anopheles_mosquito-collection-brazil_f_r_d1e58209bda3.png,Repaired,1616,left,Anopheles_aquasalis,0.98,1194,131,65,37,53,116,232,417,661,1109,887,877,821,812,840,523,507,119,122,172,232,291,338,388,445,495,279,275,235,235,197,153,141,301,anopheles_mosquito-collection-brazil_f_r_d1e58209bda3.png,anopheles_mosquito-collection-brazil_f_r_d1e58209bda3.tif,Anopheles_aquasalis
,/Users/kristophernolte/Documents/ITHILDIN_evaluation/reference/reference_finalselection/anopheles_mosquito-collection-brazil_f_r_d508db6f25fc.png,Repaired,1470,right,Anopheles_aquasalis,0.97,1065,56,17,0,20,73,191,337,564,962,760,751,718,698,718,443,432,113,141,189,234,290,326,374,421,469,264,267,222,225,189,144,141,284,anopheles_mosquito-collection-brazil_f_r_d508db6f25fc.png,anopheles_mosquito-collection-brazil_f_r_d508db6f25fc.tif,Anopheles_aquasalis
,/Users/kristophernolte/Documents/ITHILDIN_evaluation/reference/reference_finalselection/anopheles_mosquito-collection-brazil_f_r_d5eacc391b8c.png,Repaired,1292,right,Anopheles_darlingi,0.99,924,66,19,0,2,68,171,291,508,866,670,655,616,599,609,420,376,100,102,144,190,237,283,337,379,420,232,227,193,195,161,122,105,249,anopheles_mosquito-collection-brazil_f_r_d5eacc391b8c.png,anopheles_mosquito-collection-brazil_f_r_d5eacc391b8c.tif,Anopheles_darlingi
,/Users/kristophernolte/Documents/ITHILDIN_evaluation/reference/reference_finalselection/anopheles_mosquito-collection-brazil_f_r_d8f2867694b3.png,Repaired,1460,right,Anopheles_aquasalis,0.99,1043,71,20,0,3,54,175,352,546,953,762,742,695,683,714,436,428,119,108,150,198,257,310,372,423,470,262,257,217,220,181,141,133,276,anopheles_mosquito-collection-brazil_f_r_d8f2867694b3.png,anopheles_mosquito-collection-brazil_f_r_d8f2867694b3.tif,Anopheles_aquasalis
,/Users/kristophernolte/Documents/ITHILDIN_evaluation/reference/reference_finalselection/anopheles_mosquito-collection-brazil_f_r_dd22881fce2a.png,Repaired,1337,left,Anopheles_darlingi,0.98,1003,85,57,35,45,102,212,342,560,910,748,738,673,658,643,472,435,108,121,156,198,251,291,336,381,419,236,223,191,198,161,118,106,246,anopheles_mosquito-collection-brazil_f_r_dd22881fce2a.png,anopheles_mosquito-collection-brazil_f_r_dd22881fce2a.tif,Anopheles_darlingi
,/Users/kristophernolte/Documents/ITHILDIN_evaluation/reference/reference_finalselection/anopheles_mosquito-collection-brazil_f_r_e0f5ba99c676.png,Repaired,1529,right,Anopheles_aquasalis,0.98,1103,64,23,0,6,55,163,343,570,983,797,786,736,719,724,451,448,116,119,162,209,267,314,363,424,477,273,261,221,221,186,148,125,279,anopheles_mosquito-collection-brazil_f_r_e0f5ba99c676.png,anopheles_mosquito-collection-brazil_f_r_e0f5ba99c676.tif,Anopheles_aquasalis
,/Users/kristophernolte/Documents/ITHILDIN_evaluation/reference/reference_finalselection/anopheles_mosquito-collection-brazil_f_r_e2b9fc5b4d97.png,Repaired,1335,right,Anopheles_darlingi,0.99,981,59,23,0,5,57,158,303,525,862,709,662,616,606,637,401,367,148,128,172,223,273,314,363,412,464,288,267,234,239,198,161,148,286,anopheles_mosquito-collection-brazil_f_r_e2b9fc5b4d97.png,anopheles_mosquito-collection-brazil_f_r_e2b9fc5b4d97.tif,Anopheles_darlingi
,/Users/kristophernolte/Documents/ITHILDIN_evaluation/reference/reference_finalselection/anopheles_mosquito-collection-brazil_f_r_e51315364a6b.png,Repaired,1545,right,Anopheles_aquasalis,0.95,1117,60,21,0,12,81,192,356,581,1006,809,797,740,734,761,467,449,118,127,166,208,273,324,375,432,480,276,267,223,223,196,160,130,285,anopheles_mosquito-collection-brazil_f_r_e51315364a6b.png,anopheles_mosquito-collection-brazil_f_r_e51315364a6b.tif,Anopheles_aquasalis
,/Users/kristophernolte/Documents/ITHILDIN_evaluation/reference/reference_finalselection/anopheles_mosquito-collection-brazil_f_r_e66fbc5989be.png,Full Skeleton,1248,right,Anopheles_darlingi,0.97,926,61,22,0,14,63,168,305,498,814,677,645,569,557,606,383,352,112,95,132,173,222,261,310,359,398,237,224,193,200,161,124,107,242,anopheles_mosquito-collection-brazil_f_r_e66fbc5989be.png,anopheles_mosquito-collection-brazil_f_r_e66fbc5989be.tif,Anopheles_darlingi
,/Users/kristophernolte/Documents/ITHILDIN_evaluation/reference/reference_finalselection/anopheles_mosquito-collection-brazil_f_r_e6fd1ed15465.png,Repaired,1535,right,Anopheles_aquasalis,0.99,1101,76,24,0,9,70,160,355,578,994,808,796,735,724,750,465,448,111,106,155,201,262,312,358,422,474,271,257,213,219,184,143,120,280,anopheles_mosquito-collection-brazil_f_r_e6fd1ed15465.png,anopheles_mosquito-collection-brazil_f_r_e6fd1ed15465.tif,Anopheles_aquasalis
,/Users/kristophernolte/Documents/ITHILDIN_evaluation/reference/reference_finalselection/anopheles_mosquito-collection-brazil_f_r_f0c05152b08d.png,Repaired,1269,right,Anopheles_darlingi,0.98,929,67,25,0,5,67,177,301,506,827,677,668,598,595,593,384,356,89,89,126,174,231,268,316,358,408,241,231,199,201,166,129,119,244,anopheles_mosquito-collection-brazil_f_r_f0c05152b08d.png,anopheles_mosquito-collection-brazil_f_r_f0c05152b08d.tif,Anopheles_darlingi
,/Users/kristophernolte/Documents/ITHILDIN_evaluation/reference/reference_finalselection/anopheles_mosquito-collection-brazil_f_r_f30ed1f57430.png,Repaired,1396,right,Anopheles_darlingi,0.98,1051,63,22,0,3,76,191,333,543,920,734,699,639,639,658,426,382,118,107,148,195,241,285,342,386,427,247,233,203,208,165,126,118,255,anopheles_mosquito-collection-brazil_f_r_f30ed1f57430.png,anopheles_mosquito-collection-brazil_f_r_f30ed1f57430.tif,Anopheles_darlingi
,/Users/kristophernolte/Documents/ITHILDIN_evaluation/reference/reference_finalselection/anopheles_mosquito-collection-brazil_f_r_f3fa583fcf58.png,Repaired,1354,right,Anopheles_darlingi,0.98,998,68,28,0,8,73,175,288,508,888,715,704,636,628,647,416,372,145,95,134,179,226,278,328,378,436,276,252,218,216,179,142,116,258,anopheles_mosquito-collection-brazil_f_r_f3fa583fcf58.png,anopheles_mosquito-collection-brazil_f_r_f3fa583fcf58.tif,Anopheles_darlingi
,/Users/kristophernolte/Documents/ITHILDIN_evaluation/reference/reference_finalselection/anopheles_mosquito-collection-brazil_f_r_fbf00ce20fe7.png,Repaired,1526,left,Anopheles_aquasalis,0.99,1137,118,62,38,47,112,201,397,629,1036,831,819,774,763,792,498,486,120,111,164,206,265,316,360,426,470,268,256,215,218,179,143,126,277,anopheles_mosquito-collection-brazil_f_r_fbf00ce20fe7.png,anopheles_mosquito-collection-brazil_f_r_fbf00ce20fe7.tif,Anopheles_aquasalis
,/Users/kristophernolte/Documents/ITHILDIN_evaluation/reference/reference_finalselection/anopheles_mosquito-collection-brazil_f_r_fc49bd96dee1.png,Repaired,1295,right,Anopheles_darlingi,0.96,914,72,20,2,0,57,178,307,521,867,684,668,609,601,619,415,371,117,91,140,187,238,282,342,385,432,256,251,212,218,176,138,120,262,anopheles_mosquito-collection-brazil_f_r_fc49bd96dee1.png,anopheles_mosquito-collection-brazil_f_r_fc49bd96dee1.tif,Anopheles_darlingi
,/Users/kristophernolte/Documents/ITHILDIN_evaluation/reference/reference_finalselection/anopheles_mosquito-collection-brazil_f_r_fce6e7c578ad.png,Repaired,1275,left,Anopheles_darlingi,0.98,1014,113,74,46,59,125,217,355,545,890,713,700,639,624,631,451,416,224,197,244,291,340,377,421,468,515,347,338,298,305,266,224,204,342,anopheles_mosquito-collection-brazil_f_r_fce6e7c578ad.png,anopheles_mosquito-collection-brazil_f_r_fce6e7c578ad.tif,Anopheles_darlingi
,/Users/kristophernolte/Documents/ITHILDIN_evaluation/reference/reference_finalselection/anopheles_mosquito-collection-brazil_f_r_fd38a89526fd.png,Repaired,1542,left,Anopheles_aquasalis,0.97,1134,111,57,40,40,106,209,403,627,1054,833,839,776,764,793,492,484,111,123,174,212,272,318,369,429,475,260,260,212,217,183,140,123,272,anopheles_mosquito-collection-brazil_f_r_fd38a89526fd.png,anopheles_mosquito-collection-brazil_f_r_fd38a89526fd.tif,Anopheles_aquasalis
,/Users/kristophernolte/Documents/ITHILDIN_evaluation/reference/reference_finalselection/anopheles_mosquito-collection-brazil_f_r_fe70e8a453dc.png,Repaired,1304,right,Anopheles_darlingi,0.97,985,78,21,0,6,65,168,296,498,848,676,661,598,598,639,417,374,243,159,205,249,296,342,392,442,501,364,330,299,302,258,233,199,330,anopheles_mosquito-collection-brazil_f_r_fe70e8a453dc.png,anopheles_mosquito-collection-brazil_f_r_fe70e8a453dc.tif,Anopheles_darlingi
,/Users/kristophernolte/Documents/ITHILDIN_evaluation/reference/reference_finalselection/anopheles_mosquito-collection-ukraine_f_l_29f438404fb6.png,Repaired,1907,left,Anopheles_maculipennis s.l.,0.99,1436,109,50,31,58,133,281,477,782,1303,1001,993,950,946,966,614,602,131,142,197,256,311,365,432,491,561,318,318,271,268,225,174,150,330,anopheles_mosquito-collection-ukraine_f_l_29f438404fb6.png,anopheles_mosquito-collection-ukraine_f_l_29f438404fb6.tif,Anopheles_maculipennis s.l.
,/Users/kristophernolte/Documents/ITHILDIN_evaluation/reference/reference_finalselection/anopheles_mosquito-collection-ukraine_f_l_4ae423cdfb67.png,Repaired,1850,left,Anopheles_maculipennis s.l.,0.98,1397,128,67,45,64,135,297,489,787,1269,994,990,952,949,979,606,576,152,122,171,220,280,333,401,457,529,322,318,276,265,224,178,152,318,anopheles_mosquito-collection-ukraine_f_l_4ae423cdfb67.png,anopheles_mosquito-collection-ukraine_f_l_4ae423cdfb67.tif,Anopheles_maculipennis s.l.
,/Users/kristophernolte/Documents/ITHILDIN_evaluation/reference/reference_finalselection/anopheles_mosquito-collection-ukraine_f_l_772e498fbdaf.png,Repaired,1684,left,Anopheles_maculipennis s.l.,0.98,1238,133,54,34,48,120,257,432,713,1166,901,898,860,860,874,569,531,132,108,166,217,276,330,392,447,505,296,293,258,252,210,162,138,310,anopheles_mosquito-collection-ukraine_f_l_772e498fbdaf.png,anopheles_mosquito-collection-ukraine_f_l_772e498fbdaf.tif,Anopheles_maculipennis s.l.
,/Users/kristophernolte/Documents/ITHILDIN_evaluation/reference/reference_finalselection/anopheles_mosquito-collection-ukraine_f_l_b4e301540dcf.png,Repaired,1867,right,Anopheles_claviger-petragnani-pair,0.98,1285,61,32,0,4,72,214,395,680,1221,993,986,926,926,954,627,563,140,129,158,222,282,332,396,450,503,293,282,243,240,215,172,147,300,anopheles_mosquito-collection-ukraine_f_l_b4e301540dcf.png,anopheles_mosquito-collection-ukraine_f_l_b4e301540dcf.tif,Anopheles_claviger-petragnani-pair
,/Users/kristophernolte/Documents/ITHILDIN_evaluation/reference/reference_finalselection/anopheles_mosquito-collection-ukraine_f_r_29b6df2cfa7d.png,Repaired,1910,left,Anopheles_maculipennis s.l.,0.99,1505,165,117,80,97,173,307,505,821,1323,1056,1047,991,983,1019,639,598,178,133,186,250,315,372,441,501,574,360,339,295,299,246,194,173,356,anopheles_mosquito-collection-ukraine_f_r_29b6df2cfa7d.png,anopheles_mosquito-collection-ukraine_f_r_29b6df2cfa7d.tif,Anopheles_maculipennis s.l.
,/Users/kristophernolte/Documents/ITHILDIN_evaluation/reference/reference_finalselection/anopheles_mosquito-collection-ukraine_f_r_2f6ea428bbb3.png,Repaired,1775,right,Anopheles_claviger-petragnani-pair,0.86,1219,45,7,0,24,82,196,372,658,1154,913,909,896,899,913,561,482,105,146,191,236,284,332,387,428,494,277,256,229,222,191,153,136,301,anopheles_mosquito-collection-ukraine_f_r_2f6ea428bbb3.png,anopheles_mosquito-collection-ukraine_f_r_2f6ea428bbb3.tif,Anopheles_claviger-petragnani-pair
,/Users/kristophernolte/Documents/ITHILDIN_evaluation/reference/reference_finalselection/anopheles_mosquito-collection-ukraine_f_r_69eec6039de6.png,Repaired,1724,right,Anopheles_maculipennis s.l.,0.97,1227,48,17,0,31,92,241,411,707,1159,894,884,836,823,881,507,493,119,149,190,244,306,350,401,445,493,278,278,241,244,204,156,146,312,anopheles_mosquito-collection-ukraine_f_r_69eec6039de6.png,anopheles_mosquito-collection-ukraine_f_r_69eec6039de6.tif,Anopheles_maculipennis s.l.
,/Users/kristophernolte/Documents/ITHILDIN_evaluation/reference/reference_finalselection/anopheles_mosquito-collection-ukraine_f_r_73db99ffdeaa.png,Repaired,1870,left,Anopheles_maculipennis s.l.,0.97,1405,107,53,34,61,130,281,473,774,1278,989,982,936,932,951,604,597,134,138,196,254,312,362,431,489,558,319,315,273,265,223,177,154,327,anopheles_mosquito-collection-ukraine_f_r_73db99ffdeaa.png,anopheles_mosquito-collection-ukraine_f_r_73db99ffdeaa.tif,Anopheles_maculipennis s.l.
,/Users/kristophernolte/Documents/ITHILDIN_evaluation/reference/reference_finalselection/anopheles_mosquito-collection-ukraine_f_r_98c184f75aba.png,Repaired,1846,left,Anopheles_maculipennis s.l.,0.97,1403,132,66,44,73,154,320,482,810,1278,994,998,954,939,976,607,629,121,128,184,224,287,338,401,464,508,298,294,250,246,206,158,143,305,anopheles_mosquito-collection-ukraine_f_r_98c184f75aba.png,anopheles_mosquito-collection-ukraine_f_r_98c184f75aba.tif,Anopheles_maculipennis s.l.
,/Users/kristophernolte/Documents/ITHILDIN_evaluation/reference/reference_finalselection/anopheles_mosquito-collection-ukraine_f_r_c99565e789ed.png,Repaired,1404,right,Anopheles_maculipennis s.l.,0.41,976,46,11,0,11,67,165,309,524,923,716,713,697,700,721,460,391,101,114,151,191,236,276,327,366,412,231,228,199,199,164,130,116,255,anopheles_mosquito-collection-ukraine_f_r_c99565e789ed.png,anopheles_mosquito-collection-ukraine_f_r_c99565e789ed.tif,Anopheles_claviger-petragnani-pair
,/Users/kristophernolte/Documents/ITHILDIN_evaluation/reference/reference_finalselection/coquillettidia_aida_f_l_019b23ba5f4b.png,Full Skeleton,1804,right,Coquillettidia_richiardii,0.59,1405,111,31,0,14,104,257,445,685,1189,942,932,810,800,814,549,605,147,147,206,283,359,422,478,519,565,335,318,269,279,241,203,189,346,coquillettidia_aida_f_l_019b23ba5f4b.png,coquillettidia_aida_f_l_019b23ba5f4b.tif,Coquillettidia_richiardii
,/Users/kristophernolte/Documents/ITHILDIN_evaluation/reference/reference_finalselection/coquillettidia_aida_f_l_4100eddcd549.png,Full Skeleton,1848,right,Coquillettidia_richiardii,0.98,1412,80,31,0,24,104,229,417,692,1221,970,950,842,814,842,529,584,132,173,226,306,372,421,466,515,563,320,320,271,274,240,187,191,351,coquillettidia_aida_f_l_4100eddcd549.png,coquillettidia_aida_f_l_4100eddcd549.tif,Coquillettidia_richiardii
,/Users/kristophernolte/Documents/ITHILDIN_evaluation/reference/reference_finalselection/coquillettidia_aida_f_l_42b76bc54790.png,Full Skeleton,1835,right,Coquillettidia_richiardii,0.87,1409,81,39,0,10,81,219,421,676,1193,952,942,811,803,821,541,595,171,139,189,270,341,401,469,522,589,355,338,295,295,246,203,185,348,coquillettidia_aida_f_l_42b76bc54790.png,coquillettidia_aida_f_l_42b76bc54790.tif,Coquillettidia_richiardii
,/Users/kristophernolte/Documents/ITHILDIN_evaluation/reference/reference_finalselection/coquillettidia_aida_f_l_494d77785bae.png,Full Skeleton,1777,right,Coquillettidia_richiardii,0.95,1373,104,38,0,17,80,226,404,683,1188,920,892,781,767,795,547,589,177,163,219,292,366,425,488,529,596,369,355,306,306,271,223,209,366,coquillettidia_aida_f_l_494d77785bae.png,coquillettidia_aida_f_l_494d77785bae.tif,Coquillettidia_richiardii
,/Users/kristophernolte/Documents/ITHILDIN_evaluation/reference/reference_finalselection/coquillettidia_aida_f_l_897546dff373.png,Repaired,1800,right,Coquillettidia_richiardii,0.96,1383,93,28,0,17,107,243,419,691,1211,935,914,799,795,813,566,580,179,139,197,272,340,405,466,523,584,362,354,304,308,261,218,193,358,coquillettidia_aida_f_l_897546dff373.png,coquillettidia_aida_f_l_897546dff373.tif,Coquillettidia_richiardii
,/Users/kristophernolte/Documents/ITHILDIN_evaluation/reference/reference_finalselection/coquillettidia_aida_f_l_8d253105c68b.png,Repaired,1767,right,Coquillettidia_richiardii,0.98,1370,96,25,0,10,89,211,366,645,1144,922,900,785,775,796,527,559,166,116,174,238,303,367,428,482,554,342,324,278,281,238,199,174,339,coquillettidia_aida_f_l_8d253105c68b.png,coquillettidia_aida_f_l_8d253105c68b.tif,Coquillettidia_richiardii
,/Users/kristophernolte/Documents/ITHILDIN_evaluation/reference/reference_finalselection/coquillettidia_aida_f_l_9390fc99f63b.png,Full Skeleton,1886,right,Coquillettidia_richiardii,0.99,1478,99,40,0,8,84,222,404,681,1209,972,925,837,834,856,572,615,178,152,203,280,353,414,484,549,615,374,360,305,309,269,218,196,371,coquillettidia_aida_f_l_9390fc99f63b.png,coquillettidia_aida_f_l_9390fc99f63b.tif,Coquillettidia_richiardii
,/Users/kristophernolte/Documents/ITHILDIN_evaluation/reference/reference_finalselection/coquillettidia_aida_f_l_9c31d60f2965.png,Full Skeleton,1814,right,Coquillettidia_richiardii,0.98,1383,94,21,0,14,97,233,420,678,1195,959,928,799,792,803,546,584,147,171,241,307,376,436,498,543,599,345,342,286,293,255,203,196,370,coquillettidia_aida_f_l_9c31d60f2965.png,coquillettidia_aida_f_l_9c31d60f2965.tif,Coquillettidia_richiardii
,/Users/kristophernolte/Documents/ITHILDIN_evaluation/reference/reference_finalselection/coquillettidia_aida_f_l_c751b2ec795d.png,Repaired,1772,right,Coquillettidia_richiardii,0.99,1379,94,31,0,10,98,231,416,661,1148,917,910,791,777,798,539,584,194,187,250,320,394,460,516,562,611,387,376,330,330,285,243,229,394,coquillettidia_aida_f_l_c751b2ec795d.png,coquillettidia_aida_f_l_c751b2ec795d.tif,Coquillettidia_richiardii
,/Users/kristophernolte/Documents/ITHILDIN_evaluation/reference/reference_finalselection/coquillettidia_aida_f_l_cdafc4b3c464.png,Full Skeleton,1894,right,Coquillettidia_richiardii,0.96,1466,116,38,0,11,105,258,486,756,1257,969,954,864,845,887,572,636,175,164,224,295,377,441,508,549,617,370,366,306,317,269,220,213,377,coquillettidia_aida_f_l_cdafc4b3c464.png,coquillettidia_aida_f_l_cdafc4b3c464.tif,Coquillettidia_richiardii
,/Users/kristophernolte/Documents/ITHILDIN_evaluation/reference/reference_finalselection/coquillettidia_aida_f_l_f329548ada7c.png,Full Skeleton,1673,right,Coquillettidia_richiardii,0.99,1306,86,28,0,24,118,228,394,643,1119,884,819,770,736,760,494,560,148,145,203,269,335,393,438,487,535,324,317,276,279,231,200,179,324,coquillettidia_aida_f_l_f329548ada7c.png,coquillettidia_aida_f_l_f329548ada7c.tif,Coquillettidia_richiardii
,/Users/kristophernolte/Documents/ITHILDIN_evaluation/reference/reference_finalselection/coquillettidia_aida_f_r_013d920ce98c.png,Repaired,1796,right,Coquillettidia_richiardii,0.98,1409,76,32,0,11,91,222,418,684,1190,917,874,782,764,793,539,582,167,171,222,302,360,422,480,527,593,367,364,309,313,265,229,207,364,coquillettidia_aida_f_r_013d920ce98c.png,coquillettidia_aida_f_r_013d920ce98c.tif,Coquillettidia_richiardii
,/Users/kristophernolte/Documents/ITHILDIN_evaluation/reference/reference_finalselection/coquillettidia_aida_f_r_0a166251ee87.png,Repaired,1789,right,Coquillettidia_richiardii,0.99,1400,96,32,0,7,103,248,430,657,1151,945,923,803,778,806,540,589,158,143,211,282,353,421,474,520,570,342,325,286,286,246,197,186,350,coquillettidia_aida_f_r_0a166251ee87.png,coquillettidia_aida_f_r_0a166251ee87.tif,Coquillettidia_richiardii
,/Users/kristophernolte/Documents/ITHILDIN_evaluation/reference/reference_finalselection/coquillettidia_aida_f_r_78d8bf5ee75e.png,Full Skeleton,1795,right,Coquillettidia_richiardii,0.99,1381,77,33,0,15,81,217,397,672,1168,900,896,804,793,808,573,606,176,132,183,257,334,400,466,528,598,370,345,308,304,260,212,187,352,coquillettidia_aida_f_r_78d8bf5ee75e.png,coquillettidia_aida_f_r_78d8bf5ee75e.tif,Coquillettidia_richiardii
,/Users/kristophernolte/Documents/ITHILDIN_evaluation/reference/reference_finalselection/coquillettidia_aida_f_r_819dbcc631fc.png,Full Skeleton,1829,right,Coquillettidia_richiardii,0.37,1405,92,28,0,10,88,237,428,690,1192,948,927,817,810,831,570,594,171,153,214,284,352,419,483,532,603,369,352,299,302,249,207,192,359,coquillettidia_aida_f_r_819dbcc631fc.png,coquillettidia_aida_f_r_819dbcc631fc.tif,Coquillettidia_richiardii
,/Users/kristophernolte/Documents/ITHILDIN_evaluation/reference/reference_finalselection/coquillettidia_aida_f_r_97fb7bf276a7.png,Full Skeleton,1818,right,Coquillettidia_richiardii,0.67,1435,114,39,0,18,103,249,441,693,1187,938,935,817,810,821,558,597,159,131,184,262,337,401,465,515,571,348,333,284,284,241,198,181,344,coquillettidia_aida_f_r_97fb7bf276a7.png,coquillettidia_aida_f_r_97fb7bf276a7.tif,Coquillettidia_richiardii
,/Users/kristophernolte/Documents/ITHILDIN_evaluation/reference/reference_finalselection/coquillettidia_aida_f_r_a39900278389.png,Full Skeleton,1706,right,Coquillettidia_richiardii,0.95,1320,84,33,0,16,94,226,393,647,1124,876,863,763,760,766,512,554,131,157,202,273,337,399,457,502,550,305,312,267,276,231,189,177,334,coquillettidia_aida_f_r_a39900278389.png,coquillettidia_aida_f_r_a39900278389.tif,Coquillettidia_richiardii
,/Users/kristophernolte/Documents/ITHILDIN_evaluation/reference/reference_finalselection/coquillettidia_aida_f_r_b7379ddaf14f.png,Full Skeleton,1897,right,Coquillettidia_richiardii,0.99,1475,113,34,0,19,102,268,468,751,1252,977,954,864,841,875,570,649,162,154,218,294,377,437,509,547,603,365,362,305,309,264,218,203,377,coquillettidia_aida_f_r_b7379ddaf14f.png,coquillettidia_aida_f_r_b7379ddaf14f.tif,Coquillettidia_richiardii
,/Users/kristophernolte/Documents/ITHILDIN_evaluation/reference/reference_finalselection/coquillettidia_aida_f_r_c4715fdc9505.png,Repaired,1791,right,Coquillettidia_richiardii,0.96,1395,108,33,0,18,101,244,420,682,1162,936,918,807,789,825,517,574,170,130,191,274,349,421,471,518,582,353,345,292,299,245,209,184,356,coquillettidia_aida_f_r_c4715fdc9505.png,coquillettidia_aida_f_r_c4715fdc9505.tif,Coquillettidia_richiardii
,/Users/kristophernolte/Documents/ITHILDIN_evaluation/reference/reference_finalselection/coquillettidia_aida_f_r_e974ecb52711.png,Repaired,1884,right,Coquillettidia_richiardii,0.97,1488,93,33,0,24,125,257,486,726,1256,963,943,822,810,851,586,610,162,166,226,306,378,451,503,551,615,358,354,302,306,266,214,198,374,coquillettidia_aida_f_r_e974ecb52711.png,coquillettidia_aida_f_r_e974ecb52711.tif,Coquillettidia_richiardii
,/Users/kristophernolte/Documents/ITHILDIN_evaluation/reference/reference_finalselection/coquillettidia_aida_f_r_f7f3d06099b7.png,Repaired,1845,right,Coquillettidia_richiardii,0.97,1415,84,29,0,18,110,247,453,707,1216,958,940,833,811,840,545,608,151,165,224,298,368,438,497,545,611,350,353,294,298,261,217,195,364,coquillettidia_aida_f_r_f7f3d06099b7.png,coquillettidia_aida_f_r_f7f3d06099b7.tif,Coquillettidia_richiardii
,/Users/kristophernolte/Documents/ITHILDIN_evaluation/reference/reference_finalselection/coquillettidia_aida_f_r_ffbf4208605f.png,Repaired,1677,right,Coquillettidia_richiardii,0.91,1303,79,30,0,20,99,211,383,633,1108,874,861,752,739,745,505,541,174,148,204,273,333,389,445,488,544,346,326,286,293,247,211,191,342,coquillettidia_aida_f_r_ffbf4208605f.png,coquillettidia_aida_f_r_ffbf4208605f.tif,Coquillettidia_richiardii
,/Users/kristophernolte/Documents/ITHILDIN_evaluation/reference/reference_finalselection/coquillettidia_cnn-study_f_r_0122b77daa04.png,Full Skeleton,1744,right,Coquillettidia_richiardii,0.55,1350,84,21,0,25,119,259,423,654,1147,920,909,784,784,794,514,591,138,127,194,264,330,393,449,491,540,320,309,271,264,222,183,166,323,coquillettidia_cnn-study_f_r_0122b77daa04.png,coquillettidia_cnn-study_f_r_0122b77daa04.tif,Coquillettidia_richiardii
,/Users/kristophernolte/Documents/ITHILDIN_evaluation/reference/reference_finalselection/coquillettidia_cnn-study_f_r_0455eadfefcb.png,Full Skeleton,1685,right,Coquillettidia_richiardii,0.96,1325,82,24,0,38,122,251,408,645,1090,883,873,778,771,778,520,564,140,130,191,256,317,375,429,477,534,324,307,263,259,219,181,164,320,coquillettidia_cnn-study_f_r_0455eadfefcb.png,coquillettidia_cnn-study_f_r_0455eadfefcb.tif,Coquillettidia_richiardii
,/Users/kristophernolte/Documents/ITHILDIN_evaluation/reference/reference_finalselection/coquillettidia_cnn-study_f_r_10cda0eccd75.png,Repaired,1618,right,Coquillettidia_richiardii,0.99,1271,80,26,0,20,87,215,356,591,1082,831,799,713,706,735,482,514,162,139,187,251,306,357,418,460,515,328,319,271,277,229,200,174,322,coquillettidia_cnn-study_f_r_10cda0eccd75.png,coquillettidia_cnn-study_f_r_10cda0eccd75.tif,Coquillettidia_richiardii
,/Users/kristophernolte/Documents/ITHILDIN_evaluation/reference/reference_finalselection/coquillettidia_cnn-study_f_r_13279648dac8.png,Full Skeleton,1527,right,Coquillettidia_richiardii,0.96,1188,61,16,0,19,103,210,339,558,1023,768,755,678,655,688,432,487,132,132,184,245,306,358,413,455,507,293,297,258,258,219,184,161,310,coquillettidia_cnn-study_f_r_13279648dac8.png,coquillettidia_cnn-study_f_r_13279648dac8.tif,Coquillettidia_richiardii
,/Users/kristophernolte/Documents/ITHILDIN_evaluation/reference/reference_finalselection/coquillettidia_cnn-study_f_r_1546fb8b5821.png,Repaired,1642,right,Coquillettidia_richiardii,0.99,1291,92,27,0,24,109,236,400,623,1072,852,842,746,729,733,496,537,143,130,191,260,335,390,445,486,534,315,311,260,263,219,188,174,325,coquillettidia_cnn-study_f_r_1546fb8b5821.png,coquillettidia_cnn-study_f_r_1546fb8b5821.tif,Coquillettidia_richiardii
,/Users/kristophernolte/Documents/ITHILDIN_evaluation/reference/reference_finalselection/coquillettidia_cnn-study_f_r_200b6553e4cf.png,Full Skeleton,1490,right,Coquillettidia_richiardii,0.98,1134,70,21,0,15,80,199,343,558,984,769,754,674,659,686,454,487,154,117,173,228,289,347,399,442,498,308,295,249,252,212,179,157,304,coquillettidia_cnn-study_f_r_200b6553e4cf.png,coquillettidia_cnn-study_f_r_200b6553e4cf.tif,Coquillettidia_richiardii
,/Users/kristophernolte/Documents/ITHILDIN_evaluation/reference/reference_finalselection/coquillettidia_cnn-study_f_r_24d91be78d18.png,Repaired,1706,right,Aedes_aegypti,0.35,1344,81,24,0,31,116,240,403,647,1128,891,891,735,732,742,491,523,134,145,205,272,336,392,445,484,551,328,311,275,265,229,191,169,336,coquillettidia_cnn-study_f_r_24d91be78d18.png,coquillettidia_cnn-study_f_r_24d91be78d18.tif,Coquillettidia_richiardii
,/Users/kristophernolte/Documents/ITHILDIN_evaluation/reference/reference_finalselection/coquillettidia_cnn-study_f_r_2b494c469c28.png,Repaired,1618,right,Coquillettidia_richiardii,0.96,1278,82,29,0,10,98,179,352,620,1040,806,789,734,711,734,463,489,145,125,187,246,304,366,415,467,526,314,311,262,265,223,187,174,324,coquillettidia_cnn-study_f_r_2b494c469c28.png,coquillettidia_cnn-study_f_r_2b494c469c28.tif,Coquillettidia_richiardii
,/Users/kristophernolte/Documents/ITHILDIN_evaluation/reference/reference_finalselection/coquillettidia_cnn-study_f_r_2b94d1ef5ab2.png,Repaired,1653,right,Coquillettidia_richiardii,0.31,1303,78,24,0,20,98,215,400,632,1095,833,827,726,719,736,471,541,157,124,178,248,308,366,419,466,534,319,312,268,268,231,184,167,319,coquillettidia_cnn-study_f_r_2b94d1ef5ab2.png,coquillettidia_cnn-study_f_r_2b94d1ef5ab2.tif,Coquillettidia_richiardii
,/Users/kristophernolte/Documents/ITHILDIN_evaluation/reference/reference_finalselection/coquillettidia_cnn-study_f_r_35bec614e2ae.png,Repaired,1788,right,Coquillettidia_richiardii,0.98,1406,96,28,0,24,106,239,426,691,1154,926,926,807,797,807,559,603,137,137,195,263,325,386,447,495,559,321,311,263,274,219,195,168,328,coquillettidia_cnn-study_f_r_35bec614e2ae.png,coquillettidia_cnn-study_f_r_35bec614e2ae.tif,Coquillettidia_richiardii
,/Users/kristophernolte/Documents/ITHILDIN_evaluation/reference/reference_finalselection/coquillettidia_cnn-study_f_r_39b88d5cb5b5.png,Repaired,1637,right,Coquillettidia_richiardii,0.97,1273,91,30,0,4,82,195,390,617,1062,838,812,740,721,747,517,542,137,108,157,222,277,335,407,459,521,306,306,254,258,212,176,163,306,coquillettidia_cnn-study_f_r_39b88d5cb5b5.png,coquillettidia_cnn-study_f_r_39b88d5cb5b5.tif,Coquillettidia_richiardii
,/Users/kristophernolte/Documents/ITHILDIN_evaluation/reference/reference_finalselection/coquillettidia_cnn-study_f_r_3b26ec49a187.png,Repaired,1720,right,Coquillettidia_richiardii,0.94,1351,92,24,0,24,119,235,405,643,1126,898,871,752,738,769,517,565,148,110,168,243,318,382,447,495,566,338,331,277,277,229,185,165,328,coquillettidia_cnn-study_f_r_3b26ec49a187.png,coquillettidia_cnn-study_f_r_3b26ec49a187.tif,Coquillettidia_richiardii
,/Users/kristophernolte/Documents/ITHILDIN_evaluation/reference/reference_finalselection/coquillettidia_cnn-study_f_r_3b68e3abaacd.png,Repaired,1622,right,Coquillettidia_richiardii,0.99,1298,94,33,0,20,98,219,398,600,1059,839,823,718,711,711,489,522,151,131,185,256,327,377,428,468,519,320,313,263,263,225,185,168,327,coquillettidia_cnn-study_f_r_3b68e3abaacd.png,coquillettidia_cnn-study_f_r_3b68e3abaacd.tif,Coquillettidia_richiardii
,/Users/kristophernolte/Documents/ITHILDIN_evaluation/reference/reference_finalselection/coquillettidia_cnn-study_f_r_3b98b0c283e0.png,Repaired,1669,right,Coquillettidia_richiardii,0.97,1319,89,27,0,24,102,191,355,622,1080,841,820,752,731,765,485,516,150,129,194,259,328,389,437,478,540,331,328,273,276,235,194,177,338,coquillettidia_cnn-study_f_r_3b98b0c283e0.png,coquillettidia_cnn-study_f_r_3b98b0c283e0.tif,Coquillettidia_richiardii
,/Users/kristophernolte/Documents/ITHILDIN_evaluation/reference/reference_finalselection/coquillettidia_cnn-study_f_r_46c25977c3a3.png,Repaired,1377,right,Coquillettidia_richiardii,0.97,1077,79,20,0,9,76,163,301,509,900,695,684,622,602,627,411,442,168,112,160,210,270,320,368,410,466,303,300,255,258,219,188,165,298,coquillettidia_cnn-study_f_r_46c25977c3a3.png,coquillettidia_cnn-study_f_r_46c25977c3a3.tif,Coquillettidia_richiardii
,/Users/kristophernolte/Documents/ITHILDIN_evaluation/reference/reference_finalselection/coquillettidia_cnn-study_f_r_5197457bdce4.png,Full Skeleton,1560,right,Coquillettidia_richiardii,0.87,1209,100,28,0,12,90,206,349,580,1013,816,810,704,698,710,489,505,129,113,166,232,291,350,406,443,496,297,285,247,241,210,169,157,297,coquillettidia_cnn-study_f_r_5197457bdce4.png,coquillettidia_cnn-study_f_r_5197457bdce4.tif,Coquillettidia_richiardii
,/Users/kristophernolte/Documents/ITHILDIN_evaluation/reference/reference_finalselection/coquillettidia_cnn-study_f_r_621c6998dad4.png,Full Skeleton,1695,right,Coquillettidia_richiardii,0.26,1329,93,24,0,20,97,232,406,659,1086,878,867,749,746,753,489,545,144,119,182,258,331,390,449,498,557,331,317,272,272,230,189,168,334,coquillettidia_cnn-study_f_r_621c6998dad4.png,coquillettidia_cnn-study_f_r_621c6998dad4.tif,Coquillettidia_richiardii
,/Users/kristophernolte/Documents/ITHILDIN_evaluation/reference/reference_finalselection/coquillettidia_cnn-study_f_r_628ec71d0bef.png,Full Skeleton,1376,right,Coquillettidia_richiardii,0.98,1073,64,17,0,6,84,192,328,534,898,709,690,617,609,620,420,437,118,120,168,218,276,326,370,401,443,257,257,223,220,193,168,148,279,coquillettidia_cnn-study_f_r_628ec71d0bef.png,coquillettidia_cnn-study_f_r_628ec71d0bef.tif,Coquillettidia_richiardii
,/Users/kristophernolte/Documents/ITHILDIN_evaluation/reference/reference_finalselection/coquillettidia_cnn-study_f_r_62aadae261da.png,Repaired,1509,right,Coquillettidia_richiardii,0.97,1200,83,31,0,16,95,202,360,565,974,794,763,681,660,696,479,498,129,123,169,230,288,337,382,425,474,279,273,236,236,199,169,160,291,coquillettidia_cnn-study_f_r_62aadae261da.png,coquillettidia_cnn-study_f_r_62aadae261da.tif,Coquillettidia_richiardii
,/Users/kristophernolte/Documents/ITHILDIN_evaluation/reference/reference_finalselection/coquillettidia_cnn-study_f_r_67974c40074f.png,Repaired,1611,right,Coquillettidia_richiardii,0.96,1272,98,34,0,24,98,230,379,589,1056,832,819,741,714,741,460,545,140,137,194,262,336,384,431,465,515,309,306,262,265,218,184,170,312,coquillettidia_cnn-study_f_r_67974c40074f.png,coquillettidia_cnn-study_f_r_67974c40074f.tif,Coquillettidia_richiardii
,/Users/kristophernolte/Documents/ITHILDIN_evaluation/reference/reference_finalselection/coquillettidia_cnn-study_f_r_6a8599e02567.png,Full Skeleton,1654,right,Coquillettidia_richiardii,0.98,1291,98,24,0,27,98,222,393,641,1083,865,845,748,735,748,503,564,145,122,189,246,310,360,420,474,541,330,323,273,269,229,186,172,316,coquillettidia_cnn-study_f_r_6a8599e02567.png,coquillettidia_cnn-study_f_r_6a8599e02567.tif,Coquillettidia_richiardii
,/Users/kristophernolte/Documents/ITHILDIN_evaluation/reference/reference_finalselection/coquillettidia_cnn-study_f_r_6e9c086bda3d.png,Repaired,1534,right,Coquillettidia_richiardii,0.98,1194,77,31,0,12,68,203,357,575,997,791,776,692,677,708,428,502,155,149,195,256,315,361,420,453,497,309,306,263,266,229,195,180,318,coquillettidia_cnn-study_f_r_6e9c086bda3d.png,coquillettidia_cnn-study_f_r_6e9c086bda3d.tif,Coquillettidia_richiardii
,/Users/kristophernolte/Documents/ITHILDIN_evaluation/reference/reference_finalselection/coquillettidia_cnn-study_f_r_880c02dfaf64.png,Full Skeleton,1752,right,Coquillettidia_richiardii,0.96,1344,92,30,0,20,102,214,377,624,1160,920,896,787,774,801,512,563,159,139,193,264,339,397,447,498,556,325,329,278,288,230,203,183,339,coquillettidia_cnn-study_f_r_880c02dfaf64.png,coquillettidia_cnn-study_f_r_880c02dfaf64.tif,Coquillettidia_richiardii
,/Users/kristophernolte/Documents/ITHILDIN_evaluation/reference/reference_finalselection/coquillettidia_cnn-study_f_r_890bc229aac4.png,Repaired,1517,right,Coquillettidia_richiardii,0.95,1201,97,28,0,32,113,223,379,593,997,809,778,687,684,687,483,495,128,125,181,241,300,354,407,445,498,288,288,244,250,216,175,162,304,coquillettidia_cnn-study_f_r_890bc229aac4.png,coquillettidia_cnn-study_f_r_890bc229aac4.tif,Coquillettidia_richiardii
,/Users/kristophernolte/Documents/ITHILDIN_evaluation/reference/reference_finalselection/coquillettidia_cnn-study_f_r_93be83872a2d.png,Repaired,1541,right,Coquillettidia_richiardii,0.93,1228,85,27,0,34,113,229,393,585,1030,800,773,691,674,698,428,499,160,130,195,263,321,369,424,461,516,318,321,270,273,225,198,177,321,coquillettidia_cnn-study_f_r_93be83872a2d.png,coquillettidia_cnn-study_f_r_93be83872a2d.tif,Coquillettidia_richiardii
,/Users/kristophernolte/Documents/ITHILDIN_evaluation/reference/reference_finalselection/coquillettidia_cnn-study_f_r_954cfc358c36.png,Repaired,1443,right,Coquillettidia_richiardii,0.95,1123,75,24,0,15,78,181,338,537,948,745,721,649,625,649,434,492,131,125,179,233,291,339,387,430,484,297,294,249,252,206,182,164,291,coquillettidia_cnn-study_f_r_954cfc358c36.png,coquillettidia_cnn-study_f_r_954cfc358c36.tif,Coquillettidia_richiardii
,/Users/kristophernolte/Documents/ITHILDIN_evaluation/reference/reference_finalselection/coquillettidia_cnn-study_f_r_96b572351824.png,Repaired,1570,right,Coquillettidia_richiardii,0.92,1232,78,20,0,29,87,213,373,573,1029,814,807,701,695,695,486,518,146,101,152,217,278,339,397,438,487,297,278,239,242,204,178,155,290,coquillettidia_cnn-study_f_r_96b572351824.png,coquillettidia_cnn-study_f_r_96b572351824.tif,Coquillettidia_richiardii
,/Users/kristophernolte/Documents/ITHILDIN_evaluation/reference/reference_finalselection/coquillettidia_cnn-study_f_r_9a0690c03323.png,Full Skeleton,1573,right,Coquillettidia_richiardii,0.97,1232,92,26,0,20,108,222,395,605,1032,827,800,702,683,719,500,536,138,135,187,253,318,377,429,478,530,318,315,262,256,230,184,174,315,coquillettidia_cnn-study_f_r_9a0690c03323.png,coquillettidia_cnn-study_f_r_9a0690c03323.tif,Coquillettidia_richiardii
,/Users/kristophernolte/Documents/ITHILDIN_evaluation/reference/reference_finalselection/coquillettidia_cnn-study_f_r_9b4860b7d424.png,Full Skeleton,1511,right,Coquillettidia_richiardii,0.95,1158,75,28,0,13,72,181,339,557,987,794,747,679,654,673,417,473,136,133,183,245,305,357,413,460,519,301,298,255,255,217,186,174,314,coquillettidia_cnn-study_f_r_9b4860b7d424.png,coquillettidia_cnn-study_f_r_9b4860b7d424.tif,Coquillettidia_richiardii
,/Users/kristophernolte/Documents/ITHILDIN_evaluation/reference/reference_finalselection/coquillettidia_cnn-study_f_r_9f575560a2a8.png,Repaired,1432,right,Coquillettidia_richiardii,0.98,1122,79,27,0,6,76,197,334,546,940,728,704,637,625,646,388,446,130,124,166,221,285,327,382,427,485,294,297,248,257,209,178,163,300,coquillettidia_cnn-study_f_r_9f575560a2a8.png,coquillettidia_cnn-study_f_r_9f575560a2a8.tif,Coquillettidia_richiardii
,/Users/kristophernolte/Documents/ITHILDIN_evaluation/reference/reference_finalselection/coquillettidia_cnn-study_f_r_b92689a721d1.png,Repaired,1797,right,Coquillettidia_richiardii,0.74,1394,82,14,0,29,113,244,428,672,1195,937,909,799,792,799,566,587,134,162,229,297,360,420,480,516,565,325,328,279,282,247,201,183,350,coquillettidia_cnn-study_f_r_b92689a721d1.png,coquillettidia_cnn-study_f_r_b92689a721d1.tif,Coquillettidia_richiardii
,/Users/kristophernolte/Documents/ITHILDIN_evaluation/reference/reference_finalselection/coquillettidia_cnn-study_f_r_beea66ef6bfe.png,Full Skeleton,1517,right,Coquillettidia_richiardii,0.98,1191,80,25,0,25,90,220,359,547,1014,785,758,690,662,693,411,476,131,143,196,255,313,354,409,440,490,292,289,248,252,211,177,168,310,coquillettidia_cnn-study_f_r_beea66ef6bfe.png,coquillettidia_cnn-study_f_r_beea66ef6bfe.tif,Coquillettidia_richiardii
,/Users/kristophernolte/Documents/ITHILDIN_evaluation/reference/reference_finalselection/coquillettidia_cnn-study_f_r_c1445038e241.png,Repaired,1459,right,Coquillettidia_richiardii,0.92,1150,60,21,0,21,96,215,364,534,954,757,751,650,644,653,423,474,116,125,172,232,288,339,387,417,464,268,262,229,232,199,163,157,285,coquillettidia_cnn-study_f_r_c1445038e241.png,coquillettidia_cnn-study_f_r_c1445038e241.tif,Coquillettidia_richiardii
,/Users/kristophernolte/Documents/ITHILDIN_evaluation/reference/reference_finalselection/coquillettidia_cnn-study_f_r_ccada100983f.png,Full Skeleton,1673,right,Coquillettidia_richiardii,0.98,1297,83,28,0,17,93,229,399,624,1113,870,835,752,735,749,478,551,135,135,183,246,322,371,433,475,537,305,301,256,267,225,187,169,319,coquillettidia_cnn-study_f_r_ccada100983f.png,coquillettidia_cnn-study_f_r_ccada100983f.tif,Coquillettidia_richiardii
,/Users/kristophernolte/Documents/ITHILDIN_evaluation/reference/reference_finalselection/coquillettidia_cnn-study_f_r_cdd5bd36efe5.png,Repaired,1544,right,Coquillettidia_richiardii,0.97,1187,73,22,0,10,82,190,360,578,1007,789,767,707,688,713,467,527,129,126,176,233,293,353,400,444,498,296,293,249,249,208,179,157,293,coquillettidia_cnn-study_f_r_cdd5bd36efe5.png,coquillettidia_cnn-study_f_r_cdd5bd36efe5.tif,Coquillettidia_richiardii
,/Users/kristophernolte/Documents/ITHILDIN_evaluation/reference/reference_finalselection/coquillettidia_cnn-study_f_r_d6dba388fab7.png,Repaired,1700,right,Coquillettidia_richiardii,0.95,1322,83,21,0,21,111,218,395,621,1117,878,853,767,742,767,531,551,163,131,197,260,333,392,447,499,569,340,333,284,284,239,197,180,336,coquillettidia_cnn-study_f_r_d6dba388fab7.png,coquillettidia_cnn-study_f_r_d6dba388fab7.tif,Coquillettidia_richiardii
,/Users/kristophernolte/Documents/ITHILDIN_evaluation/reference/reference_finalselection/coquillettidia_cnn-study_f_r_e01ce8e5480c.png,Full Skeleton,1637,right,Coquillettidia_richiardii,0.97,1277,96,26,0,10,82,211,362,593,1057,853,830,728,711,751,454,520,158,108,167,233,299,355,418,467,526,322,312,269,273,233,190,171,319,coquillettidia_cnn-study_f_r_e01ce8e5480c.png,coquillettidia_cnn-study_f_r_e01ce8e5480c.tif,Coquillettidia_richiardii
,/Users/kristophernolte/Documents/ITHILDIN_evaluation/reference/reference_finalselection/coquillettidia_cnn-study_f_r_e24038296993.png,Full Skeleton,1619,right,Coquillettidia_richiardii,0.98,1260,107,39,0,13,91,226,374,606,1066,841,822,712,706,738,516,538,143,114,169,239,307,378,436,484,545,330,330,275,281,227,188,172,333,coquillettidia_cnn-study_f_r_e24038296993.png,coquillettidia_cnn-study_f_r_e24038296993.tif,Coquillettidia_richiardii
,/Users/kristophernolte/Documents/ITHILDIN_evaluation/reference/reference_finalselection/coquillettidia_cnn-study_f_r_e60454eb96bd.png,Repaired,1397,right,Coquillettidia_richiardii,0.98,1063,75,26,0,9,83,192,326,543,923,740,717,634,623,657,432,477,139,131,177,228,285,339,379,417,459,277,274,234,239,205,168,159,285,coquillettidia_cnn-study_f_r_e60454eb96bd.png,coquillettidia_cnn-study_f_r_e60454eb96bd.tif,Coquillettidia_richiardii
,/Users/kristophernolte/Documents/ITHILDIN_evaluation/reference/reference_finalselection/coquillettidia_cnn-study_f_r_e869524d1fbd.png,Repaired,1351,right,Coquillettidia_richiardii,0.98,1049,68,19,0,22,76,184,306,511,884,695,673,625,614,625,400,454,127,118,170,224,267,310,359,392,443,256,262,219,221,186,159,151,273,coquillettidia_cnn-study_f_r_e869524d1fbd.png,coquillettidia_cnn-study_f_r_e869524d1fbd.tif,Coquillettidia_richiardii
,/Users/kristophernolte/Documents/ITHILDIN_evaluation/reference/reference_finalselection/coquillettidia_cnn-study_f_r_fc3480879af0.png,Repaired,1706,right,Coquillettidia_richiardii,0.96,1328,99,31,0,20,106,243,428,661,1144,883,856,757,726,777,500,561,142,131,190,265,330,395,460,505,570,327,344,285,289,255,200,179,347,coquillettidia_cnn-study_f_r_fc3480879af0.png,coquillettidia_cnn-study_f_r_fc3480879af0.tif,Coquillettidia_richiardii
,/Users/kristophernolte/Documents/ITHILDIN_evaluation/reference/reference_finalselection/coquillettidia_landmark-mosquito-identification_f_r_0173d0e86721.png,Repaired,1499,right,Coquillettidia_richiardii,0.99,1167,94,33,0,3,85,198,336,562,965,776,754,690,678,702,470,498,135,105,148,209,270,331,383,423,478,304,288,239,249,200,172,157,291,coquillettidia_landmark-mosquito-identification_f_r_0173d0e86721.png,coquillettidia_landmark-mosquito-identification_f_r_0173d0e86721.tif,Coquillettidia_richiardii
,/Users/kristophernolte/Documents/ITHILDIN_evaluation/reference/reference_finalselection/coquillettidia_landmark-mosquito-identification_f_r_184336e72726.png,Full Skeleton,1648,right,Coquillettidia_richiardii,0.98,1290,104,34,0,17,94,225,392,620,1099,858,811,727,714,740,486,540,145,132,192,259,326,386,453,497,554,333,329,282,286,239,202,179,339,coquillettidia_landmark-mosquito-identification_f_r_184336e72726.png,coquillettidia_landmark-mosquito-identification_f_r_184336e72726.tif,Coquillettidia_richiardii
,/Users/kristophernolte/Documents/ITHILDIN_evaluation/reference/reference_finalselection/coquillettidia_landmark-mosquito-identification_f_r_207dcad64e6a.png,Repaired,1796,right,Coquillettidia_richiardii,0.99,1397,90,30,0,10,110,234,418,655,1187,929,912,819,779,805,605,608,153,140,193,270,334,397,454,498,571,340,330,280,284,240,193,187,334,coquillettidia_landmark-mosquito-identification_f_r_207dcad64e6a.png,coquillettidia_landmark-mosquito-identification_f_r_207dcad64e6a.tif,Coquillettidia_richiardii
,/Users/kristophernolte/Documents/ITHILDIN_evaluation/reference/reference_finalselection/coquillettidia_landmark-mosquito-identification_f_r_309f701d6558.png,Full Skeleton,1592,right,Coquillettidia_richiardii,0.93,1250,81,27,0,23,71,180,356,591,1025,818,801,686,672,713,431,506,176,139,190,237,319,363,421,478,546,343,336,278,292,244,207,176,336,coquillettidia_landmark-mosquito-identification_f_r_309f701d6558.png,coquillettidia_landmark-mosquito-identification_f_r_309f701d6558.tif,Coquillettidia_richiardii
,/Users/kristophernolte/Documents/ITHILDIN_evaluation/reference/reference_finalselection/coquillettidia_landmark-mosquito-identification_f_r_32ac1c294f0e.png,Repaired,1787,right,Coquillettidia_richiardii,0.98,1406,112,51,0,13,105,238,390,652,1155,948,924,788,778,819,554,605,158,117,168,236,314,385,446,501,579,351,344,293,290,249,212,185,341,coquillettidia_landmark-mosquito-identification_f_r_32ac1c294f0e.png,coquillettidia_landmark-mosquito-identification_f_r_32ac1c294f0e.tif,Coquillettidia_richiardii
,/Users/kristophernolte/Documents/ITHILDIN_evaluation/reference/reference_finalselection/coquillettidia_landmark-mosquito-identification_f_r_3bddbcd7a538.png,Repaired,1613,right,Coquillettidia_richiardii,0.97,1240,82,19,0,32,94,223,383,628,1045,838,829,735,719,744,471,565,175,160,222,279,354,404,464,508,577,357,354,298,304,257,210,200,342,coquillettidia_landmark-mosquito-identification_f_r_3bddbcd7a538.png,coquillettidia_landmark-mosquito-identification_f_r_3bddbcd7a538.tif,Coquillettidia_richiardii
,/Users/kristophernolte/Documents/ITHILDIN_evaluation/reference/reference_finalselection/coquillettidia_landmark-mosquito-identification_f_r_e3735f3e7fda.png,Full Skeleton,1672,right,Coquillettidia_richiardii,0.99,1307,110,30,0,23,110,214,395,633,1102,871,844,754,740,770,522,579,149,118,185,253,323,380,433,490,544,330,330,269,279,229,199,175,326,coquillettidia_landmark-mosquito-identification_f_r_e3735f3e7fda.png,coquillettidia_landmark-mosquito-identification_f_r_e3735f3e7fda.tif,Coquillettidia_richiardii
,/Users/kristophernolte/Documents/ITHILDIN_evaluation/reference/reference_finalselection/culex_aida_f_l_07811443e519.png,Full Skeleton,1174,left,Culex_modestus,0.99,901,105,58,31,46,109,190,311,501,828,653,640,586,581,590,487,445,96,89,129,181,226,264,302,335,360,205,205,183,181,154,136,123,223,culex_aida_f_l_07811443e519.png,culex_aida_f_l_07811443e519.tif,Culex_modestus
,/Users/kristophernolte/Documents/ITHILDIN_evaluation/reference/reference_finalselection/culex_aida_f_l_0ca5f760241e.png,Full Skeleton,1377,left,Culex_modestus,0.99,1080,106,54,32,40,114,225,372,552,952,751,740,653,650,664,544,500,127,106,155,209,261,310,359,400,438,264,250,217,220,187,157,141,261,culex_aida_f_l_0ca5f760241e.png,culex_aida_f_l_0ca5f760241e.tif,Culex_modestus
,/Users/kristophernolte/Documents/ITHILDIN_evaluation/reference/reference_finalselection/culex_aida_f_l_1654c2dcf047.png,Repaired,1260,right,Culex_modestus,0.98,942,74,22,0,12,79,173,311,487,851,660,653,588,588,601,467,423,121,98,145,197,249,289,328,363,393,239,239,205,205,178,150,133,247,culex_aida_f_l_1654c2dcf047.png,culex_aida_f_l_1654c2dcf047.tif,Culex_modestus
,/Users/kristophernolte/Documents/ITHILDIN_evaluation/reference/reference_finalselection/culex_aida_f_l_1dbe32cd25cc.png,Full Skeleton,1221,left,Culex_modestus,0.99,954,112,64,35,45,117,205,349,519,880,679,662,588,585,605,495,452,112,95,141,196,243,287,322,351,382,222,227,193,196,169,143,129,236,culex_aida_f_l_1dbe32cd25cc.png,culex_aida_f_l_1dbe32cd25cc.tif,Culex_modestus
,/Users/kristophernolte/Documents/ITHILDIN_evaluation/reference/reference_finalselection/culex_aida_f_l_1ed84a4c2f40.png,Full Skeleton,1196,right,Culex_modestus,0.93,881,79,31,0,14,74,163,285,468,823,638,636,559,557,571,463,403,103,81,117,170,216,254,292,324,357,208,208,177,180,158,129,115,216,culex_aida_f_l_1ed84a4c2f40.png,culex_aida_f_l_1ed84a4c2f40.tif,Culex_modestus
,/Users/kristophernolte/Documents/ITHILDIN_evaluation/reference/reference_finalselection/culex_aida_f_l_208c3704669e.png,Repaired,1420,right,Culex_modestus,0.91,1093,75,30,0,19,97,207,349,540,961,731,725,653,650,667,529,468,132,102,143,204,257,304,357,398,445,263,257,227,224,193,160,141,263,culex_aida_f_l_208c3704669e.png,culex_aida_f_l_208c3704669e.tif,Culex_modestus
,/Users/kristophernolte/Documents/ITHILDIN_evaluation/reference/reference_finalselection/culex_aida_f_l_23df254b077b.png,Repaired,1239,left,Culex_modestus,0.98,958,105,52,31,47,109,205,349,509,870,686,681,600,597,612,490,456,102,105,150,200,243,286,327,361,396,227,224,196,193,172,138,121,239,culex_aida_f_l_23df254b077b.png,culex_aida_f_l_23df254b077b.tif,Culex_modestus
,/Users/kristophernolte/Documents/ITHILDIN_evaluation/reference/reference_finalselection/culex_aida_f_l_686c2197f858.png,Repaired,1198,left,Culex_modestus,0.98,943,112,63,34,39,108,201,334,505,857,655,648,582,579,586,481,424,114,92,136,187,229,273,313,345,376,229,227,197,195,170,143,126,236,culex_aida_f_l_686c2197f858.png,culex_aida_f_l_686c2197f858.tif,Culex_modestus
,/Users/kristophernolte/Documents/ITHILDIN_evaluation/reference/reference_finalselection/culex_aida_f_l_6eaabf0cd5c3.png,Repaired,1241,right,Culex_modestus,0.95,948,64,20,0,11,69,169,302,478,830,632,616,563,560,572,460,409,116,99,143,194,241,285,334,370,403,237,241,203,208,179,152,132,250,culex_aida_f_l_6eaabf0cd5c3.png,culex_aida_f_l_6eaabf0cd5c3.tif,Culex_modestus
,/Users/kristophernolte/Documents/ITHILDIN_evaluation/reference/reference_finalselection/culex_aida_f_l_80c789ec822a.png,Full Skeleton,1482,left,Culex_modestus,0.96,1120,115,60,31,46,130,251,408,605,1033,822,816,735,732,738,599,558,128,102,152,212,267,319,374,415,458,273,267,227,224,189,163,143,276,culex_aida_f_l_80c789ec822a.png,culex_aida_f_l_80c789ec822a.tif,Culex_modestus
,/Users/kristophernolte/Documents/ITHILDIN_evaluation/reference/reference_finalselection/culex_aida_f_l_9b1ebe183c6e.png,Repaired,1205,left,Culex_modestus,0.99,926,109,60,34,39,95,188,324,485,849,670,656,580,580,598,464,401,116,85,123,176,222,271,317,352,387,225,225,190,192,171,146,127,243,culex_aida_f_l_9b1ebe183c6e.png,culex_aida_f_l_9b1ebe183c6e.tif,Culex_modestus
,/Users/kristophernolte/Documents/ITHILDIN_evaluation/reference/reference_finalselection/culex_aida_f_l_b3d9969aac2d.png,Full Skeleton,1552,right,Culex_pipiens s.l.-torrentium-pair,0.93,1147,49,14,0,17,84,175,332,543,1009,799,794,723,718,723,589,531,147,138,185,249,301,342,392,444,497,301,284,243,240,211,173,159,293,culex_aida_f_l_b3d9969aac2d.png,culex_aida_f_l_b3d9969aac2d.tif,Culex_pipiens s.l.-torrentium-pair
,/Users/kristophernolte/Documents/ITHILDIN_evaluation/reference/reference_finalselection/culex_aida_f_l_c155c28f37f6.png,Full Skeleton,1126,left,Culex_modestus,0.99,898,102,58,33,44,104,192,319,489,793,623,605,549,545,558,464,402,110,86,123,175,215,251,293,320,349,213,211,182,184,159,135,121,222,culex_aida_f_l_c155c28f37f6.png,culex_aida_f_l_c155c28f37f6.tif,Culex_modestus
,/Users/kristophernolte/Documents/ITHILDIN_evaluation/reference/reference_finalselection/culex_aida_f_l_c84b98cfec25.png,Full Skeleton,1618,right,Culex_pipiens s.l.-torrentium-pair,0.97,1190,65,10,0,25,102,211,381,589,1069,830,815,765,756,784,651,586,137,144,205,274,326,373,425,472,528,308,302,261,261,224,181,175,302,culex_aida_f_l_c84b98cfec25.png,culex_aida_f_l_c84b98cfec25.tif,Culex_pipiens s.l.-torrentium-pair
,/Users/kristophernolte/Documents/ITHILDIN_evaluation/reference/reference_finalselection/culex_aida_f_l_cc5d268acfce.png,Repaired,1345,right,Culex_modestus,1.0,1000,74,31,0,8,79,178,315,513,918,703,698,624,606,622,485,439,120,97,138,191,249,303,346,381,414,249,247,216,209,181,150,138,254,culex_aida_f_l_cc5d268acfce.png,culex_aida_f_l_cc5d268acfce.tif,Culex_modestus
,/Users/kristophernolte/Documents/ITHILDIN_evaluation/reference/reference_finalselection/culex_aida_f_l_ccb09dbcb5fa.png,Full Skeleton,1337,left,Culex_modestus,1.0,1042,110,57,34,41,123,220,369,544,935,725,720,649,649,665,547,468,124,108,155,208,255,307,349,391,433,263,260,226,226,195,161,147,273,culex_aida_f_l_ccb09dbcb5fa.png,culex_aida_f_l_ccb09dbcb5fa.tif,Culex_modestus
,/Users/kristophernolte/Documents/ITHILDIN_evaluation/reference/reference_finalselection/culex_aida_f_l_dee3f87211df.png,Full Skeleton,1378,left,Culex_modestus,0.99,1085,124,81,56,64,146,243,389,598,993,771,766,695,695,717,544,506,131,106,150,199,255,301,342,380,421,258,253,212,215,188,163,136,264,culex_aida_f_l_dee3f87211df.png,culex_aida_f_l_dee3f87211df.tif,Culex_modestus
,/Users/kristophernolte/Documents/ITHILDIN_evaluation/reference/reference_finalselection/culex_aida_f_l_deffdda5a776.png,Full Skeleton,1185,left,Culex_modestus,0.99,920,114,66,33,40,99,204,328,511,841,665,641,580,577,596,475,451,114,87,126,175,218,256,301,342,378,223,223,192,194,166,137,123,228,culex_aida_f_l_deffdda5a776.png,culex_aida_f_l_deffdda5a776.tif,Culex_modestus
,/Users/kristophernolte/Documents/ITHILDIN_evaluation/reference/reference_finalselection/culex_aida_f_l_e412d7328052.png,Full Skeleton,1217,left,Culex_modestus,0.99,952,108,55,32,46,108,196,333,516,866,667,662,579,574,597,491,442,111,99,148,196,241,280,319,354,382,229,231,192,194,171,143,129,238,culex_aida_f_l_e412d7328052.png,culex_aida_f_l_e412d7328052.tif,Culex_modestus
,/Users/kristophernolte/Documents/ITHILDIN_evaluation/reference/reference_finalselection/culex_aida_f_l_e7805a1d7e31.png,Full Skeleton,1710,right,Culex_pipiens s.l.-torrentium-pair,0.99,1291,65,18,0,15,77,218,391,618,1106,865,859,809,800,829,668,600,145,139,195,251,292,339,401,454,507,307,301,257,254,216,174,163,298,culex_aida_f_l_e7805a1d7e31.png,culex_aida_f_l_e7805a1d7e31.tif,Culex_pipiens s.l.-torrentium-pair
,/Users/kristophernolte/Documents/ITHILDIN_evaluation/reference/reference_finalselection/culex_aida_f_l_f5216044eb36.png,Repaired,1353,left,Culex_modestus,0.98,1034,112,60,34,49,117,233,369,568,955,738,727,667,651,678,573,500,132,106,150,208,260,310,373,404,443,255,257,221,226,195,163,147,271,culex_aida_f_l_f5216044eb36.png,culex_aida_f_l_f5216044eb36.tif,Culex_modestus
,/Users/kristophernolte/Documents/ITHILDIN_evaluation/reference/reference_finalselection/culex_aida_f_l_f8bd94606399.png,Full Skeleton,1582,right,Culex_pipiens s.l.-torrentium-pair,1.0,1192,58,16,0,31,101,202,363,570,1037,811,805,744,741,756,628,546,146,128,185,243,298,347,396,444,496,298,286,243,240,213,182,161,292,culex_aida_f_l_f8bd94606399.png,culex_aida_f_l_f8bd94606399.tif,Culex_pipiens s.l.-torrentium-pair
,/Users/kristophernolte/Documents/ITHILDIN_evaluation/reference/reference_finalselection/culex_aida_f_l_ff33a3f4472e.png,Full Skeleton,1646,right,Culex_pipiens s.l.-torrentium-pair,1.0,1237,68,17,0,26,98,221,402,622,1069,848,845,780,777,800,661,570,152,116,178,249,301,349,401,453,501,307,288,249,242,210,181,161,294,culex_aida_f_l_ff33a3f4472e.png,culex_aida_f_l_ff33a3f4472e.tif,Culex_pipiens s.l.-torrentium-pair
,/Users/kristophernolte/Documents/ITHILDIN_evaluation/reference/reference_finalselection/culex_aida_f_l_ff56995c6e9f.png,Full Skeleton,1369,left,Culex_modestus,1.0,1060,117,60,31,47,115,235,384,557,961,754,741,657,654,672,536,492,120,94,144,204,256,308,363,405,442,254,251,214,212,185,154,136,264,culex_aida_f_l_ff56995c6e9f.png,culex_aida_f_l_ff56995c6e9f.tif,Culex_modestus
,/Users/kristophernolte/Documents/ITHILDIN_evaluation/reference/reference_finalselection/culex_aida_f_r_04a0ff819412.png,Full Skeleton,1457,right,Culex_pipiens s.l.-torrentium-pair,0.99,1111,55,17,0,17,83,193,330,514,951,740,737,671,660,685,572,512,130,127,174,226,273,320,372,413,460,276,268,226,229,193,160,147,268,culex_aida_f_r_04a0ff819412.png,culex_aida_f_r_04a0ff819412.tif,Culex_pipiens s.l.-torrentium-pair
,/Users/kristophernolte/Documents/ITHILDIN_evaluation/reference/reference_finalselection/culex_aida_f_r_13317ecf9480.png,Repaired,1359,right,Culex_modestus,0.98,1017,73,21,0,15,88,190,336,529,918,717,712,639,636,644,503,459,121,103,147,202,249,290,332,374,410,246,246,210,210,181,152,136,254,culex_aida_f_r_13317ecf9480.png,culex_aida_f_r_13317ecf9480.tif,Culex_modestus
,/Users/kristophernolte/Documents/ITHILDIN_evaluation/reference/reference_finalselection/culex_aida_f_r_1e8bbe52aaaa.png,Full Skeleton,1373,right,Culex_modestus,0.98,1027,86,32,0,16,81,194,344,524,933,726,699,629,629,648,500,457,119,90,135,197,248,302,356,401,444,254,248,213,213,184,146,135,259,culex_aida_f_r_1e8bbe52aaaa.png,culex_aida_f_r_1e8bbe52aaaa.tif,Culex_modestus
,/Users/kristophernolte/Documents/ITHILDIN_evaluation/reference/reference_finalselection/culex_aida_f_r_26e2619a0aaf.png,Full Skeleton,1267,right,Culex_modestus,0.98,954,65,20,0,10,77,179,321,493,856,665,660,575,570,588,463,416,112,104,149,201,251,293,331,365,393,234,231,199,201,174,144,131,246,culex_aida_f_r_26e2619a0aaf.png,culex_aida_f_r_26e2619a0aaf.tif,Culex_modestus
,/Users/kristophernolte/Documents/ITHILDIN_evaluation/reference/reference_finalselection/culex_aida_f_r_58ae11a36e8f.png,Full Skeleton,1379,right,Culex_modestus,0.96,1040,73,27,0,16,95,205,345,542,939,722,709,651,651,657,512,451,115,104,145,202,251,295,339,377,413,246,246,208,208,180,150,134,254,culex_aida_f_r_58ae11a36e8f.png,culex_aida_f_r_58ae11a36e8f.tif,Culex_modestus
,/Users/kristophernolte/Documents/ITHILDIN_evaluation/reference/reference_finalselection/culex_aida_f_r_5c4b728e22f2.png,Repaired,1450,right,Culex_pipiens s.l.-torrentium-pair,0.99,1099,52,17,0,9,72,189,337,490,932,741,725,681,670,695,585,501,139,122,169,221,267,306,358,396,450,273,259,218,224,188,158,144,267,culex_aida_f_r_5c4b728e22f2.png,culex_aida_f_r_5c4b728e22f2.tif,Culex_pipiens s.l.-torrentium-pair
,/Users/kristophernolte/Documents/ITHILDIN_evaluation/reference/reference_finalselection/culex_aida_f_r_5e5e8b888777.png,Full Skeleton,1232,right,Culex_modestus,0.99,924,69,21,0,14,82,174,310,481,855,632,616,564,561,568,468,397,110,96,140,190,240,286,329,365,397,238,238,201,201,174,149,133,247,culex_aida_f_r_5e5e8b888777.png,culex_aida_f_r_5e5e8b888777.tif,Culex_modestus
,/Users/kristophernolte/Documents/ITHILDIN_evaluation/reference/reference_finalselection/culex_aida_f_r_5f27fa493f1a.png,Full Skeleton,1227,left,Culex_modestus,1.0,946,104,55,30,39,106,195,325,504,848,667,662,602,597,623,513,460,115,101,142,194,238,280,324,359,391,238,233,201,196,170,140,126,235,culex_aida_f_r_5f27fa493f1a.png,culex_aida_f_r_5f27fa493f1a.tif,Culex_modestus
,/Users/kristophernolte/Documents/ITHILDIN_evaluation/reference/reference_finalselection/culex_aida_f_r_61bc256a9e28.png,Full Skeleton,1272,right,Culex_modestus,0.98,938,77,28,0,15,82,189,328,506,854,680,668,606,603,623,499,435,115,88,132,189,239,279,323,358,395,236,234,202,202,174,140,122,241,culex_aida_f_r_61bc256a9e28.png,culex_aida_f_r_61bc256a9e28.tif,Culex_modestus
,/Users/kristophernolte/Documents/ITHILDIN_evaluation/reference/reference_finalselection/culex_aida_f_r_72cd6daecfd5.png,Full Skeleton,1277,left,Culex_modestus,0.96,973,118,60,34,44,112,207,348,535,902,713,705,634,632,645,508,456,108,111,161,211,253,292,331,365,397,237,232,190,192,169,145,127,247,culex_aida_f_r_72cd6daecfd5.png,culex_aida_f_r_72cd6daecfd5.tif,Culex_modestus
,/Users/kristophernolte/Documents/ITHILDIN_evaluation/reference/reference_finalselection/culex_aida_f_r_742b06f7b49e.png,Repaired,1261,left,Culex_modestus,0.96,960,90,47,30,42,113,226,358,537,887,690,690,612,610,632,504,451,110,115,158,204,249,294,335,373,413,244,244,209,209,184,151,136,254,culex_aida_f_r_742b06f7b49e.png,culex_aida_f_r_742b06f7b49e.tif,Culex_modestus
,/Users/kristophernolte/Documents/ITHILDIN_evaluation/reference/reference_finalselection/culex_aida_f_r_7ff53d1d74e8.png,Full Skeleton,1346,right,Culex_modestus,0.99,1015,72,22,0,2,64,181,321,517,908,684,676,602,599,617,482,430,125,103,150,205,262,312,361,399,431,259,259,222,225,192,162,145,267,culex_aida_f_r_7ff53d1d74e8.png,culex_aida_f_r_7ff53d1d74e8.tif,Culex_modestus
,/Users/kristophernolte/Documents/ITHILDIN_evaluation/reference/reference_finalselection/culex_aida_f_r_86e4894e80a0.png,Full Skeleton,1757,right,Culex_pipiens s.l.-torrentium-pair,0.99,1324,83,26,0,3,83,199,391,637,1148,876,866,816,813,833,680,570,147,121,177,237,296,356,419,486,542,323,313,270,273,230,187,174,323,culex_aida_f_r_86e4894e80a0.png,culex_aida_f_r_86e4894e80a0.tif,Culex_pipiens s.l.-torrentium-pair
,/Users/kristophernolte/Documents/ITHILDIN_evaluation/reference/reference_finalselection/culex_aida_f_r_a9a648b42522.png,Full Skeleton,1365,right,Culex_modestus,1.0,1018,79,25,0,16,87,202,357,545,934,724,711,624,618,640,496,460,136,117,168,225,277,324,373,416,451,272,269,231,231,204,168,152,280,culex_aida_f_r_a9a648b42522.png,culex_aida_f_r_a9a648b42522.tif,Culex_modestus
,/Users/kristophernolte/Documents/ITHILDIN_evaluation/reference/reference_finalselection/culex_aida_f_r_ac52e21dd001.png,Full Skeleton,1637,right,Culex_pipiens s.l.-torrentium-pair,0.98,1209,63,13,0,28,100,222,394,622,1078,838,828,775,769,797,644,591,129,151,210,276,329,370,420,473,529,298,295,251,251,217,179,164,301,culex_aida_f_r_ac52e21dd001.png,culex_aida_f_r_ac52e21dd001.tif,Culex_pipiens s.l.-torrentium-pair
,/Users/kristophernolte/Documents/ITHILDIN_evaluation/reference/reference_finalselection/culex_aida_f_r_b7494904fb20.png,Full Skeleton,1205,left,Culex_modestus,0.99,944,121,64,38,43,109,203,341,513,862,671,662,585,576,599,497,451,115,87,130,180,230,273,314,347,381,225,225,197,197,168,144,132,235,culex_aida_f_r_b7494904fb20.png,culex_aida_f_r_b7494904fb20.tif,Culex_modestus
,/Users/kristophernolte/Documents/ITHILDIN_evaluation/reference/reference_finalselection/culex_aida_f_r_c4c296f5874e.png,Repaired,1336,right,Culex_modestus,0.95,973,63,21,0,15,84,179,321,523,910,702,694,621,618,634,502,415,93,109,156,214,261,301,338,377,406,230,235,198,201,169,140,124,261,culex_aida_f_r_c4c296f5874e.png,culex_aida_f_r_c4c296f5874e.tif,Culex_modestus
,/Users/kristophernolte/Documents/ITHILDIN_evaluation/reference/reference_finalselection/culex_aida_f_r_db8b658f79f7.png,Full Skeleton,1290,left,Culex_modestus,0.98,1005,112,61,34,43,110,215,353,548,920,699,686,624,621,647,530,468,118,104,145,198,246,290,331,370,398,239,244,209,212,180,150,136,253,culex_aida_f_r_db8b658f79f7.png,culex_aida_f_r_db8b658f79f7.tif,Culex_modestus
,/Users/kristophernolte/Documents/ITHILDIN_evaluation/reference/reference_finalselection/culex_aida_f_r_dca23db7bd90.png,Full Skeleton,1134,left,Culex_modestus,0.94,873,101,61,33,35,101,174,298,475,796,621,617,559,559,579,473,402,109,85,122,171,215,257,290,326,359,220,220,191,195,166,138,124,233,culex_aida_f_r_dca23db7bd90.png,culex_aida_f_r_dca23db7bd90.tif,Culex_modestus
,/Users/kristophernolte/Documents/ITHILDIN_evaluation/reference/reference_finalselection/culex_aida_f_r_fa9e042b0aa3.png,Repaired,1368,right,Culex_modestus,0.88,1025,85,27,0,12,80,182,339,531,923,704,689,641,626,651,526,469,124,104,152,212,262,306,359,404,444,254,262,222,224,189,157,147,267,culex_aida_f_r_fa9e042b0aa3.png,culex_aida_f_r_fa9e042b0aa3.tif,Culex_modestus
,/Users/kristophernolte/Documents/ITHILDIN_evaluation/reference/reference_finalselection/culex_culex-pipiens-bloodfeeding-study_f_l_0cd7f44b609b.png,Full Skeleton,1486,left,Culex_pipiens s.l.-torrentium-pair,0.96,1125,96,55,30,47,102,215,348,569,995,802,796,730,724,743,641,564,132,113,157,212,259,309,362,409,461,276,265,224,226,193,163,149,268,culex_culex-pipiens-bloodfeeding-study_f_l_0cd7f44b609b.png,culex_culex-pipiens-bloodfeeding-study_f_l_0cd7f44b609b.tif,Culex_pipiens s.l.-torrentium-pair
,/Users/kristophernolte/Documents/ITHILDIN_evaluation/reference/reference_finalselection/culex_culex-pipiens-bloodfeeding-study_f_l_34bd9ec55061.png,Full Skeleton,1528,left,Culex_pipiens s.l.-torrentium-pair,1.0,1171,121,69,46,66,127,225,384,598,1049,832,829,786,783,800,665,563,157,125,177,232,281,322,368,414,464,290,279,238,235,198,174,157,284,culex_culex-pipiens-bloodfeeding-study_f_l_34bd9ec55061.png,culex_culex-pipiens-bloodfeeding-study_f_l_34bd9ec55061.tif,Culex_pipiens s.l.-torrentium-pair
,/Users/kristophernolte/Documents/ITHILDIN_evaluation/reference/reference_finalselection/culex_culex-pipiens-bloodfeeding-study_f_l_fb9012d776c3.png,Repaired,1794,left,Culex_pipiens s.l.-torrentium-pair,1.0,1413,131,65,58,79,162,252,443,692,1240,969,952,883,879,897,765,654,176,135,204,259,311,374,422,484,550,349,322,277,270,232,207,183,325,culex_culex-pipiens-bloodfeeding-study_f_l_fb9012d776c3.png,culex_culex-pipiens-bloodfeeding-study_f_l_fb9012d776c3.tif,Culex_pipiens s.l.-torrentium-pair
,/Users/kristophernolte/Documents/ITHILDIN_evaluation/reference/reference_finalselection/culex_culex-pipiens-bloodfeeding-study_f_r_228e6a6a8fda.png,Full Skeleton,1503,right,Culex_pipiens s.l.-torrentium-pair,0.99,1117,66,21,0,18,66,179,331,555,971,762,756,725,722,731,576,510,150,119,171,229,277,320,371,417,466,290,277,238,232,204,177,150,283,culex_culex-pipiens-bloodfeeding-study_f_r_228e6a6a8fda.png,culex_culex-pipiens-bloodfeeding-study_f_r_228e6a6a8fda.tif,Culex_pipiens s.l.-torrentium-pair
,/Users/kristophernolte/Documents/ITHILDIN_evaluation/reference/reference_finalselection/culex_culex-pipiens-bloodfeeding-study_f_r_68096ffb91b8.png,Repaired,1380,right,Culex_pipiens s.l.-torrentium-pair,0.91,1040,58,3,0,15,78,176,333,504,894,711,703,650,648,663,524,459,119,109,167,212,255,298,338,374,414,243,238,202,202,172,149,134,248,culex_culex-pipiens-bloodfeeding-study_f_r_68096ffb91b8.png,culex_culex-pipiens-bloodfeeding-study_f_r_68096ffb91b8.tif,Culex_pipiens s.l.-torrentium-pair
,/Users/kristophernolte/Documents/ITHILDIN_evaluation/reference/reference_finalselection/culex_culex-pipiens-bloodfeeding-study_f_r_9c59b24fb53b.png,Full Skeleton,1517,right,Culex_pipiens s.l.-torrentium-pair,0.99,1134,58,13,0,3,67,173,328,543,998,761,752,691,682,694,582,504,153,107,162,216,271,316,380,428,489,298,286,247,240,204,183,159,286,culex_culex-pipiens-bloodfeeding-study_f_r_9c59b24fb53b.png,culex_culex-pipiens-bloodfeeding-study_f_r_9c59b24fb53b.tif,Culex_pipiens s.l.-torrentium-pair
,/Users/kristophernolte/Documents/ITHILDIN_evaluation/reference/reference_finalselection/culex_culex-pipiens-toxicity-study_f_l_0db4bf886910.png,Repaired,1728,left,Culex_pipiens s.l.-torrentium-pair,0.96,1417,155,106,88,113,191,304,474,690,1208,967,949,899,896,917,733,680,184,145,194,258,315,372,428,478,531,333,318,265,262,230,205,173,315,culex_culex-pipiens-toxicity-study_f_l_0db4bf886910.png,culex_culex-pipiens-toxicity-study_f_l_0db4bf886910.tif,Culex_pipiens s.l.-torrentium-pair
,/Users/kristophernolte/Documents/ITHILDIN_evaluation/reference/reference_finalselection/culex_culex-pipiens-toxicity-study_f_l_239ebb2949c5.png,Full Skeleton,1694,left,Culex_pipiens s.l.-torrentium-pair,1.0,1403,185,144,128,150,224,346,528,743,1236,996,986,929,929,948,778,682,140,140,198,256,314,355,403,448,496,291,288,243,243,208,173,160,301,culex_culex-pipiens-toxicity-study_f_l_239ebb2949c5.png,culex_culex-pipiens-toxicity-study_f_l_239ebb2949c5.tif,Culex_pipiens s.l.-torrentium-pair
,/Users/kristophernolte/Documents/ITHILDIN_evaluation/reference/reference_finalselection/culex_culex-pipiens-toxicity-study_f_l_28b916249518.png,Repaired,1462,left,Culex_pipiens s.l.-torrentium-pair,1.0,1124,98,56,36,50,118,219,348,545,998,790,787,719,708,731,584,539,129,123,168,227,272,323,376,418,461,267,264,227,230,191,165,149,272,culex_culex-pipiens-toxicity-study_f_l_28b916249518.png,culex_culex-pipiens-toxicity-study_f_l_28b916249518.tif,Culex_pipiens s.l.-torrentium-pair
,/Users/kristophernolte/Documents/ITHILDIN_evaluation/reference/reference_finalselection/culex_culex-pipiens-toxicity-study_f_l_31bd76ab28e0.png,Full Skeleton,1565,left,Culex_pipiens s.l.-torrentium-pair,1.0,1260,141,95,73,92,166,295,467,660,1088,879,873,808,805,833,707,639,156,122,178,239,292,338,396,448,504,307,298,258,255,224,187,169,295,culex_culex-pipiens-toxicity-study_f_l_31bd76ab28e0.png,culex_culex-pipiens-toxicity-study_f_l_31bd76ab28e0.tif,Culex_pipiens s.l.-torrentium-pair
,/Users/kristophernolte/Documents/ITHILDIN_evaluation/reference/reference_finalselection/culex_culex-pipiens-toxicity-study_f_l_520b40029076.png,Full Skeleton,1700,left,Culex_pipiens s.l.-torrentium-pair,1.0,1346,160,104,80,93,167,292,473,706,1183,953,950,884,880,901,772,682,165,120,179,245,301,356,412,468,523,335,301,259,259,224,193,168,297,culex_culex-pipiens-toxicity-study_f_l_520b40029076.png,culex_culex-pipiens-toxicity-study_f_l_520b40029076.tif,Culex_pipiens s.l.-torrentium-pair
,/Users/kristophernolte/Documents/ITHILDIN_evaluation/reference/reference_finalselection/culex_culex-pipiens-toxicity-study_f_l_5715f3ba6885.png,Full Skeleton,1410,left,Culex_pipiens s.l.-torrentium-pair,0.96,1112,121,79,64,79,149,238,377,551,986,784,777,727,725,747,635,568,126,126,183,235,283,322,355,399,444,245,245,213,208,183,161,141,250,culex_culex-pipiens-toxicity-study_f_l_5715f3ba6885.png,culex_culex-pipiens-toxicity-study_f_l_5715f3ba6885.tif,Culex_pipiens s.l.-torrentium-pair
,/Users/kristophernolte/Documents/ITHILDIN_evaluation/reference/reference_finalselection/culex_culex-pipiens-toxicity-study_f_l_8ffdda1a545a.png,Full Skeleton,1528,left,Culex_pipiens s.l.-torrentium-pair,1.0,1244,156,103,84,100,165,262,428,609,1091,859,850,794,788,809,681,622,370,348,408,461,505,551,595,645,692,505,495,455,455,420,392,373,495,culex_culex-pipiens-toxicity-study_f_l_8ffdda1a545a.png,culex_culex-pipiens-toxicity-study_f_l_8ffdda1a545a.tif,Culex_pipiens s.l.-torrentium-pair
,/Users/kristophernolte/Documents/ITHILDIN_evaluation/reference/reference_finalselection/culex_culex-pipiens-toxicity-study_f_l_d53dd27a95cf.png,Repaired,1625,left,Culex_pipiens s.l.-torrentium-pair,0.99,1265,137,90,73,107,167,284,438,649,1144,903,900,850,850,870,763,662,120,154,210,274,328,364,411,451,498,284,277,237,237,207,180,164,284,culex_culex-pipiens-toxicity-study_f_l_d53dd27a95cf.png,culex_culex-pipiens-toxicity-study_f_l_d53dd27a95cf.tif,Culex_pipiens s.l.-torrentium-pair
,/Users/kristophernolte/Documents/ITHILDIN_evaluation/reference/reference_finalselection/culex_culex-pipiens-toxicity-study_f_r_588e0962ea24.png,Repaired,1849,right,Culex_pipiens s.l.-torrentium-pair,1.0,1372,61,11,0,14,72,205,417,675,1210,930,923,848,844,855,733,621,190,190,255,319,373,431,484,542,599,366,348,312,305,262,233,215,362,culex_culex-pipiens-toxicity-study_f_r_588e0962ea24.png,culex_culex-pipiens-toxicity-study_f_r_588e0962ea24.tif,Culex_pipiens s.l.-torrentium-pair
,/Users/kristophernolte/Documents/ITHILDIN_evaluation/reference/reference_finalselection/culex_culex-pipiens-toxicity-study_f_r_68d3c3117825.png,Full Skeleton,1757,right,Culex_pipiens s.l.-torrentium-pair,0.99,1307,76,30,0,20,86,191,359,593,1136,899,892,830,830,843,705,612,162,139,192,264,324,370,426,475,531,317,304,268,258,222,182,166,310,culex_culex-pipiens-toxicity-study_f_r_68d3c3117825.png,culex_culex-pipiens-toxicity-study_f_r_68d3c3117825.tif,Culex_pipiens s.l.-torrentium-pair
,/Users/kristophernolte/Documents/ITHILDIN_evaluation/reference/reference_finalselection/culex_culex-pipiens-toxicity-study_f_r_749ac7b07a76.png,Repaired,1765,right,Culex_pipiens s.l.-torrentium-pair,1.0,1307,62,14,0,17,94,212,382,619,1165,900,890,827,824,841,709,605,144,154,213,269,318,370,425,478,533,314,307,265,255,227,199,175,311,culex_culex-pipiens-toxicity-study_f_r_749ac7b07a76.png,culex_culex-pipiens-toxicity-study_f_r_749ac7b07a76.tif,Culex_pipiens s.l.-torrentium-pair
,/Users/kristophernolte/Documents/ITHILDIN_evaluation/reference/reference_finalselection/culex_culex-pipiens-toxicity-study_f_r_ac010c42c6fa.png,Repaired,1720,right,Culex_pipiens s.l.-torrentium-pair,0.99,1296,72,18,0,18,103,227,415,628,1125,888,882,806,799,823,648,580,156,132,193,262,310,372,426,478,533,306,303,255,255,217,183,162,310,culex_culex-pipiens-toxicity-study_f_r_ac010c42c6fa.png,culex_culex-pipiens-toxicity-study_f_r_ac010c42c6fa.tif,Culex_pipiens s.l.-torrentium-pair
,/Users/kristophernolte/Documents/ITHILDIN_evaluation/reference/reference_finalselection/culex_culex-pipiens-toxicity-study_f_r_b2fe8f328e7c.png,Full Skeleton,1845,right,Culex_pipiens s.l.-torrentium-pair,0.68,1371,55,11,0,22,99,220,402,647,1206,939,932,852,848,877,720,665,168,182,244,314,369,423,478,522,580,347,332,288,292,252,215,197,336,culex_culex-pipiens-toxicity-study_f_r_b2fe8f328e7c.png,culex_culex-pipiens-toxicity-study_f_r_b2fe8f328e7c.tif,Culex_pipiens s.l.-torrentium-pair
,/Users/kristophernolte/Documents/ITHILDIN_evaluation/reference/reference_finalselection/culex_culifo2_f_r_62f7f09a44de.png,Full Skeleton,1425,right,Culex_pipiens s.l.-torrentium-pair,1.0,1038,54,8,0,19,65,175,324,508,941,719,714,670,665,684,587,516,131,112,166,212,255,298,355,404,461,263,260,225,223,187,163,147,258,culex_culifo2_f_r_62f7f09a44de.png,culex_culifo2_f_r_62f7f09a44de.tif,Culex_pipiens s.l.-torrentium-pair
,/Users/kristophernolte/Documents/ITHILDIN_evaluation/reference/reference_finalselection/culex_culifo2_f_r_66b8c263b884.png,Full Skeleton,1415,right,Culex_pipiens s.l.-torrentium-pair,1.0,1028,53,16,0,8,72,182,343,526,926,738,730,668,663,687,545,478,120,128,171,222,268,311,365,411,448,260,255,222,220,190,163,145,271,culex_culifo2_f_r_66b8c263b884.png,culex_culifo2_f_r_66b8c263b884.tif,Culex_pipiens s.l.-torrentium-pair
,/Users/kristophernolte/Documents/ITHILDIN_evaluation/reference/reference_finalselection/culex_culifo2_f_r_7f9fc3029861.png,Full Skeleton,1427,right,Culex_pipiens s.l.-torrentium-pair,1.0,1060,50,11,0,16,75,180,339,525,937,729,712,665,659,676,550,486,125,130,183,236,281,325,375,417,456,264,264,225,228,189,158,147,269,culex_culifo2_f_r_7f9fc3029861.png,culex_culifo2_f_r_7f9fc3029861.tif,Culex_pipiens s.l.-torrentium-pair
,/Users/kristophernolte/Documents/ITHILDIN_evaluation/reference/reference_finalselection/culex_culifo2_f_r_86d94f8b5a3c.png,Full Skeleton,1221,right,Culex_pipiens s.l.-torrentium-pair,0.99,898,61,10,0,17,58,160,283,447,802,635,635,580,575,589,471,442,113,115,166,212,253,279,318,349,386,222,222,193,190,168,139,127,226,culex_culifo2_f_r_86d94f8b5a3c.png,culex_culifo2_f_r_86d94f8b5a3c.tif,Culex_pipiens s.l.-torrentium-pair
,/Users/kristophernolte/Documents/ITHILDIN_evaluation/reference/reference_finalselection/culex_culifo2_f_r_974e90f00807.png,Repaired,1457,right,Culex_pipiens s.l.-torrentium-pair,0.95,1091,59,14,0,19,78,182,329,514,951,734,728,695,689,700,590,514,125,122,170,223,277,316,358,398,443,251,246,209,206,178,156,139,251,culex_culifo2_f_r_974e90f00807.png,culex_culifo2_f_r_974e90f00807.tif,Culex_pipiens s.l.-torrentium-pair
,/Users/kristophernolte/Documents/ITHILDIN_evaluation/reference/reference_finalselection/culex_culifo2_f_r_9e5366a15a0e.png,Full Skeleton,1471,right,Culex_pipiens s.l.-torrentium-pair,1.0,1099,46,12,0,12,72,169,326,527,953,736,727,687,684,698,561,484,128,120,163,217,271,320,366,420,460,266,266,226,220,194,166,151,277,culex_culifo2_f_r_9e5366a15a0e.png,culex_culifo2_f_r_9e5366a15a0e.tif,Culex_pipiens s.l.-torrentium-pair
,/Users/kristophernolte/Documents/ITHILDIN_evaluation/reference/reference_finalselection/culex_culifo2_f_r_f38dfbaf72b7.png,Full Skeleton,1456,right,Culex_pipiens s.l.-torrentium-pair,1.0,1057,53,11,0,11,69,167,317,512,951,745,745,684,681,707,565,481,112,123,176,232,274,315,360,401,443,246,240,210,204,179,154,132,257,culex_culifo2_f_r_f38dfbaf72b7.png,culex_culifo2_f_r_f38dfbaf72b7.tif,Culex_pipiens s.l.-torrentium-pair
,/Users/kristophernolte/Documents/ITHILDIN_evaluation/reference/reference_finalselection/culex_culifo_f_l_05964c33643c.png,Full Skeleton,1174,left,Culex_modestus,0.99,908,105,58,31,41,95,184,319,503,827,643,643,559,557,579,471,424,105,78,115,171,216,257,301,338,373,223,220,193,191,166,135,122,225,culex_culifo_f_l_05964c33643c.png,culex_culifo_f_l_05964c33643c.tif,Culex_modestus
,/Users/kristophernolte/Documents/ITHILDIN_evaluation/reference/reference_finalselection/culex_culifo_f_l_1c36436bea55.png,Full Skeleton,1315,left,Culex_modestus,0.99,1026,114,66,37,47,130,228,383,558,938,744,726,638,638,646,526,478,132,101,143,196,247,297,343,377,412,255,247,215,215,183,159,138,255,culex_culifo_f_l_1c36436bea55.png,culex_culifo_f_l_1c36436bea55.tif,Culex_modestus
,/Users/kristophernolte/Documents/ITHILDIN_evaluation/reference/reference_finalselection/culex_culifo_f_l_1fbc28e3b460.png,Repaired,1235,left,Culex_modestus,0.97,953,105,60,37,49,114,203,332,534,869,679,672,616,609,616,508,470,85,106,148,200,249,289,324,357,378,202,212,190,188,160,139,127,230,culex_culifo_f_l_1fbc28e3b460.png,culex_culifo_f_l_1fbc28e3b460.tif,Culex_modestus
,/Users/kristophernolte/Documents/ITHILDIN_evaluation/reference/reference_finalselection/culex_culifo_f_l_33b91381ec7a.png,Repaired,1487,right,Culex_modestus,0.92,1137,70,27,0,9,91,208,354,558,999,757,751,675,675,690,547,479,135,100,147,208,264,319,375,416,462,278,270,238,235,200,167,150,276,culex_culifo_f_l_33b91381ec7a.png,culex_culifo_f_l_33b91381ec7a.tif,Culex_modestus
,/Users/kristophernolte/Documents/ITHILDIN_evaluation/reference/reference_finalselection/culex_culifo_f_l_4237e99efa5f.png,Full Skeleton,1444,left,Culex_modestus,0.98,1135,116,53,31,42,116,230,386,576,996,780,775,681,678,692,565,522,134,106,157,217,274,322,373,418,458,276,262,231,228,197,160,146,271,culex_culifo_f_l_4237e99efa5f.png,culex_culifo_f_l_4237e99efa5f.tif,Culex_modestus
,/Users/kristophernolte/Documents/ITHILDIN_evaluation/reference/reference_finalselection/culex_culifo_f_l_4943a7473af8.png,Full Skeleton,1361,left,Culex_modestus,0.98,1027,112,64,34,45,104,203,358,548,957,735,730,668,665,684,556,492,153,86,132,185,234,287,346,399,453,287,276,239,236,207,175,145,276,culex_culifo_f_l_4943a7473af8.png,culex_culifo_f_l_4943a7473af8.tif,Culex_modestus
,/Users/kristophernolte/Documents/ITHILDIN_evaluation/reference/reference_finalselection/culex_culifo_f_l_54d4830f67f0.png,Repaired,1478,right,Culex_modestus,0.99,1104,90,31,0,9,84,185,356,550,992,771,754,687,670,704,589,510,133,110,155,214,273,323,374,421,466,290,278,239,239,205,166,158,284,culex_culifo_f_l_54d4830f67f0.png,culex_culifo_f_l_54d4830f67f0.tif,Culex_modestus
,/Users/kristophernolte/Documents/ITHILDIN_evaluation/reference/reference_finalselection/culex_culifo_f_l_6fdcda054829.png,Repaired,1298,left,Culex_modestus,0.98,1011,112,60,35,50,120,220,366,539,921,722,697,635,627,645,517,479,107,105,150,203,250,298,338,373,411,235,235,203,203,180,143,128,248,culex_culifo_f_l_6fdcda054829.png,culex_culifo_f_l_6fdcda054829.tif,Culex_modestus
,/Users/kristophernolte/Documents/ITHILDIN_evaluation/reference/reference_finalselection/culex_culifo_f_l_7b3259ca9247.png,Full Skeleton,1181,left,Culex_modestus,0.99,938,105,58,35,49,105,201,334,510,835,652,636,573,570,582,482,423,113,87,129,179,223,263,307,333,363,221,218,188,193,167,139,122,230,culex_culifo_f_l_7b3259ca9247.png,culex_culifo_f_l_7b3259ca9247.tif,Culex_modestus
,/Users/kristophernolte/Documents/ITHILDIN_evaluation/reference/reference_finalselection/culex_culifo_f_l_8028bf022132.png,Repaired,1252,right,Culex_modestus,0.97,925,83,32,0,17,80,168,296,486,859,669,664,584,581,599,481,418,110,82,120,175,225,268,308,343,378,225,225,190,192,170,140,122,230,culex_culifo_f_l_8028bf022132.png,culex_culifo_f_l_8028bf022132.tif,Culex_modestus
,/Users/kristophernolte/Documents/ITHILDIN_evaluation/reference/reference_finalselection/culex_culifo_f_l_83135948cbc4.png,Repaired,1163,left,Culex_modestus,0.99,930,96,59,39,50,108,186,317,472,815,626,624,564,559,582,463,400,109,100,137,180,231,279,314,344,376,233,233,201,201,173,143,132,243,culex_culifo_f_l_83135948cbc4.png,culex_culifo_f_l_83135948cbc4.tif,Culex_modestus
,/Users/kristophernolte/Documents/ITHILDIN_evaluation/reference/reference_finalselection/culex_culifo_f_l_9031f6e274b9.png,Full Skeleton,1405,right,Culex_modestus,1.0,1029,77,30,0,8,80,186,330,537,963,737,734,644,641,657,513,466,130,103,146,204,263,321,364,404,438,263,263,228,223,194,162,148,271,culex_culifo_f_l_9031f6e274b9.png,culex_culifo_f_l_9031f6e274b9.tif,Culex_modestus
,/Users/kristophernolte/Documents/ITHILDIN_evaluation/reference/reference_finalselection/culex_culifo_f_l_9697c9695e55.png,Full Skeleton,1280,right,Culex_modestus,0.99,961,72,23,0,10,85,184,326,508,884,666,658,580,578,585,456,399,123,92,138,193,245,294,338,374,410,252,242,216,203,187,162,138,257,culex_culifo_f_l_9697c9695e55.png,culex_culifo_f_l_9697c9695e55.tif,Culex_modestus
,/Users/kristophernolte/Documents/ITHILDIN_evaluation/reference/reference_finalselection/culex_culifo_f_l_988888e3c712.png,Full Skeleton,1403,left,Culex_modestus,0.99,1094,118,63,32,49,126,228,384,574,984,755,753,689,678,700,574,492,130,108,158,221,268,320,366,410,454,276,273,237,237,204,169,155,287,culex_culifo_f_l_988888e3c712.png,culex_culifo_f_l_988888e3c712.tif,Culex_modestus
,/Users/kristophernolte/Documents/ITHILDIN_evaluation/reference/reference_finalselection/culex_culifo_f_l_b234fc0f3b71.png,Full Skeleton,1294,right,Culex_modestus,0.99,942,72,22,0,15,79,179,310,517,887,686,681,599,584,596,470,435,123,90,138,192,244,292,344,386,421,254,252,215,217,187,162,138,259,culex_culifo_f_l_b234fc0f3b71.png,culex_culifo_f_l_b234fc0f3b71.tif,Culex_modestus
,/Users/kristophernolte/Documents/ITHILDIN_evaluation/reference/reference_finalselection/culex_culifo_f_l_eac05c2d3053.png,Full Skeleton,1547,left,Culex_modestus,0.97,1168,124,63,36,42,133,266,420,632,1080,856,847,768,762,774,623,581,137,101,152,216,276,334,391,437,482,286,279,237,237,201,174,149,289,culex_culifo_f_l_eac05c2d3053.png,culex_culifo_f_l_eac05c2d3053.tif,Culex_modestus
,/Users/kristophernolte/Documents/ITHILDIN_evaluation/reference/reference_finalselection/culex_culifo_f_l_eba5af95c711.png,Repaired,1440,left,Culex_modestus,0.99,1120,131,62,31,48,122,248,404,590,1006,789,784,689,687,704,561,518,122,94,145,210,268,322,382,424,464,265,262,225,222,193,159,145,276,culex_culifo_f_l_eba5af95c711.png,culex_culifo_f_l_eba5af95c711.tif,Culex_modestus
,/Users/kristophernolte/Documents/ITHILDIN_evaluation/reference/reference_finalselection/culex_culifo_f_l_fbaa1cde5aeb.png,Full Skeleton,1276,left,Culex_modestus,0.99,997,117,72,37,44,119,212,361,543,918,706,691,616,611,631,513,474,112,99,142,199,251,299,336,369,399,232,237,202,204,174,147,132,246,culex_culifo_f_l_fbaa1cde5aeb.png,culex_culifo_f_l_fbaa1cde5aeb.tif,Culex_modestus
,/Users/kristophernolte/Documents/ITHILDIN_evaluation/reference/reference_finalselection/culex_culifo_f_r_05375336a4de.png,Full Skeleton,1439,right,Culex_modestus,0.94,1070,87,34,0,12,82,196,356,546,972,753,750,655,653,675,527,473,124,93,138,205,261,317,373,421,466,267,261,222,225,191,155,144,272,culex_culifo_f_r_05375336a4de.png,culex_culifo_f_r_05375336a4de.tif,Culex_modestus
,/Users/kristophernolte/Documents/ITHILDIN_evaluation/reference/reference_finalselection/culex_culifo_f_r_056faf5fba90.png,Repaired,1268,left,Culex_modestus,0.9,996,119,67,39,47,114,217,354,536,906,699,696,609,606,629,519,471,121,91,133,188,240,288,330,368,400,235,235,208,208,178,151,138,248,culex_culifo_f_r_056faf5fba90.png,culex_culifo_f_r_056faf5fba90.tif,Culex_modestus
,/Users/kristophernolte/Documents/ITHILDIN_evaluation/reference/reference_finalselection/culex_culifo_f_r_0c2175a33250.png,Repaired,1190,left,Culex_modestus,0.99,923,108,69,37,39,104,189,314,502,838,655,641,588,588,606,495,423,116,91,126,181,225,272,309,343,380,237,235,202,207,179,147,133,246,culex_culifo_f_r_0c2175a33250.png,culex_culifo_f_r_0c2175a33250.tif,Culex_modestus
,/Users/kristophernolte/Documents/ITHILDIN_evaluation/reference/reference_finalselection/culex_culifo_f_r_2085a85c0f9b.png,Full Skeleton,1309,left,Culex_modestus,0.97,997,104,60,32,45,111,215,352,540,923,720,718,641,639,654,517,484,125,105,148,206,257,300,346,384,414,249,247,214,211,183,156,138,255,culex_culifo_f_r_2085a85c0f9b.png,culex_culifo_f_r_2085a85c0f9b.tif,Culex_modestus
,/Users/kristophernolte/Documents/ITHILDIN_evaluation/reference/reference_finalselection/culex_culifo_f_r_2610a2e07175.png,Full Skeleton,1433,right,Culex_modestus,0.91,1079,74,28,0,17,97,212,358,561,979,741,733,675,675,678,529,466,123,108,151,214,266,311,360,400,437,263,260,223,217,194,160,143,271,culex_culifo_f_r_2610a2e07175.png,culex_culifo_f_r_2610a2e07175.tif,Culex_modestus
,/Users/kristophernolte/Documents/ITHILDIN_evaluation/reference/reference_finalselection/culex_culifo_f_r_2b550d29a4a3.png,Full Skeleton,1383,right,Culex_modestus,0.97,1027,71,14,0,14,82,176,327,540,936,720,711,623,617,628,475,444,133,99,153,207,267,318,361,412,455,275,267,233,233,196,167,147,281,culex_culifo_f_r_2b550d29a4a3.png,culex_culifo_f_r_2b550d29a4a3.tif,Culex_modestus
,/Users/kristophernolte/Documents/ITHILDIN_evaluation/reference/reference_finalselection/culex_culifo_f_r_47077f6fafd5.png,Repaired,1439,right,Culex_pipiens s.l.-torrentium-pair,0.77,1072,87,32,0,13,87,191,358,565,975,737,724,677,662,693,554,494,133,120,167,230,282,331,386,433,473,271,279,237,243,206,169,156,287,culex_culifo_f_r_47077f6fafd5.png,culex_culifo_f_r_47077f6fafd5.tif,Culex_modestus
,/Users/kristophernolte/Documents/ITHILDIN_evaluation/reference/reference_finalselection/culex_culifo_f_r_586c2620888d.png,Full Skeleton,1324,right,Culex_modestus,1.0,994,67,21,0,15,83,187,336,515,898,695,692,601,596,614,489,434,114,109,156,213,260,309,348,387,416,244,244,210,213,184,153,137,260,culex_culifo_f_r_586c2620888d.png,culex_culifo_f_r_586c2620888d.tif,Culex_modestus
,/Users/kristophernolte/Documents/ITHILDIN_evaluation/reference/reference_finalselection/culex_culifo_f_r_5e0a6f2be4ce.png,Repaired,1326,left,Culex_modestus,0.96,1016,97,55,34,45,124,230,376,569,934,725,725,643,643,664,534,476,124,113,161,211,259,307,354,394,439,262,262,227,227,195,166,148,272,culex_culifo_f_r_5e0a6f2be4ce.png,culex_culifo_f_r_5e0a6f2be4ce.tif,Culex_modestus
,/Users/kristophernolte/Documents/ITHILDIN_evaluation/reference/reference_finalselection/culex_culifo_f_r_71e7560d548f.png,Repaired,1249,left,Culex_modestus,0.99,980,120,66,35,38,110,207,348,527,893,678,675,603,601,609,493,440,116,85,131,193,239,285,326,359,392,241,236,205,203,175,149,129,249,culex_culifo_f_r_71e7560d548f.png,culex_culifo_f_r_71e7560d548f.tif,Culex_modestus
,/Users/kristophernolte/Documents/ITHILDIN_evaluation/reference/reference_finalselection/culex_culifo_f_r_77440dc6e2bd.png,Full Skeleton,1269,right,Culex_modestus,0.94,968,79,31,0,5,81,186,317,501,871,661,645,572,566,585,469,422,128,94,136,188,233,283,327,372,417,257,254,217,217,188,159,141,259,culex_culifo_f_r_77440dc6e2bd.png,culex_culifo_f_r_77440dc6e2bd.tif,Culex_modestus
,/Users/kristophernolte/Documents/ITHILDIN_evaluation/reference/reference_finalselection/culex_culifo_f_r_9a99ba554863.png,Full Skeleton,1395,right,Culex_modestus,0.99,1039,78,30,0,14,88,200,352,544,946,730,714,653,650,666,538,464,126,113,163,225,270,318,368,411,454,270,272,233,235,203,166,155,283,culex_culifo_f_r_9a99ba554863.png,culex_culifo_f_r_9a99ba554863.tif,Culex_modestus
,/Users/kristophernolte/Documents/ITHILDIN_evaluation/reference/reference_finalselection/culex_culifo_f_r_a6c981bf3507.png,Repaired,1406,right,Culex_modestus,0.99,1024,64,22,0,17,88,191,345,555,955,740,731,654,649,668,530,444,97,114,161,222,277,321,362,398,431,244,249,211,216,180,150,133,271,culex_culifo_f_r_a6c981bf3507.png,culex_culifo_f_r_a6c981bf3507.tif,Culex_modestus
,/Users/kristophernolte/Documents/ITHILDIN_evaluation/reference/reference_finalselection/culex_culifo_f_r_adf8dc20ef8c.png,Full Skeleton,1265,left,Culex_modestus,0.99,989,113,69,44,54,123,217,348,529,892,719,709,623,625,662,524,467,124,97,137,181,228,270,315,352,391,238,236,204,208,176,152,134,243,culex_culifo_f_r_adf8dc20ef8c.png,culex_culifo_f_r_adf8dc20ef8c.tif,Culex_modestus
,/Users/kristophernolte/Documents/ITHILDIN_evaluation/reference/reference_finalselection/culex_culifo_f_r_b40f815fef56.png,Full Skeleton,1345,left,Culex_modestus,0.97,1025,124,60,35,46,115,214,363,567,945,744,741,666,664,677,534,473,115,112,162,217,267,308,349,385,421,253,245,209,209,181,154,135,264,culex_culifo_f_r_b40f815fef56.png,culex_culifo_f_r_b40f815fef56.tif,Culex_modestus
,/Users/kristophernolte/Documents/ITHILDIN_evaluation/reference/reference_finalselection/culex_culifo_f_r_b9b0a4073387.png,Repaired,1344,left,Culex_modestus,0.99,1065,111,62,36,45,111,210,357,553,945,739,722,630,623,642,502,464,112,95,141,196,247,293,337,375,412,252,242,206,211,180,148,131,255,culex_culifo_f_r_b9b0a4073387.png,culex_culifo_f_r_b9b0a4073387.tif,Culex_modestus
,/Users/kristophernolte/Documents/ITHILDIN_evaluation/reference/reference_finalselection/culex_culifo_f_r_c92fc5684b49.png,Repaired,1410,right,Culex_modestus,0.96,1075,82,28,0,8,90,200,361,556,954,722,714,643,638,652,522,485,122,91,136,198,255,311,359,402,438,261,261,221,218,187,153,136,263,culex_culifo_f_r_c92fc5684b49.png,culex_culifo_f_r_c92fc5684b49.tif,Culex_modestus
,/Users/kristophernolte/Documents/ITHILDIN_evaluation/reference/reference_finalselection/culex_culifo_f_r_ec34092b679c.png,Full Skeleton,1429,right,Culex_modestus,0.96,1054,76,21,0,13,90,194,349,557,967,754,754,669,666,680,527,480,129,102,151,208,260,304,351,394,432,258,258,225,222,192,159,143,266,culex_culifo_f_r_ec34092b679c.png,culex_culifo_f_r_ec34092b679c.tif,Culex_modestus
,/Users/kristophernolte/Documents/ITHILDIN_evaluation/reference/reference_finalselection/culex_culifo_f_r_f56bddaf1367.png,Full Skeleton,1327,right,Culex_modestus,0.99,1004,87,26,0,5,71,164,318,508,900,675,670,604,601,617,485,413,135,90,135,185,243,294,339,378,423,251,251,219,219,188,158,145,264,culex_culifo_f_r_f56bddaf1367.png,culex_culifo_f_r_f56bddaf1367.tif,Culex_modestus
,/Users/kristophernolte/Documents/ITHILDIN_evaluation/reference/reference_finalselection/culex_di_f_l_915972a2592a.png,Full Skeleton,1730,left,Culex_pipiens s.l.-torrentium-pair,1.0,1339,118,75,59,82,167,289,467,687,1184,961,954,878,878,895,756,678,151,151,207,273,329,381,434,483,536,312,302,256,256,223,194,174,312,culex_di_f_l_915972a2592a.png,culex_di_f_l_915972a2592a.tif,Culex_pipiens s.l.-torrentium-pair
,/Users/kristophernolte/Documents/ITHILDIN_evaluation/reference/reference_finalselection/culex_di_f_l_98ba81bd7c27.png,Full Skeleton,1714,left,Culex_pipiens s.l.-torrentium-pair,1.0,1349,140,85,65,85,157,275,435,654,1182,959,946,874,874,893,717,635,152,126,181,243,296,345,397,446,505,309,289,247,247,207,181,162,293,culex_di_f_l_98ba81bd7c27.png,culex_di_f_l_98ba81bd7c27.tif,Culex_pipiens s.l.-torrentium-pair
,/Users/kristophernolte/Documents/ITHILDIN_evaluation/reference/reference_finalselection/culex_di_f_l_c25ba3092b7a.png,Full Skeleton,1481,left,Culex_pipiens s.l.-torrentium-pair,0.94,1138,110,53,33,53,110,214,386,564,999,787,782,737,731,748,615,562,131,114,165,227,275,323,379,430,475,281,278,238,232,199,170,151,281,culex_di_f_l_c25ba3092b7a.png,culex_di_f_l_c25ba3092b7a.tif,Culex_pipiens s.l.-torrentium-pair
,/Users/kristophernolte/Documents/ITHILDIN_evaluation/reference/reference_finalselection/culex_di_f_l_c6c60c3cd91c.png,Full Skeleton,1482,left,Culex_pipiens s.l.-torrentium-pair,1.0,1170,109,72,52,69,130,231,392,580,1005,808,808,754,748,756,621,563,144,130,176,225,280,323,369,418,470,286,274,231,228,199,173,153,274,culex_di_f_l_c6c60c3cd91c.png,culex_di_f_l_c6c60c3cd91c.tif,Culex_pipiens s.l.-torrentium-pair
,/Users/kristophernolte/Documents/ITHILDIN_evaluation/reference/reference_finalselection/culex_di_f_l_db023db1534e.png,Full Skeleton,1376,left,Culex_pipiens s.l.-torrentium-pair,0.99,1081,115,82,58,72,131,230,388,578,955,768,765,711,706,722,599,562,139,117,155,211,254,297,347,390,436,275,256,222,222,195,168,144,259,culex_di_f_l_db023db1534e.png,culex_di_f_l_db023db1534e.tif,Culex_pipiens s.l.-torrentium-pair
,/Users/kristophernolte/Documents/ITHILDIN_evaluation/reference/reference_finalselection/culex_di_f_l_dfbfdcb8d252.png,Full Skeleton,1819,left,Culex_pipiens s.l.-torrentium-pair,1.0,1446,143,90,69,87,167,283,482,709,1240,1020,1017,919,915,933,751,664,178,143,199,258,311,370,429,485,548,335,321,269,272,237,209,181,335,culex_di_f_l_dfbfdcb8d252.png,culex_di_f_l_dfbfdcb8d252.tif,Culex_pipiens s.l.-torrentium-pair
,/Users/kristophernolte/Documents/ITHILDIN_evaluation/reference/reference_finalselection/culex_di_f_r_0699709bb84c.png,Full Skeleton,1583,right,Culex_pipiens s.l.-torrentium-pair,1.0,1194,69,25,0,13,85,183,351,578,1033,802,796,739,736,752,581,521,176,157,208,268,318,372,426,476,540,331,315,277,274,249,214,195,328,culex_di_f_r_0699709bb84c.png,culex_di_f_r_0699709bb84c.tif,Culex_pipiens s.l.-torrentium-pair
,/Users/kristophernolte/Documents/ITHILDIN_evaluation/reference/reference_finalselection/culex_di_f_r_0da025138900.png,Full Skeleton,1658,right,Culex_pipiens s.l.-torrentium-pair,1.0,1269,76,26,0,26,86,202,398,610,1067,843,834,793,786,796,651,603,154,119,176,236,296,337,391,445,501,312,293,249,246,214,189,157,287,culex_di_f_r_0da025138900.png,culex_di_f_r_0da025138900.tif,Culex_pipiens s.l.-torrentium-pair
,/Users/kristophernolte/Documents/ITHILDIN_evaluation/reference/reference_finalselection/culex_di_f_r_b36a5b040055.png,Repaired,1535,right,Culex_pipiens s.l.-torrentium-pair,1.0,1185,53,12,0,23,85,200,368,566,987,766,757,725,716,728,589,525,135,126,176,235,286,330,380,421,465,286,277,238,232,197,165,147,277,culex_di_f_r_b36a5b040055.png,culex_di_f_r_b36a5b040055.tif,Culex_pipiens s.l.-torrentium-pair
,/Users/kristophernolte/Documents/ITHILDIN_evaluation/reference/reference_finalselection/culex_di_f_r_eba89efdb405.png,Full Skeleton,1335,right,Culex_pipiens s.l.-torrentium-pair,1.0,1028,53,19,0,11,68,157,304,482,853,667,659,617,612,638,497,432,138,115,156,206,250,298,345,386,433,279,264,224,224,193,164,143,264,culex_di_f_r_eba89efdb405.png,culex_di_f_r_eba89efdb405.tif,Culex_pipiens s.l.-torrentium-pair
,/Users/kristophernolte/Documents/ITHILDIN_evaluation/reference/reference_finalselection/culex_latvian-mosquito-collection_f_l_05aacdaf4cdd.png,Full Skeleton,1775,left,Culex_pipiens s.l.-torrentium-pair,1.0,1401,136,90,75,96,163,275,475,693,1217,977,974,908,908,932,766,696,142,136,190,260,311,360,417,472,526,311,299,260,257,214,184,160,311,culex_latvian-mosquito-collection_f_l_05aacdaf4cdd.png,culex_latvian-mosquito-collection_f_l_05aacdaf4cdd.tif,Culex_pipiens s.l.-torrentium-pair
,/Users/kristophernolte/Documents/ITHILDIN_evaluation/reference/reference_finalselection/culex_latvian-mosquito-collection_f_l_17b1b0f85752.png,Full Skeleton,1805,left,Culex_pipiens s.l.-torrentium-pair,0.98,1404,112,57,40,54,132,268,459,680,1207,945,942,887,880,911,789,669,166,139,210,278,336,384,442,489,544,329,316,265,261,231,197,176,319,culex_latvian-mosquito-collection_f_l_17b1b0f85752.png,culex_latvian-mosquito-collection_f_l_17b1b0f85752.tif,Culex_pipiens s.l.-torrentium-pair
,/Users/kristophernolte/Documents/ITHILDIN_evaluation/reference/reference_finalselection/culex_moldova-mosquito-collection_f_r_14b084c7b9fd.png,Repaired,1509,right,Aedes_vexans,0.89,1139,76,26,0,28,85,208,382,556,982,783,772,713,707,724,584,511,134,120,179,235,294,339,401,451,504,314,300,252,252,218,179,157,305,culex_moldova-mosquito-collection_f_r_14b084c7b9fd.png,culex_moldova-mosquito-collection_f_r_14b084c7b9fd.tif,Culex_pipiens s.l.-torrentium-pair
,/Users/kristophernolte/Documents/ITHILDIN_evaluation/reference/reference_finalselection/culex_moldova-mosquito-collection_f_r_2b9c81044b14.png,Repaired,1192,right,Culex_modestus,0.99,882,66,27,0,9,73,169,296,453,815,629,617,534,536,570,458,394,122,85,124,178,225,274,318,355,389,242,237,205,210,178,147,134,245,culex_moldova-mosquito-collection_f_r_2b9c81044b14.png,culex_moldova-mosquito-collection_f_r_2b9c81044b14.tif,Culex_modestus
,/Users/kristophernolte/Documents/ITHILDIN_evaluation/reference/reference_finalselection/culex_moldova-mosquito-collection_f_r_2ecc09c0e18d.png,Repaired,1428,right,Culex_modestus,0.99,1083,92,32,0,15,89,177,331,547,955,744,724,653,641,661,527,462,133,96,148,207,264,316,370,421,470,290,282,242,239,199,170,145,290,culex_moldova-mosquito-collection_f_r_2ecc09c0e18d.png,culex_moldova-mosquito-collection_f_r_2ecc09c0e18d.tif,Culex_modestus
,/Users/kristophernolte/Documents/ITHILDIN_evaluation/reference/reference_finalselection/culex_moldova-mosquito-collection_f_r_b1eb9b13d234.png,Repaired,1432,right,Culex_modestus,0.99,1075,76,23,0,17,76,184,342,546,950,747,724,662,653,684,540,469,132,115,164,226,279,325,376,421,460,291,282,243,246,209,175,161,291,culex_moldova-mosquito-collection_f_r_b1eb9b13d234.png,culex_moldova-mosquito-collection_f_r_b1eb9b13d234.tif,Culex_modestus
,/Users/kristophernolte/Documents/ITHILDIN_evaluation/reference/reference_finalselection/culex_mosquito-collection-ukraine_f_l_745ebb5e27bf.png,Full Skeleton,1775,left,Culex_pipiens s.l.-torrentium-pair,0.35,1344,100,50,36,60,146,280,447,690,1187,954,951,894,890,911,737,660,151,148,211,278,335,385,438,485,538,315,305,261,258,218,191,165,315,culex_mosquito-collection-ukraine_f_l_745ebb5e27bf.png,culex_mosquito-collection-ukraine_f_l_745ebb5e27bf.tif,Culex_pipiens s.l.-torrentium-pair
,/Users/kristophernolte/Documents/ITHILDIN_evaluation/reference/reference_finalselection/culex_mosquito-collection-ukraine_f_r_0f6f969fb967.png,Full Skeleton,1771,right,Culex_pipiens s.l.-torrentium-pair,0.98,1352,60,21,0,18,98,203,393,627,1149,901,890,806,809,837,666,557,148,131,180,239,292,348,408,474,534,327,309,260,260,218,180,162,316,culex_mosquito-collection-ukraine_f_r_0f6f969fb967.png,culex_mosquito-collection-ukraine_f_r_0f6f969fb967.tif,Culex_pipiens s.l.-torrentium-pair
,/Users/kristophernolte/Documents/ITHILDIN_evaluation/reference/reference_finalselection/culex_mosquito-collection-ukraine_f_r_c662935cc5f8.png,Repaired,1668,right,Culex_pipiens s.l.-torrentium-pair,0.43,1264,89,29,0,16,79,171,346,594,1073,848,841,779,779,802,640,577,176,107,160,219,275,328,387,447,510,325,305,262,259,229,196,166,305,culex_mosquito-collection-ukraine_f_r_c662935cc5f8.png,culex_mosquito-collection-ukraine_f_r_c662935cc5f8.tif,Culex_pipiens s.l.-torrentium-pair
,/Users/kristophernolte/Documents/ITHILDIN_evaluation/reference/reference_finalselection/culex_mosquito-collection-ukraine_f_r_f9f67e9e8d8e.png,Repaired,1585,left,Culex_pipiens s.l.-torrentium-pair,0.97,1218,110,62,47,59,125,209,368,619,1093,844,844,778,781,790,649,569,148,121,172,229,280,327,372,435,489,289,283,241,241,205,169,157,292,culex_mosquito-collection-ukraine_f_r_f9f67e9e8d8e.png,culex_mosquito-collection-ukraine_f_r_f9f67e9e8d8e.tif,Culex_pipiens s.l.-torrentium-pair
,/Users/kristophernolte/Documents/ITHILDIN_evaluation/reference/reference_finalselection/culex_need_f_l_6a223b7f3ab8.png,Repaired,1741,left,Culex_pipiens s.l.-torrentium-pair,0.97,1387,173,107,93,107,184,313,504,713,1255,994,991,897,893,918,768,699,132,132,194,243,306,358,413,459,518,292,288,250,246,215,191,160,295,culex_need_f_l_6a223b7f3ab8.png,culex_need_f_l_6a223b7f3ab8.tif,Culex_pipiens s.l.-torrentium-pair
,/Users/kristophernolte/Documents/ITHILDIN_evaluation/reference/reference_finalselection/culex_need_f_l_77342576bc25.png,Full Skeleton,1595,left,Culex_pipiens s.l.-torrentium-pair,1.0,1238,115,78,49,62,131,240,424,649,1101,858,855,795,795,820,633,608,154,123,170,229,282,332,394,450,510,310,304,257,260,226,191,163,301,culex_need_f_l_77342576bc25.png,culex_need_f_l_77342576bc25.tif,Culex_pipiens s.l.-torrentium-pair
,/Users/kristophernolte/Documents/ITHILDIN_evaluation/reference/reference_finalselection/culex_need_f_l_7daf194ab94e.png,Repaired,1569,left,Culex_pipiens s.l.-torrentium-pair,0.93,1212,105,60,36,54,129,240,390,585,1071,834,831,783,783,801,654,591,139,127,175,229,277,328,376,427,481,292,286,241,241,202,172,154,283,culex_need_f_l_7daf194ab94e.png,culex_need_f_l_7daf194ab94e.tif,Culex_pipiens s.l.-torrentium-pair
,/Users/kristophernolte/Documents/ITHILDIN_evaluation/reference/reference_finalselection/culex_need_f_l_a354a36d3bd1.png,Full Skeleton,1862,left,Culex_pipiens s.l.-torrentium-pair,0.98,1460,159,109,88,99,180,312,507,758,1301,1056,1053,960,960,985,826,709,184,156,216,280,340,393,446,503,567,354,329,283,280,251,209,184,340,culex_need_f_l_a354a36d3bd1.png,culex_need_f_l_a354a36d3bd1.tif,Culex_pipiens s.l.-torrentium-pair
,/Users/kristophernolte/Documents/ITHILDIN_evaluation/reference/reference_finalselection/culex_need_f_l_f1722730dd65.png,Full Skeleton,1812,left,Culex_pipiens s.l.-torrentium-pair,0.99,1386,102,61,44,68,151,274,456,706,1221,978,978,895,882,916,755,689,173,204,265,327,386,437,492,543,598,362,348,307,307,265,228,214,362,culex_need_f_l_f1722730dd65.png,culex_need_f_l_f1722730dd65.tif,Culex_pipiens s.l.-torrentium-pair
,/Users/kristophernolte/Documents/ITHILDIN_evaluation/reference/reference_finalselection/culex_need_f_r_338dd2152683.png,Repaired,1602,right,Culex_pipiens s.l.-torrentium-pair,0.96,1229,58,21,0,21,93,213,384,591,1040,811,802,746,743,765,607,520,151,130,179,244,294,340,396,449,504,300,284,244,241,210,179,154,300,culex_need_f_r_338dd2152683.png,culex_need_f_r_338dd2152683.tif,Culex_pipiens s.l.-torrentium-pair
,/Users/kristophernolte/Documents/ITHILDIN_evaluation/reference/reference_finalselection/culex_need_f_r_572f02b9fb0b.png,Full Skeleton,1565,right,Culex_pipiens s.l.-torrentium-pair,0.99,1178,70,15,0,21,92,205,377,570,1012,807,801,742,739,758,632,555,159,110,162,220,276,325,377,432,487,303,285,248,248,208,181,159,288,culex_need_f_r_572f02b9fb0b.png,culex_need_f_r_572f02b9fb0b.tif,Culex_pipiens s.l.-torrentium-pair
,/Users/kristophernolte/Documents/ITHILDIN_evaluation/reference/reference_finalselection/culex_need_f_r_a0914c9d66ce.png,Full Skeleton,1550,left,Culex_pipiens s.l.-torrentium-pair,1.0,1238,147,110,84,99,158,265,438,644,1091,885,868,825,820,831,647,616,127,138,183,243,291,336,387,427,475,274,271,231,234,203,169,158,288,culex_need_f_r_a0914c9d66ce.png,culex_need_f_r_a0914c9d66ce.tif,Culex_pipiens s.l.-torrentium-pair
,/Users/kristophernolte/Documents/ITHILDIN_evaluation/reference/reference_finalselection/culex_oldenburg-mosquito-collection_f_l_03024f7d0afd.png,Full Skeleton,1667,left,Culex_pipiens s.l.-torrentium-pair,1.0,1295,113,74,48,58,126,237,425,629,1126,896,889,834,831,850,707,623,152,123,172,233,282,331,389,451,500,295,289,246,243,211,181,159,295,culex_oldenburg-mosquito-collection_f_l_03024f7d0afd.png,culex_oldenburg-mosquito-collection_f_l_03024f7d0afd.tif,Culex_pipiens s.l.-torrentium-pair
,/Users/kristophernolte/Documents/ITHILDIN_evaluation/reference/reference_finalselection/culex_oldenburg-mosquito-collection_f_l_4cda78bbe024.png,Repaired,1603,left,Culex_pipiens s.l.-torrentium-pair,1.0,1317,161,111,92,107,168,304,492,666,1140,901,905,832,825,847,733,625,141,125,179,230,290,335,398,446,487,293,284,246,242,208,179,160,296,culex_oldenburg-mosquito-collection_f_l_4cda78bbe024.png,culex_oldenburg-mosquito-collection_f_l_4cda78bbe024.tif,Culex_pipiens s.l.-torrentium-pair
,/Users/kristophernolte/Documents/ITHILDIN_evaluation/reference/reference_finalselection/culex_oldenburg-mosquito-collection_f_l_7245340cc1d4.png,Full Skeleton,1536,left,Culex_pipiens s.l.-torrentium-pair,0.99,1184,106,54,40,60,115,228,381,594,1036,834,831,762,756,771,638,574,138,129,187,248,288,332,384,430,473,283,268,233,231,199,170,153,283,culex_oldenburg-mosquito-collection_f_l_7245340cc1d4.png,culex_oldenburg-mosquito-collection_f_l_7245340cc1d4.tif,Culex_pipiens s.l.-torrentium-pair
,/Users/kristophernolte/Documents/ITHILDIN_evaluation/reference/reference_finalselection/culex_oldenburg-mosquito-collection_f_l_edbc408f0d3a.png,Full Skeleton,1504,left,Culex_pipiens s.l.-torrentium-pair,1.0,1163,101,50,31,50,117,240,405,589,1004,798,792,754,754,773,659,564,142,117,171,225,272,320,374,418,469,294,282,244,234,206,177,155,282,culex_oldenburg-mosquito-collection_f_l_edbc408f0d3a.png,culex_oldenburg-mosquito-collection_f_l_edbc408f0d3a.tif,Culex_pipiens s.l.-torrentium-pair
,/Users/kristophernolte/Documents/ITHILDIN_evaluation/reference/reference_finalselection/culex_oldenburg-mosquito-collection_f_r_a51dcd2f456c.png,Full Skeleton,1888,right,Culex_pipiens s.l.-torrentium-pair,1.0,1402,65,11,0,18,93,244,435,679,1258,956,941,873,870,895,729,632,154,147,215,283,345,398,463,510,571,319,316,269,273,226,190,176,327,culex_oldenburg-mosquito-collection_f_r_a51dcd2f456c.png,culex_oldenburg-mosquito-collection_f_r_a51dcd2f456c.tif,Culex_pipiens s.l.-torrentium-pair
,/Users/kristophernolte/Documents/ITHILDIN_evaluation/reference/reference_finalselection/culex_pipiens-complex-study_f_r_0c9da9f06f4c.png,Full Skeleton,1785,right,Culex_pipiens s.l.-torrentium-pair,0.99,1348,83,29,0,22,104,222,394,642,1186,910,903,839,835,860,652,577,172,121,179,243,297,354,419,483,555,358,329,290,286,250,215,182,333,culex_pipiens-complex-study_f_r_0c9da9f06f4c.png,culex_pipiens-complex-study_f_r_0c9da9f06f4c.tif,Culex_pipiens s.l.-torrentium-pair
,/Users/kristophernolte/Documents/ITHILDIN_evaluation/reference/reference_finalselection/culex_pipiens-complex-study_f_r_67ba0c17d8f6.png,Repaired,1210,right,Culex_pipiens s.l.-torrentium-pair,1.0,916,44,10,0,15,71,160,283,437,789,609,602,563,565,575,484,378,115,108,149,194,230,270,314,348,397,245,235,196,198,169,142,130,238,culex_pipiens-complex-study_f_r_67ba0c17d8f6.png,culex_pipiens-complex-study_f_r_67ba0c17d8f6.tif,Culex_pipiens s.l.-torrentium-pair
,/Users/kristophernolte/Documents/ITHILDIN_evaluation/reference/reference_finalselection/culex_pipiens-complex-study_f_r_9414515686f0.png,Full Skeleton,1705,right,Anopheles_claviger-petragnani-pair,0.73,1285,68,21,0,21,82,194,368,579,1128,859,848,787,787,808,651,590,132,132,187,245,303,344,401,453,507,286,289,238,241,207,180,153,289,culex_pipiens-complex-study_f_r_9414515686f0.png,culex_pipiens-complex-study_f_r_9414515686f0.tif,Culex_pipiens s.l.-torrentium-pair
,/Users/kristophernolte/Documents/ITHILDIN_evaluation/reference/reference_finalselection/culex_pipiens-landmark-collection_f_l_0947ff1d3815.png,Full Skeleton,1462,left,Culex_pipiens s.l.-torrentium-pair,0.9,1146,112,59,35,56,118,240,400,581,988,783,780,727,724,742,626,552,144,120,170,227,271,319,372,420,482,316,283,247,241,206,176,158,283,culex_pipiens-landmark-collection_f_l_0947ff1d3815.png,culex_pipiens-landmark-collection_f_l_0947ff1d3815.tif,Culex_pipiens s.l.-torrentium-pair
,/Users/kristophernolte/Documents/ITHILDIN_evaluation/reference/reference_finalselection/culex_pipiens-landmark-collection_f_l_b0ede619c253.png,Full Skeleton,1758,left,Culex_pipiens s.l.-torrentium-pair,0.9,1381,118,70,67,93,157,273,481,700,1194,969,957,886,880,892,786,684,158,155,220,281,332,380,438,496,547,335,322,277,271,232,210,187,326,culex_pipiens-landmark-collection_f_l_b0ede619c253.png,culex_pipiens-landmark-collection_f_l_b0ede619c253.tif,Culex_pipiens s.l.-torrentium-pair
,/Users/kristophernolte/Documents/ITHILDIN_evaluation/reference/reference_finalselection/culex_pipiens-landmark-collection_f_l_b54455bbdbab.png,Full Skeleton,1487,left,Culex_pipiens s.l.-torrentium-pair,1.0,1151,122,62,41,59,125,230,379,565,1022,813,813,747,747,765,642,550,159,124,177,231,276,318,366,414,467,294,279,240,237,207,183,159,279,culex_pipiens-landmark-collection_f_l_b54455bbdbab.png,culex_pipiens-landmark-collection_f_l_b54455bbdbab.tif,Culex_pipiens s.l.-torrentium-pair
,/Users/kristophernolte/Documents/ITHILDIN_evaluation/reference/reference_finalselection/culex_pipiens-landmark-collection_f_l_ceab7c1ac687.png,Full Skeleton,1649,left,Culex_pipiens s.l.-torrentium-pair,0.94,1303,146,92,86,105,172,274,439,653,1143,936,936,863,863,882,732,640,165,127,187,242,286,340,395,455,519,328,302,264,254,232,194,175,309,culex_pipiens-landmark-collection_f_l_ceab7c1ac687.png,culex_pipiens-landmark-collection_f_l_ceab7c1ac687.tif,Culex_pipiens s.l.-torrentium-pair
,/Users/kristophernolte/Documents/ITHILDIN_evaluation/reference/reference_finalselection/culex_pipiens-landmark-collection_f_l_f1d6449676dd.png,Full Skeleton,1367,left,Culex_pipiens s.l.-torrentium-pair,1.0,1063,107,67,49,67,114,224,357,527,935,752,747,708,697,721,582,533,126,111,158,207,254,293,335,374,419,252,241,205,205,178,150,134,241,culex_pipiens-landmark-collection_f_l_f1d6449676dd.png,culex_pipiens-landmark-collection_f_l_f1d6449676dd.tif,Culex_pipiens s.l.-torrentium-pair
,/Users/kristophernolte/Documents/ITHILDIN_evaluation/reference/reference_finalselection/culex_pipiens-landmark-collection_f_r_30b865e7e163.png,Repaired,1803,right,Culex_pipiens s.l.-torrentium-pair,0.99,1358,75,27,0,20,99,216,415,658,1176,933,916,850,847,864,624,590,154,137,192,257,312,370,432,493,555,349,319,270,274,236,205,174,332,culex_pipiens-landmark-collection_f_r_30b865e7e163.png,culex_pipiens-landmark-collection_f_r_30b865e7e163.tif,Culex_pipiens s.l.-torrentium-pair
,/Users/kristophernolte/Documents/ITHILDIN_evaluation/reference/reference_finalselection/culex_pipiens-landmark-collection_f_r_3419710ef4f3.png,Full Skeleton,1775,right,Culex_pipiens s.l.-torrentium-pair,0.95,1337,82,21,0,11,85,213,411,660,1145,915,897,837,833,858,628,578,143,136,200,264,320,374,430,480,533,320,306,260,260,225,189,171,320,culex_pipiens-landmark-collection_f_r_3419710ef4f3.png,culex_pipiens-landmark-collection_f_r_3419710ef4f3.tif,Culex_pipiens s.l.-torrentium-pair
,/Users/kristophernolte/Documents/ITHILDIN_evaluation/reference/reference_finalselection/culex_pipiens-landmark-collection_f_r_ef1d85b66ace.png,Repaired,1787,right,Culex_pipiens s.l.-torrentium-pair,0.99,1357,81,23,0,19,89,217,394,637,1155,912,909,846,843,861,640,589,174,119,174,237,296,347,413,468,538,343,325,281,273,233,200,171,321,culex_pipiens-landmark-collection_f_r_ef1d85b66ace.png,culex_pipiens-landmark-collection_f_r_ef1d85b66ace.tif,Culex_pipiens s.l.-torrentium-pair
,/Users/kristophernolte/Documents/ITHILDIN_evaluation/reference/reference_finalselection/culex_vietnam-mosquito-collection-2022_f_l_2c92356b3b9b.png,Full Skeleton,990,left,Culex_vishnui-group,0.98,809,105,69,56,67,119,197,294,429,706,573,573,517,514,517,382,386,109,95,129,165,205,232,273,300,336,203,194,174,172,145,129,113,203,culex_vietnam-mosquito-collection-2022_f_l_2c92356b3b9b.png,culex_vietnam-mosquito-collection-2022_f_l_2c92356b3b9b.tif,Culex_vishnui-group
,/Users/kristophernolte/Documents/ITHILDIN_evaluation/reference/reference_finalselection/culex_vietnam-mosquito-collection-2022_f_r_00cb35d334b4.png,Repaired,1033,right,Culex_vishnui-group,0.98,771,46,17,0,15,55,141,260,384,695,553,534,464,458,475,353,334,91,104,137,175,215,249,286,314,351,206,198,171,177,154,127,118,219,culex_vietnam-mosquito-collection-2022_f_r_00cb35d334b4.png,culex_vietnam-mosquito-collection-2022_f_r_00cb35d334b4.tif,Culex_vishnui-group
,/Users/kristophernolte/Documents/ITHILDIN_evaluation/reference/reference_finalselection/culex_vietnam-mosquito-collection-2022_f_r_0153711a6632.png,Repaired,992,right,Culex_vishnui-group,0.99,741,44,13,0,15,62,143,246,363,669,514,508,464,448,458,326,326,72,101,127,169,206,237,274,303,338,195,193,169,169,142,119,109,206,culex_vietnam-mosquito-collection-2022_f_r_0153711a6632.png,culex_vietnam-mosquito-collection-2022_f_r_0153711a6632.tif,Culex_vishnui-group
,/Users/kristophernolte/Documents/ITHILDIN_evaluation/reference/reference_finalselection/culex_vietnam-mosquito-collection-2022_f_r_11deb1d99211.png,Repaired,867,right,Culex_vishnui-group,0.99,643,35,12,0,7,47,109,204,320,579,452,441,394,392,394,281,278,78,93,118,152,185,216,244,268,300,177,170,145,145,128,108,103,182,culex_vietnam-mosquito-collection-2022_f_r_11deb1d99211.png,culex_vietnam-mosquito-collection-2022_f_r_11deb1d99211.tif,Culex_vishnui-group
,/Users/kristophernolte/Documents/ITHILDIN_evaluation/reference/reference_finalselection/culex_vietnam-mosquito-collection-2022_f_r_1b3786848413.png,Repaired,903,right,Culex_vishnui-group,0.98,695,34,9,0,7,58,129,226,337,591,472,456,407,403,412,300,286,179,198,232,266,297,329,356,375,399,271,269,247,249,232,215,205,290,culex_vietnam-mosquito-collection-2022_f_r_1b3786848413.png,culex_vietnam-mosquito-collection-2022_f_r_1b3786848413.tif,Culex_vishnui-group
,/Users/kristophernolte/Documents/ITHILDIN_evaluation/reference/reference_finalselection/culex_vietnam-mosquito-collection-2022_f_r_1f07b3965027.png,Repaired,902,right,Culex_vishnui-group,0.99,671,30,11,0,18,60,138,229,348,596,486,465,421,414,418,301,297,81,105,137,180,210,234,262,280,306,179,172,145,149,128,109,103,191,culex_vietnam-mosquito-collection-2022_f_r_1f07b3965027.png,culex_vietnam-mosquito-collection-2022_f_r_1f07b3965027.tif,Culex_vishnui-group
,/Users/kristophernolte/Documents/ITHILDIN_evaluation/reference/reference_finalselection/culex_vietnam-mosquito-collection-2022_f_r_23d46670676f.png,Repaired,1019,right,Culex_vishnui-group,0.83,787,66,23,0,8,60,141,254,372,676,530,524,470,466,477,374,338,128,94,128,164,203,243,280,316,352,235,224,194,192,171,149,134,224,culex_vietnam-mosquito-collection-2022_f_r_23d46670676f.png,culex_vietnam-mosquito-collection-2022_f_r_23d46670676f.tif,Culex_vishnui-group
,/Users/kristophernolte/Documents/ITHILDIN_evaluation/reference/reference_finalselection/culex_vietnam-mosquito-collection-2022_f_r_2b0b8eb3fcc9.png,Repaired,971,right,Culex_vishnui-group,0.95,726,37,15,0,19,62,142,253,370,648,512,495,464,446,462,331,328,100,103,134,176,207,240,276,301,327,194,194,167,169,141,120,109,203,culex_vietnam-mosquito-collection-2022_f_r_2b0b8eb3fcc9.png,culex_vietnam-mosquito-collection-2022_f_r_2b0b8eb3fcc9.tif,Culex_vishnui-group
,/Users/kristophernolte/Documents/ITHILDIN_evaluation/reference/reference_finalselection/culex_vietnam-mosquito-collection-2022_f_r_2daf085be6aa.png,Repaired,922,right,Culex_vishnui-group,0.85,702,38,12,0,10,57,122,224,341,608,481,477,419,415,420,309,282,95,101,133,169,203,233,260,280,313,186,182,157,156,139,118,108,195,culex_vietnam-mosquito-collection-2022_f_r_2daf085be6aa.png,culex_vietnam-mosquito-collection-2022_f_r_2daf085be6aa.tif,Culex_vishnui-group
,/Users/kristophernolte/Documents/ITHILDIN_evaluation/reference/reference_finalselection/culex_vietnam-mosquito-collection-2022_f_r_2e3af7d3fd83.png,Repaired,975,right,Culex_vishnui-group,0.99,748,60,13,0,8,58,132,241,373,641,511,499,441,435,443,332,309,94,82,123,166,199,234,265,300,331,193,191,164,166,142,121,107,201,culex_vietnam-mosquito-collection-2022_f_r_2e3af7d3fd83.png,culex_vietnam-mosquito-collection-2022_f_r_2e3af7d3fd83.tif,Culex_vishnui-group
,/Users/kristophernolte/Documents/ITHILDIN_evaluation/reference/reference_finalselection/culex_vietnam-mosquito-collection-2022_f_r_315068e76e56.png,Repaired,897,right,Culex_vishnui-group,0.88,687,53,19,0,9,53,134,227,332,601,469,464,405,402,411,316,297,74,90,121,158,188,224,251,275,296,174,169,143,145,126,103,97,181,culex_vietnam-mosquito-collection-2022_f_r_315068e76e56.png,culex_vietnam-mosquito-collection-2022_f_r_315068e76e56.tif,Culex_vishnui-group
,/Users/kristophernolte/Documents/ITHILDIN_evaluation/reference/reference_finalselection/culex_vietnam-mosquito-collection-2022_f_r_50f7ba3aa193.png,Full Skeleton,964,right,Culex_vishnui-group,0.97,705,46,17,0,5,50,127,241,350,645,514,505,441,436,452,353,329,92,106,137,180,211,240,271,299,318,182,183,157,159,140,118,106,199,culex_vietnam-mosquito-collection-2022_f_r_50f7ba3aa193.png,culex_vietnam-mosquito-collection-2022_f_r_50f7ba3aa193.tif,Culex_vishnui-group
,/Users/kristophernolte/Documents/ITHILDIN_evaluation/reference/reference_finalselection/culex_vietnam-mosquito-collection-2022_f_r_7253f1a4f675.png,Repaired,1008,right,Culex_vishnui-group,0.96,746,43,14,0,14,65,130,240,376,672,542,524,464,462,464,359,347,92,117,153,191,229,263,288,305,326,178,182,158,160,146,119,115,202,culex_vietnam-mosquito-collection-2022_f_r_7253f1a4f675.png,culex_vietnam-mosquito-collection-2022_f_r_7253f1a4f675.tif,Culex_vishnui-group
,/Users/kristophernolte/Documents/ITHILDIN_evaluation/reference/reference_finalselection/culex_vietnam-mosquito-collection-2022_f_r_810717ea1c31.png,Repaired,988,right,Culex_vishnui-group,0.99,760,51,16,0,4,57,132,237,365,658,512,496,441,433,453,320,310,100,98,132,169,204,239,271,302,333,202,194,167,171,143,118,108,204,culex_vietnam-mosquito-collection-2022_f_r_810717ea1c31.png,culex_vietnam-mosquito-collection-2022_f_r_810717ea1c31.tif,Culex_vishnui-group
,/Users/kristophernolte/Documents/ITHILDIN_evaluation/reference/reference_finalselection/culex_vietnam-mosquito-collection-2022_f_r_82c06ae54d17.png,Repaired,857,right,Culex_vishnui-group,0.98,650,52,12,0,9,51,124,210,325,564,449,440,398,395,412,299,283,92,76,106,139,169,199,234,256,293,181,178,148,152,125,108,97,178,culex_vietnam-mosquito-collection-2022_f_r_82c06ae54d17.png,culex_vietnam-mosquito-collection-2022_f_r_82c06ae54d17.tif,Culex_vishnui-group
,/Users/kristophernolte/Documents/ITHILDIN_evaluation/reference/reference_finalselection/culex_vietnam-mosquito-collection-2022_f_r_863d0ee8d26d.png,Full Skeleton,941,right,Culex_vishnui-group,0.99,720,45,16,0,9,57,122,228,335,605,497,484,432,427,443,331,309,86,99,131,169,198,234,263,286,313,185,180,156,156,133,115,106,196,culex_vietnam-mosquito-collection-2022_f_r_863d0ee8d26d.png,culex_vietnam-mosquito-collection-2022_f_r_863d0ee8d26d.tif,Culex_vishnui-group
,/Users/kristophernolte/Documents/ITHILDIN_evaluation/reference/reference_finalselection/culex_vietnam-mosquito-collection-2022_f_r_88d2277cbc88.png,Repaired,1022,right,Culex_vishnui-group,0.91,779,49,14,0,18,63,139,239,369,684,541,530,462,458,467,364,340,93,96,134,176,211,238,269,298,326,178,178,156,160,136,115,105,194,culex_vietnam-mosquito-collection-2022_f_r_88d2277cbc88.png,culex_vietnam-mosquito-collection-2022_f_r_88d2277cbc88.tif,Culex_vishnui-group
,/Users/kristophernolte/Documents/ITHILDIN_evaluation/reference/reference_finalselection/culex_vietnam-mosquito-collection-2022_f_r_9c9cd90a34dd.png,Repaired,1005,right,Culex_vishnui-group,0.99,751,44,11,0,8,58,136,260,390,664,524,510,464,461,468,359,352,90,101,139,175,208,242,275,310,340,199,195,170,172,148,123,110,203,culex_vietnam-mosquito-collection-2022_f_r_9c9cd90a34dd.png,culex_vietnam-mosquito-collection-2022_f_r_9c9cd90a34dd.tif,Culex_vishnui-group
,/Users/kristophernolte/Documents/ITHILDIN_evaluation/reference/reference_finalselection/culex_vietnam-mosquito-collection-2022_f_r_a036661187fb.png,Repaired,938,right,Culex_vishnui-group,0.99,713,53,19,0,4,57,135,227,327,620,493,478,439,431,448,318,295,102,73,105,141,177,213,251,281,311,196,188,162,162,139,113,102,194,culex_vietnam-mosquito-collection-2022_f_r_a036661187fb.png,culex_vietnam-mosquito-collection-2022_f_r_a036661187fb.tif,Culex_vishnui-group
,/Users/kristophernolte/Documents/ITHILDIN_evaluation/reference/reference_finalselection/culex_vietnam-mosquito-collection-2022_f_r_b1565368c07b.png,Repaired,882,right,Culex_vishnui-group,0.98,660,43,10,0,3,48,113,216,327,585,457,451,401,396,405,302,291,89,89,123,155,184,218,247,276,305,182,179,153,155,134,114,105,188,culex_vietnam-mosquito-collection-2022_f_r_b1565368c07b.png,culex_vietnam-mosquito-collection-2022_f_r_b1565368c07b.tif,Culex_vishnui-group
,/Users/kristophernolte/Documents/ITHILDIN_evaluation/reference/reference_finalselection/culex_vietnam-mosquito-collection-2022_f_r_b959e72f337b.png,Repaired,864,right,Culex_vishnui-group,0.98,681,48,14,0,6,51,123,212,321,559,448,439,389,387,394,287,273,70,67,98,135,165,189,223,250,278,170,160,141,141,120,99,91,170,culex_vietnam-mosquito-collection-2022_f_r_b959e72f337b.png,culex_vietnam-mosquito-collection-2022_f_r_b959e72f337b.tif,Culex_vishnui-group
,/Users/kristophernolte/Documents/ITHILDIN_evaluation/reference/reference_finalselection/culex_vietnam-mosquito-collection-2022_f_r_c58ce936593d.png,Full Skeleton,976,right,Culex_vishnui-group,0.99,731,44,15,0,11,60,128,224,357,647,507,498,451,449,457,357,322,97,95,129,168,200,235,266,297,333,195,193,168,168,142,120,111,202,culex_vietnam-mosquito-collection-2022_f_r_c58ce936593d.png,culex_vietnam-mosquito-collection-2022_f_r_c58ce936593d.tif,Culex_vishnui-group
,/Users/kristophernolte/Documents/ITHILDIN_evaluation/reference/reference_finalselection/culex_vietnam-mosquito-collection-2022_f_r_d1399c4fcbbd.png,Repaired,987,right,Culex_vishnui-group,1.0,759,58,20,0,14,66,154,246,379,661,519,515,463,447,455,375,338,105,99,137,175,207,235,273,301,335,203,197,171,173,145,127,115,205,culex_vietnam-mosquito-collection-2022_f_r_d1399c4fcbbd.png,culex_vietnam-mosquito-collection-2022_f_r_d1399c4fcbbd.tif,Culex_vishnui-group
,/Users/kristophernolte/Documents/ITHILDIN_evaluation/reference/reference_finalselection/culex_vietnam-mosquito-collection-2022_f_r_d4ee8d6890e1.png,Repaired,977,right,Culex_vishnui-group,1.0,744,51,16,0,12,57,126,220,353,646,510,500,453,449,451,328,322,100,86,117,156,192,225,256,286,321,190,182,160,156,135,121,103,192,culex_vietnam-mosquito-collection-2022_f_r_d4ee8d6890e1.png,culex_vietnam-mosquito-collection-2022_f_r_d4ee8d6890e1.tif,Culex_vishnui-group
,/Users/kristophernolte/Documents/ITHILDIN_evaluation/reference/reference_finalselection/culex_vietnam-mosquito-collection-2022_f_r_dc5a7f209f5e.png,Repaired,979,right,Culex_vishnui-group,0.98,740,39,17,1,0,48,123,230,363,649,503,495,447,431,442,324,301,83,89,115,153,187,222,256,285,312,178,174,151,155,126,107,98,192,culex_vietnam-mosquito-collection-2022_f_r_dc5a7f209f5e.png,culex_vietnam-mosquito-collection-2022_f_r_dc5a7f209f5e.tif,Culex_vishnui-group
,/Users/kristophernolte/Documents/ITHILDIN_evaluation/reference/reference_finalselection/culex_vietnam-mosquito-collection-2022_f_r_ea948e968f84.png,Repaired,1056,right,Culex_vishnui-group,0.99,789,46,21,0,15,67,148,266,401,701,564,553,498,496,504,365,352,111,109,139,179,217,249,282,316,352,200,200,173,175,152,130,118,215,culex_vietnam-mosquito-collection-2022_f_r_ea948e968f84.png,culex_vietnam-mosquito-collection-2022_f_r_ea948e968f84.tif,Culex_vishnui-group
,/Users/kristophernolte/Documents/ITHILDIN_evaluation/reference/reference_finalselection/culex_vietnam-mosquito-collection-2022_f_r_ed64d4ef70f7.png,Repaired,958,right,Culex_vishnui-group,0.95,732,43,8,0,22,65,140,242,356,635,509,498,431,431,445,327,330,103,97,134,170,207,235,266,297,329,197,189,164,164,134,122,107,195,culex_vietnam-mosquito-collection-2022_f_r_ed64d4ef70f7.png,culex_vietnam-mosquito-collection-2022_f_r_ed64d4ef70f7.tif,Culex_vishnui-group
,/Users/kristophernolte/Documents/ITHILDIN_evaluation/reference/reference_finalselection/culex_vietnam-mosquito-collection-2022_f_r_eeb4ac2fbaec.png,Repaired,906,right,Culex_vishnui-group,0.84,684,58,13,0,15,56,123,220,347,606,482,465,422,419,419,286,286,87,95,132,170,201,231,258,280,306,187,179,151,153,132,114,106,192,culex_vietnam-mosquito-collection-2022_f_r_eeb4ac2fbaec.png,culex_vietnam-mosquito-collection-2022_f_r_eeb4ac2fbaec.tif,Culex_vishnui-group
,/Users/kristophernolte/Documents/ITHILDIN_evaluation/reference/reference_finalselection/culex_vietnam-mosquito-collection-2022_f_r_f500403d2268.png,Repaired,943,right,Culex_vishnui-group,0.98,719,43,12,0,10,55,124,217,349,618,492,487,419,417,425,326,320,96,85,116,153,191,222,259,286,327,193,189,162,162,139,118,104,185,culex_vietnam-mosquito-collection-2022_f_r_f500403d2268.png,culex_vietnam-mosquito-collection-2022_f_r_f500403d2268.tif,Culex_vishnui-group
,/Users/kristophernolte/Documents/ITHILDIN_evaluation/reference/reference_finalselection/culex_vietnam-mosquito-collection-2022_f_r_f9d278d525e3.png,Full Skeleton,981,right,Culex_vishnui-group,0.98,733,56,14,0,12,64,130,248,364,647,523,505,463,449,469,360,336,102,98,136,170,204,244,276,310,340,204,198,172,174,148,126,112,204,culex_vietnam-mosquito-collection-2022_f_r_f9d278d525e3.png,culex_vietnam-mosquito-collection-2022_f_r_f9d278d525e3.tif,Culex_vishnui-group
,/Users/kristophernolte/Documents/ITHILDIN_evaluation/reference/reference_finalselection/culex_vietnam-mosquito-collection-2023_f_l_253f006ce08e.png,Repaired,920,left,Culex_vishnui-group,0.99,743,83,60,43,58,98,166,268,389,644,523,514,470,467,469,376,342,104,89,116,154,190,224,256,286,326,205,195,171,171,144,125,114,203,culex_vietnam-mosquito-collection-2023_f_l_253f006ce08e.png,culex_vietnam-mosquito-collection-2023_f_l_253f006ce08e.tif,Culex_vishnui-group
,/Users/kristophernolte/Documents/ITHILDIN_evaluation/reference/reference_finalselection/culex_vietnam-mosquito-collection-2023_f_l_26d6e52845b1.png,Repaired,970,left,Culex_vishnui-group,1.0,792,101,65,47,57,99,174,274,397,679,548,548,496,478,494,385,365,104,88,120,157,195,229,271,298,332,207,189,173,171,143,130,110,205,culex_vietnam-mosquito-collection-2023_f_l_26d6e52845b1.png,culex_vietnam-mosquito-collection-2023_f_l_26d6e52845b1.tif,Culex_vishnui-group
,/Users/kristophernolte/Documents/ITHILDIN_evaluation/reference/reference_finalselection/culex_vietnam-mosquito-collection-2023_f_l_334e50641238.png,Repaired,945,left,Culex_vishnui-group,0.89,744,78,45,29,42,85,151,243,380,658,523,512,460,448,459,353,331,91,89,120,162,195,230,263,296,329,195,190,162,164,144,126,115,199,culex_vietnam-mosquito-collection-2023_f_l_334e50641238.png,culex_vietnam-mosquito-collection-2023_f_l_334e50641238.tif,Culex_vishnui-group
,/Users/kristophernolte/Documents/ITHILDIN_evaluation/reference/reference_finalselection/culex_vietnam-mosquito-collection-2023_f_l_669f0d1d6f9a.png,Repaired,896,left,Culex_vishnui-group,0.99,732,75,47,30,41,90,157,253,361,622,492,484,436,429,448,325,311,82,91,118,151,183,218,247,274,298,177,175,154,154,134,117,105,187,culex_vietnam-mosquito-collection-2023_f_l_669f0d1d6f9a.png,culex_vietnam-mosquito-collection-2023_f_l_669f0d1d6f9a.tif,Culex_vishnui-group
,/Users/kristophernolte/Documents/ITHILDIN_evaluation/reference/reference_finalselection/culex_vietnam-mosquito-collection-2023_f_l_a1460f22079b.png,Repaired,1013,left,Culex_vishnui-group,0.99,790,90,53,32,43,84,176,285,422,706,570,556,500,496,500,387,355,113,105,140,179,220,259,290,325,360,224,214,185,185,159,142,128,228,culex_vietnam-mosquito-collection-2023_f_l_a1460f22079b.png,culex_vietnam-mosquito-collection-2023_f_l_a1460f22079b.tif,Culex_vishnui-group
,/Users/kristophernolte/Documents/ITHILDIN_evaluation/reference/reference_finalselection/culex_vietnam-mosquito-collection-2023_f_l_aca05071a815.png,Repaired,907,left,Culex_vishnui-group,0.95,711,74,49,34,45,89,151,253,370,634,499,499,461,452,470,370,332,98,100,127,162,195,229,257,284,313,184,184,167,164,138,118,109,197,culex_vietnam-mosquito-collection-2023_f_l_aca05071a815.png,culex_vietnam-mosquito-collection-2023_f_l_aca05071a815.tif,Culex_vishnui-group
,/Users/kristophernolte/Documents/ITHILDIN_evaluation/reference/reference_finalselection/culex_vietnam-mosquito-collection-2023_f_l_c825145d963c.png,Full Skeleton,966,left,Culex_vishnui-group,0.99,763,75,44,34,48,98,156,266,415,670,546,523,473,463,471,363,343,104,100,131,168,208,241,272,309,336,204,195,170,171,143,125,114,208,culex_vietnam-mosquito-collection-2023_f_l_c825145d963c.png,culex_vietnam-mosquito-collection-2023_f_l_c825145d963c.tif,Culex_vishnui-group
,/Users/kristophernolte/Documents/ITHILDIN_evaluation/reference/reference_finalselection/culex_vietnam-mosquito-collection-2023_f_l_c9074d1acea3.png,Full Skeleton,996,left,Culex_vishnui-group,0.99,844,138,104,89,100,146,222,327,441,734,608,606,549,542,563,430,416,100,85,119,161,195,234,273,304,336,209,199,175,173,148,127,112,207,culex_vietnam-mosquito-collection-2023_f_l_c9074d1acea3.png,culex_vietnam-mosquito-collection-2023_f_l_c9074d1acea3.tif,Culex_vishnui-group
,/Users/kristophernolte/Documents/ITHILDIN_evaluation/reference/reference_finalselection/culex_vietnam-mosquito-collection-2023_f_l_e1922d935bbd.png,Repaired,943,left,Aedes_cinereus-geminus-pair,0.86,752,87,54,33,40,83,143,253,381,661,523,508,456,456,467,350,329,101,77,107,144,183,216,246,280,317,198,189,161,159,140,120,107,194,culex_vietnam-mosquito-collection-2023_f_l_e1922d935bbd.png,culex_vietnam-mosquito-collection-2023_f_l_e1922d935bbd.tif,Culex_vishnui-group
,/Users/kristophernolte/Documents/ITHILDIN_evaluation/reference/reference_finalselection/culex_vietnam-mosquito-collection-2023_f_r_051500e58107.png,Repaired,931,right,Culex_vishnui-group,0.99,705,50,17,0,13,52,127,224,347,630,484,475,424,415,432,310,301,100,89,121,160,196,226,256,284,319,198,196,166,170,142,117,108,196,culex_vietnam-mosquito-collection-2023_f_r_051500e58107.png,culex_vietnam-mosquito-collection-2023_f_r_051500e58107.tif,Culex_vishnui-group
,/Users/kristophernolte/Documents/ITHILDIN_evaluation/reference/reference_finalselection/culex_vietnam-mosquito-collection-2023_f_r_1e229633b19e.png,Repaired,950,right,Culex_vishnui-group,0.94,735,56,14,0,14,56,133,241,360,630,493,485,423,417,437,322,294,92,82,116,155,191,227,263,294,328,199,195,169,169,145,120,110,203,culex_vietnam-mosquito-collection-2023_f_r_1e229633b19e.png,culex_vietnam-mosquito-collection-2023_f_r_1e229633b19e.tif,Culex_vishnui-group
,/Users/kristophernolte/Documents/ITHILDIN_evaluation/reference/reference_finalselection/culex_vietnam-mosquito-collection-2023_f_r_80d2bd55a5c3.png,Full Skeleton,1080,right,Culex_pipiens s.l.-torrentium-pair,0.88,849,54,11,0,18,69,151,255,393,703,566,555,492,490,497,328,339,107,100,140,180,213,244,280,309,344,213,205,176,174,151,134,111,213,culex_vietnam-mosquito-collection-2023_f_r_80d2bd55a5c3.png,culex_vietnam-mosquito-collection-2023_f_r_80d2bd55a5c3.tif,Culex_vishnui-group
,/Users/kristophernolte/Documents/ITHILDIN_evaluation/reference/reference_finalselection/culex_vietnam-mosquito-collection-2023_f_r_b2ecf04266fd.png,Repaired,1001,right,Culex_vishnui-group,0.99,736,43,16,0,11,57,143,246,388,664,545,520,463,452,472,359,318,91,109,141,184,222,253,283,306,337,199,193,166,172,148,125,118,218,culex_vietnam-mosquito-collection-2023_f_r_b2ecf04266fd.png,culex_vietnam-mosquito-collection-2023_f_r_b2ecf04266fd.tif,Culex_vishnui-group
,/Users/kristophernolte/Documents/ITHILDIN_evaluation/reference/reference_finalselection/culex_vietnam-mosquito-collection-2023_f_r_c4fe35816ab0.png,Full Skeleton,867,right,Culex_vishnui-group,0.99,656,51,17,0,9,51,117,206,318,572,460,446,400,399,406,287,289,91,77,116,149,186,215,242,270,301,184,181,156,156,137,116,102,182,culex_vietnam-mosquito-collection-2023_f_r_c4fe35816ab0.png,culex_vietnam-mosquito-collection-2023_f_r_c4fe35816ab0.tif,Culex_vishnui-group
,/Users/kristophernolte/Documents/ITHILDIN_evaluation/reference/reference_finalselection/culex_vietnam-mosquito-collection-2023_f_r_c7862109706c.png,Full Skeleton,920,right,Culex_vishnui-group,0.98,689,48,14,0,18,59,122,222,347,614,475,475,443,427,445,320,310,95,98,130,174,208,228,254,283,315,193,191,167,165,139,119,108,196,culex_vietnam-mosquito-collection-2023_f_r_c7862109706c.png,culex_vietnam-mosquito-collection-2023_f_r_c7862109706c.tif,Culex_vishnui-group
,/Users/kristophernolte/Documents/ITHILDIN_evaluation/reference/reference_finalselection/culex_vietnam-mosquito-collection-2023_f_r_db883b0f9c71.png,Repaired,900,right,Culex_vishnui-group,0.99,658,38,11,0,6,50,119,218,320,597,480,469,415,410,417,297,289,94,90,123,155,189,218,248,286,317,187,180,157,153,139,119,105,193,culex_vietnam-mosquito-collection-2023_f_r_db883b0f9c71.png,culex_vietnam-mosquito-collection-2023_f_r_db883b0f9c71.tif,Culex_vishnui-group
,/Users/kristophernolte/Documents/ITHILDIN_evaluation/reference/reference_finalselection/culex_vietnam-mosquito-collection-2023_f_r_dede8d81af01.png,Repaired,922,right,Culex_vishnui-group,0.99,675,46,14,0,5,42,112,207,350,617,479,466,423,416,427,330,306,97,86,116,152,191,223,256,286,320,187,183,161,161,137,120,109,193,culex_vietnam-mosquito-collection-2023_f_r_dede8d81af01.png,culex_vietnam-mosquito-collection-2023_f_r_dede8d81af01.tif,Culex_vishnui-group
,/Users/kristophernolte/Documents/ITHILDIN_evaluation/reference/reference_finalselection/culiseta_ai-data-collection-24_f_l_2c5452ded8d9.png,Full Skeleton,2031,left,Culiseta_morsitans-fumipennis-pair,0.99,1541,134,75,67,114,202,340,570,840,1382,1137,1129,1085,1073,1073,792,816,162,170,241,309,372,431,487,542,606,360,336,285,281,237,202,186,344,culiseta_ai-data-collection-24_f_l_2c5452ded8d9.png,culiseta_ai-data-collection-24_f_l_2c5452ded8d9.tif,Culiseta_morsitans-fumipennis-pair
,/Users/kristophernolte/Documents/ITHILDIN_evaluation/reference/reference_finalselection/culiseta_ai-data-collection-24_f_l_46bb473c9c21.png,Repaired,2226,right,Culiseta_morsitans-fumipennis-pair,0.98,1620,67,8,0,29,130,294,520,818,1427,1162,1154,1108,1100,1104,793,848,161,165,241,312,379,447,501,552,614,358,333,287,283,241,207,186,337,culiseta_ai-data-collection-24_f_l_46bb473c9c21.png,culiseta_ai-data-collection-24_f_l_46bb473c9c21.tif,Culiseta_morsitans-fumipennis-pair
,/Users/kristophernolte/Documents/ITHILDIN_evaluation/reference/reference_finalselection/culiseta_ai-data-collection-24_f_l_56505dfa6fb3.png,Full Skeleton,1973,left,Culiseta_morsitans-fumipennis-pair,0.98,1463,109,52,52,90,176,300,522,797,1320,1086,1079,1041,1038,1049,752,812,157,154,218,285,338,398,458,507,567,342,327,278,274,233,203,176,323,culiseta_ai-data-collection-24_f_l_56505dfa6fb3.png,culiseta_ai-data-collection-24_f_l_56505dfa6fb3.tif,Culiseta_morsitans-fumipennis-pair
,/Users/kristophernolte/Documents/ITHILDIN_evaluation/reference/reference_finalselection/culiseta_ai-data-collection-24_f_l_6929d341ba03.png,Repaired,2134,right,Culiseta_morsitans-fumipennis-pair,0.99,1520,72,0,0,20,108,264,492,776,1372,1116,1108,1060,1052,1052,764,808,156,160,240,300,356,416,484,540,616,364,340,288,288,236,200,184,340,culiseta_ai-data-collection-24_f_l_6929d341ba03.png,culiseta_ai-data-collection-24_f_l_6929d341ba03.tif,Culiseta_morsitans-fumipennis-pair
,/Users/kristophernolte/Documents/ITHILDIN_evaluation/reference/reference_finalselection/culiseta_ai-data-collection-24_f_l_7c035d4c36ed.png,Repaired,2119,left,Culiseta_morsitans-fumipennis-pair,0.98,1589,129,52,44,93,161,327,542,829,1399,1160,1152,1104,1092,1096,784,849,173,141,218,283,351,416,489,550,622,388,355,299,299,250,210,186,343,culiseta_ai-data-collection-24_f_l_7c035d4c36ed.png,culiseta_ai-data-collection-24_f_l_7c035d4c36ed.tif,Culiseta_morsitans-fumipennis-pair
,/Users/kristophernolte/Documents/ITHILDIN_evaluation/reference/reference_finalselection/culiseta_ai-data-collection-24_f_l_8f22584297e7.png,Full Skeleton,2031,left,Culiseta_morsitans-fumipennis-pair,0.98,1549,139,73,73,104,186,318,570,838,1378,1126,1118,1075,1068,1072,765,819,155,159,233,302,357,419,473,528,594,349,337,279,279,236,198,182,334,culiseta_ai-data-collection-24_f_l_8f22584297e7.png,culiseta_ai-data-collection-24_f_l_8f22584297e7.tif,Culiseta_morsitans-fumipennis-pair
,/Users/kristophernolte/Documents/ITHILDIN_evaluation/reference/reference_finalselection/culiseta_ai-data-collection-24_f_l_999dd0684d7d.png,Full Skeleton,2083,left,Culiseta_morsitans-fumipennis-pair,0.98,1552,119,75,67,107,194,349,575,845,1405,1163,1151,1111,1095,1127,801,861,172,160,220,295,363,430,490,557,621,367,347,295,291,244,208,188,343,culiseta_ai-data-collection-24_f_l_999dd0684d7d.png,culiseta_ai-data-collection-24_f_l_999dd0684d7d.tif,Culiseta_morsitans-fumipennis-pair
,/Users/kristophernolte/Documents/ITHILDIN_evaluation/reference/reference_finalselection/culiseta_ai-data-collection-24_f_l_ae1d1142fee9.png,Full Skeleton,2282,left,Culiseta_morsitans-fumipennis-pair,0.99,1713,148,78,70,127,205,366,601,934,1552,1255,1247,1206,1202,1206,897,930,158,179,265,347,413,467,549,603,665,376,364,306,302,257,207,195,372,culiseta_ai-data-collection-24_f_l_ae1d1142fee9.png,culiseta_ai-data-collection-24_f_l_ae1d1142fee9.tif,Culiseta_morsitans-fumipennis-pair
,/Users/kristophernolte/Documents/ITHILDIN_evaluation/reference/reference_finalselection/culiseta_ai-data-collection-24_f_l_b1b03c9afa0e.png,Full Skeleton,2314,left,Culiseta_morsitans-fumipennis-pair,0.99,1725,136,74,57,100,197,373,610,930,1541,1273,1269,1229,1220,1220,930,948,335,292,362,436,511,586,660,726,810,559,529,472,467,410,379,344,511,culiseta_ai-data-collection-24_f_l_b1b03c9afa0e.png,culiseta_ai-data-collection-24_f_l_b1b03c9afa0e.tif,Culiseta_morsitans-fumipennis-pair
,/Users/kristophernolte/Documents/ITHILDIN_evaluation/reference/reference_finalselection/culiseta_ai-data-collection-24_f_l_cf73980e543f.png,Repaired,1941,left,Culiseta_morsitans-fumipennis-pair,0.97,1445,110,49,42,68,168,298,516,772,1292,1058,1055,1005,1001,1005,734,764,187,149,210,279,344,412,481,535,600,378,351,309,305,256,221,198,347,culiseta_ai-data-collection-24_f_l_cf73980e543f.png,culiseta_ai-data-collection-24_f_l_cf73980e543f.tif,Culiseta_morsitans-fumipennis-pair
,/Users/kristophernolte/Documents/ITHILDIN_evaluation/reference/reference_finalselection/culiseta_ai-data-collection-24_f_l_fe367540357b.png,Repaired,2217,left,Culiseta_morsitans-fumipennis-pair,0.99,1704,174,110,98,144,242,404,635,946,1534,1261,1248,1210,1201,1206,890,950,159,176,249,326,390,462,526,577,645,372,355,300,296,245,206,202,351,culiseta_ai-data-collection-24_f_l_fe367540357b.png,culiseta_ai-data-collection-24_f_l_fe367540357b.tif,Culiseta_morsitans-fumipennis-pair
,/Users/kristophernolte/Documents/ITHILDIN_evaluation/reference/reference_finalselection/culiseta_ai-data-collection-24_f_r_0daef8b75090.png,Repaired,1964,left,Culiseta_morsitans-fumipennis-pair,0.98,1487,129,62,55,88,177,321,525,799,1324,1091,1083,1035,1028,1028,721,784,164,138,212,271,331,390,449,504,564,342,323,271,268,227,194,172,320,culiseta_ai-data-collection-24_f_r_0daef8b75090.png,culiseta_ai-data-collection-24_f_r_0daef8b75090.tif,Culiseta_morsitans-fumipennis-pair
,/Users/kristophernolte/Documents/ITHILDIN_evaluation/reference/reference_finalselection/culiseta_ai-data-collection-24_f_r_1bc4b6a0bf12.png,Full Skeleton,2096,left,Culiseta_morsitans-fumipennis-pair,0.98,1593,148,94,86,115,205,354,572,864,1436,1177,1164,1127,1123,1127,839,885,207,191,261,327,397,458,528,586,652,409,389,335,335,290,253,228,384,culiseta_ai-data-collection-24_f_r_1bc4b6a0bf12.png,culiseta_ai-data-collection-24_f_r_1bc4b6a0bf12.tif,Culiseta_morsitans-fumipennis-pair
,/Users/kristophernolte/Documents/ITHILDIN_evaluation/reference/reference_finalselection/culiseta_ai-data-collection-24_f_r_29ddff5f3a97.png,Full Skeleton,2212,left,Culiseta_morsitans-fumipennis-pair,0.99,1703,196,110,102,145,247,409,640,947,1549,1289,1271,1212,1199,1203,849,917,170,157,251,324,388,456,507,559,627,379,362,298,298,251,217,192,358,culiseta_ai-data-collection-24_f_r_29ddff5f3a97.png,culiseta_ai-data-collection-24_f_r_29ddff5f3a97.tif,Culiseta_morsitans-fumipennis-pair
,/Users/kristophernolte/Documents/ITHILDIN_evaluation/reference/reference_finalselection/culiseta_ai-data-collection-24_f_r_4fa8dfd90147.png,Full Skeleton,2436,left,Culiseta_morsitans-fumipennis-pair,0.97,1844,155,91,82,123,232,397,648,995,1671,1360,1346,1296,1282,1296,935,981,175,180,253,335,408,472,541,604,668,394,372,312,308,262,235,203,376,culiseta_ai-data-collection-24_f_r_4fa8dfd90147.png,culiseta_ai-data-collection-24_f_r_4fa8dfd90147.tif,Culiseta_morsitans-fumipennis-pair
,/Users/kristophernolte/Documents/ITHILDIN_evaluation/reference/reference_finalselection/culiseta_ai-data-collection-24_f_r_50079a0481ee.png,Full Skeleton,2020,left,Culiseta_morsitans-fumipennis-pair,0.98,1541,175,94,89,139,216,363,564,846,1410,1153,1145,1104,1095,1100,789,838,153,153,235,300,357,423,484,541,603,370,337,276,276,231,206,186,337,culiseta_ai-data-collection-24_f_r_50079a0481ee.png,culiseta_ai-data-collection-24_f_r_50079a0481ee.tif,Culiseta_morsitans-fumipennis-pair
,/Users/kristophernolte/Documents/ITHILDIN_evaluation/reference/reference_finalselection/culiseta_ai-data-collection-24_f_r_61cff5eb8566.png,Full Skeleton,2215,left,Culiseta_morsitans-fumipennis-pair,0.98,1662,134,71,62,104,197,344,592,894,1486,1230,1217,1163,1158,1167,856,919,174,161,233,308,375,442,510,568,644,392,375,317,317,266,224,199,363,culiseta_ai-data-collection-24_f_r_61cff5eb8566.png,culiseta_ai-data-collection-24_f_r_61cff5eb8566.tif,Culiseta_morsitans-fumipennis-pair
,/Users/kristophernolte/Documents/ITHILDIN_evaluation/reference/reference_finalselection/culiseta_ai-data-collection-24_f_r_6f40554a0d7b.png,Full Skeleton,2123,left,Culiseta_morsitans-fumipennis-pair,0.99,1570,112,48,44,80,181,338,567,861,1421,1163,1151,1103,1095,1099,821,869,187,167,239,316,384,449,509,561,634,388,360,308,304,255,227,199,352,culiseta_ai-data-collection-24_f_r_6f40554a0d7b.png,culiseta_ai-data-collection-24_f_r_6f40554a0d7b.tif,Culiseta_morsitans-fumipennis-pair
,/Users/kristophernolte/Documents/ITHILDIN_evaluation/reference/reference_finalselection/culiseta_ai-data-collection-24_f_r_77c526ec5018.png,Full Skeleton,2211,left,Culiseta_morsitans-fumipennis-pair,0.98,1652,132,55,46,80,174,336,566,877,1469,1200,1188,1136,1132,1141,838,894,212,187,268,340,408,476,549,617,689,421,400,344,336,289,255,221,391,culiseta_ai-data-collection-24_f_r_77c526ec5018.png,culiseta_ai-data-collection-24_f_r_77c526ec5018.tif,Culiseta_morsitans-fumipennis-pair
,/Users/kristophernolte/Documents/ITHILDIN_evaluation/reference/reference_finalselection/culiseta_ai-data-collection-24_f_r_880be9f88f13.png,Full Skeleton,2280,left,Culiseta_morsitans-fumipennis-pair,0.99,1702,136,64,55,106,209,362,610,934,1540,1250,1237,1199,1194,1199,883,938,155,177,262,335,403,463,527,586,642,360,352,296,288,241,202,189,352,culiseta_ai-data-collection-24_f_r_880be9f88f13.png,culiseta_ai-data-collection-24_f_r_880be9f88f13.tif,Culiseta_morsitans-fumipennis-pair
,/Users/kristophernolte/Documents/ITHILDIN_evaluation/reference/reference_finalselection/culiseta_ai-data-collection-24_f_r_9130ebb7813e.png,Full Skeleton,2147,left,Culiseta_morsitans-fumipennis-pair,0.96,1595,143,63,55,83,171,326,560,875,1440,1181,1177,1129,1121,1125,807,847,167,143,226,294,358,421,501,549,608,358,342,294,290,242,210,186,338,culiseta_ai-data-collection-24_f_r_9130ebb7813e.png,culiseta_ai-data-collection-24_f_r_9130ebb7813e.tif,Culiseta_morsitans-fumipennis-pair
,/Users/kristophernolte/Documents/ITHILDIN_evaluation/reference/reference_finalselection/culiseta_ai-data-collection-24_f_r_a42c8e8560a3.png,Full Skeleton,2037,right,Culiseta_morsitans-fumipennis-pair,0.98,1470,78,12,0,41,123,257,470,764,1319,1066,1057,1013,996,1021,702,743,161,140,218,291,353,414,483,545,606,357,336,283,283,234,193,185,336,culiseta_ai-data-collection-24_f_r_a42c8e8560a3.png,culiseta_ai-data-collection-24_f_r_a42c8e8560a3.tif,Culiseta_morsitans-fumipennis-pair
,/Users/kristophernolte/Documents/ITHILDIN_evaluation/reference/reference_finalselection/culiseta_ai-data-collection-24_f_r_b2e0fd8b2d4b.png,Full Skeleton,2168,right,Culiseta_morsitans-fumipennis-pair,0.99,1549,81,13,0,41,125,281,494,791,1392,1152,1144,1092,1092,1096,747,799,166,150,226,294,359,427,495,547,615,363,342,290,290,242,206,182,346,culiseta_ai-data-collection-24_f_r_b2e0fd8b2d4b.png,culiseta_ai-data-collection-24_f_r_b2e0fd8b2d4b.tif,Culiseta_morsitans-fumipennis-pair
,/Users/kristophernolte/Documents/ITHILDIN_evaluation/reference/reference_finalselection/culiseta_ai-data-collection-24_f_r_bbbc2d0e8ec7.png,Full Skeleton,2106,left,Culiseta_morsitans-fumipennis-pair,0.99,1586,145,80,72,109,193,339,553,851,1433,1183,1175,1126,1114,1114,807,872,175,163,228,296,353,421,486,543,611,369,345,296,292,244,216,191,345,culiseta_ai-data-collection-24_f_r_bbbc2d0e8ec7.png,culiseta_ai-data-collection-24_f_r_bbbc2d0e8ec7.tif,Culiseta_morsitans-fumipennis-pair
,/Users/kristophernolte/Documents/ITHILDIN_evaluation/reference/reference_finalselection/culiseta_ai-data-collection-24_f_r_bde6df020932.png,Full Skeleton,2125,left,Culiseta_morsitans-fumipennis-pair,0.97,1592,142,63,55,95,194,328,566,871,1442,1164,1156,1121,1117,1125,824,879,168,168,247,318,370,433,485,540,608,366,350,291,287,243,211,184,338,culiseta_ai-data-collection-24_f_r_bde6df020932.png,culiseta_ai-data-collection-24_f_r_bde6df020932.tif,Culiseta_morsitans-fumipennis-pair
,/Users/kristophernolte/Documents/ITHILDIN_evaluation/reference/reference_finalselection/culiseta_ai-data-collection-24_f_r_da11270a3321.png,Full Skeleton,2154,left,Culiseta_morsitans-fumipennis-pair,0.98,1616,116,56,60,96,168,333,550,872,1427,1174,1170,1129,1117,1125,840,884,176,172,249,329,381,438,502,558,619,377,353,297,297,249,217,193,349,culiseta_ai-data-collection-24_f_r_da11270a3321.png,culiseta_ai-data-collection-24_f_r_da11270a3321.tif,Culiseta_morsitans-fumipennis-pair
,/Users/kristophernolte/Documents/ITHILDIN_evaluation/reference/reference_finalselection/culiseta_ai-data-collection-24_f_r_e2be90a511c8.png,Repaired,2220,left,Culiseta_morsitans-fumipennis-pair,0.99,1719,187,108,95,141,229,383,613,926,1535,1260,1256,1206,1197,1201,913,926,173,160,244,306,377,436,498,552,623,365,348,294,294,244,219,189,348,culiseta_ai-data-collection-24_f_r_e2be90a511c8.png,culiseta_ai-data-collection-24_f_r_e2be90a511c8.tif,Culiseta_morsitans-fumipennis-pair
,/Users/kristophernolte/Documents/ITHILDIN_evaluation/reference/reference_finalselection/culiseta_aida_f_l_cd93b2f2f955.png,Repaired,2558,right,Culiseta_morsitans-fumipennis-pair,0.98,1843,63,10,0,53,174,338,594,984,1655,1360,1336,1274,1259,1259,917,989,161,214,296,383,446,518,576,639,711,402,378,320,320,262,229,209,388,culiseta_aida_f_l_cd93b2f2f955.png,culiseta_aida_f_l_cd93b2f2f955.tif,Culiseta_morsitans-fumipennis-pair
,/Users/kristophernolte/Documents/ITHILDIN_evaluation/reference/reference_finalselection/culiseta_aida_f_r_1e9af1da9044.png,Full Skeleton,2267,right,Culiseta_morsitans-fumipennis-pair,0.98,1636,67,13,0,46,168,314,544,858,1465,1209,1201,1138,1130,1130,812,866,184,225,301,380,456,514,564,602,665,397,368,313,313,267,238,225,376,culiseta_aida_f_r_1e9af1da9044.png,culiseta_aida_f_r_1e9af1da9044.tif,Culiseta_morsitans-fumipennis-pair
,/Users/kristophernolte/Documents/ITHILDIN_evaluation/reference/reference_finalselection/culiseta_culifo_f_l_038e7755e0bc.png,Repaired,2384,left,Culiseta_morsitans-fumipennis-pair,0.98,1763,116,47,43,95,182,333,589,944,1568,1287,1274,1235,1217,1243,866,944,192,188,270,353,418,483,556,630,699,418,400,340,331,283,236,223,396,culiseta_culifo_f_l_038e7755e0bc.png,culiseta_culifo_f_l_038e7755e0bc.tif,Culiseta_morsitans-fumipennis-pair
,/Users/kristophernolte/Documents/ITHILDIN_evaluation/reference/reference_finalselection/culiseta_culifo_f_l_0ddf43043949.png,Full Skeleton,2296,right,Culiseta_morsitans-fumipennis-pair,0.96,1658,81,8,0,38,124,291,539,848,1461,1204,1199,1152,1139,1139,805,852,171,158,235,299,377,458,531,587,664,385,364,312,308,261,222,201,364,culiseta_culifo_f_l_0ddf43043949.png,culiseta_culifo_f_l_0ddf43043949.tif,Culiseta_morsitans-fumipennis-pair
,/Users/kristophernolte/Documents/ITHILDIN_evaluation/reference/reference_finalselection/culiseta_culifo_f_l_19a98fbfe6f2.png,Full Skeleton,2202,left,Culiseta_morsitans-fumipennis-pair,0.98,1627,111,48,44,93,195,360,591,884,1462,1218,1204,1155,1151,1151,800,871,148,188,268,335,397,460,526,575,633,362,348,300,291,246,206,193,353,culiseta_culifo_f_l_19a98fbfe6f2.png,culiseta_culifo_f_l_19a98fbfe6f2.tif,Culiseta_morsitans-fumipennis-pair
,/Users/kristophernolte/Documents/ITHILDIN_evaluation/reference/reference_finalselection/culiseta_culifo_f_l_1c3f918e0083.png,Full Skeleton,1931,left,Culiseta_annulata-subochrea-pair,0.97,1520,183,115,106,166,260,435,657,965,1375,1101,1071,1042,1020,1063,726,726,166,175,256,345,427,495,572,623,687,435,410,333,333,264,217,200,414,culiseta_culifo_f_l_1c3f918e0083.png,culiseta_culifo_f_l_1c3f918e0083.tif,Culiseta_annulata-subochrea-pair
,/Users/kristophernolte/Documents/ITHILDIN_evaluation/reference/reference_finalselection/culiseta_culifo_f_l_289a7b7f46c6.png,Full Skeleton,2335,left,Culiseta_morsitans-fumipennis-pair,0.99,1712,111,44,48,93,182,329,573,903,1548,1268,1259,1205,1201,1210,903,925,197,171,251,331,393,469,545,607,682,416,389,331,331,282,242,211,389,culiseta_culifo_f_l_289a7b7f46c6.png,culiseta_culifo_f_l_289a7b7f46c6.tif,Culiseta_morsitans-fumipennis-pair
,/Users/kristophernolte/Documents/ITHILDIN_evaluation/reference/reference_finalselection/culiseta_culifo_f_l_2bab8afa5560.png,Full Skeleton,2343,left,Culiseta_morsitans-fumipennis-pair,0.96,1783,155,75,75,124,217,378,618,960,1583,1294,1281,1236,1232,1241,929,978,184,171,260,335,402,464,535,598,673,398,375,318,313,264,224,197,366,culiseta_culifo_f_l_2bab8afa5560.png,culiseta_culifo_f_l_2bab8afa5560.tif,Culiseta_morsitans-fumipennis-pair
,/Users/kristophernolte/Documents/ITHILDIN_evaluation/reference/reference_finalselection/culiseta_culifo_f_l_361f7a7942be.png,Full Skeleton,2397,left,Culiseta_morsitans-fumipennis-pair,0.99,1792,155,82,77,123,233,393,621,978,1623,1357,1344,1271,1248,1248,923,996,162,180,267,345,413,486,560,624,697,404,381,322,317,258,226,203,381,culiseta_culifo_f_l_361f7a7942be.png,culiseta_culifo_f_l_361f7a7942be.tif,Culiseta_morsitans-fumipennis-pair
,/Users/kristophernolte/Documents/ITHILDIN_evaluation/reference/reference_finalselection/culiseta_culifo_f_l_3a5f237247c5.png,Full Skeleton,2081,left,Culiseta_annulata-subochrea-pair,0.95,1656,196,104,100,161,275,432,660,996,1464,1154,1123,1110,1092,1114,760,743,209,170,257,349,424,511,598,686,751,507,467,389,384,323,266,236,472,culiseta_culifo_f_l_3a5f237247c5.png,culiseta_culifo_f_l_3a5f237247c5.tif,Culiseta_annulata-subochrea-pair
,/Users/kristophernolte/Documents/ITHILDIN_evaluation/reference/reference_finalselection/culiseta_culifo_f_l_3bb80c68dcda.png,Full Skeleton,2305,left,Culiseta_morsitans-fumipennis-pair,0.98,1734,125,51,41,97,195,376,590,915,1538,1250,1236,1185,1176,1180,906,939,178,178,258,341,406,476,550,602,681,397,374,313,309,262,225,197,369,culiseta_culifo_f_l_3bb80c68dcda.png,culiseta_culifo_f_l_3bb80c68dcda.tif,Culiseta_morsitans-fumipennis-pair
,/Users/kristophernolte/Documents/ITHILDIN_evaluation/reference/reference_finalselection/culiseta_culifo_f_l_3da6e89e2723.png,Repaired,1985,left,Culiseta_annulata-subochrea-pair,0.94,1541,145,66,54,104,195,366,604,904,1350,1058,1025,1012,1004,1025,729,708,166,141,229,304,383,466,545,612,675,437,404,333,329,270,216,195,404,culiseta_culifo_f_l_3da6e89e2723.png,culiseta_culifo_f_l_3da6e89e2723.tif,Culiseta_annulata-subochrea-pair
,/Users/kristophernolte/Documents/ITHILDIN_evaluation/reference/reference_finalselection/culiseta_culifo_f_l_49fe129134e7.png,Repaired,2080,left,Culiseta_morsitans-fumipennis-pair,0.99,1562,128,68,56,96,184,337,558,843,1401,1144,1132,1096,1088,1100,746,835,158,154,226,299,363,423,491,544,624,383,359,303,295,246,210,190,347,culiseta_culifo_f_l_49fe129134e7.png,culiseta_culifo_f_l_49fe129134e7.tif,Culiseta_morsitans-fumipennis-pair
,/Users/kristophernolte/Documents/ITHILDIN_evaluation/reference/reference_finalselection/culiseta_culifo_f_l_4deb324c1c67.png,Repaired,2229,left,Culiseta_morsitans-fumipennis-pair,1.0,1703,171,115,98,141,239,397,611,937,1548,1266,1258,1219,1206,1215,885,945,171,162,231,303,367,440,513,573,654,393,376,316,312,265,222,201,363,culiseta_culifo_f_l_4deb324c1c67.png,culiseta_culifo_f_l_4deb324c1c67.tif,Culiseta_morsitans-fumipennis-pair
,/Users/kristophernolte/Documents/ITHILDIN_evaluation/reference/reference_finalselection/culiseta_culifo_f_l_4e17eb02a72b.png,Full Skeleton,2031,left,Culiseta_morsitans-fumipennis-pair,0.98,1549,139,73,73,104,186,318,570,838,1378,1126,1118,1075,1068,1072,765,819,155,159,233,302,357,419,473,528,594,349,337,279,279,236,198,182,334,culiseta_culifo_f_l_4e17eb02a72b.png,culiseta_culifo_f_l_4e17eb02a72b.tif,Culiseta_morsitans-fumipennis-pair
,/Users/kristophernolte/Documents/ITHILDIN_evaluation/reference/reference_finalselection/culiseta_culifo_f_l_4e5f9301ea27.png,Full Skeleton,2471,left,Culiseta_morsitans-fumipennis-pair,0.99,1865,179,104,91,135,235,406,642,1022,1690,1393,1371,1323,1297,1341,939,1031,176,181,264,347,421,487,565,626,709,417,404,334,329,277,229,216,395,culiseta_culifo_f_l_4e5f9301ea27.png,culiseta_culifo_f_l_4e5f9301ea27.tif,Culiseta_morsitans-fumipennis-pair
,/Users/kristophernolte/Documents/ITHILDIN_evaluation/reference/reference_finalselection/culiseta_culifo_f_l_569a3fde7205.png,Full Skeleton,1828,left,Culiseta_annulata-subochrea-pair,0.97,1490,173,106,98,153,248,406,563,871,1285,1009,1001,989,977,989,654,682,175,159,238,305,376,435,518,577,640,431,392,329,321,266,218,195,388,culiseta_culifo_f_l_569a3fde7205.png,culiseta_culifo_f_l_569a3fde7205.tif,Culiseta_annulata-subochrea-pair
,/Users/kristophernolte/Documents/ITHILDIN_evaluation/reference/reference_finalselection/culiseta_culifo_f_l_5c6a05387ccb.png,Full Skeleton,2145,left,Culiseta_morsitans-fumipennis-pair,0.99,1620,144,78,62,99,194,355,566,876,1442,1194,1186,1128,1124,1136,855,921,167,159,221,291,361,423,485,547,613,370,349,291,291,245,208,188,328,culiseta_culifo_f_l_5c6a05387ccb.png,culiseta_culifo_f_l_5c6a05387ccb.tif,Culiseta_morsitans-fumipennis-pair
,/Users/kristophernolte/Documents/ITHILDIN_evaluation/reference/reference_finalselection/culiseta_culifo_f_l_62a3ebe0ea7b.png,Repaired,2094,left,Culiseta_morsitans-fumipennis-pair,0.97,1608,141,72,60,100,193,346,568,846,1415,1145,1133,1100,1096,1100,802,826,169,149,217,294,362,423,500,556,616,366,354,302,298,245,213,193,354,culiseta_culifo_f_l_62a3ebe0ea7b.png,culiseta_culifo_f_l_62a3ebe0ea7b.tif,Culiseta_morsitans-fumipennis-pair
,/Users/kristophernolte/Documents/ITHILDIN_evaluation/reference/reference_finalselection/culiseta_culifo_f_l_65f13ddd0460.png,Repaired,2336,left,Culiseta_morsitans-fumipennis-pair,0.98,1753,121,56,51,99,203,368,606,926,1550,1268,1264,1212,1199,1229,900,956,158,179,261,335,404,469,539,599,664,383,365,309,305,253,218,201,361,culiseta_culifo_f_l_65f13ddd0460.png,culiseta_culifo_f_l_65f13ddd0460.tif,Culiseta_morsitans-fumipennis-pair
,/Users/kristophernolte/Documents/ITHILDIN_evaluation/reference/reference_finalselection/culiseta_culifo_f_l_6983210f4ca1.png,Repaired,2226,right,Culiseta_morsitans-fumipennis-pair,0.98,1620,67,8,0,29,130,294,520,818,1427,1162,1154,1108,1100,1104,793,848,161,165,241,312,379,447,501,552,614,358,333,287,283,241,207,186,337,culiseta_culifo_f_l_6983210f4ca1.png,culiseta_culifo_f_l_6983210f4ca1.tif,Culiseta_morsitans-fumipennis-pair
,/Users/kristophernolte/Documents/ITHILDIN_evaluation/reference/reference_finalselection/culiseta_culifo_f_l_6e67d8b67f77.png,Repaired,2445,left,Culiseta_morsitans-fumipennis-pair,0.97,1848,174,103,89,141,239,395,658,1011,1665,1368,1354,1321,1321,1326,964,1030,190,171,256,341,406,486,557,623,693,435,397,331,331,284,246,218,397,culiseta_culifo_f_l_6e67d8b67f77.png,culiseta_culifo_f_l_6e67d8b67f77.tif,Culiseta_morsitans-fumipennis-pair
,/Users/kristophernolte/Documents/ITHILDIN_evaluation/reference/reference_finalselection/culiseta_culifo_f_l_82d881000f61.png,Repaired,1989,left,Culiseta_annulata-subochrea-pair,0.98,1604,165,104,100,160,256,430,634,943,1369,1117,1108,1073,1047,1078,765,747,173,173,243,330,408,469,547,604,669,447,404,326,330,269,221,204,400,culiseta_culifo_f_l_82d881000f61.png,culiseta_culifo_f_l_82d881000f61.tif,Culiseta_annulata-subochrea-pair
,/Users/kristophernolte/Documents/ITHILDIN_evaluation/reference/reference_finalselection/culiseta_culifo_f_l_92e2bb828bc6.png,Full Skeleton,2084,left,Culiseta_morsitans-fumipennis-pair,0.97,1542,112,54,42,73,151,272,505,785,1364,1131,1127,1072,1068,1076,777,812,167,139,209,275,338,404,474,532,610,369,349,291,287,244,213,182,345,culiseta_culifo_f_l_92e2bb828bc6.png,culiseta_culifo_f_l_92e2bb828bc6.tif,Culiseta_morsitans-fumipennis-pair
,/Users/kristophernolte/Documents/ITHILDIN_evaluation/reference/reference_finalselection/culiseta_culifo_f_l_9491e8e434b1.png,Full Skeleton,1992,left,Culiseta_morsitans-fumipennis-pair,0.99,1520,133,60,45,83,171,311,517,794,1326,1087,1076,1045,1034,1038,726,771,157,142,203,271,340,404,465,515,576,351,328,279,275,230,203,180,328,culiseta_culifo_f_l_9491e8e434b1.png,culiseta_culifo_f_l_9491e8e434b1.tif,Culiseta_morsitans-fumipennis-pair
,/Users/kristophernolte/Documents/ITHILDIN_evaluation/reference/reference_finalselection/culiseta_culifo_f_l_9b3453bf49e8.png,Full Skeleton,2140,left,Culiseta_morsitans-fumipennis-pair,0.98,1611,146,71,67,106,201,332,558,855,1437,1199,1183,1132,1124,1128,807,882,164,164,235,310,374,441,504,556,631,374,350,298,298,251,207,192,350,culiseta_culifo_f_l_9b3453bf49e8.png,culiseta_culifo_f_l_9b3453bf49e8.tif,Culiseta_morsitans-fumipennis-pair
,/Users/kristophernolte/Documents/ITHILDIN_evaluation/reference/reference_finalselection/culiseta_culifo_f_l_a0720fd71369.png,Repaired,2224,right,Culiseta_morsitans-fumipennis-pair,0.97,1618,74,8,0,45,132,276,512,829,1428,1172,1156,1102,1098,1102,763,829,158,158,233,307,373,431,497,559,625,361,348,291,286,241,204,187,348,culiseta_culifo_f_l_a0720fd71369.png,culiseta_culifo_f_l_a0720fd71369.tif,Culiseta_morsitans-fumipennis-pair
,/Users/kristophernolte/Documents/ITHILDIN_evaluation/reference/reference_finalselection/culiseta_culifo_f_l_a8e8ac473910.png,Repaired,2296,left,Culiseta_morsitans-fumipennis-pair,0.98,1691,125,51,43,94,176,340,565,889,1523,1247,1234,1204,1178,1208,854,906,159,159,241,315,392,453,526,586,651,375,358,297,297,258,215,198,362,culiseta_culifo_f_l_a8e8ac473910.png,culiseta_culifo_f_l_a8e8ac473910.tif,Culiseta_morsitans-fumipennis-pair
,/Users/kristophernolte/Documents/ITHILDIN_evaluation/reference/reference_finalselection/culiseta_culifo_f_l_c815fe218d45.png,Full Skeleton,2071,left,Culiseta_morsitans-fumipennis-pair,0.98,1538,117,47,39,82,184,321,541,824,1377,1142,1134,1079,1075,1083,753,800,180,145,219,286,349,423,482,541,608,365,349,294,294,251,219,188,345,culiseta_culifo_f_l_c815fe218d45.png,culiseta_culifo_f_l_c815fe218d45.tif,Culiseta_morsitans-fumipennis-pair
,/Users/kristophernolte/Documents/ITHILDIN_evaluation/reference/reference_finalselection/culiseta_culifo_f_l_cc582ca19db4.png,Repaired,1839,left,Culiseta_annulata-subochrea-pair,0.97,1468,147,103,99,151,254,390,573,883,1281,1018,1010,987,967,1003,656,660,163,175,234,306,374,453,525,593,664,425,394,326,326,254,214,195,402,culiseta_culifo_f_l_cc582ca19db4.png,culiseta_culifo_f_l_cc582ca19db4.tif,Culiseta_annulata-subochrea-pair
,/Users/kristophernolte/Documents/ITHILDIN_evaluation/reference/reference_finalselection/culiseta_culifo_f_l_df94a983e5dc.png,Full Skeleton,1917,left,Culiseta_annulata-subochrea-pair,0.96,1522,167,104,92,158,259,426,640,945,1347,1058,1070,1041,1016,1054,706,706,156,169,232,315,386,458,533,591,658,424,399,311,315,261,211,194,395,culiseta_culifo_f_l_df94a983e5dc.png,culiseta_culifo_f_l_df94a983e5dc.tif,Culiseta_annulata-subochrea-pair
,/Users/kristophernolte/Documents/ITHILDIN_evaluation/reference/reference_finalselection/culiseta_culifo_f_l_ee5a340c4a9b.png,Repaired,2012,left,Culiseta_morsitans-fumipennis-pair,0.97,1555,139,85,77,112,201,341,543,822,1365,1136,1129,1067,1059,1063,768,799,166,155,217,283,341,411,477,527,593,368,341,294,287,240,209,186,341,culiseta_culifo_f_l_ee5a340c4a9b.png,culiseta_culifo_f_l_ee5a340c4a9b.tif,Culiseta_morsitans-fumipennis-pair
,/Users/kristophernolte/Documents/ITHILDIN_evaluation/reference/reference_finalselection/culiseta_culifo_f_r_11d8cdb3093f.png,Repaired,2117,left,Culiseta_morsitans-fumipennis-pair,0.98,1589,126,60,44,85,187,329,544,857,1427,1146,1138,1101,1093,1093,821,841,144,160,229,298,363,432,498,546,611,351,335,278,278,229,205,184,339,culiseta_culifo_f_r_11d8cdb3093f.png,culiseta_culifo_f_r_11d8cdb3093f.tif,Culiseta_morsitans-fumipennis-pair
,/Users/kristophernolte/Documents/ITHILDIN_evaluation/reference/reference_finalselection/culiseta_culifo_f_r_1436df451da7.png,Full Skeleton,2449,left,Culiseta_morsitans-fumipennis-pair,0.97,1849,151,91,91,151,242,398,654,988,1679,1382,1373,1309,1304,1313,933,1025,192,192,270,347,421,476,549,608,686,402,384,324,324,270,233,205,379,culiseta_culifo_f_r_1436df451da7.png,culiseta_culifo_f_r_1436df451da7.tif,Culiseta_morsitans-fumipennis-pair
,/Users/kristophernolte/Documents/ITHILDIN_evaluation/reference/reference_finalselection/culiseta_culifo_f_r_20624f5d4b72.png,Full Skeleton,2123,left,Culiseta_morsitans-fumipennis-pair,0.99,1570,112,48,44,80,181,338,567,861,1421,1163,1151,1103,1095,1099,821,869,187,167,239,316,384,449,509,561,634,388,360,308,304,255,227,199,352,culiseta_culifo_f_r_20624f5d4b72.png,culiseta_culifo_f_r_20624f5d4b72.tif,Culiseta_morsitans-fumipennis-pair
,/Users/kristophernolte/Documents/ITHILDIN_evaluation/reference/reference_finalselection/culiseta_culifo_f_r_3151eabaa064.png,Full Skeleton,2355,left,Culiseta_morsitans-fumipennis-pair,0.99,1730,133,62,48,93,186,355,582,929,1574,1285,1267,1223,1214,1218,956,960,164,169,249,324,395,467,542,613,684,395,378,320,315,257,222,204,373,culiseta_culifo_f_r_3151eabaa064.png,culiseta_culifo_f_r_3151eabaa064.tif,Culiseta_morsitans-fumipennis-pair
,/Users/kristophernolte/Documents/ITHILDIN_evaluation/reference/reference_finalselection/culiseta_culifo_f_r_36e66bc6b147.png,Repaired,2356,left,Culiseta_morsitans-fumipennis-pair,0.98,1746,117,49,45,85,171,364,607,940,1561,1287,1273,1210,1206,1210,868,954,261,261,346,414,477,544,616,684,769,504,481,423,418,364,319,292,468,culiseta_culifo_f_r_36e66bc6b147.png,culiseta_culifo_f_r_36e66bc6b147.tif,Culiseta_morsitans-fumipennis-pair
,/Users/kristophernolte/Documents/ITHILDIN_evaluation/reference/reference_finalselection/culiseta_culifo_f_r_45bef8ca10e8.png,Repaired,1793,right,Culiseta_annulata-subochrea-pair,0.96,1339,66,8,0,50,147,317,486,768,1169,922,915,868,861,865,591,614,152,156,221,295,368,430,507,561,619,407,360,295,302,241,202,179,360,culiseta_culifo_f_r_45bef8ca10e8.png,culiseta_culifo_f_r_45bef8ca10e8.tif,Culiseta_annulata-subochrea-pair
,/Users/kristophernolte/Documents/ITHILDIN_evaluation/reference/reference_finalselection/culiseta_culifo_f_r_4651903fa6fb.png,Repaired,1942,left,Culiseta_annulata-subochrea-pair,0.97,1566,186,110,101,157,275,441,653,942,1358,1099,1082,1056,1039,1082,730,759,165,165,241,326,403,471,539,598,662,441,403,335,331,263,216,207,399,culiseta_culifo_f_r_4651903fa6fb.png,culiseta_culifo_f_r_4651903fa6fb.tif,Culiseta_annulata-subochrea-pair
,/Users/kristophernolte/Documents/ITHILDIN_evaluation/reference/reference_finalselection/culiseta_culifo_f_r_63798909992e.png,Full Skeleton,1959,left,Culiseta_annulata-subochrea-pair,0.97,1502,110,57,61,110,204,376,581,896,1338,1051,1039,1002,986,1015,679,679,159,175,237,315,388,466,544,601,663,433,384,319,319,257,216,192,401,culiseta_culifo_f_r_63798909992e.png,culiseta_culifo_f_r_63798909992e.tif,Culiseta_annulata-subochrea-pair
,/Users/kristophernolte/Documents/ITHILDIN_evaluation/reference/reference_finalselection/culiseta_culifo_f_r_641380552cec.png,Repaired,2135,left,Culiseta_morsitans-fumipennis-pair,0.98,1576,125,52,44,76,153,307,547,859,1397,1158,1150,1110,1106,1110,818,838,170,137,214,287,356,425,498,559,632,389,356,299,299,251,222,198,356,culiseta_culifo_f_r_641380552cec.png,culiseta_culifo_f_r_641380552cec.tif,Culiseta_morsitans-fumipennis-pair
,/Users/kristophernolte/Documents/ITHILDIN_evaluation/reference/reference_finalselection/culiseta_culifo_f_r_7086fc4fdd42.png,Full Skeleton,2371,left,Culiseta_morsitans-fumipennis-pair,0.96,1740,133,53,44,84,196,339,593,923,1575,1294,1280,1236,1227,1231,892,964,176,158,238,323,395,470,533,600,676,395,368,310,310,256,225,203,363,culiseta_culifo_f_r_7086fc4fdd42.png,culiseta_culifo_f_r_7086fc4fdd42.tif,Culiseta_morsitans-fumipennis-pair
,/Users/kristophernolte/Documents/ITHILDIN_evaluation/reference/reference_finalselection/culiseta_culifo_f_r_79477d2e13ce.png,Full Skeleton,1931,right,Culiseta_morsitans-fumipennis-pair,0.99,1394,59,7,0,42,121,274,478,738,1238,1009,1005,964,950,978,680,745,140,161,230,299,365,417,480,521,573,327,313,265,265,223,175,171,313,culiseta_culifo_f_r_79477d2e13ce.png,culiseta_culifo_f_r_79477d2e13ce.tif,Culiseta_morsitans-fumipennis-pair
,/Users/kristophernolte/Documents/ITHILDIN_evaluation/reference/reference_finalselection/culiseta_culifo_f_r_84591d43a2a9.png,Repaired,2317,right,Culiseta_morsitans-fumipennis-pair,0.98,1678,81,9,0,47,124,302,524,882,1469,1205,1197,1158,1150,1154,847,877,149,161,251,327,395,459,527,604,681,391,378,315,315,268,225,200,378,culiseta_culifo_f_r_84591d43a2a9.png,culiseta_culifo_f_r_84591d43a2a9.tif,Culiseta_morsitans-fumipennis-pair
,/Users/kristophernolte/Documents/ITHILDIN_evaluation/reference/reference_finalselection/culiseta_culifo_f_r_8662fc62aa23.png,Repaired,2347,left,Culiseta_morsitans-fumipennis-pair,0.99,1733,122,52,52,91,179,340,593,943,1545,1266,1248,1222,1218,1226,929,951,148,196,279,353,414,480,550,602,676,379,371,305,301,253,222,205,366,culiseta_culifo_f_r_8662fc62aa23.png,culiseta_culifo_f_r_8662fc62aa23.tif,Culiseta_morsitans-fumipennis-pair
,/Users/kristophernolte/Documents/ITHILDIN_evaluation/reference/reference_finalselection/culiseta_culifo_f_r_87775658cfaf.png,Full Skeleton,2215,left,Culiseta_morsitans-fumipennis-pair,0.98,1662,134,71,62,104,197,344,592,894,1486,1230,1217,1163,1158,1167,856,919,174,161,233,308,375,442,510,568,644,392,375,317,317,266,224,199,363,culiseta_culifo_f_r_87775658cfaf.png,culiseta_culifo_f_r_87775658cfaf.tif,Culiseta_morsitans-fumipennis-pair
,/Users/kristophernolte/Documents/ITHILDIN_evaluation/reference/reference_finalselection/culiseta_culifo_f_r_8b17536661d4.png,Full Skeleton,1952,left,Culiseta_morsitans-fumipennis-pair,0.96,1475,152,87,64,106,186,324,556,796,1319,1097,1097,1059,1055,1059,735,781,173,135,207,280,352,405,466,520,581,360,329,280,272,238,207,184,325,culiseta_culifo_f_r_8b17536661d4.png,culiseta_culifo_f_r_8b17536661d4.tif,Culiseta_morsitans-fumipennis-pair
,/Users/kristophernolte/Documents/ITHILDIN_evaluation/reference/reference_finalselection/culiseta_culifo_f_r_8ee9f08efe37.png,Full Skeleton,2084,left,Culiseta_annulata-subochrea-pair,0.96,1630,145,86,77,136,236,436,649,985,1444,1144,1112,1081,1053,1108,731,744,190,172,249,327,413,486,576,640,717,476,427,345,345,286,231,208,427,culiseta_culifo_f_r_8ee9f08efe37.png,culiseta_culifo_f_r_8ee9f08efe37.tif,Culiseta_annulata-subochrea-pair
,/Users/kristophernolte/Documents/ITHILDIN_evaluation/reference/reference_finalselection/culiseta_culifo_f_r_8ffba4ea25a0.png,Repaired,1821,left,Culiseta_annulata-subochrea-pair,0.96,1473,158,110,102,154,249,376,570,871,1279,1009,994,978,962,986,645,669,164,168,223,298,366,437,508,580,647,437,390,322,322,259,219,192,386,culiseta_culifo_f_r_8ffba4ea25a0.png,culiseta_culifo_f_r_8ffba4ea25a0.tif,Culiseta_annulata-subochrea-pair
,/Users/kristophernolte/Documents/ITHILDIN_evaluation/reference/reference_finalselection/culiseta_culifo_f_r_b80a9ec1252f.png,Repaired,1843,left,Culiseta_annulata-subochrea-pair,0.98,1435,129,97,78,125,230,387,590,876,1282,1016,1005,985,981,997,711,700,199,195,246,324,395,469,543,594,660,445,410,332,332,281,238,219,402,culiseta_culifo_f_r_b80a9ec1252f.png,culiseta_culifo_f_r_b80a9ec1252f.tif,Culiseta_annulata-subochrea-pair
,/Users/kristophernolte/Documents/ITHILDIN_evaluation/reference/reference_finalselection/culiseta_culifo_f_r_ba3ae5456696.png,Repaired,1880,left,Culiseta_annulata-subochrea-pair,0.97,1519,177,110,94,138,248,402,611,880,1306,1053,1053,1018,1014,1030,702,722,173,165,228,300,375,442,505,564,627,426,378,303,303,256,217,189,371,culiseta_culifo_f_r_ba3ae5456696.png,culiseta_culifo_f_r_ba3ae5456696.tif,Culiseta_annulata-subochrea-pair
,/Users/kristophernolte/Documents/ITHILDIN_evaluation/reference/reference_finalselection/culiseta_culifo_f_r_dd00ebda5d45.png,Full Skeleton,1751,left,Culiseta_annulata-subochrea-pair,0.97,1411,140,92,81,129,214,363,555,833,1230,952,941,915,900,926,641,644,146,168,227,302,368,424,494,550,605,383,361,305,305,246,205,183,372,culiseta_culifo_f_r_dd00ebda5d45.png,culiseta_culifo_f_r_dd00ebda5d45.tif,Culiseta_annulata-subochrea-pair
,/Users/kristophernolte/Documents/ITHILDIN_evaluation/reference/reference_finalselection/culiseta_culifo_f_r_e657e87155d5.png,Repaired,2259,left,Culiseta_morsitans-fumipennis-pair,0.98,1669,137,64,51,90,185,339,572,895,1506,1247,1239,1191,1179,1179,869,903,176,180,258,322,387,460,529,585,654,395,370,318,309,262,236,206,365,culiseta_culifo_f_r_e657e87155d5.png,culiseta_culifo_f_r_e657e87155d5.tif,Culiseta_morsitans-fumipennis-pair
,/Users/kristophernolte/Documents/ITHILDIN_evaluation/reference/reference_finalselection/culiseta_hanna_f_l_0055f35462c7.png,Full Skeleton,2369,left,Culiseta_annulata-subochrea-pair,0.95,1893,182,119,124,191,325,493,752,1140,1658,1327,1303,1270,1231,1270,905,886,155,213,294,376,462,548,630,706,793,500,467,371,376,299,237,222,481,culiseta_hanna_f_l_0055f35462c7.png,culiseta_hanna_f_l_0055f35462c7.tif,Culiseta_annulata-subochrea-pair
,/Users/kristophernolte/Documents/ITHILDIN_evaluation/reference/reference_finalselection/culiseta_hanna_f_l_26864da86ec0.png,Repaired,2301,right,Culiseta_annulata-subochrea-pair,0.97,1737,97,0,5,68,203,386,642,1004,1500,1158,1139,1114,1090,1134,705,709,233,233,335,417,504,595,692,769,841,571,523,431,436,368,301,277,532,culiseta_hanna_f_l_26864da86ec0.png,culiseta_hanna_f_l_26864da86ec0.tif,Culiseta_annulata-subochrea-pair
,/Users/kristophernolte/Documents/ITHILDIN_evaluation/reference/reference_finalselection/culiseta_hanna_f_l_4cb378eae562.png,Full Skeleton,2182,left,Culiseta_annulata-subochrea-pair,0.96,1716,164,73,63,118,241,406,657,990,1483,1173,1146,1123,1091,1114,725,762,207,189,276,367,454,531,614,691,769,513,467,385,385,312,262,235,472,culiseta_hanna_f_l_4cb378eae562.png,culiseta_hanna_f_l_4cb378eae562.tif,Culiseta_annulata-subochrea-pair
,/Users/kristophernolte/Documents/ITHILDIN_evaluation/reference/reference_finalselection/culiseta_hanna_f_l_56e080129877.png,Repaired,2256,right,Culiseta_annulata-subochrea-pair,0.98,1685,90,19,0,61,188,413,643,991,1451,1164,1150,1122,1089,1146,733,756,168,168,253,356,441,521,614,680,751,483,455,366,370,300,244,225,450,culiseta_hanna_f_l_56e080129877.png,culiseta_hanna_f_l_56e080129877.tif,Culiseta_annulata-subochrea-pair
,/Users/kristophernolte/Documents/ITHILDIN_evaluation/reference/reference_finalselection/culiseta_hanna_f_l_be6014bc9f36.png,Full Skeleton,2082,left,Culiseta_annulata-subochrea-pair,0.94,1657,200,111,111,182,293,453,675,986,1488,1186,1160,1133,1102,1137,817,822,177,168,262,346,422,488,564,640,720,471,422,346,351,275,226,200,408,culiseta_hanna_f_l_be6014bc9f36.png,culiseta_hanna_f_l_be6014bc9f36.tif,Culiseta_annulata-subochrea-pair
,/Users/kristophernolte/Documents/ITHILDIN_evaluation/reference/reference_finalselection/culiseta_hanna_f_r_1e4e663757f0.png,Repaired,2286,left,Culiseta_annulata-subochrea-pair,0.95,1808,199,114,104,176,299,499,737,1104,1599,1261,1246,1242,1213,1261,866,842,178,173,259,359,454,535,625,687,768,497,464,383,373,311,254,235,473,culiseta_hanna_f_r_1e4e663757f0.png,culiseta_hanna_f_r_1e4e663757f0.tif,Culiseta_annulata-subochrea-pair
,/Users/kristophernolte/Documents/ITHILDIN_evaluation/reference/reference_finalselection/culiseta_hanna_f_r_5f41dcc0b44d.png,Repaired,2152,left,Culiseta_annulata-subochrea-pair,0.96,1730,206,114,119,192,303,463,702,1014,1528,1225,1198,1170,1138,1170,844,863,179,179,275,362,436,505,587,661,748,486,440,358,362,284,238,211,422,culiseta_hanna_f_r_5f41dcc0b44d.png,culiseta_hanna_f_r_5f41dcc0b44d.tif,Culiseta_annulata-subochrea-pair
,/Users/kristophernolte/Documents/ITHILDIN_evaluation/reference/reference_finalselection/culiseta_hanna_f_r_62b6e1b5b431.png,Full Skeleton,2150,left,Culiseta_annulata-subochrea-pair,0.96,1713,184,115,106,161,286,452,688,1025,1524,1200,1177,1145,1126,1140,766,785,184,207,286,374,452,531,609,674,748,480,443,360,364,300,254,230,466,culiseta_hanna_f_r_62b6e1b5b431.png,culiseta_hanna_f_r_62b6e1b5b431.tif,Culiseta_annulata-subochrea-pair
,/Users/kristophernolte/Documents/ITHILDIN_evaluation/reference/reference_finalselection/culiseta_hanna_f_r_8b30e290fbdd.png,Full Skeleton,2334,left,Culiseta_annulata-subochrea-pair,0.97,1834,154,91,96,159,285,459,716,1098,1611,1272,1248,1224,1209,1224,875,861,181,210,292,379,467,549,631,708,786,510,462,379,375,307,249,220,476,culiseta_hanna_f_r_8b30e290fbdd.png,culiseta_hanna_f_r_8b30e290fbdd.tif,Culiseta_annulata-subochrea-pair
,/Users/kristophernolte/Documents/ITHILDIN_evaluation/reference/reference_finalselection/culiseta_landmark-mosquito-identification_f_r_347052452755.png,Repaired,1713,right,Culiseta_annulata-subochrea-pair,0.97,1277,62,11,0,47,127,256,444,743,1104,855,837,819,808,830,556,556,155,140,209,277,342,418,494,562,620,400,375,313,306,252,209,183,367,culiseta_landmark-mosquito-identification_f_r_347052452755.png,culiseta_landmark-mosquito-identification_f_r_347052452755.tif,Culiseta_annulata-subochrea-pair
,/Users/kristophernolte/Documents/ITHILDIN_evaluation/reference/reference_finalselection/culiseta_landmark-mosquito-identification_f_r_796d33342e64.png,Repaired,1821,right,Culiseta_annulata-subochrea-pair,0.9,1380,41,4,0,49,139,282,470,748,1162,913,891,876,857,891,583,586,210,210,263,338,406,473,545,605,672,462,424,353,357,285,251,233,413,culiseta_landmark-mosquito-identification_f_r_796d33342e64.png,culiseta_landmark-mosquito-identification_f_r_796d33342e64.tif,Culiseta_annulata-subochrea-pair
,/Users/kristophernolte/Documents/ITHILDIN_evaluation/reference/reference_finalselection/culiseta_landmark-mosquito-identification_f_r_93f34f3df851.png,Full Skeleton,1620,right,Culiseta_annulata-subochrea-pair,0.75,1215,74,14,0,44,128,262,453,712,1068,826,806,789,779,792,547,537,171,151,211,278,349,402,466,520,570,379,352,295,295,238,204,187,352,culiseta_landmark-mosquito-identification_f_r_93f34f3df851.png,culiseta_landmark-mosquito-identification_f_r_93f34f3df851.tif,Culiseta_annulata-subochrea-pair
,/Users/kristophernolte/Documents/ITHILDIN_evaluation/reference/reference_finalselection/culiseta_landmark-mosquito-identification_f_r_9caae40d87b1.png,Repaired,1838,right,Culiseta_annulata-subochrea-pair,0.97,1355,61,7,0,53,161,308,485,785,1201,928,912,912,889,928,604,604,142,157,223,300,365,439,516,570,624,392,369,300,292,238,192,188,369,culiseta_landmark-mosquito-identification_f_r_9caae40d87b1.png,culiseta_landmark-mosquito-identification_f_r_9caae40d87b1.tif,Culiseta_annulata-subochrea-pair
,/Users/kristophernolte/Documents/ITHILDIN_evaluation/reference/reference_finalselection/culiseta_landmark-mosquito-identification_f_r_b63bcc8cfe62.png,Repaired,1753,right,Culiseta_annulata-subochrea-pair,0.97,1323,45,0,3,53,137,268,480,744,1143,878,857,832,804,847,536,571,148,179,243,314,377,444,511,564,617,398,377,307,317,250,211,194,377,culiseta_landmark-mosquito-identification_f_r_b63bcc8cfe62.png,culiseta_landmark-mosquito-identification_f_r_b63bcc8cfe62.tif,Culiseta_annulata-subochrea-pair
,/Users/kristophernolte/Documents/ITHILDIN_evaluation/reference/reference_finalselection/culiseta_landmark-mosquito-identification_f_r_be0960f2c5ef.png,Full Skeleton,1784,right,Culiseta_annulata-subochrea-pair,0.96,1327,61,4,0,65,144,287,483,777,1169,905,890,871,863,875,592,585,150,165,233,301,365,429,497,561,614,399,361,297,301,244,199,188,369,culiseta_landmark-mosquito-identification_f_r_be0960f2c5ef.png,culiseta_landmark-mosquito-identification_f_r_be0960f2c5ef.tif,Culiseta_annulata-subochrea-pair
,/Users/kristophernolte/Documents/ITHILDIN_evaluation/reference/reference_finalselection/culiseta_landmark-mosquito-identification_f_r_c03f135855eb.png,Repaired,1804,right,Culiseta_annulata-subochrea-pair,0.95,1348,55,4,0,43,153,321,501,790,1169,903,907,880,864,876,555,587,152,168,230,308,379,441,511,570,629,406,386,304,308,242,207,191,375,culiseta_landmark-mosquito-identification_f_r_c03f135855eb.png,culiseta_landmark-mosquito-identification_f_r_c03f135855eb.tif,Culiseta_annulata-subochrea-pair
,/Users/kristophernolte/Documents/ITHILDIN_evaluation/reference/reference_finalselection/culiseta_landmark-mosquito-identification_f_r_c7e335b61277.png,Repaired,1614,right,Culiseta_annulata-subochrea-pair,0.87,1217,43,6,0,40,129,259,421,683,1028,809,796,783,773,786,531,534,149,162,215,278,341,401,467,524,573,378,351,291,295,238,199,182,345,culiseta_landmark-mosquito-identification_f_r_c7e335b61277.png,culiseta_landmark-mosquito-identification_f_r_c7e335b61277.tif,Culiseta_annulata-subochrea-pair
,/Users/kristophernolte/Documents/ITHILDIN_evaluation/reference/reference_finalselection/culiseta_landmark-mosquito-identification_f_r_c8f737cefa18.png,Repaired,1890,right,Culiseta_annulata-subochrea-pair,0.97,1398,60,8,0,56,173,329,529,801,1222,974,954,930,914,958,649,613,146,170,238,318,394,458,530,586,654,442,394,318,326,246,206,182,394,culiseta_landmark-mosquito-identification_f_r_c8f737cefa18.png,culiseta_landmark-mosquito-identification_f_r_c8f737cefa18.tif,Culiseta_annulata-subochrea-pair
,/Users/kristophernolte/Documents/ITHILDIN_evaluation/reference/reference_finalselection/culiseta_landmark-mosquito-identification_f_r_f4839dc61af5.png,Full Skeleton,1617,right,Culiseta_annulata-subochrea-pair,0.95,1181,48,0,0,48,131,255,427,706,1071,819,805,788,781,795,509,533,127,144,199,265,323,382,440,492,537,354,323,261,265,206,172,161,327,culiseta_landmark-mosquito-identification_f_r_f4839dc61af5.png,culiseta_landmark-mosquito-identification_f_r_f4839dc61af5.tif,Culiseta_annulata-subochrea-pair
,/Users/kristophernolte/Documents/ITHILDIN_evaluation/reference/reference_finalselection/culiseta_moldova-mosquito-collection_f_r_0b83797f0b9e.png,Full Skeleton,1771,right,Culiseta_annulata-subochrea-pair,0.95,1319,56,4,0,48,129,273,464,752,1142,888,877,858,829,869,564,553,167,156,222,289,362,436,506,568,624,410,377,322,322,248,211,196,381,culiseta_moldova-mosquito-collection_f_r_0b83797f0b9e.png,culiseta_moldova-mosquito-collection_f_r_0b83797f0b9e.tif,Culiseta_annulata-subochrea-pair
,/Users/kristophernolte/Documents/ITHILDIN_evaluation/reference/reference_finalselection/culiseta_moldova-mosquito-collection_f_r_1f303c151c9b.png,Repaired,1794,right,Culiseta_annulata-subochrea-pair,0.98,1342,97,8,0,55,152,304,510,786,1171,926,903,872,856,887,564,611,159,147,217,287,365,431,501,571,645,424,381,322,322,248,206,186,373,culiseta_moldova-mosquito-collection_f_r_1f303c151c9b.png,culiseta_moldova-mosquito-collection_f_r_1f303c151c9b.tif,Culiseta_annulata-subochrea-pair
,/Users/kristophernolte/Documents/ITHILDIN_evaluation/reference/reference_finalselection/culiseta_moldova-mosquito-collection_f_r_23c3f1d35ebf.png,Repaired,1892,right,Culiseta_annulata-subochrea-pair,0.97,1423,65,4,0,53,158,304,503,787,1204,949,945,904,912,941,572,629,166,162,231,308,385,462,535,604,668,437,405,324,332,259,214,198,393,culiseta_moldova-mosquito-collection_f_r_23c3f1d35ebf.png,culiseta_moldova-mosquito-collection_f_r_23c3f1d35ebf.tif,Culiseta_annulata-subochrea-pair
,/Users/kristophernolte/Documents/ITHILDIN_evaluation/reference/reference_finalselection/culiseta_moldova-mosquito-collection_f_r_51306aa482f6.png,Repaired,1461,right,Culiseta_annulata-subochrea-pair,0.95,1091,28,0,0,37,123,249,406,636,947,735,719,704,698,719,467,480,132,144,187,248,294,353,414,460,513,331,313,270,267,215,172,159,310,culiseta_moldova-mosquito-collection_f_r_51306aa482f6.png,culiseta_moldova-mosquito-collection_f_r_51306aa482f6.tif,Culiseta_annulata-subochrea-pair
,/Users/kristophernolte/Documents/ITHILDIN_evaluation/reference/reference_finalselection/culiseta_moldova-mosquito-collection_f_r_7ca93725391e.png,Full Skeleton,1773,right,Culiseta_annulata-subochrea-pair,0.97,1335,47,0,8,55,157,302,475,754,1143,895,884,860,852,864,538,566,151,159,221,296,359,430,504,555,626,414,371,300,304,245,202,190,375,culiseta_moldova-mosquito-collection_f_r_7ca93725391e.png,culiseta_moldova-mosquito-collection_f_r_7ca93725391e.tif,Culiseta_annulata-subochrea-pair
,/Users/kristophernolte/Documents/ITHILDIN_evaluation/reference/reference_finalselection/culiseta_moldova-mosquito-collection_f_r_7d2c4e26c3f9.png,Full Skeleton,1854,right,Culiseta_annulata-subochrea-pair,0.93,1365,55,0,12,51,153,290,514,800,1204,937,922,894,875,906,581,600,172,168,243,317,372,454,541,615,690,446,419,341,345,278,223,207,411,culiseta_moldova-mosquito-collection_f_r_7d2c4e26c3f9.png,culiseta_moldova-mosquito-collection_f_r_7d2c4e26c3f9.tif,Culiseta_annulata-subochrea-pair
,/Users/kristophernolte/Documents/ITHILDIN_evaluation/reference/reference_finalselection/culiseta_moldova-mosquito-collection_f_r_a2e50e906b82.png,Repaired,1903,right,Culiseta_annulata-subochrea-pair,0.97,1428,56,12,0,56,174,319,538,829,1234,979,946,918,902,930,610,639,175,167,236,321,398,479,552,608,673,451,418,333,341,277,224,212,410,culiseta_moldova-mosquito-collection_f_r_a2e50e906b82.png,culiseta_moldova-mosquito-collection_f_r_a2e50e906b82.tif,Culiseta_annulata-subochrea-pair
,/Users/kristophernolte/Documents/ITHILDIN_evaluation/reference/reference_finalselection/culiseta_moldova-mosquito-collection_f_r_a7f1916c1911.png,Repaired,1713,right,Culiseta_annulata-subochrea-pair,0.99,1295,64,4,0,49,146,284,485,746,1101,862,843,828,810,828,549,552,149,149,216,287,358,421,492,555,619,410,380,305,305,246,205,179,365,culiseta_moldova-mosquito-collection_f_r_a7f1916c1911.png,culiseta_moldova-mosquito-collection_f_r_a7f1916c1911.tif,Culiseta_annulata-subochrea-pair
,/Users/kristophernolte/Documents/ITHILDIN_evaluation/reference/reference_finalselection/culiseta_moldova-mosquito-collection_f_r_d2b22c32343d.png,Full Skeleton,1618,right,Culiseta_annulata-subochrea-pair,0.97,1198,63,7,0,45,136,268,460,689,1055,832,818,790,787,801,512,536,158,134,196,259,325,388,447,510,569,381,349,287,290,224,193,168,339,culiseta_moldova-mosquito-collection_f_r_d2b22c32343d.png,culiseta_moldova-mosquito-collection_f_r_d2b22c32343d.tif,Culiseta_annulata-subochrea-pair
,/Users/kristophernolte/Documents/ITHILDIN_evaluation/reference/reference_finalselection/culiseta_mosquito-collection-ukraine_f_l_241665c5086d.png,Repaired,1992,left,Anopheles_maculipennis s.l.,0.83,1580,123,68,59,119,234,379,596,928,1363,1060,1047,1026,1018,1039,664,711,176,176,236,308,381,453,526,589,645,415,389,321,321,261,219,202,389,culiseta_mosquito-collection-ukraine_f_l_241665c5086d.png,culiseta_mosquito-collection-ukraine_f_l_241665c5086d.tif,Culiseta_annulata-subochrea-pair
,/Users/kristophernolte/Documents/ITHILDIN_evaluation/reference/reference_finalselection/culiseta_mosquito-collection-ukraine_f_r_5287f905b324.png,Full Skeleton,2115,left,Culiseta_annulata-subochrea-pair,0.95,1634,134,60,47,103,216,402,626,951,1448,1111,1085,1067,1059,1080,769,721,149,170,244,326,404,486,577,641,715,469,421,348,339,274,231,201,421,culiseta_mosquito-collection-ukraine_f_r_5287f905b324.png,culiseta_mosquito-collection-ukraine_f_r_5287f905b324.tif,Culiseta_annulata-subochrea-pair
,/Users/kristophernolte/Documents/ITHILDIN_evaluation/reference/reference_finalselection/culiseta_mosquito-collection-ukraine_f_r_ca14b4e2044f.png,Repaired,2032,left,Culiseta_annulata-subochrea-pair,0.96,1611,131,70,70,131,234,395,601,935,1389,1104,1084,1047,1026,1067,713,713,169,177,247,317,391,469,544,601,667,420,399,325,329,276,222,201,408,culiseta_mosquito-collection-ukraine_f_r_ca14b4e2044f.png,culiseta_mosquito-collection-ukraine_f_r_ca14b4e2044f.tif,Culiseta_annulata-subochrea-pair
,/Users/kristophernolte/Documents/ITHILDIN_evaluation/reference/reference_finalselection/haemagogus_mosquito-collection-brazil_f_l_026bc6886e3a.png,Repaired,1277,left,Haemagogus_janthinomys,0.99,1043,188,133,111,117,207,321,457,643,942,803,801,732,727,732,389,482,104,104,145,181,232,290,331,358,399,254,238,200,197,170,145,132,254,haemagogus_mosquito-collection-brazil_f_l_026bc6886e3a.png,haemagogus_mosquito-collection-brazil_f_l_026bc6886e3a.tif,Haemagogus_janthinomys
,/Users/kristophernolte/Documents/ITHILDIN_evaluation/reference/reference_finalselection/haemagogus_mosquito-collection-brazil_f_l_09adf26c5ff9.png,Repaired,1374,left,Haemagogus_janthinomys,0.98,1117,186,133,104,122,212,314,459,663,997,849,834,768,765,770,354,468,104,98,133,177,235,290,337,366,404,256,247,200,206,171,142,130,264,haemagogus_mosquito-collection-brazil_f_l_09adf26c5ff9.png,haemagogus_mosquito-collection-brazil_f_l_09adf26c5ff9.tif,Haemagogus_janthinomys
,/Users/kristophernolte/Documents/ITHILDIN_evaluation/reference/reference_finalselection/haemagogus_mosquito-collection-brazil_f_l_09fdf16b5643.png,Repaired,1291,right,Haemagogus_janthinomys,0.99,958,52,24,0,2,96,216,340,515,836,687,681,615,612,612,271,349,105,105,138,177,230,290,338,363,399,249,241,199,199,169,149,135,260,haemagogus_mosquito-collection-brazil_f_l_09fdf16b5643.png,haemagogus_mosquito-collection-brazil_f_l_09fdf16b5643.tif,Haemagogus_janthinomys
,/Users/kristophernolte/Documents/ITHILDIN_evaluation/reference/reference_finalselection/haemagogus_mosquito-collection-brazil_f_l_0ba259e62e96.png,Repaired,1239,left,Haemagogus_janthinomys,0.98,992,170,131,105,113,206,302,447,628,930,785,767,710,705,708,369,470,100,108,144,178,232,286,323,346,380,235,227,186,186,160,134,126,248,haemagogus_mosquito-collection-brazil_f_l_0ba259e62e96.png,haemagogus_mosquito-collection-brazil_f_l_0ba259e62e96.tif,Haemagogus_janthinomys
,/Users/kristophernolte/Documents/ITHILDIN_evaluation/reference/reference_finalselection/haemagogus_mosquito-collection-brazil_f_l_0c5e195855b6.png,Repaired,1148,left,Haemagogus_janthinomys,0.98,952,154,111,87,96,179,278,395,557,837,696,688,634,631,634,325,410,108,93,125,167,217,274,309,336,366,234,227,190,192,165,142,125,242,haemagogus_mosquito-collection-brazil_f_l_0c5e195855b6.png,haemagogus_mosquito-collection-brazil_f_l_0c5e195855b6.tif,Haemagogus_janthinomys
,/Users/kristophernolte/Documents/ITHILDIN_evaluation/reference/reference_finalselection/haemagogus_mosquito-collection-brazil_f_l_0d361ca371f7.png,Full Skeleton,1330,right,Haemagogus_janthinomys,0.99,954,69,20,0,20,111,219,354,558,884,708,703,651,636,662,284,380,104,109,153,205,257,316,358,391,427,262,257,210,210,177,148,143,272,haemagogus_mosquito-collection-brazil_f_l_0d361ca371f7.png,haemagogus_mosquito-collection-brazil_f_l_0d361ca371f7.tif,Haemagogus_janthinomys
,/Users/kristophernolte/Documents/ITHILDIN_evaluation/reference/reference_finalselection/haemagogus_mosquito-collection-brazil_f_l_0d73e3a849d7.png,Repaired,1263,left,Haemagogus_janthinomys,0.99,1034,161,128,97,105,197,303,434,616,908,783,772,713,710,716,359,460,114,105,142,184,231,289,326,354,387,248,234,197,195,175,147,133,253,haemagogus_mosquito-collection-brazil_f_l_0d73e3a849d7.png,haemagogus_mosquito-collection-brazil_f_l_0d73e3a849d7.tif,Haemagogus_janthinomys
,/Users/kristophernolte/Documents/ITHILDIN_evaluation/reference/reference_finalselection/haemagogus_mosquito-collection-brazil_f_l_0deb96bf5bd7.png,Repaired,1323,right,Haemagogus_janthinomys,0.99,978,63,26,0,16,109,210,347,522,853,719,700,647,633,657,264,375,100,139,176,218,260,315,350,377,414,257,243,202,204,176,146,153,271,haemagogus_mosquito-collection-brazil_f_l_0deb96bf5bd7.png,haemagogus_mosquito-collection-brazil_f_l_0deb96bf5bd7.tif,Haemagogus_janthinomys
,/Users/kristophernolte/Documents/ITHILDIN_evaluation/reference/reference_finalselection/haemagogus_mosquito-collection-brazil_f_l_0e26bd1649cb.png,Full Skeleton,1241,left,Haemagogus_janthinomys,0.99,1002,173,130,97,108,208,311,439,626,918,777,772,710,704,710,395,474,121,97,132,178,227,284,327,360,398,260,249,206,203,176,154,130,254,haemagogus_mosquito-collection-brazil_f_l_0e26bd1649cb.png,haemagogus_mosquito-collection-brazil_f_l_0e26bd1649cb.tif,Haemagogus_janthinomys
,/Users/kristophernolte/Documents/ITHILDIN_evaluation/reference/reference_finalselection/haemagogus_mosquito-collection-brazil_f_l_0e3f69e0084d.png,Repaired,1142,left,Haemagogus_leucocelaenus,0.86,949,154,120,90,98,160,256,389,565,885,680,680,611,597,611,405,416,116,89,121,166,214,257,297,332,361,233,225,193,193,164,145,126,233,haemagogus_mosquito-collection-brazil_f_l_0e3f69e0084d.png,haemagogus_mosquito-collection-brazil_f_l_0e3f69e0084d.tif,Haemagogus_leucocelaenus
,/Users/kristophernolte/Documents/ITHILDIN_evaluation/reference/reference_finalselection/haemagogus_mosquito-collection-brazil_f_l_0f14f4ea791e.png,Full Skeleton,1273,right,Haemagogus_janthinomys,0.99,919,64,31,0,17,117,207,341,534,860,673,668,623,620,623,229,352,108,122,150,195,245,296,332,365,407,259,254,209,206,178,148,142,262,haemagogus_mosquito-collection-brazil_f_l_0f14f4ea791e.png,haemagogus_mosquito-collection-brazil_f_l_0f14f4ea791e.tif,Haemagogus_janthinomys
,/Users/kristophernolte/Documents/ITHILDIN_evaluation/reference/reference_finalselection/haemagogus_mosquito-collection-brazil_f_l_0fbb817e8499.png,Repaired,1158,left,Haemagogus_leucocelaenus,0.98,941,154,112,91,99,149,245,379,565,879,688,685,633,627,633,423,439,121,103,137,179,221,262,310,346,383,247,236,202,202,173,155,132,242,haemagogus_mosquito-collection-brazil_f_l_0fbb817e8499.png,haemagogus_mosquito-collection-brazil_f_l_0fbb817e8499.tif,Haemagogus_leucocelaenus
,/Users/kristophernolte/Documents/ITHILDIN_evaluation/reference/reference_finalselection/haemagogus_mosquito-collection-brazil_f_l_1874b83b4f34.png,Full Skeleton,1291,right,Haemagogus_janthinomys,0.96,952,54,22,0,14,111,212,336,527,856,697,685,621,613,621,257,363,96,108,148,195,244,291,321,348,376,235,227,190,190,163,136,131,244,haemagogus_mosquito-collection-brazil_f_l_1874b83b4f34.png,haemagogus_mosquito-collection-brazil_f_l_1874b83b4f34.tif,Haemagogus_janthinomys
,/Users/kristophernolte/Documents/ITHILDIN_evaluation/reference/reference_finalselection/haemagogus_mosquito-collection-brazil_f_l_1957001d84c8.png,Repaired,1226,left,Haemagogus_leucocelaenus,0.97,1008,171,132,104,107,173,280,426,607,944,735,730,663,658,671,472,472,114,99,137,186,245,288,336,377,421,268,257,222,222,188,158,140,265,haemagogus_mosquito-collection-brazil_f_l_1957001d84c8.png,haemagogus_mosquito-collection-brazil_f_l_1957001d84c8.tif,Haemagogus_leucocelaenus
,/Users/kristophernolte/Documents/ITHILDIN_evaluation/reference/reference_finalselection/haemagogus_mosquito-collection-brazil_f_l_19cc6090e6a4.png,Full Skeleton,1208,left,Haemagogus_leucocelaenus,0.99,967,163,129,102,110,176,270,422,599,934,740,727,666,663,671,453,458,125,100,134,178,233,283,330,371,416,264,250,214,217,183,161,136,261,haemagogus_mosquito-collection-brazil_f_l_19cc6090e6a4.png,haemagogus_mosquito-collection-brazil_f_l_19cc6090e6a4.tif,Haemagogus_leucocelaenus
,/Users/kristophernolte/Documents/ITHILDIN_evaluation/reference/reference_finalselection/haemagogus_mosquito-collection-brazil_f_l_217d76343ad2.png,Repaired,1228,left,Haemagogus_janthinomys,0.99,1001,173,114,93,109,191,290,418,593,900,740,740,692,689,700,348,420,119,93,135,178,229,285,322,348,388,258,242,202,199,170,143,133,253,haemagogus_mosquito-collection-brazil_f_l_217d76343ad2.png,haemagogus_mosquito-collection-brazil_f_l_217d76343ad2.tif,Haemagogus_janthinomys
,/Users/kristophernolte/Documents/ITHILDIN_evaluation/reference/reference_finalselection/haemagogus_mosquito-collection-brazil_f_l_250c4b376744.png,Full Skeleton,1411,left,Haemagogus_leucocelaenus,0.98,1134,169,133,94,109,184,303,460,694,1061,836,830,758,755,767,512,515,130,109,145,206,251,312,360,403,451,278,272,236,233,203,169,148,291,haemagogus_mosquito-collection-brazil_f_l_250c4b376744.png,haemagogus_mosquito-collection-brazil_f_l_250c4b376744.tif,Haemagogus_leucocelaenus
,/Users/kristophernolte/Documents/ITHILDIN_evaluation/reference/reference_finalselection/haemagogus_mosquito-collection-brazil_f_l_272242f36442.png,Full Skeleton,1231,left,Haemagogus_janthinomys,0.99,994,144,123,99,107,200,300,412,602,913,750,747,693,688,693,359,452,120,107,131,174,225,284,329,356,388,246,235,198,195,166,147,125,249,haemagogus_mosquito-collection-brazil_f_l_272242f36442.png,haemagogus_mosquito-collection-brazil_f_l_272242f36442.tif,Haemagogus_janthinomys
,/Users/kristophernolte/Documents/ITHILDIN_evaluation/reference/reference_finalselection/haemagogus_mosquito-collection-brazil_f_l_2fee9851e28a.png,Repaired,1157,left,Haemagogus_leucocelaenus,0.99,947,143,113,89,95,159,256,390,570,868,683,683,639,634,636,441,434,125,100,133,174,220,267,308,346,382,249,233,205,205,172,159,133,244,haemagogus_mosquito-collection-brazil_f_l_2fee9851e28a.png,haemagogus_mosquito-collection-brazil_f_l_2fee9851e28a.tif,Haemagogus_leucocelaenus
,/Users/kristophernolte/Documents/ITHILDIN_evaluation/reference/reference_finalselection/haemagogus_mosquito-collection-brazil_f_l_35d0e59cb517.png,Full Skeleton,1363,right,Haemagogus_leucocelaenus,0.99,1008,76,22,0,5,73,193,342,550,932,708,699,626,623,632,382,385,120,103,154,193,247,300,353,390,432,258,258,221,221,193,165,143,280,haemagogus_mosquito-collection-brazil_f_l_35d0e59cb517.png,haemagogus_mosquito-collection-brazil_f_l_35d0e59cb517.tif,Haemagogus_leucocelaenus
,/Users/kristophernolte/Documents/ITHILDIN_evaluation/reference/reference_finalselection/haemagogus_mosquito-collection-brazil_f_l_37fe71a58cf0.png,Full Skeleton,1057,left,Haemagogus_leucocelaenus,0.98,862,149,121,95,100,151,242,360,522,816,659,646,589,579,589,406,409,122,99,127,163,209,251,289,323,359,235,220,191,191,163,145,127,227,haemagogus_mosquito-collection-brazil_f_l_37fe71a58cf0.png,haemagogus_mosquito-collection-brazil_f_l_37fe71a58cf0.tif,Haemagogus_leucocelaenus
,/Users/kristophernolte/Documents/ITHILDIN_evaluation/reference/reference_finalselection/haemagogus_mosquito-collection-brazil_f_l_3c20cbe962d3.png,Full Skeleton,1296,right,Haemagogus_janthinomys,0.2,949,66,22,0,2,90,181,311,498,851,662,662,608,606,613,238,338,148,87,119,160,219,285,334,371,428,298,273,226,224,187,163,126,268,haemagogus_mosquito-collection-brazil_f_l_3c20cbe962d3.png,haemagogus_mosquito-collection-brazil_f_l_3c20cbe962d3.tif,Haemagogus_janthinomys
,/Users/kristophernolte/Documents/ITHILDIN_evaluation/reference/reference_finalselection/haemagogus_mosquito-collection-brazil_f_l_3f3a06728d02.png,Repaired,1326,right,Haemagogus_janthinomys,0.98,978,73,14,0,14,107,201,353,548,868,698,698,630,622,625,237,350,101,96,135,178,228,296,333,367,406,260,248,203,200,163,144,132,260,haemagogus_mosquito-collection-brazil_f_l_3f3a06728d02.png,haemagogus_mosquito-collection-brazil_f_l_3f3a06728d02.tif,Haemagogus_janthinomys
,/Users/kristophernolte/Documents/ITHILDIN_evaluation/reference/reference_finalselection/haemagogus_mosquito-collection-brazil_f_l_3f685815cc77.png,Repaired,1329,left,Haemagogus_janthinomys,0.97,1088,168,131,102,116,208,308,450,638,983,806,806,751,748,751,382,493,145,131,166,203,253,311,353,382,419,282,263,226,226,197,174,158,276,haemagogus_mosquito-collection-brazil_f_l_3f685815cc77.png,haemagogus_mosquito-collection-brazil_f_l_3f685815cc77.tif,Haemagogus_janthinomys
,/Users/kristophernolte/Documents/ITHILDIN_evaluation/reference/reference_finalselection/haemagogus_mosquito-collection-brazil_f_l_3f8669e2e72b.png,Full Skeleton,1370,left,Haemagogus_leucocelaenus,0.98,1093,155,129,95,112,184,285,441,660,1038,810,798,741,735,747,496,504,125,142,168,235,278,330,373,413,457,287,284,243,237,206,174,160,292,haemagogus_mosquito-collection-brazil_f_l_3f8669e2e72b.png,haemagogus_mosquito-collection-brazil_f_l_3f8669e2e72b.tif,Haemagogus_leucocelaenus
,/Users/kristophernolte/Documents/ITHILDIN_evaluation/reference/reference_finalselection/haemagogus_mosquito-collection-brazil_f_l_44a4fa7adae0.png,Repaired,1191,left,Haemagogus_janthinomys,0.97,969,153,120,97,104,204,296,419,585,895,723,721,677,675,677,335,439,98,98,131,172,216,269,305,333,364,228,223,182,182,152,131,124,236,haemagogus_mosquito-collection-brazil_f_l_44a4fa7adae0.png,haemagogus_mosquito-collection-brazil_f_l_44a4fa7adae0.tif,Haemagogus_janthinomys
,/Users/kristophernolte/Documents/ITHILDIN_evaluation/reference/reference_finalselection/haemagogus_mosquito-collection-brazil_f_l_498437789d94.png,Full Skeleton,1432,left,Haemagogus_leucocelaenus,0.98,1149,167,129,85,91,164,275,449,677,1054,823,817,747,747,766,487,497,148,117,145,205,262,323,373,424,475,300,294,253,253,218,186,158,304,haemagogus_mosquito-collection-brazil_f_l_498437789d94.png,haemagogus_mosquito-collection-brazil_f_l_498437789d94.tif,Haemagogus_leucocelaenus
,/Users/kristophernolte/Documents/ITHILDIN_evaluation/reference/reference_finalselection/haemagogus_mosquito-collection-brazil_f_l_4c14fb74181b.png,Repaired,1140,left,Haemagogus_leucocelaenus,0.98,953,149,115,89,105,163,272,382,573,869,676,674,618,616,621,447,438,119,99,133,181,229,268,309,343,376,237,234,201,201,169,155,133,242,haemagogus_mosquito-collection-brazil_f_l_4c14fb74181b.png,haemagogus_mosquito-collection-brazil_f_l_4c14fb74181b.tif,Haemagogus_leucocelaenus
,/Users/kristophernolte/Documents/ITHILDIN_evaluation/reference/reference_finalselection/haemagogus_mosquito-collection-brazil_f_l_4cae997ee6fa.png,Repaired,1289,left,Haemagogus_janthinomys,0.99,1035,161,100,79,97,191,293,427,614,933,764,758,703,701,705,343,427,87,101,140,185,233,292,331,363,394,242,235,192,194,167,140,133,258,haemagogus_mosquito-collection-brazil_f_l_4cae997ee6fa.png,haemagogus_mosquito-collection-brazil_f_l_4cae997ee6fa.tif,Haemagogus_janthinomys
,/Users/kristophernolte/Documents/ITHILDIN_evaluation/reference/reference_finalselection/haemagogus_mosquito-collection-brazil_f_l_50499ca1141b.png,Repaired,1272,right,Haemagogus_janthinomys,0.98,925,82,21,0,10,98,197,322,516,838,686,681,617,617,617,252,361,123,83,123,158,203,267,309,344,384,259,238,198,195,166,142,115,243,haemagogus_mosquito-collection-brazil_f_l_50499ca1141b.png,haemagogus_mosquito-collection-brazil_f_l_50499ca1141b.tif,Haemagogus_janthinomys
,/Users/kristophernolte/Documents/ITHILDIN_evaluation/reference/reference_finalselection/haemagogus_mosquito-collection-brazil_f_l_53bf81145924.png,Repaired,1229,left,Haemagogus_leucocelaenus,0.98,966,166,117,84,84,145,251,391,591,925,736,722,656,651,659,432,448,128,98,139,188,240,284,336,377,424,270,262,224,224,191,166,142,268,haemagogus_mosquito-collection-brazil_f_l_53bf81145924.png,haemagogus_mosquito-collection-brazil_f_l_53bf81145924.tif,Haemagogus_leucocelaenus
,/Users/kristophernolte/Documents/ITHILDIN_evaluation/reference/reference_finalselection/haemagogus_mosquito-collection-brazil_f_l_5746e5e1cc64.png,Repaired,1287,right,Haemagogus_janthinomys,0.98,921,57,18,0,0,94,195,307,492,836,692,679,625,606,617,245,325,100,100,131,173,222,285,326,357,399,248,238,193,196,162,139,128,253,haemagogus_mosquito-collection-brazil_f_l_5746e5e1cc64.png,haemagogus_mosquito-collection-brazil_f_l_5746e5e1cc64.tif,Haemagogus_janthinomys
,/Users/kristophernolte/Documents/ITHILDIN_evaluation/reference/reference_finalselection/haemagogus_mosquito-collection-brazil_f_l_57ef04f9c9bc.png,Full Skeleton,1192,left,Haemagogus_leucocelaenus,0.98,993,170,124,100,98,162,263,403,587,913,711,706,648,634,640,443,451,164,103,140,183,233,284,329,366,409,286,268,233,231,199,180,151,265,haemagogus_mosquito-collection-brazil_f_l_57ef04f9c9bc.png,haemagogus_mosquito-collection-brazil_f_l_57ef04f9c9bc.tif,Haemagogus_leucocelaenus
,/Users/kristophernolte/Documents/ITHILDIN_evaluation/reference/reference_finalselection/haemagogus_mosquito-collection-brazil_f_l_5c5109a5dfa7.png,Full Skeleton,1176,right,Haemagogus_janthinomys,0.99,854,60,28,0,19,97,192,316,478,778,637,635,577,568,568,250,326,100,116,155,201,250,298,331,351,372,231,225,190,188,160,141,137,250,haemagogus_mosquito-collection-brazil_f_l_5c5109a5dfa7.png,haemagogus_mosquito-collection-brazil_f_l_5c5109a5dfa7.tif,Haemagogus_janthinomys
,/Users/kristophernolte/Documents/ITHILDIN_evaluation/reference/reference_finalselection/haemagogus_mosquito-collection-brazil_f_l_66fdff92096e.png,Full Skeleton,1335,left,Haemagogus_leucocelaenus,0.98,1076,170,143,99,111,170,284,439,659,1017,794,782,724,706,718,495,483,148,112,148,197,253,312,365,411,461,309,291,250,250,206,186,156,294,haemagogus_mosquito-collection-brazil_f_l_66fdff92096e.png,haemagogus_mosquito-collection-brazil_f_l_66fdff92096e.tif,Haemagogus_leucocelaenus
,/Users/kristophernolte/Documents/ITHILDIN_evaluation/reference/reference_finalselection/haemagogus_mosquito-collection-brazil_f_l_686a3b56b9b8.png,Repaired,1369,left,Haemagogus_leucocelaenus,0.98,1095,162,135,97,106,180,292,443,682,1051,797,794,729,729,735,490,499,119,122,160,211,267,320,370,411,453,276,273,231,234,205,172,152,290,haemagogus_mosquito-collection-brazil_f_l_686a3b56b9b8.png,haemagogus_mosquito-collection-brazil_f_l_686a3b56b9b8.tif,Haemagogus_leucocelaenus
,/Users/kristophernolte/Documents/ITHILDIN_evaluation/reference/reference_finalselection/haemagogus_mosquito-collection-brazil_f_l_68d2562a2a91.png,Repaired,1110,left,Haemagogus_leucocelaenus,0.98,902,142,113,94,94,159,237,363,537,847,660,658,609,607,617,384,389,114,112,139,175,221,267,301,335,369,233,228,194,192,168,146,131,240,haemagogus_mosquito-collection-brazil_f_l_68d2562a2a91.png,haemagogus_mosquito-collection-brazil_f_l_68d2562a2a91.tif,Haemagogus_leucocelaenus
,/Users/kristophernolte/Documents/ITHILDIN_evaluation/reference/reference_finalselection/haemagogus_mosquito-collection-brazil_f_l_6e71349d3608.png,Repaired,1412,right,Haemagogus_leucocelaenus,0.99,1038,79,29,0,13,92,205,357,587,975,732,723,656,653,663,376,401,228,228,272,326,386,439,480,525,562,386,383,345,345,304,272,257,398,haemagogus_mosquito-collection-brazil_f_l_6e71349d3608.png,haemagogus_mosquito-collection-brazil_f_l_6e71349d3608.tif,Haemagogus_leucocelaenus
,/Users/kristophernolte/Documents/ITHILDIN_evaluation/reference/reference_finalselection/haemagogus_mosquito-collection-brazil_f_l_6eb0c7f8210f.png,Repaired,1249,left,Haemagogus_janthinomys,0.98,1017,135,96,67,79,169,260,376,568,873,732,729,656,653,664,342,410,104,87,118,161,212,274,313,344,381,243,229,192,192,161,138,121,243,haemagogus_mosquito-collection-brazil_f_l_6eb0c7f8210f.png,haemagogus_mosquito-collection-brazil_f_l_6eb0c7f8210f.tif,Haemagogus_janthinomys
,/Users/kristophernolte/Documents/ITHILDIN_evaluation/reference/reference_finalselection/haemagogus_mosquito-collection-brazil_f_l_777a1f8c5f13.png,Repaired,1409,left,Haemagogus_janthinomys,0.99,1147,174,142,107,127,223,339,485,685,1033,856,853,798,798,810,409,516,113,121,153,206,258,313,357,389,435,278,267,217,217,185,153,142,275,haemagogus_mosquito-collection-brazil_f_l_777a1f8c5f13.png,haemagogus_mosquito-collection-brazil_f_l_777a1f8c5f13.tif,Haemagogus_janthinomys
,/Users/kristophernolte/Documents/ITHILDIN_evaluation/reference/reference_finalselection/haemagogus_mosquito-collection-brazil_f_l_7bf20179504d.png,Full Skeleton,1191,right,Haemagogus_leucocelaenus,0.99,875,65,29,2,0,78,181,313,486,818,632,626,551,545,548,353,345,118,102,132,172,226,272,318,356,399,261,245,210,213,178,153,135,256,haemagogus_mosquito-collection-brazil_f_l_7bf20179504d.png,haemagogus_mosquito-collection-brazil_f_l_7bf20179504d.tif,Haemagogus_leucocelaenus
,/Users/kristophernolte/Documents/ITHILDIN_evaluation/reference/reference_finalselection/haemagogus_mosquito-collection-brazil_f_l_7fcf06a56998.png,Full Skeleton,1210,left,Haemagogus_janthinomys,0.97,960,150,125,97,107,198,293,413,609,902,749,729,684,677,679,346,438,99,104,136,181,239,294,334,362,389,244,234,191,194,161,141,131,254,haemagogus_mosquito-collection-brazil_f_l_7fcf06a56998.png,haemagogus_mosquito-collection-brazil_f_l_7fcf06a56998.tif,Haemagogus_janthinomys
,/Users/kristophernolte/Documents/ITHILDIN_evaluation/reference/reference_finalselection/haemagogus_mosquito-collection-brazil_f_l_85f97c736901.png,Full Skeleton,1073,right,Haemagogus_leucocelaenus,0.96,792,59,20,0,7,68,158,275,440,735,563,552,506,495,501,288,298,112,93,130,169,215,258,293,318,348,219,215,185,187,162,144,128,231,haemagogus_mosquito-collection-brazil_f_l_85f97c736901.png,haemagogus_mosquito-collection-brazil_f_l_85f97c736901.tif,Haemagogus_leucocelaenus
,/Users/kristophernolte/Documents/ITHILDIN_evaluation/reference/reference_finalselection/haemagogus_mosquito-collection-brazil_f_l_8cc3bd5b1c11.png,Repaired,1396,left,Haemagogus_leucocelaenus,0.98,1105,164,123,93,112,175,287,459,692,1051,807,796,752,736,763,478,500,110,127,173,234,286,338,381,431,469,283,283,242,244,203,168,160,305,haemagogus_mosquito-collection-brazil_f_l_8cc3bd5b1c11.png,haemagogus_mosquito-collection-brazil_f_l_8cc3bd5b1c11.tif,Haemagogus_leucocelaenus
,/Users/kristophernolte/Documents/ITHILDIN_evaluation/reference/reference_finalselection/haemagogus_mosquito-collection-brazil_f_l_916bd8a28f62.png,Repaired,1233,left,Haemagogus_leucocelaenus,0.98,994,164,128,97,97,171,282,425,625,951,735,730,664,658,664,456,458,110,105,135,184,235,289,335,374,417,264,253,217,217,184,156,138,271,haemagogus_mosquito-collection-brazil_f_l_916bd8a28f62.png,haemagogus_mosquito-collection-brazil_f_l_916bd8a28f62.tif,Haemagogus_leucocelaenus
,/Users/kristophernolte/Documents/ITHILDIN_evaluation/reference/reference_finalselection/haemagogus_mosquito-collection-brazil_f_l_91bdb4e49227.png,Full Skeleton,1336,right,Haemagogus_janthinomys,0.98,965,39,30,0,0,105,211,347,528,873,703,698,639,637,642,225,342,98,107,126,173,232,293,326,357,401,248,240,198,196,168,137,129,260,haemagogus_mosquito-collection-brazil_f_l_91bdb4e49227.png,haemagogus_mosquito-collection-brazil_f_l_91bdb4e49227.tif,Haemagogus_janthinomys
,/Users/kristophernolte/Documents/ITHILDIN_evaluation/reference/reference_finalselection/haemagogus_mosquito-collection-brazil_f_l_94d4a4cda1e9.png,Repaired,1411,left,Haemagogus_janthinomys,0.95,1115,132,101,71,92,185,284,432,620,985,815,812,756,753,759,324,454,134,91,125,171,220,285,338,381,424,282,267,217,217,180,152,131,267,haemagogus_mosquito-collection-brazil_f_l_94d4a4cda1e9.png,haemagogus_mosquito-collection-brazil_f_l_94d4a4cda1e9.tif,Haemagogus_janthinomys
,/Users/kristophernolte/Documents/ITHILDIN_evaluation/reference/reference_finalselection/haemagogus_mosquito-collection-brazil_f_l_99a07c58e545.png,Repaired,1357,left,Haemagogus_leucocelaenus,0.99,1116,171,139,108,114,199,319,485,699,1048,810,810,739,731,733,514,522,107,115,152,195,252,304,344,378,418,252,252,209,209,178,158,132,267,haemagogus_mosquito-collection-brazil_f_l_99a07c58e545.png,haemagogus_mosquito-collection-brazil_f_l_99a07c58e545.tif,Haemagogus_leucocelaenus
,/Users/kristophernolte/Documents/ITHILDIN_evaluation/reference/reference_finalselection/haemagogus_mosquito-collection-brazil_f_l_9d8783502fb3.png,Repaired,1301,right,Haemagogus_janthinomys,0.99,935,47,22,0,2,86,191,324,510,843,691,688,624,619,621,258,355,104,109,142,181,228,287,334,367,409,256,240,201,201,170,145,131,262,haemagogus_mosquito-collection-brazil_f_l_9d8783502fb3.png,haemagogus_mosquito-collection-brazil_f_l_9d8783502fb3.tif,Haemagogus_janthinomys
,/Users/kristophernolte/Documents/ITHILDIN_evaluation/reference/reference_finalselection/haemagogus_mosquito-collection-brazil_f_l_9dff53770d22.png,Repaired,1271,right,Haemagogus_janthinomys,0.99,920,54,23,0,3,103,200,326,517,830,658,653,625,617,617,257,355,106,111,142,186,237,302,345,379,412,258,248,204,204,173,150,140,266,haemagogus_mosquito-collection-brazil_f_l_9dff53770d22.png,haemagogus_mosquito-collection-brazil_f_l_9dff53770d22.tif,Haemagogus_janthinomys
,/Users/kristophernolte/Documents/ITHILDIN_evaluation/reference/reference_finalselection/haemagogus_mosquito-collection-brazil_f_l_a049ae6a10b5.png,Repaired,1378,right,Haemagogus_leucocelaenus,0.96,1031,77,34,0,3,68,185,351,560,926,708,705,640,625,637,394,385,135,101,138,187,246,298,353,396,449,270,267,224,227,196,169,147,283,haemagogus_mosquito-collection-brazil_f_l_a049ae6a10b5.png,haemagogus_mosquito-collection-brazil_f_l_a049ae6a10b5.tif,Haemagogus_leucocelaenus
,/Users/kristophernolte/Documents/ITHILDIN_evaluation/reference/reference_finalselection/haemagogus_mosquito-collection-brazil_f_l_a04dbbc672cd.png,Repaired,1271,left,Haemagogus_janthinomys,0.98,1027,172,118,102,107,204,310,444,617,946,765,763,720,717,717,358,463,99,102,140,180,234,296,334,369,396,248,240,199,199,169,142,134,258,haemagogus_mosquito-collection-brazil_f_l_a04dbbc672cd.png,haemagogus_mosquito-collection-brazil_f_l_a04dbbc672cd.tif,Haemagogus_janthinomys
,/Users/kristophernolte/Documents/ITHILDIN_evaluation/reference/reference_finalselection/haemagogus_mosquito-collection-brazil_f_l_a3ca3d180cf1.png,Repaired,1411,left,Haemagogus_leucocelaenus,0.95,1099,168,119,85,94,168,284,442,690,1072,815,812,751,736,763,461,497,120,114,154,203,258,310,358,401,450,276,273,233,233,197,163,148,288,haemagogus_mosquito-collection-brazil_f_l_a3ca3d180cf1.png,haemagogus_mosquito-collection-brazil_f_l_a3ca3d180cf1.tif,Haemagogus_leucocelaenus
,/Users/kristophernolte/Documents/ITHILDIN_evaluation/reference/reference_finalselection/haemagogus_mosquito-collection-brazil_f_l_a47da6864355.png,Repaired,1360,left,Haemagogus_leucocelaenus,0.99,1082,138,109,80,91,156,284,438,649,1012,793,774,693,680,707,474,500,105,129,163,212,270,324,371,413,457,277,275,228,233,196,168,150,283,haemagogus_mosquito-collection-brazil_f_l_a47da6864355.png,haemagogus_mosquito-collection-brazil_f_l_a47da6864355.tif,Haemagogus_leucocelaenus
,/Users/kristophernolte/Documents/ITHILDIN_evaluation/reference/reference_finalselection/haemagogus_mosquito-collection-brazil_f_l_ab412876ccf2.png,Full Skeleton,1348,right,Haemagogus_janthinomys,0.99,1002,62,27,0,8,108,226,358,547,884,728,722,649,641,647,275,372,109,109,141,184,235,289,330,356,391,249,238,198,198,168,141,130,257,haemagogus_mosquito-collection-brazil_f_l_ab412876ccf2.png,haemagogus_mosquito-collection-brazil_f_l_ab412876ccf2.tif,Haemagogus_janthinomys
,/Users/kristophernolte/Documents/ITHILDIN_evaluation/reference/reference_finalselection/haemagogus_mosquito-collection-brazil_f_l_ade24a72c9cb.png,Repaired,1279,left,Haemagogus_janthinomys,0.95,1005,153,120,89,92,171,271,402,605,938,758,756,705,702,707,341,441,108,88,121,165,216,275,319,355,393,255,239,201,198,167,144,126,244,haemagogus_mosquito-collection-brazil_f_l_ade24a72c9cb.png,haemagogus_mosquito-collection-brazil_f_l_ade24a72c9cb.tif,Haemagogus_janthinomys
,/Users/kristophernolte/Documents/ITHILDIN_evaluation/reference/reference_finalselection/haemagogus_mosquito-collection-brazil_f_l_b227078e7454.png,Repaired,1364,left,Haemagogus_janthinomys,0.98,1129,186,137,109,129,224,327,468,686,1003,824,824,767,761,767,344,477,119,110,148,196,251,306,343,375,409,268,257,211,211,176,148,139,271,haemagogus_mosquito-collection-brazil_f_l_b227078e7454.png,haemagogus_mosquito-collection-brazil_f_l_b227078e7454.tif,Haemagogus_janthinomys
,/Users/kristophernolte/Documents/ITHILDIN_evaluation/reference/reference_finalselection/haemagogus_mosquito-collection-brazil_f_l_b889b4d6c28d.png,Full Skeleton,1328,left,Haemagogus_janthinomys,0.99,1090,161,129,105,121,220,325,457,654,969,807,805,753,748,756,393,473,110,105,145,191,242,301,341,374,409,255,247,204,207,172,148,134,266,haemagogus_mosquito-collection-brazil_f_l_b889b4d6c28d.png,haemagogus_mosquito-collection-brazil_f_l_b889b4d6c28d.tif,Haemagogus_janthinomys
,/Users/kristophernolte/Documents/ITHILDIN_evaluation/reference/reference_finalselection/haemagogus_mosquito-collection-brazil_f_l_bc7984c48fe9.png,Repaired,1350,left,Haemagogus_leucocelaenus,0.99,1041,151,109,69,72,142,249,416,640,1014,765,750,701,695,698,495,479,142,109,151,203,255,312,364,416,464,297,288,242,245,209,182,154,291,haemagogus_mosquito-collection-brazil_f_l_bc7984c48fe9.png,haemagogus_mosquito-collection-brazil_f_l_bc7984c48fe9.tif,Haemagogus_leucocelaenus
,/Users/kristophernolte/Documents/ITHILDIN_evaluation/reference/reference_finalselection/haemagogus_mosquito-collection-brazil_f_l_c247ebda763a.png,Repaired,1324,left,Haemagogus_janthinomys,1.0,1079,149,114,84,92,176,286,411,618,919,785,770,720,707,730,334,416,105,95,123,168,220,280,325,357,392,258,243,198,200,168,140,130,258,haemagogus_mosquito-collection-brazil_f_l_c247ebda763a.png,haemagogus_mosquito-collection-brazil_f_l_c247ebda763a.tif,Haemagogus_janthinomys
,/Users/kristophernolte/Documents/ITHILDIN_evaluation/reference/reference_finalselection/haemagogus_mosquito-collection-brazil_f_l_c3fd8640a4f1.png,Repaired,1355,right,Haemagogus_leucocelaenus,0.99,969,66,24,0,8,74,186,341,566,930,712,697,631,621,647,377,398,112,120,167,217,264,314,358,405,439,269,267,222,225,193,157,143,277,haemagogus_mosquito-collection-brazil_f_l_c3fd8640a4f1.png,haemagogus_mosquito-collection-brazil_f_l_c3fd8640a4f1.tif,Haemagogus_leucocelaenus
,/Users/kristophernolte/Documents/ITHILDIN_evaluation/reference/reference_finalselection/haemagogus_mosquito-collection-brazil_f_l_c9506efb57e8.png,Repaired,1089,left,Aedes_aegypti,0.87,876,131,100,77,82,144,237,350,528,814,644,634,592,590,595,402,399,94,99,127,171,210,253,290,320,351,212,210,174,176,148,130,112,223,haemagogus_mosquito-collection-brazil_f_l_c9506efb57e8.png,haemagogus_mosquito-collection-brazil_f_l_c9506efb57e8.tif,Haemagogus_leucocelaenus
,/Users/kristophernolte/Documents/ITHILDIN_evaluation/reference/reference_finalselection/haemagogus_mosquito-collection-brazil_f_l_cbae3b5ef175.png,Full Skeleton,1349,right,Haemagogus_leucocelaenus,0.87,976,80,34,0,9,77,194,352,571,942,710,695,636,627,630,376,420,135,105,148,197,253,302,352,395,441,281,268,225,225,197,172,145,268,haemagogus_mosquito-collection-brazil_f_l_cbae3b5ef175.png,haemagogus_mosquito-collection-brazil_f_l_cbae3b5ef175.tif,Haemagogus_leucocelaenus
,/Users/kristophernolte/Documents/ITHILDIN_evaluation/reference/reference_finalselection/haemagogus_mosquito-collection-brazil_f_l_d636effaacf1.png,Repaired,1261,left,Haemagogus_janthinomys,0.99,1028,163,123,98,110,211,331,462,643,925,782,777,714,704,721,387,472,100,110,143,186,236,294,334,362,397,246,236,196,196,168,143,133,259,haemagogus_mosquito-collection-brazil_f_l_d636effaacf1.png,haemagogus_mosquito-collection-brazil_f_l_d636effaacf1.tif,Haemagogus_janthinomys
,/Users/kristophernolte/Documents/ITHILDIN_evaluation/reference/reference_finalselection/haemagogus_mosquito-collection-brazil_f_l_d8ef0f10fa83.png,Full Skeleton,1205,right,Haemagogus_leucocelaenus,0.98,892,59,26,3,0,82,180,308,495,838,619,610,551,544,554,329,355,100,114,149,193,242,291,331,364,399,238,240,205,205,177,151,135,256,haemagogus_mosquito-collection-brazil_f_l_d8ef0f10fa83.png,haemagogus_mosquito-collection-brazil_f_l_d8ef0f10fa83.tif,Haemagogus_leucocelaenus
,/Users/kristophernolte/Documents/ITHILDIN_evaluation/reference/reference_finalselection/haemagogus_mosquito-collection-brazil_f_l_d9fb0b113639.png,Full Skeleton,1413,left,Haemagogus_leucocelaenus,0.98,1093,122,86,56,62,137,245,413,631,1033,778,766,694,697,712,461,473,139,115,157,211,268,330,381,423,474,292,289,241,244,208,181,154,295,haemagogus_mosquito-collection-brazil_f_l_d9fb0b113639.png,haemagogus_mosquito-collection-brazil_f_l_d9fb0b113639.tif,Haemagogus_leucocelaenus
,/Users/kristophernolte/Documents/ITHILDIN_evaluation/reference/reference_finalselection/haemagogus_mosquito-collection-brazil_f_l_e29f28abeed2.png,Repaired,1242,right,Haemagogus_janthinomys,0.95,915,54,15,0,8,90,191,320,499,796,671,651,586,579,584,250,334,100,112,151,192,243,296,339,364,395,248,233,192,194,168,141,136,257,haemagogus_mosquito-collection-brazil_f_l_e29f28abeed2.png,haemagogus_mosquito-collection-brazil_f_l_e29f28abeed2.tif,Haemagogus_janthinomys
,/Users/kristophernolte/Documents/ITHILDIN_evaluation/reference/reference_finalselection/haemagogus_mosquito-collection-brazil_f_l_e6239ae423af.png,Repaired,1376,left,Haemagogus_leucocelaenus,0.98,1126,175,142,104,118,178,294,457,680,1046,817,796,746,743,749,463,493,123,108,144,191,254,304,355,390,432,269,263,224,224,194,170,147,283,haemagogus_mosquito-collection-brazil_f_l_e6239ae423af.png,haemagogus_mosquito-collection-brazil_f_l_e6239ae423af.tif,Haemagogus_leucocelaenus
,/Users/kristophernolte/Documents/ITHILDIN_evaluation/reference/reference_finalselection/haemagogus_mosquito-collection-brazil_f_l_f75d0f82fa76.png,Full Skeleton,1250,right,Haemagogus_janthinomys,0.99,919,86,32,0,11,102,218,339,508,828,677,672,613,610,616,274,366,124,87,122,165,213,278,323,356,396,254,245,202,202,176,149,124,254,haemagogus_mosquito-collection-brazil_f_l_f75d0f82fa76.png,haemagogus_mosquito-collection-brazil_f_l_f75d0f82fa76.tif,Haemagogus_janthinomys
,/Users/kristophernolte/Documents/ITHILDIN_evaluation/reference/reference_finalselection/haemagogus_mosquito-collection-brazil_f_l_f99a2cc87c9b.png,Repaired,1278,left,Haemagogus_janthinomys,0.97,1055,171,121,97,100,180,283,416,600,931,759,756,691,688,703,334,419,143,104,140,172,229,294,338,370,412,282,270,229,229,202,169,146,273,haemagogus_mosquito-collection-brazil_f_l_f99a2cc87c9b.png,haemagogus_mosquito-collection-brazil_f_l_f99a2cc87c9b.tif,Haemagogus_janthinomys
,/Users/kristophernolte/Documents/ITHILDIN_evaluation/reference/reference_finalselection/haemagogus_mosquito-collection-brazil_f_l_fbb02341f065.png,Repaired,1180,left,Haemagogus_leucocelaenus,0.99,959,154,113,84,82,150,247,382,576,879,704,685,624,622,629,426,433,115,105,141,187,228,282,323,364,403,253,245,209,211,180,158,139,257,haemagogus_mosquito-collection-brazil_f_l_fbb02341f065.png,haemagogus_mosquito-collection-brazil_f_l_fbb02341f065.tif,Haemagogus_leucocelaenus
,/Users/kristophernolte/Documents/ITHILDIN_evaluation/reference/reference_finalselection/haemagogus_mosquito-collection-brazil_f_l_ffacfcac94e6.png,Repaired,1392,left,Haemagogus_janthinomys,0.99,1143,159,132,108,117,214,316,461,657,1016,829,826,766,766,769,380,482,122,110,137,176,242,306,351,393,432,282,269,221,221,188,158,143,279,haemagogus_mosquito-collection-brazil_f_l_ffacfcac94e6.png,haemagogus_mosquito-collection-brazil_f_l_ffacfcac94e6.tif,Haemagogus_janthinomys
,/Users/kristophernolte/Documents/ITHILDIN_evaluation/reference/reference_finalselection/haemagogus_mosquito-collection-brazil_f_r_0023866b3422.png,Full Skeleton,1207,left,Haemagogus_leucocelaenus,0.98,983,147,118,89,92,158,261,392,580,925,704,701,640,630,651,437,445,119,106,135,185,230,280,323,359,399,249,246,212,214,178,154,135,254,haemagogus_mosquito-collection-brazil_f_r_0023866b3422.png,haemagogus_mosquito-collection-brazil_f_r_0023866b3422.tif,Haemagogus_leucocelaenus
,/Users/kristophernolte/Documents/ITHILDIN_evaluation/reference/reference_finalselection/haemagogus_mosquito-collection-brazil_f_r_013cfcf9997b.png,Repaired,1183,left,Haemagogus_janthinomys,0.99,993,159,123,103,113,200,287,401,560,889,720,720,654,652,664,333,418,103,94,128,164,215,265,302,328,364,234,222,183,186,159,135,123,234,haemagogus_mosquito-collection-brazil_f_r_013cfcf9997b.png,haemagogus_mosquito-collection-brazil_f_r_013cfcf9997b.tif,Haemagogus_janthinomys
,/Users/kristophernolte/Documents/ITHILDIN_evaluation/reference/reference_finalselection/haemagogus_mosquito-collection-brazil_f_r_0996c25426b8.png,Full Skeleton,1163,left,Haemagogus_leucocelaenus,0.98,938,147,112,90,92,150,245,367,553,880,688,683,638,623,648,425,425,116,106,143,188,228,269,311,346,381,246,236,203,206,173,153,133,246,haemagogus_mosquito-collection-brazil_f_r_0996c25426b8.png,haemagogus_mosquito-collection-brazil_f_r_0996c25426b8.tif,Haemagogus_leucocelaenus
,/Users/kristophernolte/Documents/ITHILDIN_evaluation/reference/reference_finalselection/haemagogus_mosquito-collection-brazil_f_r_0a05df225023.png,Repaired,1152,right,Haemagogus_leucocelaenus,0.28,840,77,22,0,10,74,170,310,470,809,608,589,535,532,542,332,332,113,96,134,180,222,275,316,349,389,239,239,206,203,177,149,137,251,haemagogus_mosquito-collection-brazil_f_r_0a05df225023.png,haemagogus_mosquito-collection-brazil_f_r_0a05df225023.tif,Haemagogus_leucocelaenus
,/Users/kristophernolte/Documents/ITHILDIN_evaluation/reference/reference_finalselection/haemagogus_mosquito-collection-brazil_f_r_0c35556a55a3.png,Repaired,1289,left,Haemagogus_janthinomys,0.98,1068,135,104,93,109,190,299,419,602,933,761,756,690,688,696,341,427,106,112,143,177,229,286,325,359,398,260,247,205,208,174,153,132,260,haemagogus_mosquito-collection-brazil_f_r_0c35556a55a3.png,haemagogus_mosquito-collection-brazil_f_r_0c35556a55a3.tif,Haemagogus_janthinomys
,/Users/kristophernolte/Documents/ITHILDIN_evaluation/reference/reference_finalselection/haemagogus_mosquito-collection-brazil_f_r_123d919e98eb.png,Repaired,1273,right,Haemagogus_janthinomys,0.97,938,70,25,0,8,84,189,318,513,831,673,670,594,591,617,225,346,128,94,125,170,221,280,319,353,392,257,243,201,195,181,145,128,249,haemagogus_mosquito-collection-brazil_f_r_123d919e98eb.png,haemagogus_mosquito-collection-brazil_f_r_123d919e98eb.tif,Haemagogus_janthinomys
,/Users/kristophernolte/Documents/ITHILDIN_evaluation/reference/reference_finalselection/haemagogus_mosquito-collection-brazil_f_r_15d8575e5034.png,Repaired,1304,left,Haemagogus_janthinomys,0.97,1022,132,89,71,86,175,275,400,576,922,767,762,703,698,703,321,395,104,99,135,175,229,285,326,356,397,249,239,196,196,160,142,130,257,haemagogus_mosquito-collection-brazil_f_r_15d8575e5034.png,haemagogus_mosquito-collection-brazil_f_r_15d8575e5034.tif,Haemagogus_janthinomys
,/Users/kristophernolte/Documents/ITHILDIN_evaluation/reference/reference_finalselection/haemagogus_mosquito-collection-brazil_f_r_16696ce06faa.png,Repaired,1410,right,Haemagogus_janthinomys,0.99,1052,64,17,0,11,115,221,367,557,904,739,736,672,660,688,246,389,109,111,151,198,257,316,358,391,428,268,263,212,212,179,151,142,274,haemagogus_mosquito-collection-brazil_f_r_16696ce06faa.png,haemagogus_mosquito-collection-brazil_f_r_16696ce06faa.tif,Haemagogus_janthinomys
,/Users/kristophernolte/Documents/ITHILDIN_evaluation/reference/reference_finalselection/haemagogus_mosquito-collection-brazil_f_r_1c5566f7f484.png,Repaired,1255,left,Haemagogus_janthinomys,0.98,1021,181,127,109,111,205,316,433,631,935,781,776,714,709,714,366,465,126,115,157,183,237,300,341,370,401,255,245,209,209,180,157,141,268,haemagogus_mosquito-collection-brazil_f_r_1c5566f7f484.png,haemagogus_mosquito-collection-brazil_f_r_1c5566f7f484.tif,Haemagogus_janthinomys
,/Users/kristophernolte/Documents/ITHILDIN_evaluation/reference/reference_finalselection/haemagogus_mosquito-collection-brazil_f_r_1c7baa4204ba.png,Repaired,1318,right,Haemagogus_janthinomys,0.99,967,64,19,0,0,86,197,332,521,844,697,678,633,626,635,249,341,91,114,150,188,240,304,346,370,401,247,240,197,200,171,143,148,266,haemagogus_mosquito-collection-brazil_f_r_1c7baa4204ba.png,haemagogus_mosquito-collection-brazil_f_r_1c7baa4204ba.tif,Haemagogus_janthinomys
,/Users/kristophernolte/Documents/ITHILDIN_evaluation/reference/reference_finalselection/haemagogus_mosquito-collection-brazil_f_r_28417f49eeda.png,Repaired,1244,left,Haemagogus_leucocelaenus,0.99,991,155,125,97,104,166,273,416,615,945,743,735,694,684,694,485,488,114,112,143,191,245,291,337,373,408,252,247,212,209,178,153,137,260,haemagogus_mosquito-collection-brazil_f_r_28417f49eeda.png,haemagogus_mosquito-collection-brazil_f_r_28417f49eeda.tif,Haemagogus_leucocelaenus
,/Users/kristophernolte/Documents/ITHILDIN_evaluation/reference/reference_finalselection/haemagogus_mosquito-collection-brazil_f_r_298e5176c8eb.png,Repaired,1418,right,Haemagogus_janthinomys,0.99,1057,72,28,0,25,115,230,375,576,936,750,747,694,688,691,288,406,108,111,154,198,254,306,346,384,427,272,257,213,213,176,151,139,269,haemagogus_mosquito-collection-brazil_f_r_298e5176c8eb.png,haemagogus_mosquito-collection-brazil_f_r_298e5176c8eb.tif,Haemagogus_janthinomys
,/Users/kristophernolte/Documents/ITHILDIN_evaluation/reference/reference_finalselection/haemagogus_mosquito-collection-brazil_f_r_2a0e7dfc70e4.png,Repaired,1268,left,Haemagogus_janthinomys,0.99,967,113,71,47,50,150,255,387,574,880,706,701,666,661,669,289,416,96,109,141,180,235,301,341,370,404,251,241,201,199,164,143,135,259,haemagogus_mosquito-collection-brazil_f_r_2a0e7dfc70e4.png,haemagogus_mosquito-collection-brazil_f_r_2a0e7dfc70e4.tif,Haemagogus_janthinomys
,/Users/kristophernolte/Documents/ITHILDIN_evaluation/reference/reference_finalselection/haemagogus_mosquito-collection-brazil_f_r_2b3f96b1d39d.png,Full Skeleton,1249,right,Haemagogus_janthinomys,0.99,909,70,26,0,13,108,217,348,523,827,690,685,611,605,605,289,376,101,104,137,178,233,287,328,354,384,243,230,189,189,166,140,124,245,haemagogus_mosquito-collection-brazil_f_r_2b3f96b1d39d.png,haemagogus_mosquito-collection-brazil_f_r_2b3f96b1d39d.tif,Haemagogus_janthinomys
,/Users/kristophernolte/Documents/ITHILDIN_evaluation/reference/reference_finalselection/haemagogus_mosquito-collection-brazil_f_r_2f81be9f68ed.png,Repaired,1089,left,Haemagogus_leucocelaenus,0.98,916,174,143,115,120,169,261,379,554,854,677,675,623,613,631,410,415,175,142,168,209,258,299,342,376,409,286,275,245,247,219,201,178,286,haemagogus_mosquito-collection-brazil_f_r_2f81be9f68ed.png,haemagogus_mosquito-collection-brazil_f_r_2f81be9f68ed.tif,Haemagogus_leucocelaenus
,/Users/kristophernolte/Documents/ITHILDIN_evaluation/reference/reference_finalselection/haemagogus_mosquito-collection-brazil_f_r_35748057c5a3.png,Repaired,1306,left,Haemagogus_janthinomys,0.74,1057,164,120,102,117,226,329,464,658,969,793,784,722,714,714,343,458,182,279,317,364,417,467,496,514,525,346,349,308,317,285,264,290,408,haemagogus_mosquito-collection-brazil_f_r_35748057c5a3.png,haemagogus_mosquito-collection-brazil_f_r_35748057c5a3.tif,Haemagogus_janthinomys
,/Users/kristophernolte/Documents/ITHILDIN_evaluation/reference/reference_finalselection/haemagogus_mosquito-collection-brazil_f_r_367ca4c7be0e.png,Repaired,1216,left,Haemagogus_leucocelaenus,0.97,984,158,124,99,101,183,288,424,619,925,738,735,664,659,661,469,452,120,97,131,176,224,281,329,371,417,275,261,222,219,188,162,137,264,haemagogus_mosquito-collection-brazil_f_r_367ca4c7be0e.png,haemagogus_mosquito-collection-brazil_f_r_367ca4c7be0e.tif,Haemagogus_leucocelaenus
,/Users/kristophernolte/Documents/ITHILDIN_evaluation/reference/reference_finalselection/haemagogus_mosquito-collection-brazil_f_r_37c3fde998a5.png,Full Skeleton,1149,left,Haemagogus_leucocelaenus,0.98,944,163,131,88,93,156,249,382,566,866,687,685,627,619,624,418,420,128,108,141,186,236,277,325,365,405,267,251,219,219,181,168,143,262,haemagogus_mosquito-collection-brazil_f_r_37c3fde998a5.png,haemagogus_mosquito-collection-brazil_f_r_37c3fde998a5.tif,Haemagogus_leucocelaenus
,/Users/kristophernolte/Documents/ITHILDIN_evaluation/reference/reference_finalselection/haemagogus_mosquito-collection-brazil_f_r_37d276f75721.png,Repaired,1322,left,Haemagogus_janthinomys,0.98,1084,190,138,115,121,210,323,464,657,980,807,804,749,747,758,400,478,138,98,135,184,242,308,354,389,435,291,274,230,230,196,167,138,279,haemagogus_mosquito-collection-brazil_f_r_37d276f75721.png,haemagogus_mosquito-collection-brazil_f_r_37d276f75721.tif,Haemagogus_janthinomys
,/Users/kristophernolte/Documents/ITHILDIN_evaluation/reference/reference_finalselection/haemagogus_mosquito-collection-brazil_f_r_39e57ae7a2bb.png,Full Skeleton,1400,left,Haemagogus_leucocelaenus,0.99,1121,164,120,96,99,170,281,449,681,1041,814,811,743,743,756,505,505,159,122,162,212,264,326,379,422,472,311,302,258,258,221,196,165,305,haemagogus_mosquito-collection-brazil_f_r_39e57ae7a2bb.png,haemagogus_mosquito-collection-brazil_f_r_39e57ae7a2bb.tif,Haemagogus_leucocelaenus
,/Users/kristophernolte/Documents/ITHILDIN_evaluation/reference/reference_finalselection/haemagogus_mosquito-collection-brazil_f_r_3b753aa4fe0a.png,Repaired,1226,left,Haemagogus_leucocelaenus,0.98,965,136,94,71,76,128,236,362,565,915,694,689,641,639,641,426,431,120,113,144,184,236,281,328,370,412,257,249,215,215,181,163,142,257,haemagogus_mosquito-collection-brazil_f_r_3b753aa4fe0a.png,haemagogus_mosquito-collection-brazil_f_r_3b753aa4fe0a.tif,Haemagogus_leucocelaenus
,/Users/kristophernolte/Documents/ITHILDIN_evaluation/reference/reference_finalselection/haemagogus_mosquito-collection-brazil_f_r_3c6f370a94d7.png,Full Skeleton,1184,right,Haemagogus_leucocelaenus,0.99,848,69,34,0,8,64,160,296,488,822,622,616,549,535,561,351,351,146,109,138,187,236,289,335,376,420,274,263,228,225,199,170,140,266,haemagogus_mosquito-collection-brazil_f_r_3c6f370a94d7.png,haemagogus_mosquito-collection-brazil_f_r_3c6f370a94d7.tif,Haemagogus_leucocelaenus
,/Users/kristophernolte/Documents/ITHILDIN_evaluation/reference/reference_finalselection/haemagogus_mosquito-collection-brazil_f_r_42d3cb654e47.png,Full Skeleton,1247,right,Haemagogus_leucocelaenus,0.86,918,66,23,0,14,86,197,337,527,864,654,638,588,568,590,344,355,97,117,156,203,255,298,339,368,398,237,237,199,201,174,144,140,264,haemagogus_mosquito-collection-brazil_f_r_42d3cb654e47.png,haemagogus_mosquito-collection-brazil_f_r_42d3cb654e47.tif,Haemagogus_leucocelaenus
,/Users/kristophernolte/Documents/ITHILDIN_evaluation/reference/reference_finalselection/haemagogus_mosquito-collection-brazil_f_r_432bdd97bfa9.png,Full Skeleton,1140,left,Haemagogus_leucocelaenus,0.98,921,131,106,84,91,153,232,366,559,864,673,670,614,601,614,391,398,117,97,127,167,211,261,293,325,360,229,224,194,191,164,147,122,236,haemagogus_mosquito-collection-brazil_f_r_432bdd97bfa9.png,haemagogus_mosquito-collection-brazil_f_r_432bdd97bfa9.tif,Haemagogus_leucocelaenus
,/Users/kristophernolte/Documents/ITHILDIN_evaluation/reference/reference_finalselection/haemagogus_mosquito-collection-brazil_f_r_43c3e08f3be9.png,Repaired,1249,right,Haemagogus_janthinomys,1.0,907,84,28,0,16,105,220,348,521,838,677,674,616,611,613,273,376,95,105,144,187,236,294,335,358,392,233,231,190,192,164,136,131,251,haemagogus_mosquito-collection-brazil_f_r_43c3e08f3be9.png,haemagogus_mosquito-collection-brazil_f_r_43c3e08f3be9.tif,Haemagogus_janthinomys
,/Users/kristophernolte/Documents/ITHILDIN_evaluation/reference/reference_finalselection/haemagogus_mosquito-collection-brazil_f_r_43ee2d14c02a.png,Repaired,1368,left,Haemagogus_leucocelaenus,0.95,1073,149,99,64,77,146,265,432,633,1019,787,758,683,673,695,487,489,115,128,172,222,279,334,384,428,473,292,284,237,242,207,172,155,297,haemagogus_mosquito-collection-brazil_f_r_43ee2d14c02a.png,haemagogus_mosquito-collection-brazil_f_r_43ee2d14c02a.tif,Haemagogus_leucocelaenus
,/Users/kristophernolte/Documents/ITHILDIN_evaluation/reference/reference_finalselection/haemagogus_mosquito-collection-brazil_f_r_5998e376ff6e.png,Repaired,1184,left,Haemagogus_leucocelaenus,0.98,948,167,113,81,86,143,245,383,575,872,710,705,635,629,637,453,435,206,168,206,260,312,355,401,444,495,349,333,298,298,263,241,217,339,haemagogus_mosquito-collection-brazil_f_r_5998e376ff6e.png,haemagogus_mosquito-collection-brazil_f_r_5998e376ff6e.tif,Haemagogus_leucocelaenus
,/Users/kristophernolte/Documents/ITHILDIN_evaluation/reference/reference_finalselection/haemagogus_mosquito-collection-brazil_f_r_5ca183902900.png,Full Skeleton,1208,left,Haemagogus_janthinomys,0.99,947,128,101,80,96,187,288,417,583,869,743,735,679,668,671,353,422,109,104,133,173,219,278,318,350,393,251,238,197,197,165,147,128,251,haemagogus_mosquito-collection-brazil_f_r_5ca183902900.png,haemagogus_mosquito-collection-brazil_f_r_5ca183902900.tif,Haemagogus_janthinomys
,/Users/kristophernolte/Documents/ITHILDIN_evaluation/reference/reference_finalselection/haemagogus_mosquito-collection-brazil_f_r_5edd99beae24.png,Repaired,1353,right,Haemagogus_leucocelaenus,0.99,981,80,38,0,3,62,190,330,562,931,699,684,630,615,642,410,398,145,104,136,190,243,300,353,407,463,306,294,249,252,214,181,154,291,haemagogus_mosquito-collection-brazil_f_r_5edd99beae24.png,haemagogus_mosquito-collection-brazil_f_r_5edd99beae24.tif,Haemagogus_leucocelaenus
,/Users/kristophernolte/Documents/ITHILDIN_evaluation/reference/reference_finalselection/haemagogus_mosquito-collection-brazil_f_r_6acfa6f5ac0d.png,Full Skeleton,1364,left,Haemagogus_leucocelaenus,0.99,1088,158,131,100,112,176,280,442,664,1030,820,805,737,734,747,494,500,125,118,152,207,259,304,350,390,436,274,265,228,228,195,161,146,271,haemagogus_mosquito-collection-brazil_f_r_6acfa6f5ac0d.png,haemagogus_mosquito-collection-brazil_f_r_6acfa6f5ac0d.tif,Haemagogus_leucocelaenus
,/Users/kristophernolte/Documents/ITHILDIN_evaluation/reference/reference_finalselection/haemagogus_mosquito-collection-brazil_f_r_6e87bdc9fd90.png,Repaired,1276,left,Haemagogus_janthinomys,0.98,1063,184,131,103,114,204,313,436,612,937,783,783,716,710,719,389,461,128,95,128,170,221,285,333,369,408,271,254,215,215,184,159,134,265,haemagogus_mosquito-collection-brazil_f_r_6e87bdc9fd90.png,haemagogus_mosquito-collection-brazil_f_r_6e87bdc9fd90.tif,Haemagogus_janthinomys
,/Users/kristophernolte/Documents/ITHILDIN_evaluation/reference/reference_finalselection/haemagogus_mosquito-collection-brazil_f_r_739b1afdc8af.png,Repaired,1271,left,Haemagogus_janthinomys,0.99,1037,164,122,100,117,211,331,462,646,942,783,780,722,716,724,390,479,103,103,136,175,225,287,331,356,387,245,234,197,197,167,144,128,256,haemagogus_mosquito-collection-brazil_f_r_739b1afdc8af.png,haemagogus_mosquito-collection-brazil_f_r_739b1afdc8af.tif,Haemagogus_janthinomys
,/Users/kristophernolte/Documents/ITHILDIN_evaluation/reference/reference_finalselection/haemagogus_mosquito-collection-brazil_f_r_75e896a7da57.png,Full Skeleton,1186,left,Haemagogus_leucocelaenus,0.98,946,146,112,91,104,167,263,410,593,904,718,710,650,645,645,436,436,120,107,146,190,243,282,326,360,399,250,240,206,206,175,156,138,253,haemagogus_mosquito-collection-brazil_f_r_75e896a7da57.png,haemagogus_mosquito-collection-brazil_f_r_75e896a7da57.tif,Haemagogus_leucocelaenus
,/Users/kristophernolte/Documents/ITHILDIN_evaluation/reference/reference_finalselection/haemagogus_mosquito-collection-brazil_f_r_76255d434d4a.png,Full Skeleton,1393,left,Haemagogus_leucocelaenus,0.98,1154,184,140,109,121,190,293,458,680,1073,817,814,745,745,755,489,505,137,102,140,193,249,305,349,390,430,271,271,230,234,199,174,149,283,haemagogus_mosquito-collection-brazil_f_r_76255d434d4a.png,haemagogus_mosquito-collection-brazil_f_r_76255d434d4a.tif,Haemagogus_leucocelaenus
,/Users/kristophernolte/Documents/ITHILDIN_evaluation/reference/reference_finalselection/haemagogus_mosquito-collection-brazil_f_r_77abec2d48d2.png,Repaired,1138,left,Haemagogus_leucocelaenus,0.93,931,153,119,102,102,160,262,377,558,888,683,671,627,627,635,421,423,127,114,142,176,222,273,313,347,382,247,242,209,206,181,163,142,252,haemagogus_mosquito-collection-brazil_f_r_77abec2d48d2.png,haemagogus_mosquito-collection-brazil_f_r_77abec2d48d2.tif,Haemagogus_leucocelaenus
,/Users/kristophernolte/Documents/ITHILDIN_evaluation/reference/reference_finalselection/haemagogus_mosquito-collection-brazil_f_r_7ab42f7a0aef.png,Repaired,1366,right,Haemagogus_janthinomys,0.99,979,51,20,0,0,98,207,343,541,895,711,703,655,650,653,251,357,104,112,146,188,232,313,358,394,433,268,260,213,215,182,151,149,282,haemagogus_mosquito-collection-brazil_f_r_7ab42f7a0aef.png,haemagogus_mosquito-collection-brazil_f_r_7ab42f7a0aef.tif,Haemagogus_janthinomys
,/Users/kristophernolte/Documents/ITHILDIN_evaluation/reference/reference_finalselection/haemagogus_mosquito-collection-brazil_f_r_7e66378adc90.png,Repaired,1409,right,Haemagogus_leucocelaenus,0.97,1030,66,31,0,9,82,207,374,596,967,728,719,665,659,665,380,402,125,116,153,197,254,307,357,404,452,282,276,235,235,197,169,147,288,haemagogus_mosquito-collection-brazil_f_r_7e66378adc90.png,haemagogus_mosquito-collection-brazil_f_r_7e66378adc90.tif,Haemagogus_leucocelaenus
,/Users/kristophernolte/Documents/ITHILDIN_evaluation/reference/reference_finalselection/haemagogus_mosquito-collection-brazil_f_r_7f784fc2fa92.png,Repaired,1305,left,Haemagogus_janthinomys,0.97,1016,122,83,66,81,170,271,396,566,917,762,760,699,693,696,317,391,102,100,133,174,227,283,321,354,397,247,237,194,194,158,138,128,255,haemagogus_mosquito-collection-brazil_f_r_7f784fc2fa92.png,haemagogus_mosquito-collection-brazil_f_r_7f784fc2fa92.tif,Haemagogus_janthinomys
,/Users/kristophernolte/Documents/ITHILDIN_evaluation/reference/reference_finalselection/haemagogus_mosquito-collection-brazil_f_r_812ef1a313c5.png,Repaired,1367,right,Haemagogus_leucocelaenus,0.99,999,67,34,0,3,67,197,338,568,922,716,704,642,627,639,387,418,259,225,262,321,370,422,480,520,570,413,401,358,358,321,296,265,398,haemagogus_mosquito-collection-brazil_f_r_812ef1a313c5.png,haemagogus_mosquito-collection-brazil_f_r_812ef1a313c5.tif,Haemagogus_leucocelaenus
,/Users/kristophernolte/Documents/ITHILDIN_evaluation/reference/reference_finalselection/haemagogus_mosquito-collection-brazil_f_r_826342fd5991.png,Full Skeleton,1215,left,Haemagogus_leucocelaenus,0.99,1003,165,130,103,103,176,277,424,606,952,718,712,655,644,658,448,459,115,104,140,183,238,289,333,368,401,246,246,208,210,178,156,142,257,haemagogus_mosquito-collection-brazil_f_r_826342fd5991.png,haemagogus_mosquito-collection-brazil_f_r_826342fd5991.tif,Haemagogus_leucocelaenus
,/Users/kristophernolte/Documents/ITHILDIN_evaluation/reference/reference_finalselection/haemagogus_mosquito-collection-brazil_f_r_84c54432a162.png,Full Skeleton,1345,right,Haemagogus_leucocelaenus,0.99,978,60,15,0,3,72,176,335,541,903,691,670,634,619,631,362,380,137,122,167,212,263,316,370,412,457,295,284,239,242,203,173,149,292,haemagogus_mosquito-collection-brazil_f_r_84c54432a162.png,haemagogus_mosquito-collection-brazil_f_r_84c54432a162.tif,Haemagogus_leucocelaenus
,/Users/kristophernolte/Documents/ITHILDIN_evaluation/reference/reference_finalselection/haemagogus_mosquito-collection-brazil_f_r_8ccafbad1fa7.png,Repaired,1344,left,Haemagogus_leucocelaenus,0.99,1024,135,100,53,62,135,254,410,629,983,770,765,688,670,688,457,460,134,113,149,211,255,311,364,409,459,296,282,240,240,205,178,152,290,haemagogus_mosquito-collection-brazil_f_r_8ccafbad1fa7.png,haemagogus_mosquito-collection-brazil_f_r_8ccafbad1fa7.tif,Haemagogus_leucocelaenus
,/Users/kristophernolte/Documents/ITHILDIN_evaluation/reference/reference_finalselection/haemagogus_mosquito-collection-brazil_f_r_8ea000db3e6c.png,Full Skeleton,1147,left,Haemagogus_leucocelaenus,0.98,925,155,123,94,96,155,254,371,564,876,688,683,623,621,633,413,418,123,96,123,170,225,272,316,349,393,257,245,212,210,180,155,136,254,haemagogus_mosquito-collection-brazil_f_r_8ea000db3e6c.png,haemagogus_mosquito-collection-brazil_f_r_8ea000db3e6c.tif,Haemagogus_leucocelaenus
,/Users/kristophernolte/Documents/ITHILDIN_evaluation/reference/reference_finalselection/haemagogus_mosquito-collection-brazil_f_r_9877f28cb64b.png,Repaired,1101,right,Haemagogus_leucocelaenus,0.99,800,59,24,0,11,77,171,293,455,763,582,577,529,514,534,335,337,100,109,144,183,227,262,299,330,365,225,220,190,192,166,139,126,238,haemagogus_mosquito-collection-brazil_f_r_9877f28cb64b.png,haemagogus_mosquito-collection-brazil_f_r_9877f28cb64b.tif,Haemagogus_leucocelaenus
,/Users/kristophernolte/Documents/ITHILDIN_evaluation/reference/reference_finalselection/haemagogus_mosquito-collection-brazil_f_r_9925bde2b4cc.png,Repaired,1247,right,Haemagogus_janthinomys,0.99,928,45,11,0,6,95,192,320,493,808,645,642,590,585,593,226,320,116,100,132,176,224,279,315,341,378,247,231,195,195,161,140,127,247,haemagogus_mosquito-collection-brazil_f_r_9925bde2b4cc.png,haemagogus_mosquito-collection-brazil_f_r_9925bde2b4cc.tif,Haemagogus_janthinomys
,/Users/kristophernolte/Documents/ITHILDIN_evaluation/reference/reference_finalselection/haemagogus_mosquito-collection-brazil_f_r_9a522cee5174.png,Repaired,1177,left,Haemagogus_janthinomys,0.98,959,159,127,98,110,196,279,400,567,873,736,724,670,665,665,346,424,207,195,229,273,327,376,411,440,470,337,325,286,286,261,239,224,337,haemagogus_mosquito-collection-brazil_f_r_9a522cee5174.png,haemagogus_mosquito-collection-brazil_f_r_9a522cee5174.tif,Haemagogus_janthinomys
,/Users/kristophernolte/Documents/ITHILDIN_evaluation/reference/reference_finalselection/haemagogus_mosquito-collection-brazil_f_r_9c3c1fe2f14d.png,Repaired,1236,right,Haemagogus_leucocelaenus,0.99,941,67,30,0,5,72,178,316,508,830,630,627,560,555,563,361,355,123,101,131,181,231,281,331,375,417,265,253,220,217,187,156,137,267,haemagogus_mosquito-collection-brazil_f_r_9c3c1fe2f14d.png,haemagogus_mosquito-collection-brazil_f_r_9c3c1fe2f14d.tif,Haemagogus_leucocelaenus
,/Users/kristophernolte/Documents/ITHILDIN_evaluation/reference/reference_finalselection/haemagogus_mosquito-collection-brazil_f_r_9d20837c0255.png,Repaired,1255,left,Haemagogus_janthinomys,0.99,1010,163,123,96,107,208,318,455,634,921,779,776,715,709,712,380,490,100,97,132,172,226,282,325,354,392,245,234,194,194,162,140,124,245,haemagogus_mosquito-collection-brazil_f_r_9d20837c0255.png,haemagogus_mosquito-collection-brazil_f_r_9d20837c0255.tif,Haemagogus_janthinomys
,/Users/kristophernolte/Documents/ITHILDIN_evaluation/reference/reference_finalselection/haemagogus_mosquito-collection-brazil_f_r_9f2d62739485.png,Repaired,1188,right,Haemagogus_janthinomys,0.99,876,69,29,0,8,101,193,319,480,785,632,624,584,579,579,238,343,103,97,130,170,221,274,309,341,371,237,223,186,189,156,140,124,239,haemagogus_mosquito-collection-brazil_f_r_9f2d62739485.png,haemagogus_mosquito-collection-brazil_f_r_9f2d62739485.tif,Haemagogus_janthinomys
,/Users/kristophernolte/Documents/ITHILDIN_evaluation/reference/reference_finalselection/haemagogus_mosquito-collection-brazil_f_r_a4025d03c6fe.png,Full Skeleton,1343,right,Haemagogus_janthinomys,0.99,985,69,22,0,14,103,208,358,560,880,708,708,646,638,641,239,358,117,109,151,195,256,309,345,376,412,273,256,212,209,176,151,142,273,haemagogus_mosquito-collection-brazil_f_r_a4025d03c6fe.png,haemagogus_mosquito-collection-brazil_f_r_a4025d03c6fe.tif,Haemagogus_janthinomys
,/Users/kristophernolte/Documents/ITHILDIN_evaluation/reference/reference_finalselection/haemagogus_mosquito-collection-brazil_f_r_a5e95c1610c8.png,Full Skeleton,1341,right,Haemagogus_leucocelaenus,0.98,989,77,43,0,15,95,206,350,571,918,715,706,636,623,632,396,399,135,116,153,208,260,313,368,408,457,294,273,245,239,205,181,153,294,haemagogus_mosquito-collection-brazil_f_r_a5e95c1610c8.png,haemagogus_mosquito-collection-brazil_f_r_a5e95c1610c8.tif,Haemagogus_leucocelaenus
,/Users/kristophernolte/Documents/ITHILDIN_evaluation/reference/reference_finalselection/haemagogus_mosquito-collection-brazil_f_r_a7c56a47f8e2.png,Full Skeleton,1141,right,Haemagogus_leucocelaenus,0.99,841,65,28,0,7,65,171,293,488,789,597,594,524,522,522,314,324,116,96,127,168,220,264,306,337,371,236,231,202,197,166,153,132,241,haemagogus_mosquito-collection-brazil_f_r_a7c56a47f8e2.png,haemagogus_mosquito-collection-brazil_f_r_a7c56a47f8e2.tif,Haemagogus_leucocelaenus
,/Users/kristophernolte/Documents/ITHILDIN_evaluation/reference/reference_finalselection/haemagogus_mosquito-collection-brazil_f_r_aac761a80001.png,Repaired,1220,right,Haemagogus_janthinomys,1.0,885,53,24,0,11,100,205,313,499,814,651,646,588,580,580,250,355,124,101,127,171,227,287,329,355,392,258,240,200,198,164,150,127,248,haemagogus_mosquito-collection-brazil_f_r_aac761a80001.png,haemagogus_mosquito-collection-brazil_f_r_aac761a80001.tif,Haemagogus_janthinomys
,/Users/kristophernolte/Documents/ITHILDIN_evaluation/reference/reference_finalselection/haemagogus_mosquito-collection-brazil_f_r_afde0e6d9487.png,Repaired,1266,right,Haemagogus_janthinomys,0.99,928,30,13,0,0,84,187,308,478,822,652,650,596,593,601,274,330,141,89,116,161,215,279,321,357,399,274,252,212,212,183,161,129,254,haemagogus_mosquito-collection-brazil_f_r_afde0e6d9487.png,haemagogus_mosquito-collection-brazil_f_r_afde0e6d9487.tif,Haemagogus_janthinomys
,/Users/kristophernolte/Documents/ITHILDIN_evaluation/reference/reference_finalselection/haemagogus_mosquito-collection-brazil_f_r_b1491d30c49e.png,Repaired,1343,left,Haemagogus_leucocelaenus,0.98,1085,170,133,99,99,167,289,436,651,1031,796,785,708,708,719,495,501,128,106,143,188,247,301,352,386,435,279,264,228,228,196,171,143,276,haemagogus_mosquito-collection-brazil_f_r_b1491d30c49e.png,haemagogus_mosquito-collection-brazil_f_r_b1491d30c49e.tif,Haemagogus_leucocelaenus
,/Users/kristophernolte/Documents/ITHILDIN_evaluation/reference/reference_finalselection/haemagogus_mosquito-collection-brazil_f_r_b6bfbb09e29b.png,Repaired,1303,right,Haemagogus_leucocelaenus,0.99,937,65,32,0,10,87,198,338,534,907,687,679,624,611,634,398,386,109,124,161,211,262,309,352,384,417,249,246,214,216,181,154,146,269,haemagogus_mosquito-collection-brazil_f_r_b6bfbb09e29b.png,haemagogus_mosquito-collection-brazil_f_r_b6bfbb09e29b.tif,Haemagogus_leucocelaenus
,/Users/kristophernolte/Documents/ITHILDIN_evaluation/reference/reference_finalselection/haemagogus_mosquito-collection-brazil_f_r_b6e1ef375d02.png,Repaired,1390,right,Haemagogus_leucocelaenus,0.99,1010,56,33,3,0,80,202,365,588,944,722,704,642,636,642,419,431,129,120,152,209,271,331,384,429,473,292,286,242,242,203,173,155,292,haemagogus_mosquito-collection-brazil_f_r_b6e1ef375d02.png,haemagogus_mosquito-collection-brazil_f_r_b6e1ef375d02.tif,Haemagogus_leucocelaenus
,/Users/kristophernolte/Documents/ITHILDIN_evaluation/reference/reference_finalselection/haemagogus_mosquito-collection-brazil_f_r_b766afa278ee.png,Repaired,1192,right,Haemagogus_janthinomys,0.99,896,80,26,0,15,98,191,308,476,795,645,629,569,562,564,241,326,120,104,138,185,229,280,317,345,379,239,234,195,195,167,148,133,249,haemagogus_mosquito-collection-brazil_f_r_b766afa278ee.png,haemagogus_mosquito-collection-brazil_f_r_b766afa278ee.tif,Haemagogus_janthinomys
,/Users/kristophernolte/Documents/ITHILDIN_evaluation/reference/reference_finalselection/haemagogus_mosquito-collection-brazil_f_r_ba0a847ada5f.png,Repaired,1439,left,Haemagogus_leucocelaenus,0.98,1117,138,99,60,66,135,243,405,649,1039,802,796,727,724,730,459,480,135,114,153,207,261,321,372,426,468,291,291,249,249,207,183,156,297,haemagogus_mosquito-collection-brazil_f_r_ba0a847ada5f.png,haemagogus_mosquito-collection-brazil_f_r_ba0a847ada5f.tif,Haemagogus_leucocelaenus
,/Users/kristophernolte/Documents/ITHILDIN_evaluation/reference/reference_finalselection/haemagogus_mosquito-collection-brazil_f_r_c4e452e2493c.png,Repaired,1243,left,Haemagogus_janthinomys,0.94,998,127,84,65,81,170,268,390,577,854,732,724,648,632,659,306,396,99,137,177,223,278,332,364,386,405,248,237,199,204,174,147,158,278,haemagogus_mosquito-collection-brazil_f_r_c4e452e2493c.png,haemagogus_mosquito-collection-brazil_f_r_c4e452e2493c.tif,Haemagogus_janthinomys
,/Users/kristophernolte/Documents/ITHILDIN_evaluation/reference/reference_finalselection/haemagogus_mosquito-collection-brazil_f_r_c71e70a5a08b.png,Full Skeleton,1301,left,Haemagogus_janthinomys,0.98,1058,165,134,105,119,219,313,447,644,969,787,784,733,730,738,339,444,109,121,152,195,243,298,335,369,409,261,252,209,206,175,149,141,269,haemagogus_mosquito-collection-brazil_f_r_c71e70a5a08b.png,haemagogus_mosquito-collection-brazil_f_r_c71e70a5a08b.tif,Haemagogus_janthinomys
,/Users/kristophernolte/Documents/ITHILDIN_evaluation/reference/reference_finalselection/haemagogus_mosquito-collection-brazil_f_r_c7f320ad77ef.png,Repaired,1289,left,Haemagogus_janthinomys,0.99,1045,150,123,100,110,197,297,429,627,927,790,779,727,721,721,363,461,98,114,146,188,233,288,330,362,396,254,235,196,196,164,146,133,256,haemagogus_mosquito-collection-brazil_f_r_c7f320ad77ef.png,haemagogus_mosquito-collection-brazil_f_r_c7f320ad77ef.tif,Haemagogus_janthinomys
,/Users/kristophernolte/Documents/ITHILDIN_evaluation/reference/reference_finalselection/haemagogus_mosquito-collection-brazil_f_r_c94ab323d882.png,Repaired,1214,right,Haemagogus_janthinomys,0.99,866,49,17,0,10,104,201,318,509,810,650,633,590,581,583,252,344,98,123,158,198,250,305,342,365,399,245,237,196,198,166,145,145,262,haemagogus_mosquito-collection-brazil_f_r_c94ab323d882.png,haemagogus_mosquito-collection-brazil_f_r_c94ab323d882.tif,Haemagogus_janthinomys
,/Users/kristophernolte/Documents/ITHILDIN_evaluation/reference/reference_finalselection/haemagogus_mosquito-collection-brazil_f_r_d4437e5356fd.png,Repaired,1334,right,Haemagogus_janthinomys,0.98,996,59,17,0,14,113,221,355,539,880,709,704,650,638,638,269,386,107,110,147,190,238,289,329,354,388,249,232,190,193,161,139,136,252,haemagogus_mosquito-collection-brazil_f_r_d4437e5356fd.png,haemagogus_mosquito-collection-brazil_f_r_d4437e5356fd.tif,Haemagogus_janthinomys
,/Users/kristophernolte/Documents/ITHILDIN_evaluation/reference/reference_finalselection/haemagogus_mosquito-collection-brazil_f_r_dfb2b2105034.png,Repaired,1180,right,Haemagogus_leucocelaenus,0.98,851,78,36,0,8,70,168,317,506,828,619,614,555,552,560,341,348,116,100,136,180,229,270,317,353,392,252,239,208,206,177,152,131,247,haemagogus_mosquito-collection-brazil_f_r_dfb2b2105034.png,haemagogus_mosquito-collection-brazil_f_r_dfb2b2105034.tif,Haemagogus_leucocelaenus
,/Users/kristophernolte/Documents/ITHILDIN_evaluation/reference/reference_finalselection/haemagogus_mosquito-collection-brazil_f_r_e3cf03857209.png,Full Skeleton,1315,right,Haemagogus_janthinomys,0.99,966,53,25,0,20,111,222,356,550,852,702,700,650,644,650,286,369,102,110,144,191,244,299,338,366,399,246,238,199,199,166,144,133,258,haemagogus_mosquito-collection-brazil_f_r_e3cf03857209.png,haemagogus_mosquito-collection-brazil_f_r_e3cf03857209.tif,Haemagogus_janthinomys
,/Users/kristophernolte/Documents/ITHILDIN_evaluation/reference/reference_finalselection/haemagogus_mosquito-collection-brazil_f_r_e61e6337e582.png,Full Skeleton,1174,left,Haemagogus_leucocelaenus,0.98,971,173,129,104,104,161,273,400,579,902,710,713,643,628,648,462,454,116,104,139,178,238,280,325,360,400,253,246,211,216,181,154,139,255,haemagogus_mosquito-collection-brazil_f_r_e61e6337e582.png,haemagogus_mosquito-collection-brazil_f_r_e61e6337e582.tif,Haemagogus_leucocelaenus
,/Users/kristophernolte/Documents/ITHILDIN_evaluation/reference/reference_finalselection/haemagogus_mosquito-collection-brazil_f_r_e74fddbc7bdf.png,Repaired,1154,right,Haemagogus_janthinomys,0.99,856,73,24,0,7,91,179,303,458,759,617,606,553,551,557,237,321,119,70,106,148,192,252,294,322,358,241,227,190,190,161,141,112,230,haemagogus_mosquito-collection-brazil_f_r_e74fddbc7bdf.png,haemagogus_mosquito-collection-brazil_f_r_e74fddbc7bdf.tif,Haemagogus_janthinomys
,/Users/kristophernolte/Documents/ITHILDIN_evaluation/reference/reference_finalselection/haemagogus_mosquito-collection-brazil_f_r_ea93875d6204.png,Repaired,1308,left,Haemagogus_janthinomys,0.99,1069,158,121,100,105,201,304,431,603,947,799,794,730,725,727,375,465,105,116,153,185,235,291,333,365,399,246,232,195,198,166,142,135,256,haemagogus_mosquito-collection-brazil_f_r_ea93875d6204.png,haemagogus_mosquito-collection-brazil_f_r_ea93875d6204.tif,Haemagogus_janthinomys
,/Users/kristophernolte/Documents/ITHILDIN_evaluation/reference/reference_finalselection/haemagogus_mosquito-collection-brazil_f_r_eaef1dcae7ee.png,Full Skeleton,1131,right,Haemagogus_leucocelaenus,0.97,829,67,23,0,3,61,153,283,477,766,577,572,531,518,533,294,304,118,90,123,169,220,266,304,345,371,238,230,197,197,161,146,126,243,haemagogus_mosquito-collection-brazil_f_r_eaef1dcae7ee.png,haemagogus_mosquito-collection-brazil_f_r_eaef1dcae7ee.tif,Haemagogus_leucocelaenus
,/Users/kristophernolte/Documents/ITHILDIN_evaluation/reference/reference_finalselection/haemagogus_mosquito-collection-brazil_f_r_eb23a7db12d1.png,Repaired,1305,left,Haemagogus_janthinomys,0.99,1034,134,102,70,80,180,281,415,601,929,750,750,699,694,696,315,437,105,129,166,217,271,327,361,386,425,271,261,215,212,180,151,151,278,haemagogus_mosquito-collection-brazil_f_r_eb23a7db12d1.png,haemagogus_mosquito-collection-brazil_f_r_eb23a7db12d1.tif,Haemagogus_janthinomys
,/Users/kristophernolte/Documents/ITHILDIN_evaluation/reference/reference_finalselection/haemagogus_mosquito-collection-brazil_f_r_eb4b3d094930.png,Repaired,1322,left,Haemagogus_janthinomys,0.97,1100,181,137,111,122,216,327,459,637,971,804,807,746,743,752,354,459,106,103,136,179,235,288,329,358,402,256,247,203,203,171,141,133,259,haemagogus_mosquito-collection-brazil_f_r_eb4b3d094930.png,haemagogus_mosquito-collection-brazil_f_r_eb4b3d094930.tif,Haemagogus_janthinomys
,/Users/kristophernolte/Documents/ITHILDIN_evaluation/reference/reference_finalselection/haemagogus_mosquito-collection-brazil_f_r_faace0fe07d5.png,Repaired,1117,right,Haemagogus_leucocelaenus,0.75,816,43,18,0,2,41,150,259,427,752,561,559,518,509,529,293,304,143,95,120,161,209,245,293,331,375,261,245,209,211,179,159,129,236,haemagogus_mosquito-collection-brazil_f_r_faace0fe07d5.png,haemagogus_mosquito-collection-brazil_f_r_faace0fe07d5.tif,Haemagogus_leucocelaenus
,/Users/kristophernolte/Documents/ITHILDIN_evaluation/reference/reference_finalselection/haemagogus_mosquito-collection-brazil_f_r_fc35624792b6.png,Repaired,1228,left,Haemagogus_leucocelaenus,0.98,961,164,120,87,93,153,251,394,597,942,725,723,662,660,668,443,449,124,97,135,187,234,286,330,373,420,261,253,220,217,187,162,138,261,haemagogus_mosquito-collection-brazil_f_r_fc35624792b6.png,haemagogus_mosquito-collection-brazil_f_r_fc35624792b6.tif,Haemagogus_leucocelaenus
,/Users/kristophernolte/Documents/ITHILDIN_evaluation/reference/reference_finalselection/haemagogus_mosquito-collection-brazil_f_r_fe1efbea8d6f.png,Full Skeleton,1203,right,Haemagogus_leucocelaenus,0.98,866,54,26,0,3,65,167,306,499,825,632,617,555,545,565,329,337,116,119,145,191,237,286,332,365,401,245,245,206,206,178,152,134,260,haemagogus_mosquito-collection-brazil_f_r_fe1efbea8d6f.png,haemagogus_mosquito-collection-brazil_f_r_fe1efbea8d6f.tif,Haemagogus_leucocelaenus
,/Users/kristophernolte/Documents/ITHILDIN_evaluation/reference/reference_finalselection/limatus_mosquito-collection-brazil_f_l_04340dae6094.png,Repaired,1312,left,Limatus_durhamii,0.96,1017,160,132,102,117,195,285,448,643,974,811,806,781,771,774,621,551,90,112,145,187,225,268,305,343,373,217,217,182,182,152,135,120,222,limatus_mosquito-collection-brazil_f_l_04340dae6094.png,limatus_mosquito-collection-brazil_f_l_04340dae6094.tif,Limatus_durhamii
,/Users/kristophernolte/Documents/ITHILDIN_evaluation/reference/reference_finalselection/limatus_mosquito-collection-brazil_f_l_0f67530538b7.png,Repaired,1506,left,Limatus_durhamii,0.98,1161,155,118,103,124,181,268,462,690,1065,906,898,875,857,878,690,597,119,114,154,192,238,278,319,368,400,246,238,197,200,174,151,131,246,limatus_mosquito-collection-brazil_f_l_0f67530538b7.png,limatus_mosquito-collection-brazil_f_l_0f67530538b7.tif,Limatus_durhamii
,/Users/kristophernolte/Documents/ITHILDIN_evaluation/reference/reference_finalselection/limatus_mosquito-collection-brazil_f_l_1022614096f0.png,Repaired,1376,right,Limatus_durhamii,0.95,952,48,15,0,13,80,165,324,551,892,733,728,695,688,693,513,444,83,140,185,227,262,302,335,367,382,210,215,180,180,153,130,123,242,limatus_mosquito-collection-brazil_f_l_1022614096f0.png,limatus_mosquito-collection-brazil_f_l_1022614096f0.tif,Limatus_durhamii
,/Users/kristophernolte/Documents/ITHILDIN_evaluation/reference/reference_finalselection/limatus_mosquito-collection-brazil_f_l_1787f5f9e1ac.png,Full Skeleton,1448,right,Limatus_durhamii,0.98,998,48,17,0,31,92,184,374,586,939,792,778,750,744,750,580,488,121,135,171,213,252,291,327,371,405,246,238,199,201,168,146,132,240,limatus_mosquito-collection-brazil_f_l_1787f5f9e1ac.png,limatus_mosquito-collection-brazil_f_l_1787f5f9e1ac.tif,Limatus_durhamii
,/Users/kristophernolte/Documents/ITHILDIN_evaluation/reference/reference_finalselection/limatus_mosquito-collection-brazil_f_l_1d6ba6f06ea6.png,Repaired,1570,left,Limatus_durhamii,0.98,1216,159,134,112,128,190,294,497,728,1119,947,947,907,900,913,728,625,140,143,178,215,268,312,356,403,437,278,272,228,228,200,178,162,275,limatus_mosquito-collection-brazil_f_l_1d6ba6f06ea6.png,limatus_mosquito-collection-brazil_f_l_1d6ba6f06ea6.tif,Limatus_durhamii
,/Users/kristophernolte/Documents/ITHILDIN_evaluation/reference/reference_finalselection/limatus_mosquito-collection-brazil_f_l_26a481b92f8f.png,Repaired,1560,right,Limatus_durhamii,0.96,1109,52,22,0,3,67,188,381,593,1001,813,804,786,777,801,593,523,128,128,170,203,252,300,346,391,430,267,261,222,219,185,158,137,255,limatus_mosquito-collection-brazil_f_l_26a481b92f8f.png,limatus_mosquito-collection-brazil_f_l_26a481b92f8f.tif,Limatus_durhamii
,/Users/kristophernolte/Documents/ITHILDIN_evaluation/reference/reference_finalselection/limatus_mosquito-collection-brazil_f_l_2e3dfd82054a.png,Repaired,1391,right,Limatus_durhamii,0.99,984,43,22,0,11,92,175,360,573,895,734,729,713,707,707,527,471,120,110,145,188,236,274,319,365,405,249,247,204,204,172,153,134,244,limatus_mosquito-collection-brazil_f_l_2e3dfd82054a.png,limatus_mosquito-collection-brazil_f_l_2e3dfd82054a.tif,Limatus_durhamii
,/Users/kristophernolte/Documents/ITHILDIN_evaluation/reference/reference_finalselection/limatus_mosquito-collection-brazil_f_l_3bbdd22c1869.png,Repaired,1455,right,Limatus_durhamii,0.94,1016,51,14,0,23,84,174,368,576,952,778,769,730,721,733,542,475,119,122,169,220,262,307,349,399,433,265,256,217,214,186,158,144,265,limatus_mosquito-collection-brazil_f_l_3bbdd22c1869.png,limatus_mosquito-collection-brazil_f_l_3bbdd22c1869.tif,Limatus_durhamii
,/Users/kristophernolte/Documents/ITHILDIN_evaluation/reference/reference_finalselection/limatus_mosquito-collection-brazil_f_l_4cc8e739695f.png,Repaired,1376,left,Limatus_durhamii,0.98,1073,160,124,110,124,182,264,435,656,1001,827,830,811,811,822,631,546,139,108,150,186,227,266,302,351,387,260,249,213,213,186,161,139,244,limatus_mosquito-collection-brazil_f_l_4cc8e739695f.png,limatus_mosquito-collection-brazil_f_l_4cc8e739695f.tif,Limatus_durhamii
,/Users/kristophernolte/Documents/ITHILDIN_evaluation/reference/reference_finalselection/limatus_mosquito-collection-brazil_f_l_50bad71bc8ed.png,Repaired,1576,right,Limatus_durhamii,0.97,1085,49,15,0,15,77,188,400,619,1023,844,841,795,789,792,616,533,121,124,164,214,254,300,349,402,442,272,263,220,217,180,158,140,263,limatus_mosquito-collection-brazil_f_l_50bad71bc8ed.png,limatus_mosquito-collection-brazil_f_l_50bad71bc8ed.tif,Limatus_durhamii
,/Users/kristophernolte/Documents/ITHILDIN_evaluation/reference/reference_finalselection/limatus_mosquito-collection-brazil_f_l_5605c1aaa0b2.png,Repaired,1401,right,Limatus_durhamii,0.97,986,50,16,0,19,83,187,355,564,908,752,746,710,707,712,553,469,125,117,159,201,234,285,327,371,405,251,248,209,206,178,156,136,248,limatus_mosquito-collection-brazil_f_l_5605c1aaa0b2.png,limatus_mosquito-collection-brazil_f_l_5605c1aaa0b2.tif,Limatus_durhamii
,/Users/kristophernolte/Documents/ITHILDIN_evaluation/reference/reference_finalselection/limatus_mosquito-collection-brazil_f_l_5847206550c4.png,Repaired,1265,right,Limatus_durhamii,0.98,895,50,20,0,7,58,136,306,498,804,665,663,637,627,637,483,420,116,101,134,172,215,258,293,341,372,232,227,189,189,161,144,126,227,limatus_mosquito-collection-brazil_f_l_5847206550c4.png,limatus_mosquito-collection-brazil_f_l_5847206550c4.tif,Limatus_durhamii
,/Users/kristophernolte/Documents/ITHILDIN_evaluation/reference/reference_finalselection/limatus_mosquito-collection-brazil_f_l_59c2d3a4d84b.png,Repaired,1521,right,Limatus_durhamii,0.97,1082,56,12,0,33,95,205,378,617,984,814,808,784,778,787,569,507,107,131,178,223,265,298,333,372,396,241,235,193,193,161,134,122,247,limatus_mosquito-collection-brazil_f_l_59c2d3a4d84b.png,limatus_mosquito-collection-brazil_f_l_59c2d3a4d84b.tif,Limatus_durhamii
,/Users/kristophernolte/Documents/ITHILDIN_evaluation/reference/reference_finalselection/limatus_mosquito-collection-brazil_f_l_6c4dc1eaaf4d.png,Repaired,1331,left,Limatus_durhamii,0.98,1045,155,117,99,117,173,271,450,657,956,810,805,779,774,782,621,544,117,117,155,196,237,273,304,350,373,235,232,196,196,166,143,130,232,limatus_mosquito-collection-brazil_f_l_6c4dc1eaaf4d.png,limatus_mosquito-collection-brazil_f_l_6c4dc1eaaf4d.tif,Limatus_durhamii
,/Users/kristophernolte/Documents/ITHILDIN_evaluation/reference/reference_finalselection/limatus_mosquito-collection-brazil_f_l_71345b07de47.png,Full Skeleton,1366,left,Limatus_durhamii,0.86,1075,172,128,107,125,185,264,434,656,986,839,829,805,789,813,646,562,120,102,141,183,227,264,303,345,384,235,227,190,190,159,141,128,232,limatus_mosquito-collection-brazil_f_l_71345b07de47.png,limatus_mosquito-collection-brazil_f_l_71345b07de47.tif,Limatus_durhamii
,/Users/kristophernolte/Documents/ITHILDIN_evaluation/reference/reference_finalselection/limatus_mosquito-collection-brazil_f_l_7703a02c9f96.png,Repaired,1473,right,Limatus_durhamii,0.99,1054,44,18,0,15,86,191,362,586,945,771,766,751,745,745,592,492,119,131,166,219,257,295,337,378,404,254,248,207,207,169,151,133,248,limatus_mosquito-collection-brazil_f_l_7703a02c9f96.png,limatus_mosquito-collection-brazil_f_l_7703a02c9f96.tif,Limatus_durhamii
,/Users/kristophernolte/Documents/ITHILDIN_evaluation/reference/reference_finalselection/limatus_mosquito-collection-brazil_f_l_7c0b11d64bcd.png,Repaired,1423,left,Limatus_durhamii,0.98,1092,156,124,106,127,196,291,456,684,1042,880,864,830,827,838,660,580,102,131,165,205,242,279,319,362,393,242,240,200,197,165,144,128,245,limatus_mosquito-collection-brazil_f_l_7c0b11d64bcd.png,limatus_mosquito-collection-brazil_f_l_7c0b11d64bcd.tif,Limatus_durhamii
,/Users/kristophernolte/Documents/ITHILDIN_evaluation/reference/reference_finalselection/limatus_mosquito-collection-brazil_f_l_7d52c59bac2e.png,Repaired,1404,left,Limatus_durhamii,0.98,1066,134,109,93,96,159,263,437,648,992,846,835,802,791,816,640,552,108,111,147,191,224,265,303,350,377,235,226,191,191,160,136,122,232,limatus_mosquito-collection-brazil_f_l_7d52c59bac2e.png,limatus_mosquito-collection-brazil_f_l_7d52c59bac2e.tif,Limatus_durhamii
,/Users/kristophernolte/Documents/ITHILDIN_evaluation/reference/reference_finalselection/limatus_mosquito-collection-brazil_f_l_7e804c94a4d6.png,Full Skeleton,1378,right,Limatus_durhamii,0.97,943,63,17,0,12,86,165,336,553,900,734,731,714,711,714,538,456,109,112,158,201,239,277,313,362,392,242,239,201,198,170,142,130,239,limatus_mosquito-collection-brazil_f_l_7e804c94a4d6.png,limatus_mosquito-collection-brazil_f_l_7e804c94a4d6.tif,Limatus_durhamii
,/Users/kristophernolte/Documents/ITHILDIN_evaluation/reference/reference_finalselection/limatus_mosquito-collection-brazil_f_l_87d1cec4900e.png,Repaired,1463,right,Limatus_durhamii,0.96,1045,53,24,0,15,77,183,358,568,959,770,767,743,722,731,560,488,102,99,137,173,211,262,309,365,404,259,250,211,211,176,152,137,244,limatus_mosquito-collection-brazil_f_l_87d1cec4900e.png,limatus_mosquito-collection-brazil_f_l_87d1cec4900e.tif,Limatus_durhamii
,/Users/kristophernolte/Documents/ITHILDIN_evaluation/reference/reference_finalselection/limatus_mosquito-collection-brazil_f_l_8b8344fe19f5.png,Repaired,1488,right,Limatus_durhamii,0.89,1048,53,18,0,24,93,195,378,595,964,795,790,761,755,778,578,485,126,117,158,204,242,285,332,381,419,262,256,213,213,178,152,134,256,limatus_mosquito-collection-brazil_f_l_8b8344fe19f5.png,limatus_mosquito-collection-brazil_f_l_8b8344fe19f5.tif,Limatus_durhamii
,/Users/kristophernolte/Documents/ITHILDIN_evaluation/reference/reference_finalselection/limatus_mosquito-collection-brazil_f_l_91baeb5722eb.png,Repaired,1591,right,Limatus_durhamii,0.97,1136,60,20,0,20,84,196,398,620,1032,853,850,798,790,798,614,530,113,116,159,200,252,292,338,387,425,252,246,203,203,180,145,134,255,limatus_mosquito-collection-brazil_f_l_91baeb5722eb.png,limatus_mosquito-collection-brazil_f_l_91baeb5722eb.tif,Limatus_durhamii
,/Users/kristophernolte/Documents/ITHILDIN_evaluation/reference/reference_finalselection/limatus_mosquito-collection-brazil_f_l_9e33ad4be4ad.png,Full Skeleton,1380,right,Limatus_durhamii,0.98,985,56,20,0,20,82,180,347,561,890,743,728,707,702,707,563,473,122,114,153,191,227,263,307,346,371,227,222,186,183,160,140,127,222,limatus_mosquito-collection-brazil_f_l_9e33ad4be4ad.png,limatus_mosquito-collection-brazil_f_l_9e33ad4be4ad.tif,Limatus_durhamii
,/Users/kristophernolte/Documents/ITHILDIN_evaluation/reference/reference_finalselection/limatus_mosquito-collection-brazil_f_l_a46209f3c038.png,Repaired,1539,right,Limatus_durhamii,0.97,1102,51,21,0,21,87,205,382,602,1005,813,807,780,774,786,587,503,123,123,159,213,252,292,334,382,424,264,255,216,213,177,153,138,255,limatus_mosquito-collection-brazil_f_l_a46209f3c038.png,limatus_mosquito-collection-brazil_f_l_a46209f3c038.tif,Limatus_durhamii
,/Users/kristophernolte/Documents/ITHILDIN_evaluation/reference/reference_finalselection/limatus_mosquito-collection-brazil_f_l_a9c121a800d5.png,Full Skeleton,1580,left,Limatus_durhamii,0.86,1259,187,147,129,150,227,328,516,765,1152,968,958,931,928,934,752,651,122,119,159,205,245,291,334,387,424,267,261,215,215,181,150,138,258,limatus_mosquito-collection-brazil_f_l_a9c121a800d5.png,limatus_mosquito-collection-brazil_f_l_a9c121a800d5.tif,Limatus_durhamii
,/Users/kristophernolte/Documents/ITHILDIN_evaluation/reference/reference_finalselection/limatus_mosquito-collection-brazil_f_l_aea466de0da4.png,Repaired,1492,right,Limatus_durhamii,0.99,1058,55,22,0,16,100,194,371,598,969,800,798,762,756,767,559,482,144,102,144,185,229,277,321,374,421,279,268,224,221,191,166,144,260,limatus_mosquito-collection-brazil_f_l_aea466de0da4.png,limatus_mosquito-collection-brazil_f_l_aea466de0da4.tif,Limatus_durhamii
,/Users/kristophernolte/Documents/ITHILDIN_evaluation/reference/reference_finalselection/limatus_mosquito-collection-brazil_f_l_b96a61cafab9.png,Repaired,1385,left,Limatus_durhamii,0.98,1080,152,118,104,107,173,257,451,658,1012,841,828,802,784,794,619,556,111,116,153,179,224,263,297,334,363,224,219,182,182,153,135,121,224,limatus_mosquito-collection-brazil_f_l_b96a61cafab9.png,limatus_mosquito-collection-brazil_f_l_b96a61cafab9.tif,Limatus_durhamii
,/Users/kristophernolte/Documents/ITHILDIN_evaluation/reference/reference_finalselection/limatus_mosquito-collection-brazil_f_l_bfcfd3a1df93.png,Repaired,1404,right,Limatus_durhamii,0.99,956,44,12,0,17,75,168,346,557,913,757,747,721,709,721,536,449,105,134,175,213,247,285,324,369,396,244,244,204,204,170,146,134,244,limatus_mosquito-collection-brazil_f_l_bfcfd3a1df93.png,limatus_mosquito-collection-brazil_f_l_bfcfd3a1df93.tif,Limatus_durhamii
,/Users/kristophernolte/Documents/ITHILDIN_evaluation/reference/reference_finalselection/limatus_mosquito-collection-brazil_f_l_c92b67d38c4c.png,Repaired,1399,right,Limatus_durhamii,0.97,981,56,25,0,8,62,144,331,546,905,732,730,701,696,713,534,475,127,107,144,181,226,268,305,362,401,254,249,206,206,175,147,132,240,limatus_mosquito-collection-brazil_f_l_c92b67d38c4c.png,limatus_mosquito-collection-brazil_f_l_c92b67d38c4c.tif,Limatus_durhamii
,/Users/kristophernolte/Documents/ITHILDIN_evaluation/reference/reference_finalselection/limatus_mosquito-collection-brazil_f_l_c9d664322c85.png,Repaired,1391,left,Limatus_durhamii,0.95,1081,158,114,102,122,191,264,450,670,1001,845,839,814,801,823,664,572,118,112,157,193,232,271,301,349,382,248,240,201,201,168,148,132,235,limatus_mosquito-collection-brazil_f_l_c9d664322c85.png,limatus_mosquito-collection-brazil_f_l_c9d664322c85.tif,Limatus_durhamii
,/Users/kristophernolte/Documents/ITHILDIN_evaluation/reference/reference_finalselection/limatus_mosquito-collection-brazil_f_l_cbb418ca0031.png,Repaired,1300,left,Limatus_durhamii,0.96,999,159,126,106,113,172,258,430,632,949,797,794,766,764,772,622,541,103,111,146,184,222,265,303,344,374,237,230,192,194,164,139,126,230,limatus_mosquito-collection-brazil_f_l_cbb418ca0031.png,limatus_mosquito-collection-brazil_f_l_cbb418ca0031.tif,Limatus_durhamii
,/Users/kristophernolte/Documents/ITHILDIN_evaluation/reference/reference_finalselection/limatus_mosquito-collection-brazil_f_l_d9f2edb9d559.png,Repaired,1372,left,Limatus_durhamii,0.98,1085,155,123,103,108,173,276,449,655,987,829,824,791,789,799,635,550,104,111,149,189,227,267,302,338,370,234,227,192,189,159,136,124,229,limatus_mosquito-collection-brazil_f_l_d9f2edb9d559.png,limatus_mosquito-collection-brazil_f_l_d9f2edb9d559.tif,Limatus_durhamii
,/Users/kristophernolte/Documents/ITHILDIN_evaluation/reference/reference_finalselection/limatus_mosquito-collection-brazil_f_l_da5e3c01096c.png,Repaired,1355,left,Limatus_durhamii,0.98,1055,151,120,104,120,179,266,427,653,996,827,824,783,781,788,619,548,121,119,162,198,236,270,300,341,370,236,229,195,193,165,142,126,226,limatus_mosquito-collection-brazil_f_l_da5e3c01096c.png,limatus_mosquito-collection-brazil_f_l_da5e3c01096c.tif,Limatus_durhamii
,/Users/kristophernolte/Documents/ITHILDIN_evaluation/reference/reference_finalselection/limatus_mosquito-collection-brazil_f_l_dc50b3077b1c.png,Repaired,1427,left,Limatus_durhamii,0.98,1149,180,151,130,146,209,310,483,690,1053,878,878,854,846,852,679,581,108,119,156,196,244,284,323,366,400,241,236,199,196,164,143,130,246,limatus_mosquito-collection-brazil_f_l_dc50b3077b1c.png,limatus_mosquito-collection-brazil_f_l_dc50b3077b1c.tif,Limatus_durhamii
,/Users/kristophernolte/Documents/ITHILDIN_evaluation/reference/reference_finalselection/limatus_mosquito-collection-brazil_f_l_eb4cf562b731.png,Repaired,1403,right,Limatus_durhamii,0.96,993,51,14,0,14,76,164,346,565,902,738,732,715,709,723,550,457,124,122,161,195,232,272,306,352,383,247,238,198,198,164,139,124,232,limatus_mosquito-collection-brazil_f_l_eb4cf562b731.png,limatus_mosquito-collection-brazil_f_l_eb4cf562b731.tif,Limatus_durhamii
,/Users/kristophernolte/Documents/ITHILDIN_evaluation/reference/reference_finalselection/limatus_mosquito-collection-brazil_f_l_f5f6f03e5680.png,Repaired,1382,right,Limatus_durhamii,0.98,938,42,14,0,16,78,170,341,554,912,739,733,708,705,705,534,462,140,140,179,221,260,299,336,380,414,263,254,221,218,187,168,151,260,limatus_mosquito-collection-brazil_f_l_f5f6f03e5680.png,limatus_mosquito-collection-brazil_f_l_f5f6f03e5680.tif,Limatus_durhamii
,/Users/kristophernolte/Documents/ITHILDIN_evaluation/reference/reference_finalselection/limatus_mosquito-collection-brazil_f_r_08371e3a8ebe.png,Repaired,1582,right,Limatus_durhamii,0.97,1128,66,22,0,19,98,199,418,656,1026,843,843,811,798,811,602,513,110,120,167,215,256,304,342,386,418,266,253,215,212,177,148,136,259,limatus_mosquito-collection-brazil_f_r_08371e3a8ebe.png,limatus_mosquito-collection-brazil_f_r_08371e3a8ebe.tif,Limatus_durhamii
,/Users/kristophernolte/Documents/ITHILDIN_evaluation/reference/reference_finalselection/limatus_mosquito-collection-brazil_f_r_191cfa5657b7.png,Repaired,1452,left,Limatus_durhamii,0.96,1110,142,111,97,120,175,284,455,678,1038,870,868,837,834,837,672,588,113,132,174,219,255,291,327,369,406,244,241,199,199,171,146,132,241,limatus_mosquito-collection-brazil_f_r_191cfa5657b7.png,limatus_mosquito-collection-brazil_f_r_191cfa5657b7.tif,Limatus_durhamii
,/Users/kristophernolte/Documents/ITHILDIN_evaluation/reference/reference_finalselection/limatus_mosquito-collection-brazil_f_r_1e8ba9cf6022.png,Repaired,1530,right,Limatus_durhamii,0.96,1086,58,18,0,18,88,205,389,601,1002,812,803,779,776,788,592,501,123,120,162,208,253,289,331,380,422,262,256,214,214,181,153,138,253,limatus_mosquito-collection-brazil_f_r_1e8ba9cf6022.png,limatus_mosquito-collection-brazil_f_r_1e8ba9cf6022.tif,Limatus_durhamii
,/Users/kristophernolte/Documents/ITHILDIN_evaluation/reference/reference_finalselection/limatus_mosquito-collection-brazil_f_r_3136de8ce48c.png,Repaired,1503,left,Limatus_durhamii,0.98,1155,168,131,105,123,200,297,500,709,1090,915,912,878,869,881,669,606,115,115,158,204,253,301,336,384,419,264,256,216,213,181,153,141,258,limatus_mosquito-collection-brazil_f_r_3136de8ce48c.png,limatus_mosquito-collection-brazil_f_r_3136de8ce48c.tif,Limatus_durhamii
,/Users/kristophernolte/Documents/ITHILDIN_evaluation/reference/reference_finalselection/limatus_mosquito-collection-brazil_f_r_368d1ab084a4.png,Repaired,1410,right,Limatus_durhamii,0.98,990,55,11,0,21,104,185,359,569,920,772,759,722,720,722,548,457,107,107,157,193,235,274,307,349,375,224,224,188,188,159,144,125,232,limatus_mosquito-collection-brazil_f_r_368d1ab084a4.png,limatus_mosquito-collection-brazil_f_r_368d1ab084a4.tif,Limatus_durhamii
,/Users/kristophernolte/Documents/ITHILDIN_evaluation/reference/reference_finalselection/limatus_mosquito-collection-brazil_f_r_403f1d010873.png,Full Skeleton,1311,left,Limatus_durhamii,0.97,1046,164,128,107,110,169,256,423,638,948,789,787,764,761,771,599,535,107,107,138,179,217,258,297,338,366,230,225,189,189,161,135,123,225,limatus_mosquito-collection-brazil_f_r_403f1d010873.png,limatus_mosquito-collection-brazil_f_r_403f1d010873.tif,Limatus_durhamii
,/Users/kristophernolte/Documents/ITHILDIN_evaluation/reference/reference_finalselection/limatus_mosquito-collection-brazil_f_r_457d20325d3c.png,Repaired,1536,right,Limatus_durhamii,0.95,1072,50,15,0,6,82,196,372,598,999,811,803,782,779,782,609,518,106,118,153,194,238,282,326,373,408,244,241,200,200,165,144,130,244,limatus_mosquito-collection-brazil_f_r_457d20325d3c.png,limatus_mosquito-collection-brazil_f_r_457d20325d3c.tif,Limatus_durhamii
,/Users/kristophernolte/Documents/ITHILDIN_evaluation/reference/reference_finalselection/limatus_mosquito-collection-brazil_f_r_5b9ab0187809.png,Repaired,1395,left,Limatus_durhamii,0.98,1093,152,119,100,119,182,267,449,659,1008,839,834,793,790,796,638,556,125,109,152,204,239,286,329,381,417,256,253,209,209,179,152,136,250,limatus_mosquito-collection-brazil_f_r_5b9ab0187809.png,limatus_mosquito-collection-brazil_f_r_5b9ab0187809.tif,Limatus_durhamii
,/Users/kristophernolte/Documents/ITHILDIN_evaluation/reference/reference_finalselection/limatus_mosquito-collection-brazil_f_r_6923d1a59bac.png,Repaired,1517,left,Limatus_durhamii,0.97,1164,165,128,113,137,204,299,495,721,1109,926,923,889,871,889,715,608,128,103,149,195,238,281,327,379,418,272,262,217,217,180,158,134,256,limatus_mosquito-collection-brazil_f_r_6923d1a59bac.png,limatus_mosquito-collection-brazil_f_r_6923d1a59bac.tif,Limatus_durhamii
,/Users/kristophernolte/Documents/ITHILDIN_evaluation/reference/reference_finalselection/limatus_mosquito-collection-brazil_f_r_69447c58e47d.png,Full Skeleton,1500,left,Limatus_durhamii,0.96,1143,149,121,103,126,185,291,480,697,1076,911,898,875,859,880,697,606,120,143,179,225,267,303,339,378,404,236,233,197,200,163,143,132,246,limatus_mosquito-collection-brazil_f_r_69447c58e47d.png,limatus_mosquito-collection-brazil_f_r_69447c58e47d.tif,Limatus_durhamii
,/Users/kristophernolte/Documents/ITHILDIN_evaluation/reference/reference_finalselection/limatus_mosquito-collection-brazil_f_r_73b2141a85ad.png,Repaired,1566,right,Limatus_durhamii,0.94,1107,55,15,0,28,95,208,378,632,1019,839,830,799,793,799,613,519,118,125,167,210,253,295,344,390,423,265,259,213,213,176,149,137,259,limatus_mosquito-collection-brazil_f_r_73b2141a85ad.png,limatus_mosquito-collection-brazil_f_r_73b2141a85ad.tif,Limatus_durhamii
,/Users/kristophernolte/Documents/ITHILDIN_evaluation/reference/reference_finalselection/limatus_mosquito-collection-brazil_f_r_754eef54d722.png,Repaired,1426,left,Limatus_durhamii,0.99,1137,162,132,118,126,198,294,457,675,1030,862,859,837,832,834,661,578,107,123,157,201,236,283,325,369,402,245,239,198,198,168,143,129,242,limatus_mosquito-collection-brazil_f_r_754eef54d722.png,limatus_mosquito-collection-brazil_f_r_754eef54d722.tif,Limatus_durhamii
,/Users/kristophernolte/Documents/ITHILDIN_evaluation/reference/reference_finalselection/limatus_mosquito-collection-brazil_f_r_767c4925e7a0.png,Repaired,1415,left,Limatus_durhamii,0.98,1070,138,110,97,118,164,267,439,658,1013,851,848,823,805,817,650,568,114,132,176,217,255,289,322,366,399,245,240,199,199,165,145,132,243,limatus_mosquito-collection-brazil_f_r_767c4925e7a0.png,limatus_mosquito-collection-brazil_f_r_767c4925e7a0.tif,Limatus_durhamii
,/Users/kristophernolte/Documents/ITHILDIN_evaluation/reference/reference_finalselection/limatus_mosquito-collection-brazil_f_r_7713fb8c5bd5.png,Full Skeleton,1400,left,Limatus_durhamii,0.97,1066,144,112,97,107,162,270,449,662,1011,848,848,801,790,809,646,572,105,115,155,186,225,265,302,346,373,228,225,189,191,160,136,123,228,limatus_mosquito-collection-brazil_f_r_7713fb8c5bd5.png,limatus_mosquito-collection-brazil_f_r_7713fb8c5bd5.tif,Limatus_durhamii
,/Users/kristophernolte/Documents/ITHILDIN_evaluation/reference/reference_finalselection/limatus_mosquito-collection-brazil_f_r_7aa2380cd189.png,Repaired,1515,left,Limatus_durhamii,0.98,1185,162,125,109,123,198,299,494,718,1093,903,900,877,872,883,712,634,116,121,166,208,250,292,328,378,417,255,250,208,208,171,152,135,244,limatus_mosquito-collection-brazil_f_r_7aa2380cd189.png,limatus_mosquito-collection-brazil_f_r_7aa2380cd189.tif,Limatus_durhamii
,/Users/kristophernolte/Documents/ITHILDIN_evaluation/reference/reference_finalselection/limatus_mosquito-collection-brazil_f_r_7c02513705a3.png,Repaired,1388,right,Limatus_durhamii,0.96,972,58,22,0,11,77,167,354,568,919,741,736,700,694,700,519,461,118,112,145,186,227,268,304,354,392,244,238,200,200,170,145,128,238,limatus_mosquito-collection-brazil_f_r_7c02513705a3.png,limatus_mosquito-collection-brazil_f_r_7c02513705a3.tif,Limatus_durhamii
,/Users/kristophernolte/Documents/ITHILDIN_evaluation/reference/reference_finalselection/limatus_mosquito-collection-brazil_f_r_7e5541319073.png,Repaired,1339,right,Limatus_durhamii,0.99,935,54,19,0,16,67,173,340,526,877,715,709,688,686,691,516,444,118,104,147,181,213,250,290,335,370,229,229,187,187,163,142,123,227,limatus_mosquito-collection-brazil_f_r_7e5541319073.png,limatus_mosquito-collection-brazil_f_r_7e5541319073.tif,Limatus_durhamii
,/Users/kristophernolte/Documents/ITHILDIN_evaluation/reference/reference_finalselection/limatus_mosquito-collection-brazil_f_r_90c83c9ddb79.png,Repaired,1509,right,Limatus_durhamii,0.98,1088,61,23,0,35,104,218,397,615,998,818,812,763,757,783,577,513,133,133,174,217,264,301,339,385,417,266,261,217,217,185,162,139,258,limatus_mosquito-collection-brazil_f_r_90c83c9ddb79.png,limatus_mosquito-collection-brazil_f_r_90c83c9ddb79.tif,Limatus_durhamii
,/Users/kristophernolte/Documents/ITHILDIN_evaluation/reference/reference_finalselection/limatus_mosquito-collection-brazil_f_r_93c075156460.png,Full Skeleton,1340,left,Limatus_durhamii,0.96,1038,154,121,102,110,174,268,447,657,980,820,809,784,770,787,616,536,120,100,136,175,214,258,294,335,368,239,233,194,194,164,142,122,227,limatus_mosquito-collection-brazil_f_r_93c075156460.png,limatus_mosquito-collection-brazil_f_r_93c075156460.tif,Limatus_durhamii
,/Users/kristophernolte/Documents/ITHILDIN_evaluation/reference/reference_finalselection/limatus_mosquito-collection-brazil_f_r_9469bc3bb17e.png,Repaired,1622,left,Limatus_durhamii,0.97,1238,165,127,114,140,203,324,522,767,1168,984,984,939,936,942,738,659,127,127,178,219,273,315,363,404,455,280,270,232,229,191,165,146,273,limatus_mosquito-collection-brazil_f_r_9469bc3bb17e.png,limatus_mosquito-collection-brazil_f_r_9469bc3bb17e.tif,Limatus_durhamii
,/Users/kristophernolte/Documents/ITHILDIN_evaluation/reference/reference_finalselection/limatus_mosquito-collection-brazil_f_r_9a412feea985.png,Full Skeleton,1392,left,Limatus_durhamii,0.97,1073,158,125,105,120,183,279,463,692,1007,844,844,816,808,821,642,589,115,115,156,196,241,279,317,365,398,239,239,199,196,168,146,131,239,limatus_mosquito-collection-brazil_f_r_9a412feea985.png,limatus_mosquito-collection-brazil_f_r_9a412feea985.tif,Limatus_durhamii
,/Users/kristophernolte/Documents/ITHILDIN_evaluation/reference/reference_finalselection/limatus_mosquito-collection-brazil_f_r_a7e3b992efe0.png,Repaired,1546,right,Limatus_durhamii,0.98,1070,54,18,0,15,89,184,391,613,1007,833,827,785,776,788,622,519,111,128,164,205,244,294,336,383,422,262,247,208,208,176,155,137,253,limatus_mosquito-collection-brazil_f_r_a7e3b992efe0.png,limatus_mosquito-collection-brazil_f_r_a7e3b992efe0.tif,Limatus_durhamii
,/Users/kristophernolte/Documents/ITHILDIN_evaluation/reference/reference_finalselection/limatus_mosquito-collection-brazil_f_r_a9fbf755c17e.png,Repaired,1358,left,Limatus_durhamii,0.92,1030,144,114,95,114,183,256,420,644,980,833,822,789,786,795,625,543,105,107,140,181,219,258,299,342,378,233,230,189,189,159,140,127,233,limatus_mosquito-collection-brazil_f_r_a9fbf755c17e.png,limatus_mosquito-collection-brazil_f_r_a9fbf755c17e.tif,Limatus_durhamii
,/Users/kristophernolte/Documents/ITHILDIN_evaluation/reference/reference_finalselection/limatus_mosquito-collection-brazil_f_r_aaea806144c4.png,Repaired,1361,left,Limatus_durhamii,0.95,1039,153,123,101,117,172,270,443,656,995,828,820,795,790,795,642,571,118,105,143,187,231,272,310,359,389,250,244,206,206,176,151,132,236,limatus_mosquito-collection-brazil_f_r_aaea806144c4.png,limatus_mosquito-collection-brazil_f_r_aaea806144c4.tif,Limatus_durhamii
,/Users/kristophernolte/Documents/ITHILDIN_evaluation/reference/reference_finalselection/limatus_mosquito-collection-brazil_f_r_b1e597adf975.png,Full Skeleton,1571,right,Limatus_durhamii,0.95,1142,50,19,0,25,105,204,388,613,1010,847,838,791,782,794,616,527,127,140,183,223,266,309,349,392,432,269,263,226,226,192,164,152,269,limatus_mosquito-collection-brazil_f_r_b1e597adf975.png,limatus_mosquito-collection-brazil_f_r_b1e597adf975.tif,Limatus_durhamii
,/Users/kristophernolte/Documents/ITHILDIN_evaluation/reference/reference_finalselection/limatus_mosquito-collection-brazil_f_r_c73db19623bd.png,Repaired,1321,left,Limatus_durhamii,0.95,1015,162,130,107,112,177,272,444,654,963,821,819,779,777,785,625,547,95,103,137,171,215,255,294,333,359,226,221,187,187,155,137,121,223,limatus_mosquito-collection-brazil_f_r_c73db19623bd.png,limatus_mosquito-collection-brazil_f_r_c73db19623bd.tif,Limatus_durhamii
,/Users/kristophernolte/Documents/ITHILDIN_evaluation/reference/reference_finalselection/limatus_mosquito-collection-brazil_f_r_ca17a5945bac.png,Repaired,1517,left,Limatus_durhamii,0.97,1143,135,99,75,96,159,276,459,672,1071,882,885,837,837,855,678,555,183,102,138,186,228,279,333,393,453,321,300,264,261,222,198,165,282,limatus_mosquito-collection-brazil_f_r_ca17a5945bac.png,limatus_mosquito-collection-brazil_f_r_ca17a5945bac.tif,Limatus_durhamii
,/Users/kristophernolte/Documents/ITHILDIN_evaluation/reference/reference_finalselection/limatus_mosquito-collection-brazil_f_r_ce50ef0a4e2b.png,Repaired,1375,left,Limatus_durhamii,0.99,1078,158,123,101,116,173,267,420,645,989,838,828,799,794,801,613,541,106,118,155,202,240,274,306,341,371,225,222,185,188,155,136,123,227,limatus_mosquito-collection-brazil_f_r_ce50ef0a4e2b.png,limatus_mosquito-collection-brazil_f_r_ce50ef0a4e2b.tif,Limatus_durhamii
,/Users/kristophernolte/Documents/ITHILDIN_evaluation/reference/reference_finalselection/limatus_mosquito-collection-brazil_f_r_d5f47bdf5721.png,Repaired,1418,left,Limatus_durhamii,0.97,1117,148,117,97,117,184,290,477,684,1028,843,843,818,815,824,634,558,120,117,153,198,231,273,315,357,385,243,240,203,201,170,142,131,243,limatus_mosquito-collection-brazil_f_r_d5f47bdf5721.png,limatus_mosquito-collection-brazil_f_r_d5f47bdf5721.tif,Limatus_durhamii
,/Users/kristophernolte/Documents/ITHILDIN_evaluation/reference/reference_finalselection/limatus_mosquito-collection-brazil_f_r_d86b805a5f7f.png,Repaired,1359,right,Limatus_durhamii,0.98,941,46,13,0,16,87,170,329,554,894,719,716,699,677,708,535,433,118,115,153,192,227,263,301,348,386,236,236,200,200,161,142,131,236,limatus_mosquito-collection-brazil_f_r_d86b805a5f7f.png,limatus_mosquito-collection-brazil_f_r_d86b805a5f7f.tif,Limatus_durhamii
,/Users/kristophernolte/Documents/ITHILDIN_evaluation/reference/reference_finalselection/limatus_mosquito-collection-brazil_f_r_debc20a4cf87.png,Full Skeleton,1422,left,Limatus_durhamii,0.99,1103,144,120,101,117,179,278,450,656,1026,851,846,825,822,835,637,551,115,120,160,203,238,278,313,356,388,238,233,192,192,166,136,128,238,limatus_mosquito-collection-brazil_f_r_debc20a4cf87.png,limatus_mosquito-collection-brazil_f_r_debc20a4cf87.tif,Limatus_durhamii
,/Users/kristophernolte/Documents/ITHILDIN_evaluation/reference/reference_finalselection/limatus_mosquito-collection-brazil_f_r_ea401c7353b9.png,Repaired,1374,left,Limatus_durhamii,0.98,1058,148,117,103,122,175,276,449,667,999,840,835,797,787,805,664,579,114,117,154,196,236,268,308,348,377,228,228,188,191,170,146,132,228,limatus_mosquito-collection-brazil_f_r_ea401c7353b9.png,limatus_mosquito-collection-brazil_f_r_ea401c7353b9.tif,Limatus_durhamii
,/Users/kristophernolte/Documents/ITHILDIN_evaluation/reference/reference_finalselection/limatus_mosquito-collection-brazil_f_r_f610757436f6.png,Repaired,1548,left,Limatus_durhamii,0.99,1180,155,116,102,131,184,299,481,712,1119,934,907,892,888,897,715,591,100,122,164,208,249,288,334,375,412,242,239,198,198,166,142,130,251,limatus_mosquito-collection-brazil_f_r_f610757436f6.png,limatus_mosquito-collection-brazil_f_r_f610757436f6.tif,Limatus_durhamii
,/Users/kristophernolte/Documents/ITHILDIN_evaluation/reference/reference_finalselection/limatus_mosquito-collection-brazil_f_r_fbe4ec5ce52d.png,Repaired,1363,left,Limatus_durhamii,0.98,1064,154,114,103,116,180,278,451,653,985,833,831,794,791,796,618,552,115,110,150,192,224,264,301,341,373,232,224,189,189,160,136,120,224,limatus_mosquito-collection-brazil_f_r_fbe4ec5ce52d.png,limatus_mosquito-collection-brazil_f_r_fbe4ec5ce52d.tif,Limatus_durhamii
,/Users/kristophernolte/Documents/ITHILDIN_evaluation/reference/reference_finalselection/limatus_mosquito-collection-brazil_f_r_fe8e19a00e91.png,Full Skeleton,1257,right,Limatus_durhamii,0.98,860,46,18,0,0,49,152,311,503,809,673,665,640,624,634,470,421,115,100,136,172,215,254,295,336,372,233,223,190,190,159,141,123,223,limatus_mosquito-collection-brazil_f_r_fe8e19a00e91.png,limatus_mosquito-collection-brazil_f_r_fe8e19a00e91.tif,Limatus_durhamii
,/Users/kristophernolte/Documents/ITHILDIN_evaluation/reference/reference_finalselection/sabethes_mosquito-collection-brazil_f_l_03aac550cda7.png,Repaired,1748,left,Sabethes_albiprivus,0.99,1493,181,136,102,128,219,381,570,809,1228,979,971,952,948,982,748,665,134,115,153,206,255,311,368,421,459,296,281,224,221,179,160,137,266,sabethes_mosquito-collection-brazil_f_l_03aac550cda7.png,sabethes_mosquito-collection-brazil_f_l_03aac550cda7.tif,Sabethes_albiprivus
,/Users/kristophernolte/Documents/ITHILDIN_evaluation/reference/reference_finalselection/sabethes_mosquito-collection-brazil_f_l_089e51ad656e.png,Repaired,1758,left,Sabethes_albiprivus,0.98,1426,141,104,78,96,170,304,490,746,1226,958,954,925,921,954,694,627,161,117,150,198,243,302,362,417,462,299,284,232,232,191,161,143,269,sabethes_mosquito-collection-brazil_f_l_089e51ad656e.png,sabethes_mosquito-collection-brazil_f_l_089e51ad656e.tif,Sabethes_albiprivus
,/Users/kristophernolte/Documents/ITHILDIN_evaluation/reference/reference_finalselection/sabethes_mosquito-collection-brazil_f_l_2cdc5a7971f6.png,Full Skeleton,1749,left,Sabethes_albiprivus,0.98,1501,161,131,90,112,222,361,545,782,1238,963,956,877,937,967,715,647,137,114,141,201,246,306,359,404,449,276,280,223,227,182,148,133,261,sabethes_mosquito-collection-brazil_f_l_2cdc5a7971f6.png,sabethes_mosquito-collection-brazil_f_l_2cdc5a7971f6.tif,Sabethes_albiprivus
,/Users/kristophernolte/Documents/ITHILDIN_evaluation/reference/reference_finalselection/sabethes_mosquito-collection-brazil_f_l_2cf877178ad0.png,Repaired,1742,left,Sabethes_albiprivus,0.98,1370,109,61,39,47,141,283,494,734,1203,905,894,872,876,908,647,596,145,109,149,196,250,305,359,407,450,276,276,214,214,170,141,127,254,sabethes_mosquito-collection-brazil_f_l_2cf877178ad0.png,sabethes_mosquito-collection-brazil_f_l_2cf877178ad0.tif,Sabethes_albiprivus
,/Users/kristophernolte/Documents/ITHILDIN_evaluation/reference/reference_finalselection/sabethes_mosquito-collection-brazil_f_l_35f7da24e26f.png,Repaired,1709,right,Sabethes_albiprivus,0.98,1344,89,28,0,7,103,244,439,679,1125,844,833,816,823,844,631,545,143,126,167,215,257,315,370,421,459,287,291,239,239,198,167,154,274,sabethes_mosquito-collection-brazil_f_l_35f7da24e26f.png,sabethes_mosquito-collection-brazil_f_l_35f7da24e26f.tif,Sabethes_albiprivus
,/Users/kristophernolte/Documents/ITHILDIN_evaluation/reference/reference_finalselection/sabethes_mosquito-collection-brazil_f_l_38f7428dabc9.png,Repaired,1792,left,Sabethes_albiprivus,0.99,1462,159,100,70,85,178,334,528,785,1257,974,952,926,941,967,725,662,135,106,150,199,251,306,366,414,459,280,280,221,225,176,143,135,258,sabethes_mosquito-collection-brazil_f_l_38f7428dabc9.png,sabethes_mosquito-collection-brazil_f_l_38f7428dabc9.tif,Sabethes_albiprivus
,/Users/kristophernolte/Documents/ITHILDIN_evaluation/reference/reference_finalselection/sabethes_mosquito-collection-brazil_f_l_40966ae29dd5.png,Repaired,1738,left,Sabethes_albiprivus,0.99,1440,176,138,114,145,231,366,564,813,1274,1007,983,920,972,1003,720,657,147,122,167,205,250,316,372,413,455,275,275,223,226,178,150,133,268,sabethes_mosquito-collection-brazil_f_l_40966ae29dd5.png,sabethes_mosquito-collection-brazil_f_l_40966ae29dd5.tif,Sabethes_albiprivus
,/Users/kristophernolte/Documents/ITHILDIN_evaluation/reference/reference_finalselection/sabethes_mosquito-collection-brazil_f_l_5260703367d6.png,Repaired,1774,right,Sabethes_albiprivus,0.99,1351,80,32,0,11,97,253,433,683,1154,890,880,866,877,908,634,582,183,159,193,242,301,353,419,474,522,349,346,284,284,238,207,183,315,sabethes_mosquito-collection-brazil_f_l_5260703367d6.png,sabethes_mosquito-collection-brazil_f_l_5260703367d6.tif,Sabethes_albiprivus
,/Users/kristophernolte/Documents/ITHILDIN_evaluation/reference/reference_finalselection/sabethes_mosquito-collection-brazil_f_l_54a550a3d850.png,Full Skeleton,1758,left,Sabethes_albiprivus,0.98,1500,158,117,84,114,202,353,538,781,1231,947,947,925,925,951,711,648,160,108,145,204,252,304,363,414,462,304,293,237,230,193,164,141,263,sabethes_mosquito-collection-brazil_f_l_54a550a3d850.png,sabethes_mosquito-collection-brazil_f_l_54a550a3d850.tif,Sabethes_albiprivus
,/Users/kristophernolte/Documents/ITHILDIN_evaluation/reference/reference_finalselection/sabethes_mosquito-collection-brazil_f_l_5b24bf7b2853.png,Repaired,1751,left,Sabethes_albiprivus,0.99,1431,157,124,97,108,206,341,559,796,1247,977,965,946,950,988,732,653,163,122,148,197,249,306,370,422,467,291,298,238,242,193,163,148,276,sabethes_mosquito-collection-brazil_f_l_5b24bf7b2853.png,sabethes_mosquito-collection-brazil_f_l_5b24bf7b2853.tif,Sabethes_albiprivus
,/Users/kristophernolte/Documents/ITHILDIN_evaluation/reference/reference_finalselection/sabethes_mosquito-collection-brazil_f_l_61a09db21564.png,Full Skeleton,1802,left,Sabethes_albiprivus,0.98,1506,174,149,113,138,231,381,584,837,1300,1018,1004,972,1000,1029,751,719,133,126,158,208,261,322,386,432,471,283,286,229,233,183,154,144,268,sabethes_mosquito-collection-brazil_f_l_61a09db21564.png,sabethes_mosquito-collection-brazil_f_l_61a09db21564.tif,Sabethes_albiprivus
,/Users/kristophernolte/Documents/ITHILDIN_evaluation/reference/reference_finalselection/sabethes_mosquito-collection-brazil_f_l_6523732438f6.png,Full Skeleton,1737,left,Sabethes_albiprivus,0.97,1426,124,82,74,82,188,320,506,741,1201,930,923,898,898,930,688,631,146,117,164,188,253,313,370,420,459,285,281,224,228,185,156,139,263,sabethes_mosquito-collection-brazil_f_l_6523732438f6.png,sabethes_mosquito-collection-brazil_f_l_6523732438f6.tif,Sabethes_albiprivus
,/Users/kristophernolte/Documents/ITHILDIN_evaluation/reference/reference_finalselection/sabethes_mosquito-collection-brazil_f_l_67973647fcfa.png,Repaired,1814,left,Sabethes_albiprivus,0.99,1478,131,72,45,58,152,301,495,751,1229,952,945,913,903,931,678,626,143,102,143,188,240,302,365,420,462,285,289,233,233,192,160,143,268,sabethes_mosquito-collection-brazil_f_l_67973647fcfa.png,sabethes_mosquito-collection-brazil_f_l_67973647fcfa.tif,Sabethes_albiprivus
,/Users/kristophernolte/Documents/ITHILDIN_evaluation/reference/reference_finalselection/sabethes_mosquito-collection-brazil_f_l_6dedceb276a8.png,Repaired,1815,left,Sabethes_albiprivus,0.99,1539,173,143,112,149,224,378,592,831,1311,1015,1008,977,977,1015,732,694,132,139,170,224,282,330,391,442,487,292,296,241,241,194,173,153,286,sabethes_mosquito-collection-brazil_f_l_6dedceb276a8.png,sabethes_mosquito-collection-brazil_f_l_6dedceb276a8.tif,Sabethes_albiprivus
,/Users/kristophernolte/Documents/ITHILDIN_evaluation/reference/reference_finalselection/sabethes_mosquito-collection-brazil_f_l_7dcac369e5c7.png,Repaired,1782,right,Sabethes_albiprivus,0.99,1418,78,21,0,14,99,257,436,679,1140,880,873,844,844,873,626,559,133,109,154,200,253,309,372,422,471,291,288,232,232,189,154,140,274,sabethes_mosquito-collection-brazil_f_l_7dcac369e5c7.png,sabethes_mosquito-collection-brazil_f_l_7dcac369e5c7.tif,Sabethes_albiprivus
,/Users/kristophernolte/Documents/ITHILDIN_evaluation/reference/reference_finalselection/sabethes_mosquito-collection-brazil_f_l_8035db001ce4.png,Repaired,1755,right,Sabethes_albiprivus,0.97,1388,54,22,0,19,111,235,430,668,1140,859,853,834,828,853,617,541,143,156,184,232,283,337,394,445,477,292,296,242,245,206,175,162,292,sabethes_mosquito-collection-brazil_f_l_8035db001ce4.png,sabethes_mosquito-collection-brazil_f_l_8035db001ce4.tif,Sabethes_albiprivus
,/Users/kristophernolte/Documents/ITHILDIN_evaluation/reference/reference_finalselection/sabethes_mosquito-collection-brazil_f_l_b3b7024b8f97.png,Repaired,1789,left,Sabethes_albiprivus,0.98,1494,146,114,82,107,181,310,520,770,1237,952,941,913,938,970,727,649,137,112,137,194,247,308,372,433,479,301,297,237,237,190,162,144,272,sabethes_mosquito-collection-brazil_f_l_b3b7024b8f97.png,sabethes_mosquito-collection-brazil_f_l_b3b7024b8f97.tif,Sabethes_albiprivus
,/Users/kristophernolte/Documents/ITHILDIN_evaluation/reference/reference_finalselection/sabethes_mosquito-collection-brazil_f_l_c3b374cf1950.png,Full Skeleton,1757,right,Sabethes_albiprivus,0.98,1383,70,33,0,25,128,261,464,712,1159,894,878,844,844,873,592,571,151,101,134,184,233,291,349,403,453,291,283,225,225,180,159,134,262,sabethes_mosquito-collection-brazil_f_l_c3b374cf1950.png,sabethes_mosquito-collection-brazil_f_l_c3b374cf1950.tif,Sabethes_albiprivus
,/Users/kristophernolte/Documents/ITHILDIN_evaluation/reference/reference_finalselection/sabethes_mosquito-collection-brazil_f_l_c79facbb8744.png,Full Skeleton,1776,left,Sabethes_albiprivus,0.99,1517,183,127,101,127,221,355,547,805,1255,974,966,955,947,970,711,644,157,112,157,202,258,318,382,442,487,303,303,239,239,194,168,142,281,sabethes_mosquito-collection-brazil_f_l_c79facbb8744.png,sabethes_mosquito-collection-brazil_f_l_c79facbb8744.tif,Sabethes_albiprivus
,/Users/kristophernolte/Documents/ITHILDIN_evaluation/reference/reference_finalselection/sabethes_mosquito-collection-brazil_f_l_f8398899fdb5.png,Repaired,1746,left,Sabethes_albiprivus,0.99,1398,142,105,71,97,191,342,533,766,1236,966,954,932,932,962,710,635,120,109,139,187,236,293,357,409,458,285,285,225,229,184,154,135,263,sabethes_mosquito-collection-brazil_f_l_f8398899fdb5.png,sabethes_mosquito-collection-brazil_f_l_f8398899fdb5.tif,Sabethes_albiprivus
,/Users/kristophernolte/Documents/ITHILDIN_evaluation/reference/reference_finalselection/sabethes_mosquito-collection-brazil_f_l_fdf032cec002.png,Repaired,1811,right,Sabethes_albiprivus,0.99,1402,68,33,0,11,108,247,433,708,1183,912,898,873,869,890,629,569,237,191,226,273,323,384,445,502,559,380,366,312,312,269,244,219,352,sabethes_mosquito-collection-brazil_f_l_fdf032cec002.png,sabethes_mosquito-collection-brazil_f_l_fdf032cec002.tif,Sabethes_albiprivus
,/Users/kristophernolte/Documents/ITHILDIN_evaluation/reference/reference_finalselection/sabethes_mosquito-collection-brazil_f_r_08e00bea544d.png,Repaired,1801,left,Sabethes_albiprivus,0.99,1554,190,144,110,140,228,361,558,809,1261,1007,1007,976,976,1010,748,657,163,106,144,193,254,315,364,414,463,304,288,235,235,190,178,144,277,sabethes_mosquito-collection-brazil_f_r_08e00bea544d.png,sabethes_mosquito-collection-brazil_f_r_08e00bea544d.tif,Sabethes_albiprivus
,/Users/kristophernolte/Documents/ITHILDIN_evaluation/reference/reference_finalselection/sabethes_mosquito-collection-brazil_f_r_112deda0ebf4.png,Repaired,1755,left,Sabethes_albiprivus,0.88,1390,119,68,42,61,162,304,512,755,1222,930,904,881,894,936,658,609,119,129,175,223,278,314,372,414,453,259,272,213,217,171,139,132,262,sabethes_mosquito-collection-brazil_f_r_112deda0ebf4.png,sabethes_mosquito-collection-brazil_f_r_112deda0ebf4.tif,Sabethes_albiprivus
,/Users/kristophernolte/Documents/ITHILDIN_evaluation/reference/reference_finalselection/sabethes_mosquito-collection-brazil_f_r_1875a3b0bb81.png,Repaired,1758,left,Sabethes_albiprivus,0.99,1493,135,91,69,98,186,321,514,748,1190,938,927,902,902,934,693,620,127,120,160,208,255,306,365,416,449,281,273,222,222,182,157,142,262,sabethes_mosquito-collection-brazil_f_r_1875a3b0bb81.png,sabethes_mosquito-collection-brazil_f_r_1875a3b0bb81.tif,Sabethes_albiprivus
,/Users/kristophernolte/Documents/ITHILDIN_evaluation/reference/reference_finalselection/sabethes_mosquito-collection-brazil_f_r_1893f73462b7.png,Full Skeleton,1770,left,Sabethes_albiprivus,0.98,1442,143,109,79,98,200,344,548,779,1252,976,968,942,938,968,719,647,143,109,143,193,242,299,355,408,461,272,272,219,219,177,155,132,261,sabethes_mosquito-collection-brazil_f_r_1893f73462b7.png,sabethes_mosquito-collection-brazil_f_r_1893f73462b7.tif,Sabethes_albiprivus
,/Users/kristophernolte/Documents/ITHILDIN_evaluation/reference/reference_finalselection/sabethes_mosquito-collection-brazil_f_r_2b51b0c62e73.png,Full Skeleton,1772,left,Sabethes_albiprivus,0.98,1476,173,138,115,134,235,381,605,836,1287,1013,1002,971,975,1010,751,686,138,131,169,204,266,319,373,416,454,273,273,223,223,181,150,134,266,sabethes_mosquito-collection-brazil_f_r_2b51b0c62e73.png,sabethes_mosquito-collection-brazil_f_r_2b51b0c62e73.tif,Sabethes_albiprivus
,/Users/kristophernolte/Documents/ITHILDIN_evaluation/reference/reference_finalselection/sabethes_mosquito-collection-brazil_f_r_40064273b53a.png,Repaired,1764,left,Sabethes_albiprivus,0.99,1417,145,99,77,106,198,343,552,801,1261,974,967,932,939,960,723,669,129,118,164,214,264,310,366,420,462,274,278,221,225,171,136,132,260,sabethes_mosquito-collection-brazil_f_r_40064273b53a.png,sabethes_mosquito-collection-brazil_f_r_40064273b53a.tif,Sabethes_albiprivus
,/Users/kristophernolte/Documents/ITHILDIN_evaluation/reference/reference_finalselection/sabethes_mosquito-collection-brazil_f_r_545f9e0fe476.png,Full Skeleton,1853,left,Sabethes_albiprivus,0.99,1561,107,79,67,87,178,332,562,772,1248,963,951,935,931,970,697,634,156,120,160,188,263,307,370,422,477,303,299,235,239,188,156,136,275,sabethes_mosquito-collection-brazil_f_r_545f9e0fe476.png,sabethes_mosquito-collection-brazil_f_r_545f9e0fe476.tif,Sabethes_albiprivus
,/Users/kristophernolte/Documents/ITHILDIN_evaluation/reference/reference_finalselection/sabethes_mosquito-collection-brazil_f_r_6ee4ec894b7f.png,Repaired,1734,right,Sabethes_albiprivus,0.98,1365,60,30,0,14,100,244,424,681,1148,841,831,778,828,858,628,531,120,136,166,216,266,317,370,420,467,280,280,230,236,190,153,143,276,sabethes_mosquito-collection-brazil_f_r_6ee4ec894b7f.png,sabethes_mosquito-collection-brazil_f_r_6ee4ec894b7f.tif,Sabethes_albiprivus
,/Users/kristophernolte/Documents/ITHILDIN_evaluation/reference/reference_finalselection/sabethes_mosquito-collection-brazil_f_r_80ddcafb909a.png,Repaired,1810,left,Sabethes_albiprivus,0.96,1486,177,143,113,136,238,381,597,850,1304,1043,1024,971,1017,1055,794,726,124,117,158,208,264,317,374,427,465,295,291,234,234,189,170,143,272,sabethes_mosquito-collection-brazil_f_r_80ddcafb909a.png,sabethes_mosquito-collection-brazil_f_r_80ddcafb909a.tif,Sabethes_albiprivus
,/Users/kristophernolte/Documents/ITHILDIN_evaluation/reference/reference_finalselection/sabethes_mosquito-collection-brazil_f_r_831ba7d9b359.png,Repaired,1737,left,Sabethes_albiprivus,0.99,1423,133,79,50,68,184,317,513,733,1199,921,914,892,878,914,708,614,204,153,200,251,301,363,420,471,507,337,334,280,280,240,211,200,319,sabethes_mosquito-collection-brazil_f_r_831ba7d9b359.png,sabethes_mosquito-collection-brazil_f_r_831ba7d9b359.tif,Sabethes_albiprivus
,/Users/kristophernolte/Documents/ITHILDIN_evaluation/reference/reference_finalselection/sabethes_mosquito-collection-brazil_f_r_90272f19594c.png,Full Skeleton,1797,right,Sabethes_albiprivus,0.99,1433,78,22,0,15,111,259,467,704,1156,878,870,856,867,893,641,556,153,112,157,209,253,316,375,427,472,301,294,238,235,194,168,142,275,sabethes_mosquito-collection-brazil_f_r_90272f19594c.png,sabethes_mosquito-collection-brazil_f_r_90272f19594c.tif,Sabethes_albiprivus
,/Users/kristophernolte/Documents/ITHILDIN_evaluation/reference/reference_finalselection/sabethes_mosquito-collection-brazil_f_r_93156201cf4f.png,Repaired,1813,left,Sabethes_albiprivus,0.98,1556,176,144,111,133,241,392,583,836,1304,1008,998,936,983,1037,735,688,135,127,167,214,261,326,380,430,473,290,290,239,239,189,167,145,279,sabethes_mosquito-collection-brazil_f_r_93156201cf4f.png,sabethes_mosquito-collection-brazil_f_r_93156201cf4f.tif,Sabethes_albiprivus
,/Users/kristophernolte/Documents/ITHILDIN_evaluation/reference/reference_finalselection/sabethes_mosquito-collection-brazil_f_r_a01c1a815f0a.png,Repaired,1829,right,Sabethes_albiprivus,0.98,1473,62,22,0,18,113,254,461,693,1161,892,885,860,867,882,613,566,94,126,163,210,261,319,384,431,475,293,290,235,235,192,159,145,275,sabethes_mosquito-collection-brazil_f_r_a01c1a815f0a.png,sabethes_mosquito-collection-brazil_f_r_a01c1a815f0a.tif,Sabethes_albiprivus
,/Users/kristophernolte/Documents/ITHILDIN_evaluation/reference/reference_finalselection/sabethes_mosquito-collection-brazil_f_r_a8312961cc29.png,Repaired,1773,left,Sabethes_albiprivus,0.99,1546,173,153,120,140,245,382,575,829,1268,998,982,962,962,986,720,668,130,114,142,183,239,296,356,404,445,279,275,219,219,175,155,134,259,sabethes_mosquito-collection-brazil_f_r_a8312961cc29.png,sabethes_mosquito-collection-brazil_f_r_a8312961cc29.tif,Sabethes_albiprivus
,/Users/kristophernolte/Documents/ITHILDIN_evaluation/reference/reference_finalselection/sabethes_mosquito-collection-brazil_f_r_acaa86cacf9b.png,Repaired,1745,right,Sabethes_albiprivus,0.99,1399,46,19,0,42,137,273,474,713,1142,868,857,838,842,857,595,546,144,136,170,219,257,314,367,409,451,280,276,223,223,182,163,140,265,sabethes_mosquito-collection-brazil_f_r_acaa86cacf9b.png,sabethes_mosquito-collection-brazil_f_r_acaa86cacf9b.tif,Sabethes_albiprivus
,/Users/kristophernolte/Documents/ITHILDIN_evaluation/reference/reference_finalselection/sabethes_mosquito-collection-brazil_f_r_bf3de1f03fe5.png,Repaired,1803,right,Sabethes_albiprivus,0.97,1384,65,29,0,19,120,279,474,728,1193,913,900,877,877,897,682,591,117,136,169,217,273,328,386,432,471,282,282,224,227,185,152,143,273,sabethes_mosquito-collection-brazil_f_r_bf3de1f03fe5.png,sabethes_mosquito-collection-brazil_f_r_bf3de1f03fe5.tif,Sabethes_albiprivus
,/Users/kristophernolte/Documents/ITHILDIN_evaluation/reference/reference_finalselection/sabethes_mosquito-collection-brazil_f_r_c959e45ef6bf.png,Repaired,1731,right,Sabethes_albiprivus,0.98,1382,106,27,0,31,117,275,475,697,1126,874,866,840,844,866,625,561,137,103,152,201,257,310,374,419,457,287,284,223,227,182,159,141,265,sabethes_mosquito-collection-brazil_f_r_c959e45ef6bf.png,sabethes_mosquito-collection-brazil_f_r_c959e45ef6bf.tif,Sabethes_albiprivus
,/Users/kristophernolte/Documents/ITHILDIN_evaluation/reference/reference_finalselection/sabethes_mosquito-collection-brazil_f_r_e1fedb5a6156.png,Full Skeleton,1808,right,Sabethes_albiprivus,0.98,1417,98,25,0,14,102,247,444,696,1187,900,889,867,863,885,634,572,143,107,158,205,260,318,377,431,482,289,289,234,231,198,162,143,278,sabethes_mosquito-collection-brazil_f_r_e1fedb5a6156.png,sabethes_mosquito-collection-brazil_f_r_e1fedb5a6156.tif,Sabethes_albiprivus
,/Users/kristophernolte/Documents/ITHILDIN_evaluation/reference/reference_finalselection/sabethes_mosquito-collection-brazil_f_r_e268664a24a3.png,Repaired,1756,left,Sabethes_albiprivus,0.99,1366,126,77,44,48,144,293,530,746,1202,942,935,905,905,950,701,616,150,94,135,180,228,284,350,399,447,276,276,220,220,183,154,135,258,sabethes_mosquito-collection-brazil_f_r_e268664a24a3.png,sabethes_mosquito-collection-brazil_f_r_e268664a24a3.tif,Sabethes_albiprivus
,/Users/kristophernolte/Documents/ITHILDIN_evaluation/reference/reference_finalselection/sabethes_mosquito-collection-brazil_f_r_ea69a2b287ff.png,Repaired,1806,right,Sabethes_albiprivus,0.99,1431,58,27,0,27,135,285,494,718,1169,907,899,887,880,899,648,567,136,140,171,221,275,329,383,426,468,279,279,229,221,187,163,140,275,sabethes_mosquito-collection-brazil_f_r_ea69a2b287ff.png,sabethes_mosquito-collection-brazil_f_r_ea69a2b287ff.tif,Sabethes_albiprivus
,/Users/kristophernolte/Documents/ITHILDIN_evaluation/reference/reference_finalselection/sabethes_mosquito-collection-brazil_f_r_ec2c678378b5.png,Repaired,1793,right,Sabethes_albiprivus,0.99,1416,65,25,0,25,115,262,459,685,1140,892,882,864,874,914,627,588,139,121,157,211,268,322,376,430,473,301,293,240,240,193,157,139,272,sabethes_mosquito-collection-brazil_f_r_ec2c678378b5.png,sabethes_mosquito-collection-brazil_f_r_ec2c678378b5.tif,Sabethes_albiprivus
,/Users/kristophernolte/Documents/ITHILDIN_evaluation/reference/reference_finalselection/wyeomyia_mosquito-collection-brazil_f_l_00ce6185b588.png,Repaired,1071,right,Wyeomyia_arthrostigma,0.98,751,47,18,0,0,51,124,244,422,702,556,554,537,533,542,382,333,91,89,110,143,176,216,251,284,310,202,194,166,164,136,115,105,192,wyeomyia_mosquito-collection-brazil_f_l_00ce6185b588.png,wyeomyia_mosquito-collection-brazil_f_l_00ce6185b588.tif,Wyeomyia_arthrostigma
,/Users/kristophernolte/Documents/ITHILDIN_evaluation/reference/reference_finalselection/wyeomyia_mosquito-collection-brazil_f_l_098c0db19f4f.png,Repaired,1297,right,Wyeomyia_arthrostigma,0.95,943,46,21,0,23,86,181,342,538,865,676,671,651,641,646,478,430,101,121,154,197,239,275,312,345,378,234,232,192,192,157,131,121,232,wyeomyia_mosquito-collection-brazil_f_l_098c0db19f4f.png,wyeomyia_mosquito-collection-brazil_f_l_098c0db19f4f.tif,Wyeomyia_arthrostigma
,/Users/kristophernolte/Documents/ITHILDIN_evaluation/reference/reference_finalselection/wyeomyia_mosquito-collection-brazil_f_l_143b57050e32.png,Repaired,1105,left,Wyeomyia_arthrostigma,0.98,911,154,123,107,111,170,243,382,546,840,681,674,644,642,646,471,432,96,101,133,162,201,240,276,308,333,215,206,174,171,149,126,117,215,wyeomyia_mosquito-collection-brazil_f_l_143b57050e32.png,wyeomyia_mosquito-collection-brazil_f_l_143b57050e32.tif,Wyeomyia_arthrostigma
,/Users/kristophernolte/Documents/ITHILDIN_evaluation/reference/reference_finalselection/wyeomyia_mosquito-collection-brazil_f_l_1773561d6b7f.png,Repaired,1071,left,Wyeomyia_arthrostigma,0.98,866,148,113,94,103,167,236,358,538,816,656,653,630,625,628,460,417,93,86,114,147,182,220,253,282,305,194,190,159,159,133,114,105,194,wyeomyia_mosquito-collection-brazil_f_l_1773561d6b7f.png,wyeomyia_mosquito-collection-brazil_f_l_1773561d6b7f.tif,Wyeomyia_arthrostigma
,/Users/kristophernolte/Documents/ITHILDIN_evaluation/reference/reference_finalselection/wyeomyia_mosquito-collection-brazil_f_l_1946804fd8f2.png,Repaired,1299,right,Wyeomyia_arthrostigma,0.98,926,47,21,0,10,83,172,343,528,877,671,666,648,643,645,471,424,110,118,149,188,230,277,321,357,391,243,238,199,196,165,141,131,240,wyeomyia_mosquito-collection-brazil_f_l_1946804fd8f2.png,wyeomyia_mosquito-collection-brazil_f_l_1946804fd8f2.tif,Wyeomyia_arthrostigma
,/Users/kristophernolte/Documents/ITHILDIN_evaluation/reference/reference_finalselection/wyeomyia_mosquito-collection-brazil_f_l_1cb24f3afcef.png,Repaired,1286,right,Wyeomyia_arthrostigma,0.98,911,57,25,0,10,82,168,320,507,869,670,662,645,635,650,448,416,103,110,145,189,231,278,319,356,383,241,236,196,196,162,132,130,238,wyeomyia_mosquito-collection-brazil_f_l_1cb24f3afcef.png,wyeomyia_mosquito-collection-brazil_f_l_1cb24f3afcef.tif,Wyeomyia_arthrostigma
,/Users/kristophernolte/Documents/ITHILDIN_evaluation/reference/reference_finalselection/wyeomyia_mosquito-collection-brazil_f_l_1d488c60a972.png,Repaired,1095,left,Wyeomyia_arthrostigma,0.98,882,148,118,99,104,164,234,373,545,833,671,668,645,640,643,473,436,98,91,121,156,191,228,258,289,316,205,200,168,166,140,124,110,200,wyeomyia_mosquito-collection-brazil_f_l_1d488c60a972.png,wyeomyia_mosquito-collection-brazil_f_l_1d488c60a972.tif,Wyeomyia_arthrostigma
,/Users/kristophernolte/Documents/ITHILDIN_evaluation/reference/reference_finalselection/wyeomyia_mosquito-collection-brazil_f_l_2b1cd17daa2d.png,Repaired,1253,left,Wyeomyia_arthrostigma,0.99,1002,155,121,97,110,171,263,413,600,934,747,742,718,715,728,568,513,180,164,198,240,277,327,364,409,440,311,301,264,261,230,203,188,296,wyeomyia_mosquito-collection-brazil_f_l_2b1cd17daa2d.png,wyeomyia_mosquito-collection-brazil_f_l_2b1cd17daa2d.tif,Wyeomyia_arthrostigma
,/Users/kristophernolte/Documents/ITHILDIN_evaluation/reference/reference_finalselection/wyeomyia_mosquito-collection-brazil_f_l_3f9ccaca5ad4.png,Repaired,1334,left,Wyeomyia_arthrostigma,0.99,1093,162,133,104,113,191,290,445,648,991,788,788,762,759,764,575,520,111,103,138,181,225,274,315,353,388,245,239,196,196,161,141,126,242,wyeomyia_mosquito-collection-brazil_f_l_3f9ccaca5ad4.png,wyeomyia_mosquito-collection-brazil_f_l_3f9ccaca5ad4.tif,Wyeomyia_arthrostigma
,/Users/kristophernolte/Documents/ITHILDIN_evaluation/reference/reference_finalselection/wyeomyia_mosquito-collection-brazil_f_l_40f159d5d239.png,Repaired,1246,right,Wyeomyia_arthrostigma,0.99,907,50,21,0,19,87,186,325,521,832,646,641,622,617,622,463,395,112,109,141,185,224,271,310,347,389,256,245,203,203,169,143,130,240,wyeomyia_mosquito-collection-brazil_f_l_40f159d5d239.png,wyeomyia_mosquito-collection-brazil_f_l_40f159d5d239.tif,Wyeomyia_arthrostigma
,/Users/kristophernolte/Documents/ITHILDIN_evaluation/reference/reference_finalselection/wyeomyia_mosquito-collection-brazil_f_l_630f264e4132.png,Repaired,1029,right,Wyeomyia_arthrostigma,0.98,732,53,22,0,4,61,136,258,417,692,545,541,511,507,511,348,317,94,102,131,165,198,237,267,294,318,200,198,167,165,145,125,114,200,wyeomyia_mosquito-collection-brazil_f_l_630f264e4132.png,wyeomyia_mosquito-collection-brazil_f_l_630f264e4132.tif,Wyeomyia_arthrostigma
,/Users/kristophernolte/Documents/ITHILDIN_evaluation/reference/reference_finalselection/wyeomyia_mosquito-collection-brazil_f_l_8cea70635770.png,Repaired,1060,left,Wyeomyia_arthrostigma,0.98,855,150,117,93,98,165,233,355,521,813,643,641,626,621,626,449,414,92,86,110,149,184,221,254,284,308,197,195,162,160,134,112,103,195,wyeomyia_mosquito-collection-brazil_f_l_8cea70635770.png,wyeomyia_mosquito-collection-brazil_f_l_8cea70635770.tif,Wyeomyia_arthrostigma
,/Users/kristophernolte/Documents/ITHILDIN_evaluation/reference/reference_finalselection/wyeomyia_mosquito-collection-brazil_f_l_9939e046d56a.png,Repaired,1091,left,Wyeomyia_arthrostigma,0.99,902,158,126,107,107,163,240,357,542,827,671,671,635,635,644,477,421,102,87,111,146,187,223,260,289,316,209,199,170,167,148,121,111,202,wyeomyia_mosquito-collection-brazil_f_l_9939e046d56a.png,wyeomyia_mosquito-collection-brazil_f_l_9939e046d56a.tif,Wyeomyia_arthrostigma
,/Users/kristophernolte/Documents/ITHILDIN_evaluation/reference/reference_finalselection/wyeomyia_mosquito-collection-brazil_f_l_9d2187ddf599.png,Repaired,1344,right,Wyeomyia_arthrostigma,0.99,957,53,21,0,9,79,164,336,543,893,706,700,665,659,674,499,444,135,91,126,164,208,252,298,348,392,263,252,214,211,179,153,129,240,wyeomyia_mosquito-collection-brazil_f_l_9d2187ddf599.png,wyeomyia_mosquito-collection-brazil_f_l_9d2187ddf599.tif,Wyeomyia_arthrostigma
,/Users/kristophernolte/Documents/ITHILDIN_evaluation/reference/reference_finalselection/wyeomyia_mosquito-collection-brazil_f_l_a6739cc598a7.png,Repaired,1100,left,Wyeomyia_arthrostigma,0.88,854,101,74,53,65,123,191,314,496,782,627,620,597,586,609,422,379,96,105,132,166,195,238,271,301,330,211,209,173,175,150,123,116,213,wyeomyia_mosquito-collection-brazil_f_l_a6739cc598a7.png,wyeomyia_mosquito-collection-brazil_f_l_a6739cc598a7.tif,Wyeomyia_arthrostigma
,/Users/kristophernolte/Documents/ITHILDIN_evaluation/reference/reference_finalselection/wyeomyia_mosquito-collection-brazil_f_l_bd753c952be5.png,Repaired,1305,left,Wyeomyia_arthrostigma,0.98,1071,153,114,92,109,177,270,426,625,956,767,765,729,724,729,560,505,110,107,143,181,222,266,310,351,383,247,236,200,198,168,143,129,241,wyeomyia_mosquito-collection-brazil_f_l_bd753c952be5.png,wyeomyia_mosquito-collection-brazil_f_l_bd753c952be5.tif,Wyeomyia_arthrostigma
,/Users/kristophernolte/Documents/ITHILDIN_evaluation/reference/reference_finalselection/wyeomyia_mosquito-collection-brazil_f_l_cb8939faca02.png,Repaired,1066,left,Wyeomyia_arthrostigma,0.98,847,130,97,78,88,142,216,342,530,797,638,630,600,592,611,426,404,90,95,123,154,188,226,257,285,309,197,192,161,159,135,114,104,197,wyeomyia_mosquito-collection-brazil_f_l_cb8939faca02.png,wyeomyia_mosquito-collection-brazil_f_l_cb8939faca02.tif,Wyeomyia_arthrostigma
,/Users/kristophernolte/Documents/ITHILDIN_evaluation/reference/reference_finalselection/wyeomyia_mosquito-collection-brazil_f_l_cfeda4821160.png,Repaired,1311,left,Wyeomyia_arthrostigma,0.99,1063,177,138,105,122,191,286,455,655,975,794,791,763,761,769,597,558,108,100,138,186,233,269,311,352,386,244,230,197,194,163,138,127,233,wyeomyia_mosquito-collection-brazil_f_l_cfeda4821160.png,wyeomyia_mosquito-collection-brazil_f_l_cfeda4821160.tif,Wyeomyia_arthrostigma
,/Users/kristophernolte/Documents/ITHILDIN_evaluation/reference/reference_finalselection/wyeomyia_mosquito-collection-brazil_f_l_dc00a237c18d.png,Repaired,1303,left,Wyeomyia_arthrostigma,0.94,1028,127,91,72,97,166,255,404,587,931,753,745,723,720,729,562,512,112,115,148,195,237,281,325,367,400,253,250,206,206,176,145,134,248,wyeomyia_mosquito-collection-brazil_f_l_dc00a237c18d.png,wyeomyia_mosquito-collection-brazil_f_l_dc00a237c18d.tif,Wyeomyia_arthrostigma
,/Users/kristophernolte/Documents/ITHILDIN_evaluation/reference/reference_finalselection/wyeomyia_mosquito-collection-brazil_f_l_dd3ecb475b12.png,Repaired,1074,right,Wyeomyia_arthrostigma,0.97,783,45,17,0,5,54,137,259,419,704,551,551,534,527,532,365,311,110,84,112,141,176,218,256,289,319,218,209,176,174,145,129,115,204,wyeomyia_mosquito-collection-brazil_f_l_dd3ecb475b12.png,wyeomyia_mosquito-collection-brazil_f_l_dd3ecb475b12.tif,Wyeomyia_arthrostigma
,/Users/kristophernolte/Documents/ITHILDIN_evaluation/reference/reference_finalselection/wyeomyia_mosquito-collection-brazil_f_l_e10c1d99151a.png,Repaired,1074,right,Wyeomyia_arthrostigma,0.98,788,49,21,0,9,60,135,263,424,709,555,553,536,522,536,354,312,96,82,110,143,178,215,250,283,311,204,197,164,162,136,115,108,194,wyeomyia_mosquito-collection-brazil_f_l_e10c1d99151a.png,wyeomyia_mosquito-collection-brazil_f_l_e10c1d99151a.tif,Wyeomyia_arthrostigma
,/Users/kristophernolte/Documents/ITHILDIN_evaluation/reference/reference_finalselection/wyeomyia_mosquito-collection-brazil_f_l_e3cdb6141797.png,Repaired,1296,left,Wyeomyia_arthrostigma,0.98,1045,155,127,102,119,191,275,430,645,970,784,772,742,739,753,561,522,101,107,140,184,218,262,298,340,373,240,232,193,193,162,132,120,232,wyeomyia_mosquito-collection-brazil_f_l_e3cdb6141797.png,wyeomyia_mosquito-collection-brazil_f_l_e3cdb6141797.tif,Wyeomyia_arthrostigma
,/Users/kristophernolte/Documents/ITHILDIN_evaluation/reference/reference_finalselection/wyeomyia_mosquito-collection-brazil_f_l_f11625ea351b.png,Repaired,1081,right,Wyeomyia_arthrostigma,0.97,797,57,24,0,8,57,138,259,425,716,562,560,531,522,529,358,313,94,75,99,135,168,210,251,286,319,208,201,165,165,139,123,106,196,wyeomyia_mosquito-collection-brazil_f_l_f11625ea351b.png,wyeomyia_mosquito-collection-brazil_f_l_f11625ea351b.tif,Wyeomyia_arthrostigma
,/Users/kristophernolte/Documents/ITHILDIN_evaluation/reference/reference_finalselection/wyeomyia_mosquito-collection-brazil_f_r_0a0d0bb5161f.png,Repaired,1314,right,Wyeomyia_arthrostigma,0.92,941,57,21,0,13,75,165,330,536,881,678,673,652,647,650,467,425,108,115,152,193,237,280,322,363,396,244,239,200,200,167,141,131,242,wyeomyia_mosquito-collection-brazil_f_r_0a0d0bb5161f.png,wyeomyia_mosquito-collection-brazil_f_r_0a0d0bb5161f.tif,Wyeomyia_arthrostigma
,/Users/kristophernolte/Documents/ITHILDIN_evaluation/reference/reference_finalselection/wyeomyia_mosquito-collection-brazil_f_r_0f419117702a.png,Repaired,1055,right,Wyeomyia_arthrostigma,0.98,789,53,22,0,8,65,139,258,412,691,543,539,517,512,515,348,312,91,75,101,136,170,210,251,289,320,203,196,165,163,136,115,101,194,wyeomyia_mosquito-collection-brazil_f_r_0f419117702a.png,wyeomyia_mosquito-collection-brazil_f_r_0f419117702a.tif,Wyeomyia_arthrostigma
,/Users/kristophernolte/Documents/ITHILDIN_evaluation/reference/reference_finalselection/wyeomyia_mosquito-collection-brazil_f_r_14c7297b986d.png,Repaired,1315,left,Wyeomyia_arthrostigma,0.98,1061,171,128,102,114,185,279,436,636,984,781,778,758,747,753,573,521,108,99,136,179,228,273,316,359,390,250,239,199,199,162,139,128,245,wyeomyia_mosquito-collection-brazil_f_r_14c7297b986d.png,wyeomyia_mosquito-collection-brazil_f_r_14c7297b986d.tif,Wyeomyia_arthrostigma
,/Users/kristophernolte/Documents/ITHILDIN_evaluation/reference/reference_finalselection/wyeomyia_mosquito-collection-brazil_f_r_1bde239358bb.png,Repaired,1071,left,Wyeomyia_arthrostigma,0.99,899,155,116,93,100,155,236,360,522,799,646,646,613,608,615,465,417,100,81,112,147,181,221,260,293,324,210,202,171,169,143,121,107,198,wyeomyia_mosquito-collection-brazil_f_r_1bde239358bb.png,wyeomyia_mosquito-collection-brazil_f_r_1bde239358bb.tif,Wyeomyia_arthrostigma
,/Users/kristophernolte/Documents/ITHILDIN_evaluation/reference/reference_finalselection/wyeomyia_mosquito-collection-brazil_f_r_251b0f7a0a69.png,Repaired,1232,right,Wyeomyia_arthrostigma,0.98,892,58,26,0,10,79,164,308,501,825,637,629,616,610,616,456,409,102,88,118,163,203,248,285,330,365,229,227,184,184,155,128,118,219,wyeomyia_mosquito-collection-brazil_f_r_251b0f7a0a69.png,wyeomyia_mosquito-collection-brazil_f_r_251b0f7a0a69.tif,Wyeomyia_arthrostigma
,/Users/kristophernolte/Documents/ITHILDIN_evaluation/reference/reference_finalselection/wyeomyia_mosquito-collection-brazil_f_r_25ed2cfe84f6.png,Repaired,1080,left,Wyeomyia_arthrostigma,0.95,849,118,86,73,82,131,207,336,508,791,635,633,606,601,608,443,394,94,90,119,154,188,224,257,284,311,201,195,163,161,137,114,105,199,wyeomyia_mosquito-collection-brazil_f_r_25ed2cfe84f6.png,wyeomyia_mosquito-collection-brazil_f_r_25ed2cfe84f6.tif,Wyeomyia_arthrostigma
,/Users/kristophernolte/Documents/ITHILDIN_evaluation/reference/reference_finalselection/wyeomyia_mosquito-collection-brazil_f_r_375681c461fe.png,Repaired,1250,right,Wyeomyia_arthrostigma,0.98,911,53,25,0,25,96,184,320,525,832,651,646,633,623,631,469,401,99,114,150,190,233,278,311,349,384,248,238,192,192,162,132,127,238,wyeomyia_mosquito-collection-brazil_f_r_375681c461fe.png,wyeomyia_mosquito-collection-brazil_f_r_375681c461fe.tif,Wyeomyia_arthrostigma
,/Users/kristophernolte/Documents/ITHILDIN_evaluation/reference/reference_finalselection/wyeomyia_mosquito-collection-brazil_f_r_48e5e087647e.png,Repaired,1059,right,Wyeomyia_arthrostigma,0.98,755,45,17,0,2,65,142,254,430,712,548,544,529,523,525,355,312,92,101,122,154,193,234,266,290,311,204,197,167,165,137,118,111,202,wyeomyia_mosquito-collection-brazil_f_r_48e5e087647e.png,wyeomyia_mosquito-collection-brazil_f_r_48e5e087647e.tif,Wyeomyia_arthrostigma
,/Users/kristophernolte/Documents/ITHILDIN_evaluation/reference/reference_finalselection/wyeomyia_mosquito-collection-brazil_f_r_4be33b8365ee.png,Repaired,1053,right,Wyeomyia_arthrostigma,0.98,758,50,13,0,4,55,129,256,432,708,544,537,513,511,515,335,313,85,98,131,155,190,225,258,287,311,197,190,160,157,140,114,105,197,wyeomyia_mosquito-collection-brazil_f_r_4be33b8365ee.png,wyeomyia_mosquito-collection-brazil_f_r_4be33b8365ee.tif,Wyeomyia_arthrostigma
,/Users/kristophernolte/Documents/ITHILDIN_evaluation/reference/reference_finalselection/wyeomyia_mosquito-collection-brazil_f_r_543c5f2eb488.png,Repaired,1077,left,Wyeomyia_arthrostigma,0.97,866,131,100,82,88,142,222,346,513,789,642,640,617,613,617,449,402,95,88,115,153,182,222,257,288,315,206,200,168,164,140,117,108,202,wyeomyia_mosquito-collection-brazil_f_r_543c5f2eb488.png,wyeomyia_mosquito-collection-brazil_f_r_543c5f2eb488.tif,Wyeomyia_arthrostigma
,/Users/kristophernolte/Documents/ITHILDIN_evaluation/reference/reference_finalselection/wyeomyia_mosquito-collection-brazil_f_r_5c24b888fd8d.png,Repaired,1066,right,Wyeomyia_arthrostigma,0.96,772,48,18,0,14,60,140,255,430,715,556,552,526,519,524,354,322,97,88,118,150,182,224,258,293,318,208,201,166,166,141,120,109,198,wyeomyia_mosquito-collection-brazil_f_r_5c24b888fd8d.png,wyeomyia_mosquito-collection-brazil_f_r_5c24b888fd8d.tif,Wyeomyia_arthrostigma
,/Users/kristophernolte/Documents/ITHILDIN_evaluation/reference/reference_finalselection/wyeomyia_mosquito-collection-brazil_f_r_645dab20150a.png,Repaired,1297,left,Wyeomyia_arthrostigma,0.97,1027,159,131,103,122,187,273,435,647,982,784,773,753,751,759,566,522,99,93,138,185,221,261,297,339,369,235,233,194,194,160,132,118,230,wyeomyia_mosquito-collection-brazil_f_r_645dab20150a.png,wyeomyia_mosquito-collection-brazil_f_r_645dab20150a.tif,Wyeomyia_arthrostigma
,/Users/kristophernolte/Documents/ITHILDIN_evaluation/reference/reference_finalselection/wyeomyia_mosquito-collection-brazil_f_r_8cc5e13a2581.png,Repaired,1309,left,Wyeomyia_arthrostigma,0.99,1051,178,135,105,113,192,290,450,637,970,797,794,764,756,780,596,561,107,101,136,180,220,269,310,353,389,245,234,196,193,164,136,126,231,wyeomyia_mosquito-collection-brazil_f_r_8cc5e13a2581.png,wyeomyia_mosquito-collection-brazil_f_r_8cc5e13a2581.tif,Wyeomyia_arthrostigma
,/Users/kristophernolte/Documents/ITHILDIN_evaluation/reference/reference_finalselection/wyeomyia_mosquito-collection-brazil_f_r_98f8c1b90aa7.png,Repaired,1231,right,Wyeomyia_arthrostigma,0.99,863,56,18,0,5,66,150,316,499,825,639,631,608,603,614,451,423,106,117,155,190,239,282,318,353,381,244,239,201,201,168,142,127,234,wyeomyia_mosquito-collection-brazil_f_r_98f8c1b90aa7.png,wyeomyia_mosquito-collection-brazil_f_r_98f8c1b90aa7.tif,Wyeomyia_arthrostigma
,/Users/kristophernolte/Documents/ITHILDIN_evaluation/reference/reference_finalselection/wyeomyia_mosquito-collection-brazil_f_r_9bd2aafcbb71.png,Repaired,1252,left,Wyeomyia_arthrostigma,0.93,940,106,78,51,62,139,232,387,566,887,710,701,678,673,682,531,476,88,106,137,181,225,271,313,355,390,234,234,197,195,164,132,125,239,wyeomyia_mosquito-collection-brazil_f_r_9bd2aafcbb71.png,wyeomyia_mosquito-collection-brazil_f_r_9bd2aafcbb71.tif,Wyeomyia_arthrostigma
,/Users/kristophernolte/Documents/ITHILDIN_evaluation/reference/reference_finalselection/wyeomyia_mosquito-collection-brazil_f_r_a3143b8e9697.png,Repaired,1303,left,Wyeomyia_arthrostigma,0.97,1049,143,111,96,111,181,265,429,627,964,773,766,729,724,731,558,503,104,121,151,195,233,282,319,357,389,245,238,198,198,173,143,133,248,wyeomyia_mosquito-collection-brazil_f_r_a3143b8e9697.png,wyeomyia_mosquito-collection-brazil_f_r_a3143b8e9697.tif,Wyeomyia_arthrostigma
,/Users/kristophernolte/Documents/ITHILDIN_evaluation/reference/reference_finalselection/wyeomyia_mosquito-collection-brazil_f_r_af18710a667f.png,Repaired,1060,left,Wyeomyia_arthrostigma,0.99,849,130,104,89,101,147,227,338,518,796,634,636,614,610,617,474,411,98,90,122,148,182,219,257,289,315,207,202,168,165,141,119,107,197,wyeomyia_mosquito-collection-brazil_f_r_af18710a667f.png,wyeomyia_mosquito-collection-brazil_f_r_af18710a667f.tif,Wyeomyia_arthrostigma
,/Users/kristophernolte/Documents/ITHILDIN_evaluation/reference/reference_finalselection/wyeomyia_mosquito-collection-brazil_f_r_bbd9505bd51a.png,Repaired,1088,left,Wyeomyia_arthrostigma,0.99,882,154,122,99,99,167,242,369,551,823,671,669,637,637,646,467,435,87,91,116,153,187,225,255,284,307,191,182,153,148,137,112,98,189,wyeomyia_mosquito-collection-brazil_f_r_bbd9505bd51a.png,wyeomyia_mosquito-collection-brazil_f_r_bbd9505bd51a.tif,Wyeomyia_arthrostigma
,/Users/kristophernolte/Documents/ITHILDIN_evaluation/reference/reference_finalselection/wyeomyia_mosquito-collection-brazil_f_r_bcfb53587418.png,Repaired,1065,right,Wyeomyia_arthrostigma,0.99,756,51,21,0,0,53,129,247,419,696,555,553,535,532,537,387,330,101,89,117,147,174,218,255,287,315,211,202,168,168,145,119,110,195,wyeomyia_mosquito-collection-brazil_f_r_bcfb53587418.png,wyeomyia_mosquito-collection-brazil_f_r_bcfb53587418.tif,Wyeomyia_arthrostigma
,/Users/kristophernolte/Documents/ITHILDIN_evaluation/reference/reference_finalselection/wyeomyia_mosquito-collection-brazil_f_r_bf2c96d4bd84.png,Repaired,1069,right,Wyeomyia_arthrostigma,0.99,795,48,18,0,4,64,131,257,414,699,552,545,526,517,526,363,319,93,90,120,152,182,224,258,288,311,201,198,166,166,136,116,109,198,wyeomyia_mosquito-collection-brazil_f_r_bf2c96d4bd84.png,wyeomyia_mosquito-collection-brazil_f_r_bf2c96d4bd84.tif,Wyeomyia_arthrostigma
,/Users/kristophernolte/Documents/ITHILDIN_evaluation/reference/reference_finalselection/wyeomyia_mosquito-collection-brazil_f_r_c8e5577873ff.png,Repaired,1090,left,Wyeomyia_arthrostigma,0.96,912,162,133,108,108,164,244,360,544,820,670,670,641,641,649,474,438,101,79,101,135,171,215,251,283,309,208,198,167,164,145,121,108,193,wyeomyia_mosquito-collection-brazil_f_r_c8e5577873ff.png,wyeomyia_mosquito-collection-brazil_f_r_c8e5577873ff.tif,Wyeomyia_arthrostigma
,/Users/kristophernolte/Documents/ITHILDIN_evaluation/reference/reference_finalselection/wyeomyia_mosquito-collection-brazil_f_r_ca2c68d350ee.png,Repaired,1063,right,Wyeomyia_arthrostigma,0.99,780,49,19,0,6,64,142,259,425,701,548,546,533,525,527,346,314,79,86,115,147,183,220,254,279,300,190,188,154,151,126,107,100,190,wyeomyia_mosquito-collection-brazil_f_r_ca2c68d350ee.png,wyeomyia_mosquito-collection-brazil_f_r_ca2c68d350ee.tif,Wyeomyia_arthrostigma
,/Users/kristophernolte/Documents/ITHILDIN_evaluation/reference/reference_finalselection/wyeomyia_mosquito-collection-brazil_f_r_d72a16a015ce.png,Repaired,1105,left,Wyeomyia_arthrostigma,0.97,885,141,117,94,103,161,240,373,541,836,675,673,640,636,642,477,435,92,94,121,156,187,229,267,300,329,209,203,172,167,143,121,110,207,wyeomyia_mosquito-collection-brazil_f_r_d72a16a015ce.png,wyeomyia_mosquito-collection-brazil_f_r_d72a16a015ce.tif,Wyeomyia_arthrostigma
,/Users/kristophernolte/Documents/ITHILDIN_evaluation/reference/reference_finalselection/wyeomyia_mosquito-collection-brazil_f_r_d8563a979a45.png,Repaired,1092,left,Wyeomyia_arthrostigma,0.99,917,157,127,110,115,175,252,377,550,827,675,675,647,632,652,462,427,185,177,205,237,272,312,345,375,402,292,287,257,255,227,207,197,287,wyeomyia_mosquito-collection-brazil_f_r_d8563a979a45.png,wyeomyia_mosquito-collection-brazil_f_r_d8563a979a45.tif,Wyeomyia_arthrostigma
,/Users/kristophernolte/Documents/ITHILDIN_evaluation/reference/reference_finalselection/wyeomyia_mosquito-collection-brazil_f_r_e68c55723df6.png,Repaired,1338,right,Wyeomyia_arthrostigma,0.98,942,53,24,0,16,87,169,344,561,897,704,699,675,670,675,497,458,111,119,153,193,235,277,315,360,391,243,240,198,198,166,137,129,238,wyeomyia_mosquito-collection-brazil_f_r_e68c55723df6.png,wyeomyia_mosquito-collection-brazil_f_r_e68c55723df6.tif,Wyeomyia_arthrostigma
,/Users/kristophernolte/Documents/ITHILDIN_evaluation/reference/reference_finalselection/wyeomyia_mosquito-collection-brazil_f_r_fa9c0c3707a5.png,Repaired,1032,right,Wyeomyia_arthrostigma,0.98,766,53,20,0,4,64,136,254,414,676,546,541,507,502,502,347,300,91,82,105,137,172,214,239,269,297,188,181,151,149,128,109,98,184,wyeomyia_mosquito-collection-brazil_f_r_fa9c0c3707a5.png,wyeomyia_mosquito-collection-brazil_f_r_fa9c0c3707a5.tif,Wyeomyia_arthrostigma
