Image_ID,File,Status,Centroid,Orientation,CNN_Predicted_Taxa,CNN_Predicted_Score,X_0,X_1,X_2,X_3,X_4,X_5,X_6,X_7,X_8,X_9,X_10,X_11,Y_0,Y_1,Y_2,Y_3,Y_4,Y_5,Y_6,Y_7,Y_8,Y_9,Y_10,Y_11,X_sm_12,X_sm_13,X_sm_14,X_sm_15,X_sm_16,X_sm_17,X_sm_18,X_sm_19,X_sm_20,X_sm_21,X_sm_22,X_sm_23,X_sm_24,X_sm_25,X_sm_26,X_sm_27,X_sm_28,X_sm_29,X_sm_30,X_sm_31,X_sm_32,X_sm_33,X_sm_34,X_sm_35,X_sm_36,X_sm_37,X_sm_38,X_sm_39,X_sm_40,X_sm_41,X_sm_42,X_sm_43,X_sm_44,X_sm_45,X_sm_46,X_sm_47,X_sm_48,X_sm_49,X_sm_50,X_sm_51,X_sm_52,X_sm_53,X_sm_54,X_sm_55,X_sm_56,X_sm_57,X_sm_58,X_sm_59,X_sm_60,X_sm_61,X_sm_62,X_sm_63,X_sm_64,X_sm_65,X_sm_66,X_sm_67,X_sm_68,X_sm_69,X_sm_70,Y_sm_12,Y_sm_13,Y_sm_14,Y_sm_15,Y_sm_16,Y_sm_17,Y_sm_18,Y_sm_19,Y_sm_20,Y_sm_21,Y_sm_22,Y_sm_23,Y_sm_24,Y_sm_25,Y_sm_26,Y_sm_27,Y_sm_28,Y_sm_29,Y_sm_30,Y_sm_31,Y_sm_32,Y_sm_33,Y_sm_34,Y_sm_35,Y_sm_36,Y_sm_37,Y_sm_38,Y_sm_39,Y_sm_40,Y_sm_41,Y_sm_42,Y_sm_43,Y_sm_44,Y_sm_45,Y_sm_46,Y_sm_47,Y_sm_48,Y_sm_49,Y_sm_50,Y_sm_51,Y_sm_52,Y_sm_53,Y_sm_54,Y_sm_55,Y_sm_56,Y_sm_57,Y_sm_58,Y_sm_59,Y_sm_60,Y_sm_61,Y_sm_62,Y_sm_63,Y_sm_64,Y_sm_65,Y_sm_66,Y_sm_67,Y_sm_68,Y_sm_69,Y_sm_70,File_Name,File Name,TAXA LABEL
,/Users/kristophernolte/Documents/phd_sandfly/json/psychodidae_austria-sandfly-sampling_f_l_0bc23f040e46.png,Repaired,1783,right,,,0.5890625,0.6890625,0.8703125,0.940625,0.9765625,0.9890625,0.946875,0.8609375,0.79375,0.6890625,0.4703125,0.5140625,0.390625,0.2375,0.3,0.390625,0.484375,0.559375,0.646875,0.746875,0.803125,0.865625,0.6125,0.440625,0.6328125,0.6796875,0.728125,0.775,0.821875,0.5703125,0.55,0.53125,0.734375,0.78125,0.8265625,0.8890625,0.909375,0.928125,0.953125,0.965625,0.971875,0.8828125,0.8234375,0.765625,0.70625,0.6484375,0.9859375,0.9265625,0.875,0.8234375,0.771875,0.7203125,0.66875,0.6171875,0.565625,0.9859375,0.975,0.9609375,0.9296875,0.90625,0.884375,0.8921875,0.8375,0.7828125,0.7328125,0.6890625,0.634375,0.5796875,0.525,0.8453125,0.828125,0.8109375,0.8140625,0.765625,0.71875,0.6703125,0.6234375,0.575,0.528125,0.4796875,0.76875,0.7421875,0.715625,0.33125,0.3125,0.303125,0.3,0.309375,0.390625,0.4,0.409375,0.24375,0.25,0.26875,0.3125,0.33125,0.353125,0.403125,0.43125,0.45625,0.390625,0.3875,0.39375,0.396875,0.396875,0.51875,0.475,0.471875,0.465625,0.471875,0.465625,0.45625,0.4625,0.459375,0.584375,0.6125,0.6375,0.678125,0.703125,0.73125,0.628125,0.615625,0.60625,0.640625,0.684375,0.665625,0.6625,0.65,0.7625,0.778125,0.79375,0.778125,0.784375,0.778125,0.765625,0.753125,0.7375,0.728125,0.703125,0.825,0.84375,0.853125,psychodidae_austria-sandfly-sampling_f_l_0bc23f040e46.png,psychodidae_austria-sandfly-sampling_f_l_0bc23f040e46.tif,Phlebotomus mascittii
,/Users/kristophernolte/Documents/phd_sandfly/json/psychodidae_austria-sandfly-sampling_f_l_13f37756bf23.png,Repaired,1756,right,,,0.6109375,0.6875,0.8765625,0.9421875,0.978125,0.9875,0.953125,0.884375,0.8,0.7015625,0.50625,0.53125,0.33125,0.19375,0.259375,0.34375,0.44375,0.5125,0.596875,0.68125,0.765625,0.821875,0.56875,0.38125,0.65,0.6953125,0.740625,0.7859375,0.83125,0.590625,0.56875,0.5484375,0.734375,0.7828125,0.83125,0.89375,0.9109375,0.928125,0.9546875,0.965625,0.975,0.8875,0.8328125,0.7765625,0.721875,0.6671875,0.9875,0.9296875,0.8796875,0.8296875,0.7796875,0.73125,0.68125,0.63125,0.58125,0.9859375,0.9796875,0.9671875,0.940625,0.921875,0.903125,0.9046875,0.8546875,0.8046875,0.7546875,0.70625,0.65625,0.60625,0.55625,0.865625,0.84375,0.821875,0.8421875,0.8,0.7578125,0.715625,0.6734375,0.63125,0.5890625,0.546875,0.778125,0.753125,0.728125,0.2875,0.271875,0.2625,0.2625,0.265625,0.334375,0.34375,0.346875,0.19375,0.2,0.21875,0.271875,0.290625,0.3125,0.3625,0.390625,0.415625,0.340625,0.340625,0.35,0.35,0.35,0.478125,0.43125,0.425,0.421875,0.425,0.425,0.425,0.41875,0.409375,0.5375,0.5625,0.584375,0.625,0.65,0.66875,0.5875,0.58125,0.575,0.56875,0.56875,0.5625,0.559375,0.55625,0.709375,0.73125,0.75,0.665625,0.65625,0.65,0.640625,0.6375,0.628125,0.61875,0.6,0.790625,0.8,0.821875,psychodidae_austria-sandfly-sampling_f_l_13f37756bf23.png,psychodidae_austria-sandfly-sampling_f_l_13f37756bf23.tif,Phlebotomus mascittii
,/Users/kristophernolte/Documents/phd_sandfly/json/psychodidae_austria-sandfly-sampling_f_l_3117b8a8a720.png,Full Skeleton,1639,left,,,0.3609375,0.2984375,0.121875,0.059375,0.0203125,0.009375,0.0390625,0.10625,0.1875,0.2765625,0.45625,0.4359375,0.321875,0.19375,0.24375,0.33125,0.41875,0.4875,0.575,0.65625,0.728125,0.796875,0.55,0.384375,0.325,0.284375,0.24375,0.203125,0.1625,0.38125,0.4015625,0.421875,0.2546875,0.2109375,0.1671875,0.10625,0.0890625,0.071875,0.046875,0.0375,0.0265625,0.109375,0.159375,0.2109375,0.2609375,0.3109375,0.0125,0.065625,0.1125,0.159375,0.2046875,0.2515625,0.2984375,0.34375,0.390625,0.009375,0.015625,0.028125,0.0515625,0.0703125,0.0875,0.084375,0.13125,0.178125,0.2234375,0.2703125,0.3171875,0.3625,0.409375,0.1234375,0.1453125,0.165625,0.14375,0.1828125,0.221875,0.2609375,0.3015625,0.340625,0.3796875,0.41875,0.2078125,0.23125,0.253125,0.28125,0.2625,0.25625,0.253125,0.25625,0.33125,0.34375,0.359375,0.190625,0.196875,0.209375,0.253125,0.278125,0.3,0.340625,0.36875,0.390625,0.334375,0.334375,0.3375,0.34375,0.34375,0.453125,0.4125,0.4125,0.4125,0.4125,0.4125,0.4125,0.409375,0.403125,0.5125,0.5375,0.5625,0.603125,0.625,0.646875,0.565625,0.559375,0.553125,0.55,0.546875,0.540625,0.5375,0.5375,0.684375,0.703125,0.721875,0.6375,0.63125,0.625,0.61875,0.6125,0.60625,0.596875,0.584375,0.753125,0.76875,0.784375,psychodidae_austria-sandfly-sampling_f_l_3117b8a8a720.png,psychodidae_austria-sandfly-sampling_f_l_3117b8a8a720.tif,Phlebotomus mascittii
,/Users/kristophernolte/Documents/phd_sandfly/json/psychodidae_austria-sandfly-sampling_f_l_4911a45230e9.png,Repaired,1561,right,,,0.6,0.65625,0.8453125,0.9078125,0.95625,0.96875,0.93125,0.8578125,0.7734375,0.6859375,0.5203125,0.5296875,0.334375,0.228125,0.278125,0.353125,0.446875,0.515625,0.596875,0.68125,0.75,0.80625,0.575,0.39375,0.634375,0.6765625,0.71875,0.7609375,0.803125,0.5828125,0.5640625,0.5453125,0.703125,0.7515625,0.7984375,0.8609375,0.878125,0.89375,0.921875,0.9375,0.9515625,0.85625,0.8046875,0.753125,0.7015625,0.65,0.96875,0.909375,0.8609375,0.8140625,0.765625,0.71875,0.6703125,0.6234375,0.575,0.96875,0.9578125,0.9453125,0.91875,0.8984375,0.878125,0.8859375,0.840625,0.7953125,0.75,0.703125,0.6578125,0.6125,0.5671875,0.8390625,0.8171875,0.7953125,0.821875,0.784375,0.746875,0.709375,0.671875,0.634375,0.596875,0.559375,0.7546875,0.73125,0.709375,0.3,0.2875,0.275,0.278125,0.278125,0.34375,0.359375,0.371875,0.215625,0.221875,0.234375,0.284375,0.303125,0.321875,0.365625,0.390625,0.415625,0.35625,0.353125,0.353125,0.359375,0.3625,0.48125,0.4375,0.428125,0.434375,0.434375,0.428125,0.425,0.425,0.41875,0.540625,0.56875,0.584375,0.628125,0.65,0.671875,0.584375,0.58125,0.575,0.571875,0.56875,0.553125,0.546875,0.54375,0.709375,0.725,0.740625,0.665625,0.659375,0.65625,0.64375,0.6375,0.621875,0.61875,0.6,0.771875,0.775,0.790625,psychodidae_austria-sandfly-sampling_f_l_4911a45230e9.png,psychodidae_austria-sandfly-sampling_f_l_4911a45230e9.tif,Phlebotomus mascittii
,/Users/kristophernolte/Documents/phd_sandfly/json/psychodidae_austria-sandfly-sampling_f_l_6710d5b39099.png,Repaired,1621,left,,,0.4328125,0.3890625,0.184375,0.1171875,0.084375,0.06875,0.0984375,0.1609375,0.259375,0.3578125,0.4984375,0.4875,0.2,0.090625,0.11875,0.2,0.28125,0.365625,0.44375,0.540625,0.640625,0.703125,0.478125,0.265625,0.39375,0.3515625,0.309375,0.2671875,0.225,0.446875,0.4625,0.4765625,0.3375,0.2859375,0.234375,0.1671875,0.1484375,0.1296875,0.1046875,0.09375,0.08125,0.16875,0.221875,0.275,0.3265625,0.3796875,0.06875,0.128125,0.1734375,0.21875,0.2640625,0.309375,0.3546875,0.4,0.4453125,0.06875,0.0765625,0.0875,0.109375,0.1265625,0.14375,0.1421875,0.1875,0.2328125,0.278125,0.321875,0.3671875,0.4125,0.4578125,0.1828125,0.2078125,0.2328125,0.1984375,0.2359375,0.2734375,0.3109375,0.3484375,0.3859375,0.4234375,0.4609375,0.2828125,0.3078125,0.3328125,0.1625,0.146875,0.1375,0.13125,0.1375,0.2125,0.225,0.240625,0.075,0.075,0.084375,0.125,0.140625,0.16875,0.209375,0.23125,0.25625,0.203125,0.20625,0.215625,0.21875,0.225,0.31875,0.284375,0.28125,0.2875,0.290625,0.290625,0.29375,0.290625,0.2875,0.3875,0.409375,0.43125,0.478125,0.503125,0.525,0.434375,0.43125,0.434375,0.434375,0.4375,0.434375,0.43125,0.434375,0.571875,0.596875,0.61875,0.521875,0.51875,0.515625,0.509375,0.509375,0.503125,0.49375,0.490625,0.6625,0.68125,0.69375,psychodidae_austria-sandfly-sampling_f_l_6710d5b39099.png,psychodidae_austria-sandfly-sampling_f_l_6710d5b39099.tif,Phlebotomus mascittii
,/Users/kristophernolte/Documents/phd_sandfly/json/psychodidae_austria-sandfly-sampling_f_l_6aa816be4471.png,Repaired,1511,right,,,0.5703125,0.6421875,0.78125,0.8546875,0.8921875,0.9078125,0.88125,0.8078125,0.7140625,0.58125,0.5,0.4953125,0.26875,0.14375,0.1875,0.2625,0.33125,0.40625,0.478125,0.56875,0.640625,0.703125,0.478125,0.3125,0.6015625,0.6375,0.6734375,0.709375,0.7453125,0.5515625,0.5328125,0.5140625,0.678125,0.7140625,0.75,0.8,0.8203125,0.840625,0.865625,0.8765625,0.8875,0.8078125,0.7609375,0.7125,0.665625,0.61875,0.90625,0.8484375,0.8046875,0.759375,0.715625,0.671875,0.6265625,0.5828125,0.5390625,0.90625,0.9,0.8921875,0.8640625,0.8453125,0.8265625,0.8390625,0.796875,0.7546875,0.7125,0.66875,0.6265625,0.584375,0.5421875,0.784375,0.7609375,0.7375,0.7765625,0.7421875,0.70625,0.671875,0.6375,0.6015625,0.5671875,0.5328125,0.6828125,0.6484375,0.615625,0.20625,0.2,0.19375,0.190625,0.190625,0.278125,0.284375,0.29375,0.140625,0.146875,0.153125,0.19375,0.20625,0.228125,0.278125,0.290625,0.309375,0.259375,0.259375,0.2625,0.2625,0.265625,0.365625,0.33125,0.328125,0.328125,0.328125,0.328125,0.328125,0.328125,0.33125,0.425,0.446875,0.465625,0.5125,0.53125,0.546875,0.471875,0.471875,0.46875,0.4625,0.465625,0.4625,0.45625,0.45625,0.59375,0.6125,0.63125,0.546875,0.546875,0.540625,0.53125,0.525,0.51875,0.515625,0.503125,0.66875,0.684375,0.7,psychodidae_austria-sandfly-sampling_f_l_6aa816be4471.png,psychodidae_austria-sandfly-sampling_f_l_6aa816be4471.tif,Phlebotomus mascittii
,/Users/kristophernolte/Documents/phd_sandfly/json/psychodidae_austria-sandfly-sampling_f_l_76a414910bb5.png,Repaired,1624,right,,,0.6171875,0.671875,0.8484375,0.9375,0.978125,0.990625,0.953125,0.8796875,0.76875,0.6703125,0.5140625,0.540625,0.3125,0.1875,0.221875,0.321875,0.409375,0.484375,0.58125,0.665625,0.74375,0.79375,0.546875,0.365625,0.6515625,0.6921875,0.73125,0.771875,0.8109375,0.5984375,0.578125,0.5578125,0.715625,0.759375,0.803125,0.8703125,0.89375,0.9171875,0.95,0.9625,0.975,0.884375,0.83125,0.7765625,0.7234375,0.6703125,0.9890625,0.9296875,0.88125,0.83125,0.7828125,0.734375,0.684375,0.6359375,0.5875,0.990625,0.98125,0.9671875,0.9375,0.91875,0.9,0.9046875,0.85625,0.80625,0.7578125,0.7078125,0.659375,0.609375,0.5609375,0.853125,0.825,0.796875,0.8390625,0.7984375,0.7578125,0.7171875,0.6765625,0.6359375,0.5953125,0.5546875,0.7453125,0.7203125,0.6953125,0.271875,0.25625,0.24375,0.240625,0.240625,0.31875,0.325,0.3375,0.184375,0.1875,0.196875,0.2375,0.259375,0.284375,0.334375,0.359375,0.384375,0.321875,0.31875,0.321875,0.325,0.325,0.446875,0.403125,0.403125,0.4,0.396875,0.4,0.396875,0.396875,0.390625,0.5125,0.540625,0.56875,0.6125,0.63125,0.65,0.565625,0.5625,0.55625,0.546875,0.54375,0.5375,0.5375,0.53125,0.696875,0.71875,0.7375,0.646875,0.640625,0.634375,0.625,0.615625,0.609375,0.596875,0.578125,0.765625,0.778125,0.7875,psychodidae_austria-sandfly-sampling_f_l_76a414910bb5.png,psychodidae_austria-sandfly-sampling_f_l_76a414910bb5.tif,Phlebotomus mascittii
,/Users/kristophernolte/Documents/phd_sandfly/json/psychodidae_austria-sandfly-sampling_f_l_9d03fca789cb.png,Repaired,1685,right,,,0.6359375,0.6875,0.85625,0.934375,0.96875,0.9796875,0.946875,0.8953125,0.8046875,0.70625,0.5484375,0.5671875,0.346875,0.225,0.25625,0.3375,0.4125,0.475,0.553125,0.615625,0.70625,0.765625,0.55,0.40625,0.6671875,0.70625,0.74375,0.7828125,0.8203125,0.6171875,0.5984375,0.5796875,0.7296875,0.771875,0.8140625,0.8765625,0.896875,0.9171875,0.9453125,0.9546875,0.9640625,0.8859375,0.8359375,0.7859375,0.7359375,0.6859375,0.978125,0.925,0.8796875,0.8359375,0.790625,0.746875,0.7015625,0.6578125,0.6125,0.978125,0.971875,0.959375,0.9390625,0.925,0.9109375,0.903125,0.8578125,0.8140625,0.76875,0.725,0.6796875,0.6359375,0.590625,0.878125,0.853125,0.8296875,0.8578125,0.81875,0.7796875,0.740625,0.703125,0.6640625,0.625,0.5859375,0.7828125,0.7578125,0.7328125,0.30625,0.284375,0.26875,0.265625,0.265625,0.353125,0.3625,0.371875,0.215625,0.215625,0.225,0.265625,0.284375,0.30625,0.346875,0.365625,0.3875,0.33125,0.3375,0.340625,0.35,0.35625,0.44375,0.40625,0.40625,0.409375,0.4125,0.4125,0.41875,0.41875,0.4125,0.496875,0.521875,0.54375,0.578125,0.59375,0.60625,0.546875,0.540625,0.540625,0.540625,0.540625,0.5375,0.5375,0.5375,0.646875,0.671875,0.69375,0.61875,0.61875,0.6125,0.609375,0.603125,0.6,0.59375,0.578125,0.734375,0.746875,0.7625,psychodidae_austria-sandfly-sampling_f_l_9d03fca789cb.png,psychodidae_austria-sandfly-sampling_f_l_9d03fca789cb.tif,Phlebotomus mascittii
,/Users/kristophernolte/Documents/phd_sandfly/json/psychodidae_austria-sandfly-sampling_f_l_ac68590b112b.png,Full Skeleton,1681,right,,,0.6078125,0.675,0.8609375,0.934375,0.9796875,0.990625,0.9578125,0.878125,0.7890625,0.6890625,0.50625,0.525,0.321875,0.2,0.234375,0.315625,0.409375,0.475,0.5625,0.6625,0.740625,0.803125,0.553125,0.384375,0.646875,0.690625,0.7328125,0.7765625,0.81875,0.5875,0.565625,0.54375,0.7203125,0.7671875,0.8140625,0.8796875,0.8984375,0.9171875,0.946875,0.9609375,0.975,0.88125,0.8265625,0.771875,0.7171875,0.6625,0.9890625,0.9296875,0.8796875,0.828125,0.778125,0.7265625,0.6765625,0.625,0.575,0.9890625,0.98125,0.9703125,0.94375,0.921875,0.9,0.9078125,0.8578125,0.8078125,0.7578125,0.7078125,0.6578125,0.6078125,0.5578125,0.8578125,0.834375,0.8125,0.8390625,0.796875,0.7546875,0.7125,0.6703125,0.628125,0.5859375,0.54375,0.765625,0.740625,0.715625,0.28125,0.2625,0.253125,0.253125,0.253125,0.328125,0.34375,0.35625,0.190625,0.19375,0.2,0.246875,0.2625,0.284375,0.328125,0.353125,0.38125,0.321875,0.325,0.33125,0.3375,0.340625,0.440625,0.40625,0.40625,0.40625,0.409375,0.4125,0.409375,0.409375,0.40625,0.5,0.525,0.55,0.59375,0.621875,0.646875,0.55625,0.55625,0.553125,0.55,0.546875,0.54375,0.540625,0.534375,0.6875,0.709375,0.73125,0.640625,0.634375,0.625,0.621875,0.615625,0.609375,0.6,0.5875,0.7625,0.778125,0.796875,psychodidae_austria-sandfly-sampling_f_l_ac68590b112b.png,psychodidae_austria-sandfly-sampling_f_l_ac68590b112b.tif,Phlebotomus mascittii
,/Users/kristophernolte/Documents/phd_sandfly/json/psychodidae_austria-sandfly-sampling_f_l_ad0a508c67c0.png,Repaired,1660,right,,,0.60625,0.7234375,0.8484375,0.9375,0.9796875,0.990625,0.95625,0.878125,0.7875,0.6984375,0.5578125,0.5625,0.353125,0.215625,0.278125,0.353125,0.4375,0.503125,0.59375,0.675,0.75,0.803125,0.575,0.4,0.6453125,0.6859375,0.7265625,0.7671875,0.8078125,0.5953125,0.5828125,0.571875,0.76875,0.815625,0.8625,0.871875,0.8953125,0.91875,0.95,0.9625,0.975,0.8828125,0.8265625,0.771875,0.715625,0.6609375,0.9890625,0.934375,0.8875,0.840625,0.7953125,0.7484375,0.7015625,0.65625,0.609375,0.9921875,0.9828125,0.9703125,0.9390625,0.91875,0.8984375,0.9125,0.8671875,0.8234375,0.778125,0.734375,0.6890625,0.6453125,0.6,0.8578125,0.834375,0.8109375,0.8453125,0.809375,0.7734375,0.7375,0.7015625,0.665625,0.6296875,0.59375,0.7671875,0.74375,0.721875,0.328125,0.3,0.275,0.26875,0.271875,0.3625,0.36875,0.378125,0.21875,0.23125,0.2625,0.290625,0.2875,0.315625,0.365625,0.3875,0.4125,0.35,0.353125,0.353125,0.3625,0.371875,0.46875,0.43125,0.428125,0.425,0.425,0.425,0.428125,0.425,0.421875,0.528125,0.55625,0.58125,0.621875,0.64375,0.665625,0.578125,0.575,0.571875,0.565625,0.565625,0.559375,0.55,0.55,0.7,0.71875,0.740625,0.659375,0.65,0.646875,0.6375,0.634375,0.615625,0.615625,0.60625,0.771875,0.7875,0.796875,psychodidae_austria-sandfly-sampling_f_l_ad0a508c67c0.png,psychodidae_austria-sandfly-sampling_f_l_ad0a508c67c0.tif,Phlebotomus mascittii
,/Users/kristophernolte/Documents/phd_sandfly/json/psychodidae_austria-sandfly-sampling_f_l_bc07bc823bba.png,Repaired,1602,right,,,0.6546875,0.73125,0.871875,0.9453125,0.978125,0.9875,0.9625,0.8953125,0.80625,0.7234375,0.56875,0.584375,0.334375,0.2125,0.253125,0.334375,0.403125,0.475,0.55,0.63125,0.7125,0.759375,0.55,0.390625,0.6890625,0.725,0.7625,0.7984375,0.834375,0.6375,0.61875,0.6015625,0.7671875,0.803125,0.8390625,0.890625,0.9109375,0.9296875,0.9546875,0.965625,0.9734375,0.896875,0.8484375,0.7984375,0.75,0.7015625,0.9890625,0.934375,0.890625,0.846875,0.803125,0.759375,0.715625,0.671875,0.628125,0.9890625,0.9828125,0.9734375,0.9515625,0.9328125,0.9140625,0.91875,0.875,0.83125,0.7875,0.7421875,0.6984375,0.6546875,0.6109375,0.8765625,0.853125,0.8296875,0.859375,0.8234375,0.7875,0.7515625,0.7140625,0.678125,0.6421875,0.60625,0.7875,0.765625,0.7453125,0.29375,0.278125,0.26875,0.265625,0.265625,0.346875,0.35625,0.365625,0.2125,0.21875,0.228125,0.259375,0.28125,0.3,0.340625,0.3625,0.384375,0.334375,0.3375,0.340625,0.346875,0.346875,0.4375,0.403125,0.40625,0.409375,0.409375,0.409375,0.415625,0.4125,0.409375,0.496875,0.51875,0.5375,0.58125,0.6,0.61875,0.546875,0.54375,0.54375,0.540625,0.5375,0.534375,0.53125,0.53125,0.6625,0.684375,0.703125,0.621875,0.621875,0.615625,0.6125,0.60625,0.6,0.5875,0.571875,0.734375,0.75,0.759375,psychodidae_austria-sandfly-sampling_f_l_bc07bc823bba.png,psychodidae_austria-sandfly-sampling_f_l_bc07bc823bba.tif,Phlebotomus mascittii
,/Users/kristophernolte/Documents/phd_sandfly/json/psychodidae_austria-sandfly-sampling_f_l_bdf3a0bd2f9d.png,Repaired,1854,right,,,0.65,0.70625,0.8765625,0.9515625,0.978125,0.9890625,0.9578125,0.8859375,0.7921875,0.7015625,0.51875,0.5546875,0.190625,0.078125,0.1375,0.25,0.33125,0.40625,0.490625,0.578125,0.65625,0.709375,0.440625,0.259375,0.6875,0.725,0.7625,0.8,0.8375,0.6265625,0.6015625,0.5765625,0.7484375,0.7921875,0.8359375,0.896875,0.9171875,0.9375,0.9625,0.9703125,0.9765625,0.9015625,0.8515625,0.8,0.75,0.7,0.9890625,0.93125,0.884375,0.8375,0.790625,0.7421875,0.6953125,0.6484375,0.6015625,0.9890625,0.9828125,0.9703125,0.9421875,0.9234375,0.9046875,0.909375,0.8609375,0.8125,0.7640625,0.7140625,0.665625,0.6171875,0.56875,0.8640625,0.840625,0.8171875,0.8453125,0.8046875,0.7625,0.721875,0.68125,0.6390625,0.5984375,0.5578125,0.771875,0.7484375,0.725,0.153125,0.140625,0.134375,0.1375,0.14375,0.203125,0.21875,0.23125,0.071875,0.078125,0.09375,0.15,0.178125,0.209375,0.265625,0.2875,0.309375,0.234375,0.228125,0.221875,0.221875,0.221875,0.36875,0.321875,0.315625,0.309375,0.30625,0.3,0.296875,0.290625,0.28125,0.43125,0.45625,0.48125,0.521875,0.546875,0.565625,0.478125,0.475,0.459375,0.453125,0.446875,0.4375,0.434375,0.43125,0.60625,0.628125,0.646875,0.559375,0.546875,0.534375,0.525,0.515625,0.5,0.496875,0.48125,0.678125,0.69375,0.703125,psychodidae_austria-sandfly-sampling_f_l_bdf3a0bd2f9d.png,psychodidae_austria-sandfly-sampling_f_l_bdf3a0bd2f9d.tif,Phlebotomus mascittii
,/Users/kristophernolte/Documents/phd_sandfly/json/psychodidae_austria-sandfly-sampling_f_l_c18b6d5508e5.png,Repaired,1629,left,,,0.3578125,0.3,0.13125,0.0546875,0.0171875,0.00625,0.0390625,0.0984375,0.1875,0.2828125,0.4484375,0.4359375,0.30625,0.1875,0.225,0.31875,0.40625,0.475,0.5625,0.646875,0.73125,0.7875,0.55,0.371875,0.3203125,0.28125,0.24375,0.2046875,0.1671875,0.378125,0.4,0.421875,0.2578125,0.215625,0.1734375,0.1109375,0.090625,0.071875,0.0421875,0.03125,0.021875,0.1046875,0.1546875,0.20625,0.25625,0.30625,0.009375,0.0625,0.109375,0.15625,0.203125,0.2484375,0.2953125,0.3421875,0.3890625,0.0078125,0.015625,0.0265625,0.0484375,0.065625,0.08125,0.084375,0.1296875,0.1765625,0.221875,0.2671875,0.3140625,0.359375,0.4046875,0.11875,0.1421875,0.1640625,0.1359375,0.175,0.2140625,0.253125,0.2921875,0.33125,0.3703125,0.409375,0.209375,0.234375,0.2578125,0.26875,0.246875,0.24375,0.240625,0.240625,0.31875,0.33125,0.346875,0.18125,0.184375,0.196875,0.2375,0.259375,0.28125,0.33125,0.353125,0.378125,0.315625,0.31875,0.325,0.328125,0.33125,0.440625,0.4,0.4,0.396875,0.4,0.4,0.4,0.4,0.396875,0.5,0.525,0.55,0.5875,0.609375,0.634375,0.546875,0.54375,0.540625,0.5375,0.534375,0.534375,0.534375,0.53125,0.675,0.696875,0.71875,0.63125,0.625,0.61875,0.615625,0.609375,0.6,0.596875,0.578125,0.753125,0.76875,0.78125,psychodidae_austria-sandfly-sampling_f_l_c18b6d5508e5.png,psychodidae_austria-sandfly-sampling_f_l_c18b6d5508e5.tif,Phlebotomus mascittii
,/Users/kristophernolte/Documents/phd_sandfly/json/psychodidae_austria-sandfly-sampling_f_l_c903ff3746b4.png,Repaired,1642,left,,,0.3765625,0.3265625,0.1359375,0.0625,0.021875,0.0078125,0.046875,0.115625,0.2140625,0.3140625,0.5015625,0.4625,0.38125,0.265625,0.31875,0.4125,0.490625,0.56875,0.65,0.725,0.809375,0.859375,0.621875,0.459375,0.3390625,0.2984375,0.2578125,0.2171875,0.1765625,0.3984375,0.421875,0.44375,0.2796875,0.23125,0.184375,0.115625,0.0953125,0.075,0.0515625,0.0390625,0.028125,0.1140625,0.1671875,0.21875,0.271875,0.3234375,0.00625,0.0703125,0.11875,0.16875,0.2171875,0.265625,0.315625,0.3640625,0.4125,0.0109375,0.0203125,0.0328125,0.0609375,0.0796875,0.096875,0.096875,0.146875,0.1984375,0.2484375,0.2984375,0.35,0.4,0.45,0.1375,0.1625,0.1875,0.1578125,0.2015625,0.2453125,0.2875,0.33125,0.375,0.4171875,0.4609375,0.2375,0.2625,0.2875,0.346875,0.334375,0.325,0.325,0.33125,0.390625,0.40625,0.428125,0.2625,0.26875,0.28125,0.334375,0.359375,0.378125,0.41875,0.440625,0.465625,0.4,0.4,0.40625,0.40625,0.409375,0.525,0.484375,0.48125,0.478125,0.475,0.475,0.471875,0.471875,0.46875,0.59375,0.61875,0.6375,0.678125,0.696875,0.715625,0.634375,0.628125,0.621875,0.615625,0.609375,0.609375,0.609375,0.615625,0.753125,0.775,0.79375,0.709375,0.703125,0.70625,0.69375,0.684375,0.665625,0.653125,0.653125,0.828125,0.84375,0.85625,psychodidae_austria-sandfly-sampling_f_l_c903ff3746b4.png,psychodidae_austria-sandfly-sampling_f_l_c903ff3746b4.tif,Phlebotomus mascittii
,/Users/kristophernolte/Documents/phd_sandfly/json/psychodidae_austria-sandfly-sampling_f_l_dc5d8e157e5b.png,Repaired,1717,right,,,0.6125,0.6828125,0.86875,0.940625,0.978125,0.9890625,0.9546875,0.8859375,0.7984375,0.7,0.5203125,0.521875,0.34375,0.215625,0.259375,0.353125,0.434375,0.5125,0.596875,0.675,0.74375,0.796875,0.565625,0.4,0.65,0.69375,0.7390625,0.7828125,0.8265625,0.5890625,0.565625,0.5421875,0.728125,0.775,0.821875,0.8875,0.90625,0.925,0.9515625,0.9640625,0.9734375,0.8859375,0.83125,0.7765625,0.721875,0.6671875,0.9890625,0.928125,0.8765625,0.8265625,0.775,0.725,0.6734375,0.6234375,0.571875,0.9875,0.9796875,0.9671875,0.9390625,0.921875,0.9046875,0.9078125,0.859375,0.8109375,0.7625,0.7140625,0.665625,0.6171875,0.56875,0.8640625,0.8421875,0.8203125,0.8484375,0.8078125,0.7671875,0.7265625,0.684375,0.64375,0.603125,0.5625,0.775,0.75,0.725,0.296875,0.284375,0.275,0.275,0.278125,0.35,0.359375,0.371875,0.20625,0.215625,0.228125,0.275,0.296875,0.31875,0.3625,0.3875,0.409375,0.353125,0.35625,0.35625,0.35625,0.3625,0.471875,0.43125,0.43125,0.428125,0.428125,0.425,0.425,0.425,0.41875,0.534375,0.559375,0.584375,0.625,0.640625,0.659375,0.575,0.571875,0.5625,0.559375,0.55625,0.55,0.546875,0.546875,0.696875,0.715625,0.734375,0.646875,0.6375,0.628125,0.621875,0.61875,0.615625,0.60625,0.596875,0.7625,0.78125,0.790625,psychodidae_austria-sandfly-sampling_f_l_dc5d8e157e5b.png,psychodidae_austria-sandfly-sampling_f_l_dc5d8e157e5b.tif,Phlebotomus mascittii
,/Users/kristophernolte/Documents/phd_sandfly/json/psychodidae_austria-sandfly-sampling_f_l_dc7105c3258d.png,Repaired,1351,right,,,0.6203125,0.6875,0.85625,0.9421875,0.978125,0.9875,0.9515625,0.884375,0.7875,0.6859375,0.5140625,0.5234375,0.309375,0.190625,0.24375,0.35625,0.44375,0.51875,0.596875,0.675,0.746875,0.7875,0.565625,0.384375,0.659375,0.6984375,0.7375,0.7765625,0.815625,0.5953125,0.5703125,0.5453125,0.7296875,0.7734375,0.815625,0.8796875,0.903125,0.9265625,0.953125,0.965625,0.9765625,0.8890625,0.8359375,0.78125,0.728125,0.675,0.9875,0.928125,0.878125,0.8265625,0.7765625,0.7265625,0.675,0.625,0.575,0.9859375,0.978125,0.965625,0.9390625,0.9203125,0.903125,0.903125,0.8546875,0.8046875,0.75625,0.7078125,0.6578125,0.609375,0.5609375,0.8625,0.8375,0.8125,0.8453125,0.8046875,0.7625,0.721875,0.6796875,0.6390625,0.596875,0.55625,0.7625,0.7375,0.7125,0.26875,0.25625,0.246875,0.246875,0.253125,0.325,0.340625,0.35625,0.190625,0.19375,0.20625,0.259375,0.284375,0.31875,0.36875,0.39375,0.41875,0.340625,0.33125,0.33125,0.33125,0.3375,0.48125,0.43125,0.41875,0.409375,0.4125,0.415625,0.409375,0.40625,0.40625,0.54375,0.565625,0.584375,0.628125,0.646875,0.665625,0.58125,0.578125,0.56875,0.559375,0.55,0.546875,0.54375,0.54375,0.70625,0.721875,0.740625,0.6625,0.653125,0.6375,0.628125,0.621875,0.6125,0.60625,0.590625,0.7625,0.775,0.784375,psychodidae_austria-sandfly-sampling_f_l_dc7105c3258d.png,psychodidae_austria-sandfly-sampling_f_l_dc7105c3258d.tif,Phlebotomus mascittii
,/Users/kristophernolte/Documents/phd_sandfly/json/psychodidae_austria-sandfly-sampling_f_l_ea33efab00a6.png,Repaired,1655,right,,,0.625,0.6890625,0.875,0.93125,0.965625,0.9765625,0.9390625,0.8640625,0.7828125,0.68125,0.51875,0.5453125,0.271875,0.15625,0.23125,0.30625,0.396875,0.475,0.565625,0.646875,0.71875,0.771875,0.503125,0.328125,0.6625,0.7046875,0.746875,0.7890625,0.83125,0.6046875,0.584375,0.5640625,0.7359375,0.7828125,0.8296875,0.8890625,0.9046875,0.9203125,0.94375,0.953125,0.9625,0.8796875,0.828125,0.7765625,0.725,0.6734375,0.9765625,0.91875,0.871875,0.825,0.778125,0.73125,0.684375,0.6375,0.590625,0.9765625,0.9671875,0.953125,0.925,0.9046875,0.884375,0.89375,0.846875,0.8,0.753125,0.70625,0.659375,0.6125,0.565625,0.8453125,0.825,0.8046875,0.8265625,0.7875,0.75,0.7109375,0.6734375,0.634375,0.596875,0.5578125,0.759375,0.7328125,0.7078125,0.240625,0.225,0.21875,0.21875,0.228125,0.278125,0.2875,0.303125,0.15625,0.165625,0.18125,0.240625,0.259375,0.28125,0.321875,0.346875,0.371875,0.30625,0.303125,0.303125,0.303125,0.303125,0.434375,0.39375,0.3875,0.38125,0.378125,0.378125,0.371875,0.365625,0.353125,0.503125,0.53125,0.55,0.596875,0.615625,0.63125,0.55,0.540625,0.521875,0.521875,0.50625,0.503125,0.490625,0.49375,0.675,0.69375,0.709375,0.621875,0.615625,0.60625,0.590625,0.58125,0.56875,0.55,0.5375,0.740625,0.75625,0.765625,psychodidae_austria-sandfly-sampling_f_l_ea33efab00a6.png,psychodidae_austria-sandfly-sampling_f_l_ea33efab00a6.tif,Phlebotomus mascittii
,/Users/kristophernolte/Documents/phd_sandfly/json/psychodidae_austria-sandfly-sampling_f_l_f3ee9e7b02a4.png,Repaired,1625,left,,,0.38125,0.31875,0.1328125,0.0609375,0.021875,0.0109375,0.0421875,0.1140625,0.21875,0.321875,0.475,0.4734375,0.315625,0.196875,0.24375,0.33125,0.41875,0.490625,0.58125,0.659375,0.740625,0.790625,0.55,0.396875,0.340625,0.2984375,0.25625,0.215625,0.1734375,0.4046875,0.428125,0.4515625,0.2734375,0.2265625,0.1796875,0.1140625,0.0953125,0.0765625,0.05,0.0375,0.028125,0.1140625,0.16875,0.221875,0.2765625,0.3296875,0.0109375,0.071875,0.121875,0.171875,0.221875,0.271875,0.321875,0.371875,0.421875,0.009375,0.015625,0.028125,0.0578125,0.0765625,0.0953125,0.0890625,0.1375,0.1859375,0.234375,0.28125,0.3296875,0.378125,0.4265625,0.1390625,0.165625,0.1921875,0.153125,0.19375,0.234375,0.275,0.315625,0.35625,0.396875,0.4375,0.2421875,0.26875,0.2953125,0.278125,0.259375,0.253125,0.25,0.25625,0.33125,0.34375,0.3625,0.19375,0.196875,0.2125,0.253125,0.275,0.3,0.346875,0.36875,0.39375,0.33125,0.334375,0.334375,0.3375,0.340625,0.453125,0.415625,0.4125,0.4125,0.409375,0.409375,0.40625,0.40625,0.40625,0.515625,0.540625,0.565625,0.609375,0.63125,0.65,0.565625,0.5625,0.559375,0.553125,0.55,0.54375,0.540625,0.534375,0.6875,0.70625,0.728125,0.64375,0.640625,0.63125,0.628125,0.615625,0.609375,0.59375,0.584375,0.759375,0.775,0.7875,psychodidae_austria-sandfly-sampling_f_l_f3ee9e7b02a4.png,psychodidae_austria-sandfly-sampling_f_l_f3ee9e7b02a4.tif,Phlebotomus mascittii
,/Users/kristophernolte/Documents/phd_sandfly/json/psychodidae_austria-sandfly-sampling_f_r_02a36639dfff.png,Repaired,1557,right,,,0.6078125,0.68125,0.8625,0.934375,0.9765625,0.9875,0.959375,0.878125,0.7765625,0.6828125,0.51875,0.5234375,0.31875,0.203125,0.253125,0.3375,0.4375,0.503125,0.5875,0.6625,0.73125,0.78125,0.54375,0.38125,0.65,0.69375,0.7359375,0.7796875,0.821875,0.5859375,0.5640625,0.5421875,0.7265625,0.771875,0.8171875,0.88125,0.9,0.91875,0.946875,0.9609375,0.9734375,0.8796875,0.825,0.7703125,0.715625,0.6609375,0.9859375,0.9265625,0.8765625,0.825,0.775,0.725,0.6734375,0.6234375,0.5734375,0.9875,0.9796875,0.9703125,0.9390625,0.91875,0.8984375,0.9140625,0.8640625,0.815625,0.765625,0.7171875,0.6671875,0.61875,0.56875,0.8546875,0.828125,0.803125,0.840625,0.8,0.759375,0.71875,0.6796875,0.6390625,0.5984375,0.5578125,0.753125,0.7296875,0.70625,0.284375,0.265625,0.2625,0.2625,0.26875,0.328125,0.340625,0.353125,0.203125,0.209375,0.221875,0.265625,0.284375,0.30625,0.353125,0.38125,0.409375,0.3375,0.340625,0.3375,0.340625,0.340625,0.46875,0.425,0.41875,0.4125,0.4125,0.409375,0.40625,0.403125,0.4,0.525,0.55,0.565625,0.615625,0.6375,0.653125,0.56875,0.5625,0.55625,0.55,0.54375,0.5375,0.53125,0.528125,0.6875,0.70625,0.721875,0.6375,0.634375,0.625,0.61875,0.609375,0.596875,0.590625,0.58125,0.75,0.7625,0.775,psychodidae_austria-sandfly-sampling_f_r_02a36639dfff.png,psychodidae_austria-sandfly-sampling_f_r_02a36639dfff.tif,Phlebotomus mascittii
,/Users/kristophernolte/Documents/phd_sandfly/json/psychodidae_austria-sandfly-sampling_f_r_07ca1da8f2bc.png,Full Skeleton,1499,left,,,0.3515625,0.3078125,0.1359375,0.0546875,0.01875,0.00625,0.0453125,0.115625,0.2078125,0.33125,0.446875,0.4234375,0.34375,0.2375,0.275,0.36875,0.446875,0.51875,0.596875,0.665625,0.725,0.78125,0.5625,0.4,0.31875,0.28125,0.24375,0.20625,0.16875,0.36875,0.3875,0.40625,0.265625,0.221875,0.178125,0.1140625,0.0921875,0.0703125,0.04375,0.03125,0.0234375,0.103125,0.153125,0.203125,0.253125,0.303125,0.0078125,0.0625,0.1078125,0.153125,0.1984375,0.2421875,0.2875,0.3328125,0.378125,0.009375,0.0203125,0.0328125,0.0609375,0.0796875,0.096875,0.0890625,0.134375,0.178125,0.2234375,0.2671875,0.3125,0.35625,0.4015625,0.1375,0.1609375,0.184375,0.15,0.1875,0.225,0.2625,0.3,0.3375,0.375,0.4125,0.2359375,0.2671875,0.2984375,0.309375,0.29375,0.290625,0.2875,0.29375,0.35,0.3625,0.378125,0.23125,0.234375,0.246875,0.2875,0.309375,0.33125,0.375,0.396875,0.421875,0.365625,0.3625,0.365625,0.365625,0.3625,0.48125,0.440625,0.4375,0.434375,0.43125,0.43125,0.43125,0.425,0.41875,0.54375,0.56875,0.5875,0.625,0.64375,0.659375,0.578125,0.571875,0.571875,0.5625,0.559375,0.553125,0.55,0.546875,0.690625,0.70625,0.721875,0.64375,0.6375,0.634375,0.63125,0.61875,0.615625,0.609375,0.59375,0.753125,0.765625,0.778125,psychodidae_austria-sandfly-sampling_f_r_07ca1da8f2bc.png,psychodidae_austria-sandfly-sampling_f_r_07ca1da8f2bc.tif,Phlebotomus mascittii
,/Users/kristophernolte/Documents/phd_sandfly/json/psychodidae_austria-sandfly-sampling_f_r_0d9a32647e20.png,Repaired,1792,left,,,0.353125,0.2984375,0.1203125,0.0578125,0.0265625,0.0171875,0.0515625,0.1171875,0.196875,0.3015625,0.4703125,0.421875,0.33125,0.2125,0.265625,0.346875,0.434375,0.5125,0.59375,0.678125,0.75,0.81875,0.565625,0.4,0.3171875,0.2765625,0.2375,0.196875,0.1578125,0.3703125,0.3890625,0.40625,0.2546875,0.209375,0.165625,0.1046875,0.0875,0.075,0.046875,0.0375,0.0296875,0.103125,0.153125,0.203125,0.253125,0.303125,0.01875,0.0703125,0.1140625,0.1578125,0.2015625,0.2453125,0.2890625,0.3328125,0.3765625,0.0171875,0.0265625,0.0390625,0.0640625,0.08125,0.0984375,0.096875,0.14375,0.190625,0.2375,0.2828125,0.3296875,0.3765625,0.4234375,0.134375,0.1546875,0.175,0.15625,0.1953125,0.2359375,0.275,0.3140625,0.3546875,0.39375,0.4328125,0.2203125,0.246875,0.2734375,0.296875,0.278125,0.271875,0.271875,0.28125,0.3375,0.353125,0.36875,0.209375,0.2125,0.23125,0.284375,0.296875,0.321875,0.365625,0.3875,0.409375,0.359375,0.353125,0.353125,0.353125,0.35625,0.471875,0.434375,0.434375,0.43125,0.428125,0.428125,0.425,0.425,0.41875,0.5375,0.5625,0.58125,0.625,0.646875,0.66875,0.584375,0.58125,0.578125,0.56875,0.5625,0.5625,0.55625,0.55625,0.703125,0.721875,0.740625,0.659375,0.653125,0.646875,0.64375,0.634375,0.621875,0.615625,0.6,0.775,0.796875,0.8125,psychodidae_austria-sandfly-sampling_f_r_0d9a32647e20.png,psychodidae_austria-sandfly-sampling_f_r_0d9a32647e20.tif,Phlebotomus mascittii
,/Users/kristophernolte/Documents/phd_sandfly/json/psychodidae_austria-sandfly-sampling_f_r_10c70f31234b.png,Repaired,1656,left,,,0.35,0.2953125,0.125,0.0546875,0.0171875,0.0078125,0.0453125,0.1015625,0.1859375,0.29375,0.434375,0.4265625,0.33125,0.215625,0.2625,0.34375,0.425,0.496875,0.56875,0.63125,0.696875,0.746875,0.525,0.38125,0.315625,0.278125,0.2390625,0.2015625,0.1640625,0.36875,0.3890625,0.409375,0.253125,0.2109375,0.16875,0.1078125,0.0890625,0.0703125,0.04375,0.03125,0.0203125,0.103125,0.153125,0.2015625,0.2515625,0.3,0.00625,0.0625,0.1078125,0.153125,0.1984375,0.2453125,0.290625,0.3359375,0.38125,0.0109375,0.021875,0.0328125,0.0578125,0.071875,0.0859375,0.0875,0.13125,0.175,0.21875,0.2609375,0.3046875,0.3484375,0.3921875,0.121875,0.14375,0.1640625,0.1375,0.175,0.2125,0.25,0.2875,0.325,0.3625,0.4,0.2125,0.2390625,0.265625,0.290625,0.275,0.26875,0.271875,0.275,0.334375,0.34375,0.35625,0.215625,0.221875,0.234375,0.275,0.29375,0.3125,0.353125,0.378125,0.4,0.340625,0.3375,0.340625,0.34375,0.340625,0.459375,0.421875,0.4125,0.409375,0.40625,0.403125,0.4,0.39375,0.39375,0.51875,0.540625,0.559375,0.590625,0.60625,0.61875,0.55,0.5375,0.528125,0.528125,0.521875,0.51875,0.51875,0.509375,0.653125,0.66875,0.6875,0.609375,0.596875,0.590625,0.5875,0.584375,0.58125,0.571875,0.5625,0.71875,0.734375,0.746875,psychodidae_austria-sandfly-sampling_f_r_10c70f31234b.png,psychodidae_austria-sandfly-sampling_f_r_10c70f31234b.tif,Phlebotomus mascittii
,/Users/kristophernolte/Documents/phd_sandfly/json/psychodidae_austria-sandfly-sampling_f_r_10e74e9e9e07.png,Repaired,1433,right,,,0.6578125,0.68125,0.8390625,0.93125,0.9734375,0.984375,0.9484375,0.8765625,0.7921875,0.6734375,0.5578125,0.5546875,0.33125,0.234375,0.24375,0.340625,0.4125,0.484375,0.565625,0.640625,0.7,0.76875,0.55625,0.390625,0.684375,0.715625,0.7484375,0.7796875,0.8109375,0.6328125,0.60625,0.58125,0.7203125,0.759375,0.7984375,0.8625,0.8875,0.9125,0.94375,0.95625,0.96875,0.8859375,0.840625,0.79375,0.7484375,0.703125,0.984375,0.928125,0.88125,0.834375,0.7875,0.740625,0.69375,0.646875,0.6,0.984375,0.9734375,0.9609375,0.934375,0.915625,0.896875,0.90625,0.8625,0.81875,0.775,0.73125,0.6875,0.64375,0.6,0.8578125,0.8359375,0.8140625,0.84375,0.8078125,0.771875,0.7359375,0.7015625,0.665625,0.6296875,0.59375,0.7640625,0.734375,0.7046875,0.290625,0.278125,0.271875,0.26875,0.271875,0.3375,0.35,0.365625,0.225,0.225,0.228125,0.25625,0.275,0.303125,0.346875,0.365625,0.3875,0.33125,0.33125,0.3375,0.34375,0.34375,0.446875,0.403125,0.40625,0.409375,0.409375,0.409375,0.415625,0.415625,0.409375,0.509375,0.534375,0.55625,0.59375,0.615625,0.63125,0.553125,0.55,0.54375,0.54375,0.540625,0.540625,0.54375,0.540625,0.665625,0.684375,0.696875,0.621875,0.621875,0.61875,0.6125,0.60625,0.603125,0.596875,0.5875,0.728125,0.74375,0.7625,psychodidae_austria-sandfly-sampling_f_r_10e74e9e9e07.png,psychodidae_austria-sandfly-sampling_f_r_10e74e9e9e07.tif,Phlebotomus mascittii
,/Users/kristophernolte/Documents/phd_sandfly/json/psychodidae_austria-sandfly-sampling_f_r_147393bccc01.png,Repaired,1436,left,,,0.375,0.3234375,0.15,0.071875,0.0359375,0.021875,0.059375,0.1296875,0.2234375,0.3453125,0.48125,0.446875,0.33125,0.228125,0.2625,0.35,0.421875,0.4875,0.56875,0.64375,0.7125,0.753125,0.5375,0.378125,0.340625,0.3015625,0.2625,0.225,0.1859375,0.39375,0.4125,0.43125,0.28125,0.2375,0.19375,0.1296875,0.109375,0.0890625,0.0609375,0.05,0.0421875,0.121875,0.171875,0.2234375,0.2734375,0.3234375,0.0234375,0.08125,0.1265625,0.171875,0.2171875,0.2640625,0.309375,0.3546875,0.4,0.025,0.034375,0.046875,0.0734375,0.0921875,0.1109375,0.10625,0.153125,0.2,0.246875,0.29375,0.340625,0.3875,0.434375,0.15,0.175,0.1984375,0.16875,0.2078125,0.246875,0.2859375,0.3265625,0.365625,0.4046875,0.44375,0.2515625,0.2828125,0.3140625,0.296875,0.278125,0.271875,0.275,0.28125,0.334375,0.340625,0.35,0.21875,0.225,0.234375,0.275,0.296875,0.31875,0.359375,0.375,0.396875,0.346875,0.346875,0.346875,0.35,0.35,0.453125,0.421875,0.41875,0.4125,0.41875,0.4125,0.4125,0.40625,0.396875,0.509375,0.534375,0.559375,0.596875,0.615625,0.6375,0.5625,0.553125,0.546875,0.5375,0.53125,0.525,0.521875,0.51875,0.66875,0.6875,0.703125,0.625,0.615625,0.60625,0.596875,0.590625,0.578125,0.584375,0.56875,0.734375,0.75,0.75625,psychodidae_austria-sandfly-sampling_f_r_147393bccc01.png,psychodidae_austria-sandfly-sampling_f_r_147393bccc01.tif,Phlebotomus mascittii
,/Users/kristophernolte/Documents/phd_sandfly/json/psychodidae_austria-sandfly-sampling_f_r_1d2b42dbec7c.png,Full Skeleton,1617,left,,,0.353125,0.303125,0.13125,0.0578125,0.0234375,0.0109375,0.0375,0.1140625,0.1984375,0.3234375,0.4421875,0.4359375,0.253125,0.134375,0.1875,0.2625,0.340625,0.4125,0.496875,0.58125,0.65,0.7125,0.484375,0.315625,0.31875,0.28125,0.24375,0.20625,0.16875,0.3734375,0.3953125,0.4171875,0.259375,0.215625,0.171875,0.1125,0.09375,0.075,0.046875,0.0375,0.028125,0.10625,0.15625,0.2046875,0.2546875,0.303125,0.0125,0.06875,0.1140625,0.1609375,0.20625,0.2515625,0.2984375,0.34375,0.3890625,0.0109375,0.015625,0.025,0.053125,0.0734375,0.09375,0.08125,0.1265625,0.171875,0.2171875,0.2625,0.3078125,0.353125,0.3984375,0.1328125,0.1546875,0.1765625,0.1484375,0.1859375,0.221875,0.259375,0.2953125,0.3328125,0.36875,0.40625,0.228125,0.259375,0.290625,0.215625,0.196875,0.190625,0.1875,0.19375,0.2625,0.271875,0.2875,0.13125,0.1375,0.15,0.19375,0.2125,0.23125,0.275,0.296875,0.315625,0.2625,0.2625,0.265625,0.265625,0.271875,0.375,0.3375,0.3375,0.334375,0.334375,0.334375,0.3375,0.334375,0.334375,0.434375,0.459375,0.484375,0.53125,0.55625,0.575,0.484375,0.48125,0.471875,0.46875,0.4625,0.45625,0.459375,0.459375,0.60625,0.625,0.640625,0.559375,0.546875,0.540625,0.5375,0.534375,0.53125,0.521875,0.509375,0.678125,0.690625,0.70625,psychodidae_austria-sandfly-sampling_f_r_1d2b42dbec7c.png,psychodidae_austria-sandfly-sampling_f_r_1d2b42dbec7c.tif,Phlebotomus mascittii
,/Users/kristophernolte/Documents/phd_sandfly/json/psychodidae_austria-sandfly-sampling_f_r_464fd4c07b6d.png,Repaired,1426,left,,,0.3515625,0.3109375,0.153125,0.065625,0.021875,0.009375,0.046875,0.125,0.209375,0.31875,0.4359375,0.4515625,0.33125,0.215625,0.240625,0.328125,0.409375,0.4875,0.56875,0.65,0.721875,0.784375,0.5625,0.396875,0.3234375,0.2890625,0.2546875,0.2203125,0.1859375,0.3765625,0.403125,0.428125,0.271875,0.2328125,0.19375,0.13125,0.109375,0.0875,0.053125,0.040625,0.0296875,0.1125,0.1609375,0.2078125,0.25625,0.303125,0.009375,0.06875,0.1171875,0.1640625,0.2125,0.259375,0.3078125,0.3546875,0.403125,0.0109375,0.0203125,0.0328125,0.0640625,0.084375,0.1046875,0.0890625,0.1328125,0.1765625,0.2203125,0.2640625,0.3078125,0.3515625,0.3953125,0.14375,0.165625,0.1875,0.15625,0.1921875,0.228125,0.2640625,0.2984375,0.334375,0.3703125,0.40625,0.234375,0.2625,0.290625,0.290625,0.278125,0.26875,0.2625,0.265625,0.340625,0.353125,0.36875,0.209375,0.2125,0.225,0.25625,0.275,0.296875,0.340625,0.3625,0.38125,0.33125,0.334375,0.3375,0.346875,0.353125,0.446875,0.409375,0.409375,0.4125,0.415625,0.4125,0.4125,0.415625,0.4125,0.5125,0.5375,0.559375,0.59375,0.615625,0.640625,0.55,0.55,0.546875,0.553125,0.55,0.553125,0.546875,0.540625,0.675,0.69375,0.709375,0.628125,0.625,0.625,0.621875,0.61875,0.615625,0.60625,0.59375,0.74375,0.759375,0.778125,psychodidae_austria-sandfly-sampling_f_r_464fd4c07b6d.png,psychodidae_austria-sandfly-sampling_f_r_464fd4c07b6d.tif,Phlebotomus mascittii
,/Users/kristophernolte/Documents/phd_sandfly/json/psychodidae_austria-sandfly-sampling_f_r_4aac84bbb189.png,Repaired,1667,left,,,0.33125,0.2765625,0.115625,0.0546875,0.0203125,0.0078125,0.0375,0.0953125,0.1765625,0.275,0.4296875,0.409375,0.3375,0.225,0.26875,0.353125,0.434375,0.5,0.58125,0.65625,0.721875,0.778125,0.54375,0.4,0.2953125,0.259375,0.221875,0.1859375,0.15,0.3515625,0.371875,0.3921875,0.2375,0.196875,0.15625,0.1,0.0828125,0.0671875,0.04375,0.0328125,0.021875,0.1,0.146875,0.19375,0.240625,0.2875,0.009375,0.0625,0.10625,0.15,0.1921875,0.2359375,0.2796875,0.321875,0.365625,0.009375,0.015625,0.025,0.0484375,0.0640625,0.0796875,0.0796875,0.1234375,0.1671875,0.2109375,0.2546875,0.2984375,0.3421875,0.3859375,0.115625,0.1359375,0.15625,0.1296875,0.1671875,0.2046875,0.2421875,0.28125,0.31875,0.35625,0.39375,0.2,0.225,0.25,0.3,0.290625,0.28125,0.28125,0.284375,0.34375,0.35625,0.36875,0.21875,0.228125,0.240625,0.28125,0.3,0.321875,0.3625,0.3875,0.409375,0.35,0.35625,0.359375,0.35625,0.359375,0.465625,0.428125,0.428125,0.425,0.421875,0.425,0.41875,0.421875,0.4125,0.521875,0.546875,0.56875,0.609375,0.628125,0.646875,0.56875,0.559375,0.55625,0.55,0.54375,0.54375,0.5375,0.534375,0.678125,0.696875,0.7125,0.634375,0.628125,0.621875,0.615625,0.60625,0.6,0.584375,0.575,0.746875,0.759375,0.771875,psychodidae_austria-sandfly-sampling_f_r_4aac84bbb189.png,psychodidae_austria-sandfly-sampling_f_r_4aac84bbb189.tif,Phlebotomus mascittii
,/Users/kristophernolte/Documents/phd_sandfly/json/psychodidae_austria-sandfly-sampling_f_r_4b1b7342e6a5.png,Repaired,1667,left,,,0.3453125,0.3046875,0.1328125,0.0546875,0.021875,0.009375,0.053125,0.115625,0.2015625,0.2984375,0.453125,0.41875,0.309375,0.2,0.240625,0.346875,0.425,0.5125,0.590625,0.65625,0.721875,0.775,0.515625,0.3625,0.3125,0.2765625,0.240625,0.2046875,0.16875,0.3640625,0.3828125,0.4015625,0.2625,0.21875,0.1765625,0.1125,0.090625,0.0703125,0.04375,0.0328125,0.025,0.103125,0.1515625,0.2,0.2484375,0.296875,0.009375,0.065625,0.109375,0.153125,0.196875,0.2421875,0.2859375,0.3296875,0.3734375,0.0109375,0.0234375,0.0375,0.0671875,0.0828125,0.0984375,0.09375,0.1390625,0.184375,0.228125,0.2734375,0.31875,0.3625,0.4078125,0.1359375,0.1578125,0.1796875,0.153125,0.1921875,0.2296875,0.26875,0.30625,0.3453125,0.3828125,0.421875,0.2234375,0.2484375,0.2734375,0.271875,0.253125,0.25,0.25,0.259375,0.3125,0.321875,0.33125,0.196875,0.203125,0.2125,0.259375,0.284375,0.309375,0.35625,0.378125,0.4,0.33125,0.321875,0.321875,0.325,0.328125,0.46875,0.41875,0.409375,0.4,0.403125,0.4,0.4,0.39375,0.384375,0.540625,0.565625,0.584375,0.609375,0.628125,0.646875,0.565625,0.55625,0.553125,0.54375,0.540625,0.51875,0.51875,0.515625,0.68125,0.703125,0.7125,0.64375,0.63125,0.61875,0.609375,0.6,0.5875,0.575,0.559375,0.74375,0.75625,0.765625,psychodidae_austria-sandfly-sampling_f_r_4b1b7342e6a5.png,psychodidae_austria-sandfly-sampling_f_r_4b1b7342e6a5.tif,Phlebotomus mascittii
,/Users/kristophernolte/Documents/phd_sandfly/json/psychodidae_austria-sandfly-sampling_f_r_63b566cf7ae9.png,Repaired,1500,left,,,0.3578125,0.3203125,0.1484375,0.0734375,0.0328125,0.021875,0.059375,0.1296875,0.215625,0.3484375,0.4453125,0.43125,0.334375,0.228125,0.278125,0.35625,0.4375,0.503125,0.575,0.646875,0.709375,0.7625,0.553125,0.390625,0.3265625,0.290625,0.2546875,0.2203125,0.184375,0.3765625,0.3953125,0.4140625,0.2765625,0.2328125,0.1890625,0.128125,0.1078125,0.0875,0.0609375,0.05,0.0390625,0.1203125,0.16875,0.215625,0.2640625,0.3109375,0.021875,0.0765625,0.1203125,0.165625,0.209375,0.2546875,0.2984375,0.34375,0.3875,0.025,0.0359375,0.046875,0.071875,0.090625,0.109375,0.1015625,0.1453125,0.1875,0.23125,0.2734375,0.3171875,0.359375,0.403125,0.1484375,0.1703125,0.1921875,0.1640625,0.2,0.2359375,0.2703125,0.30625,0.3421875,0.3765625,0.4125,0.2453125,0.2796875,0.3140625,0.30625,0.28125,0.275,0.275,0.278125,0.340625,0.35625,0.3625,0.221875,0.221875,0.234375,0.284375,0.303125,0.321875,0.365625,0.384375,0.409375,0.346875,0.34375,0.346875,0.346875,0.35,0.46875,0.425,0.41875,0.415625,0.41875,0.415625,0.4125,0.409375,0.409375,0.525,0.546875,0.5625,0.60625,0.61875,0.6375,0.559375,0.553125,0.55,0.55,0.546875,0.53125,0.5375,0.5375,0.671875,0.6875,0.7,0.628125,0.621875,0.61875,0.615625,0.6125,0.603125,0.596875,0.5875,0.73125,0.740625,0.75,psychodidae_austria-sandfly-sampling_f_r_63b566cf7ae9.png,psychodidae_austria-sandfly-sampling_f_r_63b566cf7ae9.tif,Phlebotomus mascittii
,/Users/kristophernolte/Documents/phd_sandfly/json/psychodidae_austria-sandfly-sampling_f_r_6ca601d7741e.png,Repaired,1607,left,,,0.3828125,0.3078125,0.1640625,0.0796875,0.053125,0.04375,0.0765625,0.153125,0.2390625,0.3109375,0.4875,0.4671875,0.353125,0.234375,0.284375,0.36875,0.434375,0.490625,0.56875,0.653125,0.728125,0.778125,0.575,0.409375,0.3515625,0.3140625,0.2765625,0.2390625,0.2015625,0.403125,0.425,0.446875,0.271875,0.234375,0.1984375,0.1421875,0.1203125,0.0984375,0.0703125,0.0609375,0.0546875,0.1296875,0.18125,0.23125,0.2828125,0.3328125,0.0421875,0.0984375,0.1453125,0.1921875,0.2375,0.284375,0.33125,0.3765625,0.4234375,0.0453125,0.05,0.0625,0.0921875,0.1125,0.1328125,0.121875,0.1671875,0.2125,0.2578125,0.3046875,0.35,0.3953125,0.440625,0.171875,0.19375,0.215625,0.1890625,0.2265625,0.2640625,0.3015625,0.3375,0.375,0.4125,0.45,0.2546875,0.2734375,0.2921875,0.315625,0.29375,0.290625,0.290625,0.290625,0.35625,0.36875,0.384375,0.2375,0.240625,0.246875,0.3,0.3125,0.334375,0.375,0.39375,0.4125,0.35625,0.353125,0.3625,0.36875,0.371875,0.459375,0.425,0.425,0.428125,0.43125,0.43125,0.434375,0.434375,0.428125,0.515625,0.540625,0.5625,0.6,0.621875,0.64375,0.559375,0.553125,0.546875,0.553125,0.553125,0.55625,0.553125,0.55,0.68125,0.703125,0.71875,0.64375,0.634375,0.628125,0.625,0.615625,0.6125,0.60625,0.6,0.75,0.759375,0.76875,psychodidae_austria-sandfly-sampling_f_r_6ca601d7741e.png,psychodidae_austria-sandfly-sampling_f_r_6ca601d7741e.tif,Phlebotomus mascittii
,/Users/kristophernolte/Documents/phd_sandfly/json/psychodidae_austria-sandfly-sampling_f_r_76117382f0ec.png,Repaired,1777,left,,,0.35,0.3375,0.115625,0.0484375,0.01875,0.009375,0.04375,0.1140625,0.190625,0.28125,0.459375,0.421875,0.278125,0.196875,0.21875,0.30625,0.3875,0.465625,0.54375,0.628125,0.7,0.759375,0.509375,0.3375,0.3125,0.2734375,0.2328125,0.19375,0.1546875,0.36875,0.3875,0.40625,0.28125,0.225,0.16875,0.0984375,0.08125,0.0640625,0.0375,0.028125,0.021875,0.0984375,0.1484375,0.2,0.25,0.3,0.009375,0.0625,0.1078125,0.153125,0.196875,0.2421875,0.2875,0.33125,0.3765625,0.0109375,0.01875,0.03125,0.0578125,0.0765625,0.0953125,0.0890625,0.1359375,0.1828125,0.2296875,0.275,0.321875,0.36875,0.415625,0.13125,0.1515625,0.1703125,0.1515625,0.190625,0.228125,0.2671875,0.3046875,0.34375,0.38125,0.4203125,0.2109375,0.234375,0.2578125,0.24375,0.23125,0.221875,0.221875,0.228125,0.2875,0.3,0.309375,0.159375,0.159375,0.175,0.23125,0.253125,0.275,0.321875,0.340625,0.3625,0.303125,0.3,0.3,0.303125,0.309375,0.425,0.384375,0.38125,0.375,0.378125,0.378125,0.371875,0.36875,0.3625,0.4875,0.5125,0.534375,0.575,0.596875,0.61875,0.53125,0.525,0.515625,0.515625,0.5125,0.503125,0.496875,0.490625,0.653125,0.671875,0.690625,0.60625,0.596875,0.5875,0.578125,0.571875,0.565625,0.55625,0.546875,0.721875,0.740625,0.753125,psychodidae_austria-sandfly-sampling_f_r_76117382f0ec.png,psychodidae_austria-sandfly-sampling_f_r_76117382f0ec.tif,Phlebotomus mascittii
,/Users/kristophernolte/Documents/phd_sandfly/json/psychodidae_austria-sandfly-sampling_f_r_828312c434a3.png,Repaired,1609,left,,,0.3421875,0.2921875,0.128125,0.059375,0.021875,0.009375,0.0390625,0.1046875,0.2,0.2953125,0.4328125,0.4171875,0.315625,0.2125,0.246875,0.328125,0.403125,0.475,0.546875,0.628125,0.703125,0.753125,0.53125,0.390625,0.30625,0.2703125,0.234375,0.1984375,0.1625,0.3625,0.3828125,0.403125,0.2515625,0.2109375,0.1703125,0.1109375,0.0921875,0.0734375,0.0484375,0.0375,0.028125,0.10625,0.1546875,0.203125,0.25,0.2984375,0.009375,0.065625,0.109375,0.153125,0.196875,0.240625,0.284375,0.328125,0.371875,0.009375,0.0171875,0.028125,0.0515625,0.06875,0.0859375,0.0828125,0.1265625,0.1703125,0.2140625,0.2578125,0.3015625,0.3453125,0.3890625,0.1265625,0.1515625,0.175,0.140625,0.178125,0.2140625,0.2515625,0.2875,0.325,0.3609375,0.3984375,0.221875,0.246875,0.2703125,0.28125,0.265625,0.259375,0.2625,0.2625,0.328125,0.346875,0.359375,0.209375,0.209375,0.21875,0.259375,0.278125,0.296875,0.334375,0.35625,0.378125,0.33125,0.334375,0.3375,0.340625,0.340625,0.4375,0.403125,0.403125,0.403125,0.40625,0.40625,0.403125,0.4,0.396875,0.496875,0.51875,0.540625,0.575,0.596875,0.61875,0.540625,0.5375,0.534375,0.5375,0.528125,0.521875,0.525,0.503125,0.653125,0.675,0.690625,0.6125,0.609375,0.603125,0.6,0.590625,0.5875,0.578125,0.565625,0.721875,0.740625,0.75,psychodidae_austria-sandfly-sampling_f_r_828312c434a3.png,psychodidae_austria-sandfly-sampling_f_r_828312c434a3.tif,Phlebotomus mascittii
,/Users/kristophernolte/Documents/phd_sandfly/json/psychodidae_austria-sandfly-sampling_f_r_82adc6ef8281.png,Repaired,1228,left,,,0.3515625,0.3015625,0.15,0.0625,0.021875,0.0078125,0.046875,0.115625,0.190625,0.31875,0.4453125,0.45,0.315625,0.203125,0.23125,0.321875,0.40625,0.475,0.559375,0.6375,0.71875,0.78125,0.553125,0.384375,0.3203125,0.2859375,0.2515625,0.2171875,0.1828125,0.3765625,0.4015625,0.4265625,0.2640625,0.2265625,0.1890625,0.128125,0.1046875,0.0828125,0.05,0.0359375,0.0265625,0.1109375,0.159375,0.2078125,0.25625,0.3046875,0.0078125,0.06875,0.1171875,0.1640625,0.2125,0.259375,0.3078125,0.3546875,0.403125,0.0109375,0.021875,0.034375,0.0609375,0.0796875,0.096875,0.0890625,0.134375,0.178125,0.2234375,0.2671875,0.3125,0.35625,0.4015625,0.13125,0.1515625,0.1703125,0.1515625,0.1890625,0.225,0.2625,0.2984375,0.3359375,0.371875,0.409375,0.221875,0.2546875,0.2859375,0.278125,0.2625,0.25625,0.253125,0.25,0.33125,0.340625,0.35625,0.196875,0.203125,0.209375,0.24375,0.265625,0.2875,0.334375,0.35625,0.378125,0.321875,0.31875,0.325,0.33125,0.334375,0.4375,0.396875,0.4,0.4,0.403125,0.4,0.403125,0.403125,0.40625,0.5,0.525,0.55,0.5875,0.60625,0.628125,0.546875,0.546875,0.546875,0.54375,0.540625,0.5375,0.540625,0.534375,0.665625,0.6875,0.70625,0.621875,0.61875,0.61875,0.6125,0.6125,0.603125,0.590625,0.584375,0.746875,0.765625,0.78125,psychodidae_austria-sandfly-sampling_f_r_82adc6ef8281.png,psychodidae_austria-sandfly-sampling_f_r_82adc6ef8281.tif,Phlebotomus mascittii
,/Users/kristophernolte/Documents/phd_sandfly/json/psychodidae_austria-sandfly-sampling_f_r_88f5a078aeb7.png,Repaired,1667,left,,,0.3796875,0.3453125,0.1546875,0.09375,0.0609375,0.0484375,0.0828125,0.1421875,0.2265625,0.3140625,0.4765625,0.45625,0.21875,0.10625,0.159375,0.225,0.309375,0.384375,0.459375,0.5375,0.621875,0.68125,0.459375,0.28125,0.3453125,0.3078125,0.26875,0.23125,0.19375,0.3984375,0.41875,0.4390625,0.296875,0.2484375,0.2,0.1390625,0.121875,0.10625,0.0828125,0.0703125,0.0625,0.140625,0.1890625,0.2359375,0.284375,0.33125,0.0484375,0.1046875,0.1484375,0.1921875,0.2359375,0.2796875,0.3234375,0.3671875,0.4109375,0.05,0.059375,0.0703125,0.0921875,0.109375,0.125,0.1265625,0.1703125,0.2140625,0.2578125,0.3015625,0.3453125,0.3890625,0.4328125,0.1609375,0.1828125,0.2046875,0.178125,0.215625,0.253125,0.290625,0.328125,0.365625,0.403125,0.440625,0.2453125,0.26875,0.290625,0.184375,0.16875,0.171875,0.159375,0.1625,0.225,0.2375,0.25625,0.1,0.103125,0.11875,0.1625,0.178125,0.196875,0.2375,0.2625,0.284375,0.228125,0.23125,0.23125,0.2375,0.2375,0.34375,0.30625,0.303125,0.303125,0.30625,0.30625,0.30625,0.3,0.3,0.40625,0.428125,0.446875,0.4875,0.515625,0.53125,0.453125,0.446875,0.44375,0.440625,0.44375,0.434375,0.43125,0.434375,0.565625,0.590625,0.6125,0.525,0.51875,0.521875,0.509375,0.503125,0.5,0.49375,0.484375,0.646875,0.6625,0.675,psychodidae_austria-sandfly-sampling_f_r_88f5a078aeb7.png,psychodidae_austria-sandfly-sampling_f_r_88f5a078aeb7.tif,Phlebotomus mascittii
,/Users/kristophernolte/Documents/phd_sandfly/json/psychodidae_austria-sandfly-sampling_f_r_8cfb5d9210dc.png,Repaired,1650,left,,,0.3453125,0.33125,0.13125,0.0578125,0.01875,0.0078125,0.040625,0.1078125,0.196875,0.2859375,0.421875,0.4171875,0.3375,0.225,0.253125,0.34375,0.421875,0.490625,0.56875,0.646875,0.71875,0.775,0.575,0.396875,0.3125,0.275,0.2390625,0.2015625,0.165625,0.3640625,0.3828125,0.4015625,0.28125,0.23125,0.18125,0.1125,0.0921875,0.0734375,0.046875,0.034375,0.025,0.1046875,0.153125,0.2015625,0.2484375,0.296875,0.0078125,0.0625,0.10625,0.1515625,0.1953125,0.2390625,0.284375,0.328125,0.371875,0.009375,0.0171875,0.028125,0.0546875,0.071875,0.0890625,0.0828125,0.125,0.1671875,0.209375,0.2515625,0.29375,0.3359375,0.378125,0.128125,0.1515625,0.1734375,0.140625,0.1765625,0.2109375,0.246875,0.28125,0.3171875,0.3515625,0.3875,0.215625,0.2390625,0.2625,0.29375,0.275,0.26875,0.265625,0.26875,0.34375,0.35625,0.375,0.221875,0.215625,0.221875,0.265625,0.2875,0.309375,0.353125,0.375,0.396875,0.3375,0.340625,0.34375,0.34375,0.35,0.45625,0.415625,0.4125,0.415625,0.41875,0.41875,0.421875,0.421875,0.41875,0.5125,0.5375,0.559375,0.596875,0.6125,0.63125,0.559375,0.553125,0.553125,0.553125,0.553125,0.55,0.55,0.553125,0.671875,0.690625,0.709375,0.63125,0.63125,0.625,0.625,0.61875,0.61875,0.60625,0.6,0.740625,0.75625,0.76875,psychodidae_austria-sandfly-sampling_f_r_8cfb5d9210dc.png,psychodidae_austria-sandfly-sampling_f_r_8cfb5d9210dc.tif,Phlebotomus mascittii
,/Users/kristophernolte/Documents/phd_sandfly/json/psychodidae_austria-sandfly-sampling_f_r_bc9cb782be79.png,Repaired,1543,left,,,0.340625,0.303125,0.121875,0.0578125,0.01875,0.0078125,0.0421875,0.0984375,0.1859375,0.3015625,0.428125,0.4171875,0.334375,0.21875,0.25625,0.328125,0.40625,0.484375,0.56875,0.653125,0.728125,0.7875,0.56875,0.3875,0.309375,0.271875,0.234375,0.196875,0.159375,0.359375,0.3796875,0.4,0.2578125,0.2125,0.1671875,0.1046875,0.0875,0.0703125,0.046875,0.034375,0.025,0.1046875,0.1515625,0.1984375,0.2453125,0.2921875,0.009375,0.0625,0.10625,0.1515625,0.1953125,0.240625,0.284375,0.3296875,0.3734375,0.009375,0.01875,0.0296875,0.0515625,0.0671875,0.0828125,0.084375,0.128125,0.171875,0.2140625,0.2578125,0.3015625,0.34375,0.3875,0.1203125,0.1421875,0.1640625,0.134375,0.171875,0.209375,0.2453125,0.2828125,0.3203125,0.35625,0.39375,0.2125,0.2421875,0.271875,0.29375,0.275,0.26875,0.271875,0.26875,0.340625,0.35,0.3625,0.2125,0.215625,0.228125,0.265625,0.28125,0.303125,0.3375,0.359375,0.38125,0.3375,0.340625,0.35,0.35,0.35,0.44375,0.409375,0.4125,0.415625,0.41875,0.41875,0.41875,0.41875,0.415625,0.509375,0.534375,0.559375,0.59375,0.615625,0.6375,0.55625,0.55625,0.553125,0.55,0.546875,0.546875,0.540625,0.540625,0.678125,0.696875,0.71875,0.634375,0.628125,0.621875,0.621875,0.61875,0.6125,0.603125,0.584375,0.75625,0.771875,0.784375,psychodidae_austria-sandfly-sampling_f_r_bc9cb782be79.png,psychodidae_austria-sandfly-sampling_f_r_bc9cb782be79.tif,Phlebotomus mascittii
,/Users/kristophernolte/Documents/phd_sandfly/json/psychodidae_austria-sandfly-sampling_f_r_d52c306b4c4f.png,Repaired,1690,left,,,0.375,0.3078125,0.1328125,0.0578125,0.0171875,0.00625,0.0421875,0.1125,0.1984375,0.3046875,0.46875,0.45625,0.340625,0.225,0.271875,0.35625,0.44375,0.509375,0.59375,0.68125,0.74375,0.80625,0.55625,0.403125,0.3375,0.2953125,0.2546875,0.2125,0.171875,0.3953125,0.4171875,0.4375,0.2640625,0.2203125,0.1765625,0.1140625,0.0953125,0.0765625,0.0453125,0.034375,0.0234375,0.1109375,0.1640625,0.2171875,0.2703125,0.3234375,0.0078125,0.065625,0.1140625,0.1625,0.2109375,0.2609375,0.309375,0.3578125,0.40625,0.0078125,0.0171875,0.0296875,0.05625,0.075,0.09375,0.0890625,0.1359375,0.184375,0.23125,0.278125,0.3265625,0.3734375,0.4203125,0.1328125,0.1546875,0.1765625,0.1484375,0.1890625,0.2296875,0.2703125,0.3109375,0.3515625,0.3921875,0.4328125,0.2234375,0.25,0.2765625,0.30625,0.284375,0.28125,0.28125,0.284375,0.35,0.359375,0.371875,0.221875,0.23125,0.240625,0.2875,0.3,0.321875,0.36875,0.39375,0.41875,0.353125,0.353125,0.359375,0.359375,0.3625,0.475,0.434375,0.434375,0.43125,0.43125,0.428125,0.428125,0.425,0.425,0.534375,0.559375,0.584375,0.625,0.65,0.66875,0.58125,0.578125,0.571875,0.55625,0.553125,0.559375,0.546875,0.54375,0.7,0.721875,0.7375,0.665625,0.64375,0.646875,0.6375,0.628125,0.61875,0.609375,0.6,0.771875,0.784375,0.796875,psychodidae_austria-sandfly-sampling_f_r_d52c306b4c4f.png,psychodidae_austria-sandfly-sampling_f_r_d52c306b4c4f.tif,Phlebotomus mascittii
,/Users/kristophernolte/Documents/phd_sandfly/json/psychodidae_austria-sandfly-sampling_f_r_ee525949362e.png,Repaired,1492,right,,,0.6375,0.665625,0.8484375,0.934375,0.975,0.9859375,0.953125,0.8625,0.7890625,0.6828125,0.55625,0.5671875,0.2875,0.18125,0.1875,0.26875,0.353125,0.425,0.50625,0.603125,0.671875,0.734375,0.50625,0.35625,0.6703125,0.70625,0.7421875,0.778125,0.8140625,0.6203125,0.6015625,0.584375,0.7109375,0.75625,0.8015625,0.8703125,0.8921875,0.9140625,0.946875,0.959375,0.9703125,0.884375,0.834375,0.784375,0.734375,0.684375,0.9859375,0.9296875,0.884375,0.8390625,0.79375,0.7484375,0.703125,0.6578125,0.6125,0.984375,0.9765625,0.965625,0.9359375,0.9109375,0.8875,0.909375,0.865625,0.821875,0.778125,0.7328125,0.6890625,0.6453125,0.6015625,0.846875,0.828125,0.809375,0.828125,0.79375,0.759375,0.725,0.690625,0.65625,0.621875,0.5875,0.7640625,0.7375,0.7109375,0.246875,0.23125,0.221875,0.21875,0.21875,0.3,0.315625,0.33125,0.16875,0.1625,0.16875,0.203125,0.221875,0.234375,0.28125,0.303125,0.328125,0.275,0.278125,0.284375,0.29375,0.3,0.3875,0.35,0.35,0.35,0.35625,0.3625,0.3625,0.365625,0.36875,0.446875,0.471875,0.49375,0.54375,0.571875,0.59375,0.503125,0.503125,0.503125,0.496875,0.496875,0.496875,0.5,0.496875,0.634375,0.646875,0.665625,0.58125,0.575,0.571875,0.571875,0.565625,0.559375,0.553125,0.540625,0.696875,0.715625,0.728125,psychodidae_austria-sandfly-sampling_f_r_ee525949362e.png,psychodidae_austria-sandfly-sampling_f_r_ee525949362e.tif,Phlebotomus mascittii
,/Users/kristophernolte/Documents/phd_sandfly/json/psychodidae_austria-sandfly-sampling_f_r_f2fec7de2742.png,Repaired,1698,left,,,0.3796875,0.3390625,0.15625,0.1,0.065625,0.0515625,0.090625,0.1609375,0.2359375,0.3390625,0.4734375,0.46875,0.20625,0.0875,0.15625,0.240625,0.328125,0.4,0.48125,0.575,0.6375,0.690625,0.440625,0.26875,0.3421875,0.3046875,0.2671875,0.2296875,0.1921875,0.4015625,0.425,0.4484375,0.29375,0.246875,0.2015625,0.140625,0.125,0.109375,0.0875,0.078125,0.06875,0.146875,0.19375,0.240625,0.2875,0.334375,0.053125,0.109375,0.1546875,0.2,0.24375,0.2890625,0.334375,0.378125,0.4234375,0.053125,0.0640625,0.0765625,0.103125,0.121875,0.140625,0.1328125,0.175,0.2171875,0.259375,0.303125,0.3453125,0.3875,0.4296875,0.1796875,0.1984375,0.2171875,0.1921875,0.2265625,0.2625,0.296875,0.3328125,0.3671875,0.403125,0.4375,0.2609375,0.2875,0.3125,0.175,0.159375,0.15625,0.159375,0.1625,0.21875,0.228125,0.23125,0.090625,0.1,0.1125,0.16875,0.1875,0.2125,0.25,0.275,0.3,0.2375,0.234375,0.234375,0.2375,0.234375,0.3625,0.321875,0.315625,0.3125,0.3125,0.309375,0.303125,0.29375,0.2875,0.425,0.45,0.471875,0.5125,0.534375,0.553125,0.46875,0.459375,0.453125,0.440625,0.434375,0.434375,0.428125,0.415625,0.590625,0.60625,0.625,0.540625,0.534375,0.51875,0.515625,0.515625,0.496875,0.4875,0.471875,0.65625,0.66875,0.68125,psychodidae_austria-sandfly-sampling_f_r_f2fec7de2742.png,psychodidae_austria-sandfly-sampling_f_r_f2fec7de2742.tif,Phlebotomus mascittii
,/Users/kristophernolte/Documents/phd_sandfly/json/psychodidae_austria-sandfly-sampling_f_r_f4c3405c4209.png,Repaired,1519,left,,,0.4,0.3515625,0.1734375,0.0875,0.05,0.0359375,0.0703125,0.15,0.221875,0.3296875,0.4640625,0.475,0.359375,0.2375,0.271875,0.36875,0.44375,0.521875,0.603125,0.6875,0.75625,0.81875,0.609375,0.409375,0.3640625,0.325,0.2875,0.2484375,0.2109375,0.4203125,0.440625,0.4609375,0.30625,0.2609375,0.215625,0.1515625,0.128125,0.10625,0.0765625,0.065625,0.0546875,0.1390625,0.190625,0.24375,0.2953125,0.346875,0.0375,0.096875,0.14375,0.190625,0.2375,0.2859375,0.3328125,0.3796875,0.4265625,0.0375,0.0453125,0.0578125,0.0859375,0.1078125,0.128125,0.1140625,0.1578125,0.2015625,0.2453125,0.2890625,0.3328125,0.3765625,0.4203125,0.1640625,0.1828125,0.2015625,0.184375,0.21875,0.2546875,0.2890625,0.3234375,0.359375,0.39375,0.428125,0.246875,0.275,0.3015625,0.321875,0.2875,0.28125,0.28125,0.284375,0.3625,0.375,0.384375,0.228125,0.23125,0.240625,0.284375,0.303125,0.325,0.378125,0.396875,0.41875,0.3625,0.359375,0.359375,0.359375,0.3625,0.48125,0.44375,0.4375,0.4375,0.434375,0.43125,0.434375,0.43125,0.43125,0.546875,0.571875,0.59375,0.634375,0.65625,0.675,0.596875,0.590625,0.58125,0.5875,0.584375,0.578125,0.575,0.56875,0.715625,0.73125,0.740625,0.671875,0.66875,0.6625,0.653125,0.65,0.640625,0.63125,0.63125,0.7875,0.80625,0.815625,psychodidae_austria-sandfly-sampling_f_r_f4c3405c4209.png,psychodidae_austria-sandfly-sampling_f_r_f4c3405c4209.tif,Phlebotomus mascittii
,/Users/kristophernolte/Documents/phd_sandfly/json/psychodidae_benin-sandfly-sampling_f_l_0089bf4cf0cb.png,Full Skeleton,1303,left,,,0.3484375,0.3453125,0.2390625,0.1375,0.034375,0.0109375,0.103125,0.209375,0.303125,0.4421875,0.49375,0.6078125,0.471875,0.371875,0.3875,0.440625,0.55625,0.640625,0.771875,0.840625,0.890625,0.93125,0.746875,0.5625,0.3328125,0.3125,0.29375,0.2734375,0.2546875,0.4140625,0.4796875,0.5453125,0.31875,0.2921875,0.265625,0.2140625,0.1875,0.1625,0.1109375,0.0828125,0.05625,0.1703125,0.20625,0.2421875,0.278125,0.3140625,0.015625,0.096875,0.1609375,0.225,0.2890625,0.3515625,0.415625,0.4796875,0.54375,0.0234375,0.05,0.0765625,0.1265625,0.1546875,0.18125,0.1453125,0.1890625,0.2328125,0.2765625,0.3203125,0.3640625,0.4078125,0.4515625,0.23125,0.2546875,0.278125,0.2390625,0.271875,0.303125,0.3359375,0.3671875,0.4,0.43125,0.4640625,0.3359375,0.371875,0.40625,0.45,0.4375,0.428125,0.41875,0.409375,0.48125,0.49375,0.5125,0.365625,0.371875,0.375,0.390625,0.403125,0.41875,0.45,0.48125,0.50625,0.465625,0.478125,0.4875,0.490625,0.4875,0.59375,0.5625,0.56875,0.571875,0.56875,0.56875,0.56875,0.571875,0.575,0.690625,0.725,0.75625,0.796875,0.81875,0.83125,0.74375,0.740625,0.7375,0.73125,0.728125,0.725,0.725,0.725,0.859375,0.871875,0.884375,0.815625,0.809375,0.8,0.79375,0.790625,0.784375,0.78125,0.771875,0.909375,0.921875,0.93125,psychodidae_benin-sandfly-sampling_f_l_0089bf4cf0cb.png,psychodidae_benin-sandfly-sampling_f_l_0089bf4cf0cb.tif,Sergentomyia distincta
,/Users/kristophernolte/Documents/phd_sandfly/json/psychodidae_benin-sandfly-sampling_f_l_1168f5ba1078.png,Full Skeleton,1596,left,,,0.3375,0.2875,0.1859375,0.09375,0.03125,0.0109375,0.065625,0.159375,0.2453125,0.3828125,0.46875,0.521875,0.34375,0.240625,0.26875,0.340625,0.428125,0.5125,0.6125,0.7,0.746875,0.771875,0.584375,0.396875,0.3140625,0.2875,0.2625,0.2359375,0.2109375,0.384375,0.43125,0.478125,0.2625,0.2375,0.2125,0.1625,0.1390625,0.115625,0.078125,0.0609375,0.04375,0.134375,0.175,0.215625,0.25625,0.296875,0.0140625,0.084375,0.1390625,0.19375,0.2484375,0.303125,0.3578125,0.4125,0.4671875,0.0140625,0.03125,0.0484375,0.0859375,0.1109375,0.134375,0.109375,0.1546875,0.2,0.2453125,0.290625,0.3359375,0.38125,0.4265625,0.1796875,0.2015625,0.2234375,0.1921875,0.2265625,0.2609375,0.2953125,0.33125,0.365625,0.4,0.434375,0.2796875,0.3140625,0.3484375,0.31875,0.309375,0.303125,0.296875,0.290625,0.346875,0.35,0.359375,0.240625,0.246875,0.25,0.278125,0.29375,0.309375,0.35,0.371875,0.396875,0.35625,0.359375,0.3625,0.365625,0.365625,0.465625,0.4375,0.4375,0.43125,0.4375,0.434375,0.428125,0.421875,0.41875,0.54375,0.575,0.6,0.640625,0.665625,0.684375,0.59375,0.59375,0.590625,0.584375,0.578125,0.571875,0.56875,0.565625,0.71875,0.73125,0.74375,0.675,0.665625,0.659375,0.65,0.640625,0.634375,0.625,0.6125,0.765625,0.771875,0.775,psychodidae_benin-sandfly-sampling_f_l_1168f5ba1078.png,psychodidae_benin-sandfly-sampling_f_l_1168f5ba1078.tif,Sergentomyia schwetzi
,/Users/kristophernolte/Documents/phd_sandfly/json/psychodidae_benin-sandfly-sampling_f_l_1f26b16caefe.png,Full Skeleton,1711,left,,,0.4078125,0.3265625,0.2078125,0.1171875,0.05625,0.040625,0.1140625,0.2109375,0.30625,0.428125,0.5765625,0.6296875,0.31875,0.2125,0.259375,0.35,0.4625,0.540625,0.634375,0.703125,0.75,0.78125,0.559375,0.365625,0.378125,0.34375,0.309375,0.275,0.240625,0.4640625,0.5203125,0.5765625,0.296875,0.265625,0.2359375,0.184375,0.1609375,0.1375,0.0984375,0.08125,0.0640625,0.165625,0.2140625,0.2625,0.3109375,0.359375,0.040625,0.11875,0.1828125,0.246875,0.3109375,0.3734375,0.4375,0.5015625,0.565625,0.053125,0.0734375,0.09375,0.1359375,0.1609375,0.1859375,0.1640625,0.215625,0.2671875,0.31875,0.3703125,0.421875,0.4734375,0.525,0.2328125,0.2578125,0.28125,0.25,0.290625,0.33125,0.371875,0.4140625,0.4546875,0.4953125,0.5359375,0.334375,0.365625,0.396875,0.29375,0.2875,0.28125,0.278125,0.271875,0.31875,0.31875,0.33125,0.2125,0.225,0.234375,0.271875,0.296875,0.3125,0.371875,0.396875,0.425,0.35625,0.353125,0.35,0.35,0.346875,0.5,0.453125,0.440625,0.43125,0.421875,0.4125,0.403125,0.396875,0.390625,0.578125,0.60625,0.628125,0.6625,0.678125,0.69375,0.6125,0.6,0.590625,0.578125,0.56875,0.559375,0.55,0.54375,0.721875,0.734375,0.746875,0.678125,0.6625,0.65,0.640625,0.63125,0.621875,0.609375,0.596875,0.765625,0.771875,0.775,psychodidae_benin-sandfly-sampling_f_l_1f26b16caefe.png,psychodidae_benin-sandfly-sampling_f_l_1f26b16caefe.tif,Sergentomyia schwetzi
,/Users/kristophernolte/Documents/phd_sandfly/json/psychodidae_benin-sandfly-sampling_f_l_7e2b68e18984.png,Full Skeleton,1309,right,,,0.68125,0.70625,0.7875,0.8859375,0.965625,0.9875,0.9203125,0.828125,0.7421875,0.653125,0.5828125,0.459375,0.353125,0.259375,0.278125,0.334375,0.425,0.49375,0.596875,0.66875,0.709375,0.734375,0.56875,0.40625,0.696875,0.715625,0.734375,0.753125,0.771875,0.6265625,0.5703125,0.5140625,0.7265625,0.746875,0.7671875,0.8125,0.8375,0.8625,0.90625,0.928125,0.95,0.853125,0.81875,0.784375,0.75,0.715625,0.9828125,0.909375,0.853125,0.796875,0.740625,0.684375,0.628125,0.571875,0.515625,0.9796875,0.959375,0.940625,0.8984375,0.875,0.8515625,0.8828125,0.8453125,0.8078125,0.7703125,0.7328125,0.6953125,0.6578125,0.6203125,0.8078125,0.7859375,0.7640625,0.8046875,0.7765625,0.7484375,0.7203125,0.69375,0.665625,0.6375,0.609375,0.7203125,0.6984375,0.6765625,0.33125,0.321875,0.3125,0.30625,0.296875,0.35625,0.365625,0.375,0.259375,0.2625,0.265625,0.28125,0.296875,0.309375,0.34375,0.365625,0.390625,0.353125,0.359375,0.365625,0.371875,0.371875,0.453125,0.428125,0.43125,0.43125,0.43125,0.428125,0.425,0.425,0.421875,0.53125,0.559375,0.584375,0.625,0.64375,0.659375,0.578125,0.578125,0.56875,0.5625,0.559375,0.55625,0.553125,0.553125,0.684375,0.696875,0.70625,0.646875,0.6375,0.63125,0.625,0.61875,0.6125,0.603125,0.59375,0.721875,0.728125,0.734375,psychodidae_benin-sandfly-sampling_f_l_7e2b68e18984.png,psychodidae_benin-sandfly-sampling_f_l_7e2b68e18984.tif,Sergentomyia schwetzi
,/Users/kristophernolte/Documents/phd_sandfly/json/psychodidae_benin-sandfly-sampling_f_l_7f3b0f0e54de.png,Full Skeleton,1078,left,,,0.3640625,0.3171875,0.1953125,0.10625,0.0328125,0.015625,0.0921875,0.1796875,0.2703125,0.409375,0.525,0.6046875,0.328125,0.23125,0.28125,0.353125,0.45625,0.5375,0.634375,0.684375,0.725,0.76875,0.571875,0.384375,0.3375,0.309375,0.2796875,0.2515625,0.2234375,0.425,0.4859375,0.546875,0.2875,0.25625,0.225,0.1734375,0.15,0.1265625,0.0875,0.0671875,0.046875,0.146875,0.190625,0.234375,0.278125,0.321875,0.0140625,0.0953125,0.159375,0.2234375,0.2859375,0.35,0.4140625,0.4765625,0.540625,0.028125,0.05,0.0703125,0.1125,0.134375,0.15625,0.1375,0.1859375,0.234375,0.2828125,0.33125,0.3796875,0.428125,0.4765625,0.2015625,0.225,0.246875,0.215625,0.2546875,0.29375,0.3328125,0.371875,0.4109375,0.45,0.4890625,0.303125,0.3390625,0.3734375,0.30625,0.3,0.29375,0.29375,0.296875,0.328125,0.33125,0.340625,0.234375,0.246875,0.259375,0.290625,0.303125,0.325,0.365625,0.396875,0.421875,0.359375,0.359375,0.359375,0.359375,0.353125,0.49375,0.45,0.446875,0.440625,0.434375,0.425,0.415625,0.40625,0.403125,0.575,0.603125,0.625,0.653125,0.665625,0.675,0.615625,0.6125,0.60625,0.59375,0.584375,0.571875,0.565625,0.55625,0.696875,0.709375,0.71875,0.671875,0.66875,0.6625,0.65,0.640625,0.63125,0.615625,0.6,0.74375,0.759375,0.76875,psychodidae_benin-sandfly-sampling_f_l_7f3b0f0e54de.png,psychodidae_benin-sandfly-sampling_f_l_7f3b0f0e54de.tif,Sergentomyia schwetzi
,/Users/kristophernolte/Documents/phd_sandfly/json/psychodidae_benin-sandfly-sampling_f_l_8166700017c7.png,Full Skeleton,1470,left,,,0.321875,0.3078125,0.2046875,0.1171875,0.0453125,0.028125,0.096875,0.178125,0.26875,0.3953125,0.4796875,0.5453125,0.321875,0.23125,0.271875,0.3375,0.44375,0.521875,0.6125,0.6625,0.69375,0.70625,0.528125,0.359375,0.3046875,0.284375,0.2640625,0.24375,0.2234375,0.378125,0.434375,0.490625,0.2828125,0.25625,0.23125,0.1828125,0.159375,0.1359375,0.0984375,0.0796875,0.0609375,0.1515625,0.1859375,0.2203125,0.2546875,0.2890625,0.0296875,0.1,0.15625,0.2109375,0.2671875,0.321875,0.378125,0.4328125,0.4890625,0.0375,0.0578125,0.0765625,0.1140625,0.1359375,0.15625,0.1375,0.1796875,0.2234375,0.265625,0.309375,0.3515625,0.3953125,0.4375,0.1984375,0.221875,0.2453125,0.2078125,0.2421875,0.2765625,0.3109375,0.3453125,0.3796875,0.4140625,0.4484375,0.3,0.33125,0.3625,0.303125,0.29375,0.2875,0.284375,0.28125,0.31875,0.321875,0.328125,0.23125,0.240625,0.246875,0.278125,0.29375,0.309375,0.359375,0.38125,0.409375,0.35,0.35,0.35,0.35,0.34375,0.478125,0.4375,0.43125,0.41875,0.409375,0.4,0.390625,0.3875,0.38125,0.55625,0.584375,0.6,0.634375,0.646875,0.659375,0.58125,0.56875,0.55625,0.546875,0.5375,0.528125,0.51875,0.515625,0.68125,0.6875,0.696875,0.6375,0.628125,0.615625,0.60625,0.596875,0.584375,0.571875,0.55625,0.70625,0.709375,0.7125,psychodidae_benin-sandfly-sampling_f_l_8166700017c7.png,psychodidae_benin-sandfly-sampling_f_l_8166700017c7.tif,Sergentomyia distincta
,/Users/kristophernolte/Documents/phd_sandfly/json/psychodidae_benin-sandfly-sampling_f_l_8e69ef0d236f.png,Full Skeleton,1588,left,,,0.3640625,0.2953125,0.1921875,0.1046875,0.034375,0.0125,0.075,0.16875,0.2515625,0.39375,0.51875,0.565625,0.33125,0.215625,0.25,0.31875,0.425,0.50625,0.60625,0.69375,0.746875,0.784375,0.56875,0.3875,0.3390625,0.309375,0.2796875,0.25,0.2203125,0.4140625,0.465625,0.5171875,0.2703125,0.24375,0.2171875,0.1703125,0.146875,0.125,0.0859375,0.0671875,0.0484375,0.146875,0.190625,0.234375,0.278125,0.321875,0.015625,0.0921875,0.1515625,0.2109375,0.2703125,0.328125,0.3875,0.446875,0.50625,0.0203125,0.0390625,0.05625,0.096875,0.1203125,0.14375,0.1234375,0.1734375,0.2234375,0.271875,0.321875,0.371875,0.4203125,0.4703125,0.1875,0.209375,0.2296875,0.20625,0.2453125,0.284375,0.3234375,0.3640625,0.403125,0.4421875,0.48125,0.2859375,0.321875,0.3578125,0.30625,0.29375,0.284375,0.278125,0.26875,0.334375,0.3375,0.35,0.215625,0.221875,0.23125,0.259375,0.275,0.290625,0.334375,0.359375,0.3875,0.334375,0.340625,0.34375,0.35,0.35,0.4625,0.425,0.421875,0.425,0.425,0.421875,0.4125,0.4125,0.40625,0.540625,0.56875,0.590625,0.6375,0.659375,0.678125,0.5875,0.590625,0.58125,0.578125,0.571875,0.5625,0.559375,0.55625,0.715625,0.728125,0.740625,0.66875,0.6625,0.65625,0.646875,0.640625,0.63125,0.61875,0.603125,0.765625,0.775,0.78125,psychodidae_benin-sandfly-sampling_f_l_8e69ef0d236f.png,psychodidae_benin-sandfly-sampling_f_l_8e69ef0d236f.tif,Sergentomyia schwetzi
,/Users/kristophernolte/Documents/phd_sandfly/json/psychodidae_benin-sandfly-sampling_f_l_9efa9c69933c.png,Full Skeleton,1682,left,,,0.346875,0.2671875,0.165625,0.084375,0.0234375,0.0109375,0.0609375,0.1484375,0.2296875,0.3578125,0.478125,0.528125,0.334375,0.215625,0.25625,0.325,0.43125,0.509375,0.6125,0.7,0.74375,0.778125,0.575,0.3875,0.31875,0.2875,0.25625,0.2265625,0.1953125,0.3921875,0.4390625,0.484375,0.2421875,0.215625,0.190625,0.1453125,0.1234375,0.103125,0.0671875,0.05,0.0328125,0.1265625,0.1703125,0.215625,0.259375,0.303125,0.0125,0.0796875,0.1359375,0.1921875,0.2484375,0.3046875,0.3609375,0.4171875,0.4734375,0.015625,0.0296875,0.0453125,0.0796875,0.103125,0.125,0.10625,0.153125,0.2,0.246875,0.2921875,0.3390625,0.3859375,0.4328125,0.16875,0.1890625,0.209375,0.18125,0.21875,0.25625,0.29375,0.33125,0.36875,0.40625,0.44375,0.259375,0.2921875,0.325,0.309375,0.296875,0.2875,0.28125,0.275,0.3375,0.34375,0.353125,0.21875,0.228125,0.2375,0.2625,0.28125,0.3,0.340625,0.365625,0.396875,0.34375,0.346875,0.353125,0.35625,0.35625,0.46875,0.43125,0.43125,0.43125,0.43125,0.425,0.41875,0.4125,0.409375,0.540625,0.571875,0.596875,0.64375,0.66875,0.6875,0.596875,0.59375,0.5875,0.58125,0.575,0.571875,0.56875,0.5625,0.71875,0.73125,0.740625,0.675,0.665625,0.65625,0.65,0.640625,0.63125,0.61875,0.60625,0.759375,0.76875,0.775,psychodidae_benin-sandfly-sampling_f_l_9efa9c69933c.png,psychodidae_benin-sandfly-sampling_f_l_9efa9c69933c.tif,Sergentomyia schwetzi
,/Users/kristophernolte/Documents/phd_sandfly/json/psychodidae_benin-sandfly-sampling_f_l_9f5bcf797be5.png,Full Skeleton,1285,left,,,0.3765625,0.3546875,0.2484375,0.134375,0.040625,0.009375,0.078125,0.190625,0.2890625,0.415625,0.496875,0.6265625,0.321875,0.215625,0.2375,0.3125,0.425,0.509375,0.621875,0.70625,0.753125,0.7875,0.584375,0.3875,0.3578125,0.3359375,0.3125,0.290625,0.26875,0.4390625,0.503125,0.565625,0.328125,0.3015625,0.275,0.2203125,0.190625,0.1609375,0.109375,0.084375,0.059375,0.175,0.215625,0.25625,0.296875,0.3375,0.015625,0.1046875,0.1703125,0.2359375,0.3,0.365625,0.43125,0.4953125,0.5609375,0.015625,0.0359375,0.05625,0.103125,0.1328125,0.1609375,0.121875,0.16875,0.215625,0.2625,0.309375,0.35625,0.403125,0.45,0.2140625,0.2390625,0.2640625,0.2234375,0.2578125,0.2921875,0.3265625,0.3609375,0.3953125,0.4296875,0.4640625,0.3203125,0.3515625,0.3828125,0.3,0.2875,0.278125,0.26875,0.259375,0.33125,0.340625,0.35,0.215625,0.21875,0.221875,0.25,0.265625,0.284375,0.325,0.346875,0.384375,0.33125,0.340625,0.34375,0.346875,0.34375,0.459375,0.421875,0.425,0.421875,0.421875,0.41875,0.41875,0.4125,0.40625,0.55,0.584375,0.609375,0.653125,0.675,0.696875,0.596875,0.59375,0.584375,0.578125,0.575,0.56875,0.5625,0.565625,0.725,0.7375,0.75,0.68125,0.66875,0.659375,0.653125,0.64375,0.634375,0.625,0.6125,0.771875,0.78125,0.7875,psychodidae_benin-sandfly-sampling_f_l_9f5bcf797be5.png,psychodidae_benin-sandfly-sampling_f_l_9f5bcf797be5.tif,Sergentomyia distincta
,/Users/kristophernolte/Documents/phd_sandfly/json/psychodidae_benin-sandfly-sampling_f_l_ba23097d9ea0.png,Repaired,1533,left,,,0.328125,0.3,0.1953125,0.11875,0.0359375,0.0109375,0.0765625,0.1765625,0.2609375,0.4015625,0.46875,0.5625,0.3125,0.215625,0.246875,0.3,0.40625,0.478125,0.584375,0.66875,0.709375,0.734375,0.540625,0.359375,0.309375,0.2859375,0.2640625,0.240625,0.21875,0.3875,0.446875,0.50625,0.271875,0.24375,0.215625,0.1765625,0.15625,0.1359375,0.096875,0.0734375,0.05,0.153125,0.1890625,0.2234375,0.259375,0.29375,0.0171875,0.09375,0.153125,0.2109375,0.2703125,0.328125,0.3875,0.4453125,0.5046875,0.01875,0.0375,0.05625,0.0984375,0.125,0.15,0.1203125,0.1640625,0.2078125,0.2515625,0.2953125,0.3390625,0.3828125,0.4265625,0.1953125,0.2171875,0.2390625,0.20625,0.2390625,0.271875,0.3046875,0.3390625,0.371875,0.4046875,0.4375,0.29375,0.3296875,0.365625,0.2875,0.278125,0.26875,0.2625,0.253125,0.3125,0.31875,0.328125,0.2125,0.21875,0.221875,0.25,0.2625,0.275,0.309375,0.33125,0.3625,0.31875,0.328125,0.328125,0.328125,0.325,0.4375,0.409375,0.40625,0.40625,0.40625,0.39375,0.390625,0.38125,0.375,0.515625,0.546875,0.56875,0.615625,0.640625,0.65625,0.56875,0.56875,0.559375,0.55,0.54375,0.534375,0.53125,0.528125,0.684375,0.696875,0.70625,0.64375,0.63125,0.625,0.615625,0.603125,0.59375,0.584375,0.571875,0.73125,0.7375,0.7375,psychodidae_benin-sandfly-sampling_f_l_ba23097d9ea0.png,psychodidae_benin-sandfly-sampling_f_l_ba23097d9ea0.tif,Sergentomyia distincta
,/Users/kristophernolte/Documents/phd_sandfly/json/psychodidae_benin-sandfly-sampling_f_l_ba8348012d58.png,Repaired,1409,left,,,0.3234375,0.3265625,0.2265625,0.134375,0.05,0.025,0.0921875,0.19375,0.2953125,0.415625,0.4671875,0.546875,0.31875,0.225,0.24375,0.303125,0.41875,0.49375,0.615625,0.690625,0.73125,0.75,0.56875,0.3875,0.309375,0.2921875,0.275,0.2578125,0.240625,0.3796875,0.4359375,0.4921875,0.3015625,0.2765625,0.2515625,0.203125,0.1796875,0.15625,0.1125,0.0890625,0.0671875,0.165625,0.196875,0.2296875,0.2609375,0.2921875,0.034375,0.1046875,0.159375,0.215625,0.2703125,0.325,0.38125,0.4359375,0.490625,0.03125,0.0515625,0.071875,0.1140625,0.140625,0.1671875,0.1328125,0.175,0.2171875,0.2578125,0.3,0.3421875,0.3828125,0.425,0.2171875,0.24375,0.26875,0.2203125,0.2515625,0.2828125,0.3140625,0.3453125,0.3765625,0.4078125,0.4390625,0.325,0.3546875,0.384375,0.3,0.290625,0.28125,0.275,0.265625,0.328125,0.334375,0.35,0.221875,0.225,0.23125,0.253125,0.265625,0.278125,0.31875,0.35,0.375,0.325,0.334375,0.340625,0.34375,0.3375,0.453125,0.41875,0.415625,0.415625,0.415625,0.4125,0.40625,0.40625,0.403125,0.534375,0.571875,0.6,0.64375,0.665625,0.68125,0.590625,0.584375,0.578125,0.571875,0.5625,0.559375,0.553125,0.553125,0.70625,0.7125,0.728125,0.665625,0.653125,0.64375,0.634375,0.628125,0.61875,0.609375,0.596875,0.74375,0.746875,0.75,psychodidae_benin-sandfly-sampling_f_l_ba8348012d58.png,psychodidae_benin-sandfly-sampling_f_l_ba8348012d58.tif,Sergentomyia distincta
,/Users/kristophernolte/Documents/phd_sandfly/json/psychodidae_benin-sandfly-sampling_f_l_d55e9eff8822.png,Full Skeleton,1515,left,,,0.3765625,0.340625,0.21875,0.1234375,0.05625,0.0375,0.103125,0.2015625,0.290625,0.425,0.5625,0.6046875,0.315625,0.20625,0.25,0.325,0.440625,0.521875,0.63125,0.703125,0.753125,0.778125,0.571875,0.384375,0.353125,0.3265625,0.2984375,0.271875,0.2453125,0.4328125,0.490625,0.5484375,0.3109375,0.2796875,0.2484375,0.1953125,0.1703125,0.146875,0.1046875,0.0859375,0.0671875,0.165625,0.2078125,0.25,0.2921875,0.334375,0.040625,0.1171875,0.178125,0.2390625,0.3,0.3609375,0.421875,0.4828125,0.54375,0.04375,0.0640625,0.0828125,0.1265625,0.1515625,0.1765625,0.1515625,0.203125,0.2546875,0.30625,0.3578125,0.409375,0.4609375,0.5125,0.2203125,0.24375,0.2671875,0.2390625,0.2796875,0.3203125,0.3609375,0.4015625,0.4421875,0.4828125,0.5234375,0.321875,0.35625,0.390625,0.2875,0.278125,0.26875,0.2625,0.2625,0.321875,0.328125,0.340625,0.209375,0.21875,0.228125,0.259375,0.278125,0.3,0.35,0.375,0.40625,0.3375,0.334375,0.334375,0.340625,0.3375,0.475,0.4375,0.43125,0.421875,0.41875,0.415625,0.4125,0.409375,0.40625,0.559375,0.59375,0.615625,0.659375,0.678125,0.69375,0.603125,0.596875,0.590625,0.58125,0.56875,0.559375,0.55625,0.553125,0.725,0.734375,0.746875,0.678125,0.665625,0.65625,0.646875,0.6375,0.628125,0.615625,0.603125,0.76875,0.771875,0.778125,psychodidae_benin-sandfly-sampling_f_l_d55e9eff8822.png,psychodidae_benin-sandfly-sampling_f_l_d55e9eff8822.tif,Sergentomyia schwetzi
,/Users/kristophernolte/Documents/phd_sandfly/json/psychodidae_benin-sandfly-sampling_f_l_d5ae1496c092.png,Full Skeleton,1459,left,,,0.4015625,0.340625,0.2375,0.1390625,0.0578125,0.0390625,0.1140625,0.2,0.28125,0.4046875,0.5171875,0.603125,0.403125,0.3,0.33125,0.403125,0.525,0.5875,0.690625,0.753125,0.80625,0.821875,0.625,0.459375,0.3765625,0.3484375,0.3203125,0.2921875,0.2640625,0.4515625,0.503125,0.5546875,0.315625,0.2890625,0.2640625,0.2125,0.1875,0.1625,0.1171875,0.0953125,0.0734375,0.18125,0.225,0.2703125,0.3140625,0.3578125,0.0421875,0.1171875,0.178125,0.2390625,0.3,0.3609375,0.421875,0.4828125,0.54375,0.046875,0.0703125,0.090625,0.1328125,0.1546875,0.1765625,0.15625,0.2015625,0.246875,0.2921875,0.3359375,0.38125,0.4265625,0.471875,0.2171875,0.2390625,0.259375,0.2328125,0.26875,0.3046875,0.340625,0.375,0.4109375,0.446875,0.4828125,0.3109375,0.3421875,0.3734375,0.38125,0.36875,0.359375,0.353125,0.35,0.40625,0.4125,0.425,0.3,0.303125,0.3125,0.340625,0.35,0.375,0.4125,0.44375,0.48125,0.415625,0.421875,0.425,0.428125,0.425,0.553125,0.509375,0.503125,0.5,0.49375,0.4875,0.48125,0.478125,0.471875,0.63125,0.65625,0.68125,0.715625,0.73125,0.74375,0.665625,0.659375,0.646875,0.634375,0.625,0.615625,0.6125,0.6125,0.775,0.790625,0.80625,0.73125,0.721875,0.709375,0.696875,0.684375,0.675,0.6625,0.65,0.815625,0.81875,0.825,psychodidae_benin-sandfly-sampling_f_l_d5ae1496c092.png,psychodidae_benin-sandfly-sampling_f_l_d5ae1496c092.tif,Sergentomyia distincta
,/Users/kristophernolte/Documents/phd_sandfly/json/psychodidae_benin-sandfly-sampling_f_l_e1336f7a0033.png,Full Skeleton,1522,left,,,0.3203125,0.2828125,0.1859375,0.0953125,0.025,0.0109375,0.071875,0.1609375,0.2421875,0.3796875,0.5203125,0.5484375,0.321875,0.215625,0.259375,0.340625,0.453125,0.528125,0.63125,0.709375,0.75625,0.784375,0.56875,0.390625,0.3,0.2765625,0.253125,0.23125,0.2078125,0.378125,0.4359375,0.49375,0.259375,0.234375,0.209375,0.1625,0.1390625,0.115625,0.0765625,0.05625,0.0375,0.1328125,0.1703125,0.2078125,0.2453125,0.2828125,0.0109375,0.0828125,0.140625,0.1984375,0.25625,0.315625,0.3734375,0.43125,0.4890625,0.0171875,0.0359375,0.053125,0.0921875,0.115625,0.1375,0.1203125,0.1703125,0.2203125,0.2703125,0.3203125,0.3703125,0.4203125,0.4703125,0.1796875,0.2,0.2203125,0.196875,0.2375,0.278125,0.31875,0.359375,0.4,0.440625,0.48125,0.275,0.309375,0.34375,0.3,0.2875,0.28125,0.275,0.271875,0.328125,0.334375,0.346875,0.21875,0.228125,0.240625,0.265625,0.2875,0.309375,0.353125,0.384375,0.415625,0.346875,0.34375,0.34375,0.346875,0.34375,0.4875,0.44375,0.4375,0.43125,0.425,0.41875,0.4125,0.409375,0.409375,0.5625,0.59375,0.61875,0.659375,0.68125,0.696875,0.6125,0.603125,0.59375,0.584375,0.571875,0.5625,0.55625,0.553125,0.728125,0.740625,0.753125,0.68125,0.671875,0.65625,0.646875,0.634375,0.625,0.615625,0.6,0.775,0.78125,0.7875,psychodidae_benin-sandfly-sampling_f_l_e1336f7a0033.png,psychodidae_benin-sandfly-sampling_f_l_e1336f7a0033.tif,Sergentomyia schwetzi
,/Users/kristophernolte/Documents/phd_sandfly/json/psychodidae_benin-sandfly-sampling_f_l_e5b4b1166231.png,Full Skeleton,1629,left,,,0.3328125,0.28125,0.171875,0.0875,0.0265625,0.009375,0.0609375,0.1453125,0.2328125,0.3546875,0.465625,0.5171875,0.35,0.246875,0.278125,0.346875,0.440625,0.515625,0.609375,0.684375,0.728125,0.74375,0.5625,0.396875,0.309375,0.28125,0.253125,0.2265625,0.1984375,0.378125,0.425,0.471875,0.2546875,0.2265625,0.2,0.15,0.128125,0.10625,0.071875,0.0546875,0.0375,0.1265625,0.16875,0.209375,0.2515625,0.2921875,0.0125,0.08125,0.1359375,0.190625,0.2453125,0.3,0.3546875,0.409375,0.4640625,0.0140625,0.0296875,0.0453125,0.0796875,0.1015625,0.1234375,0.10625,0.1515625,0.196875,0.2421875,0.2875,0.3328125,0.378125,0.4234375,0.165625,0.1875,0.209375,0.1796875,0.215625,0.2515625,0.2875,0.3234375,0.359375,0.3953125,0.43125,0.2609375,0.2921875,0.3234375,0.325,0.3125,0.30625,0.3,0.29375,0.35,0.35625,0.365625,0.246875,0.25,0.259375,0.2875,0.303125,0.321875,0.35625,0.38125,0.40625,0.359375,0.365625,0.36875,0.36875,0.36875,0.475,0.44375,0.440625,0.4375,0.434375,0.43125,0.425,0.421875,0.415625,0.546875,0.575,0.596875,0.6375,0.659375,0.678125,0.590625,0.584375,0.575,0.56875,0.5625,0.55625,0.55,0.546875,0.70625,0.715625,0.728125,0.659375,0.65,0.640625,0.628125,0.61875,0.609375,0.6,0.5875,0.740625,0.75,0.75,psychodidae_benin-sandfly-sampling_f_l_e5b4b1166231.png,psychodidae_benin-sandfly-sampling_f_l_e5b4b1166231.tif,Sergentomyia schwetzi
,/Users/kristophernolte/Documents/phd_sandfly/json/psychodidae_benin-sandfly-sampling_f_l_fef471b44989.png,Repaired,1417,left,,,0.353125,0.3328125,0.2453125,0.159375,0.0703125,0.05625,0.125,0.2203125,0.303125,0.415625,0.49375,0.565625,0.4125,0.315625,0.34375,0.409375,0.50625,0.5875,0.671875,0.734375,0.775,0.790625,0.61875,0.4625,0.3375,0.31875,0.3,0.28125,0.2625,0.40625,0.4609375,0.515625,0.3109375,0.2890625,0.2671875,0.2234375,0.2,0.178125,0.1359375,0.1125,0.0890625,0.190625,0.2234375,0.25625,0.2890625,0.321875,0.0578125,0.125,0.1796875,0.234375,0.2890625,0.3453125,0.4,0.4546875,0.509375,0.071875,0.0890625,0.10625,0.146875,0.171875,0.1953125,0.165625,0.20625,0.246875,0.2875,0.3296875,0.3703125,0.4109375,0.4515625,0.2390625,0.2609375,0.28125,0.246875,0.278125,0.309375,0.340625,0.3703125,0.4015625,0.4328125,0.4640625,0.33125,0.359375,0.3875,0.390625,0.384375,0.375,0.36875,0.3625,0.415625,0.41875,0.43125,0.315625,0.31875,0.328125,0.35,0.365625,0.384375,0.421875,0.4625,0.46875,0.421875,0.425,0.428125,0.43125,0.425,0.54375,0.509375,0.509375,0.503125,0.5,0.49375,0.4875,0.484375,0.478125,0.61875,0.640625,0.659375,0.69375,0.7125,0.728125,0.65,0.64375,0.634375,0.625,0.61875,0.6125,0.609375,0.60625,0.753125,0.7625,0.771875,0.709375,0.696875,0.690625,0.68125,0.671875,0.6625,0.653125,0.64375,0.7875,0.790625,0.79375,psychodidae_benin-sandfly-sampling_f_l_fef471b44989.png,psychodidae_benin-sandfly-sampling_f_l_fef471b44989.tif,Sergentomyia distincta
,/Users/kristophernolte/Documents/phd_sandfly/json/psychodidae_benin-sandfly-sampling_f_r_0e73afa2fb61.png,Full Skeleton,1702,right,,,0.609375,0.703125,0.8140625,0.9078125,0.971875,0.9875,0.934375,0.8359375,0.7453125,0.6015625,0.4328125,0.3984375,0.26875,0.146875,0.203125,0.30625,0.428125,0.5125,0.621875,0.715625,0.771875,0.8125,0.5375,0.3375,0.6421875,0.6765625,0.7109375,0.7453125,0.7796875,0.55625,0.503125,0.45,0.73125,0.759375,0.7875,0.8375,0.8625,0.8875,0.925,0.94375,0.9625,0.8578125,0.8078125,0.7578125,0.7078125,0.6578125,0.984375,0.909375,0.8453125,0.78125,0.7171875,0.6546875,0.590625,0.5265625,0.4625,0.9828125,0.9671875,0.9515625,0.9109375,0.8859375,0.8609375,0.88125,0.825,0.76875,0.7125,0.6578125,0.6015625,0.5453125,0.4890625,0.815625,0.7921875,0.76875,0.79375,0.7484375,0.703125,0.6578125,0.6125,0.5671875,0.521875,0.4765625,0.709375,0.6734375,0.6375,0.240625,0.23125,0.225,0.221875,0.21875,0.275,0.28125,0.29375,0.15,0.1625,0.175,0.215625,0.240625,0.271875,0.325,0.35625,0.390625,0.30625,0.3,0.3,0.3,0.296875,0.46875,0.415625,0.403125,0.396875,0.3875,0.378125,0.365625,0.359375,0.35625,0.54375,0.578125,0.603125,0.65625,0.68125,0.703125,0.596875,0.590625,0.58125,0.565625,0.553125,0.540625,0.528125,0.521875,0.7375,0.75,0.765625,0.684375,0.671875,0.653125,0.640625,0.628125,0.6125,0.6,0.578125,0.790625,0.803125,0.8125,psychodidae_benin-sandfly-sampling_f_r_0e73afa2fb61.png,psychodidae_benin-sandfly-sampling_f_r_0e73afa2fb61.tif,Sergentomyia schwetzi
,/Users/kristophernolte/Documents/phd_sandfly/json/psychodidae_benin-sandfly-sampling_f_r_1f323ba1c082.png,Full Skeleton,1352,right,,,0.6609375,0.68125,0.7734375,0.875,0.9609375,0.9859375,0.9109375,0.8046875,0.721875,0.590625,0.5203125,0.4453125,0.396875,0.29375,0.3125,0.371875,0.46875,0.55,0.659375,0.7375,0.78125,0.809375,0.628125,0.459375,0.678125,0.6984375,0.7171875,0.7375,0.75625,0.6078125,0.553125,0.4984375,0.7046875,0.728125,0.7515625,0.7984375,0.825,0.85,0.896875,0.9203125,0.9421875,0.840625,0.8046875,0.76875,0.7328125,0.696875,0.9796875,0.9046875,0.846875,0.7890625,0.7328125,0.675,0.6171875,0.5609375,0.503125,0.9765625,0.9546875,0.9328125,0.8859375,0.859375,0.8328125,0.8703125,0.8265625,0.7828125,0.7390625,0.6953125,0.6515625,0.6078125,0.5640625,0.7859375,0.7640625,0.74375,0.7765625,0.74375,0.7125,0.6796875,0.6484375,0.615625,0.584375,0.5515625,0.6890625,0.65625,0.6234375,0.375,0.365625,0.35625,0.346875,0.3375,0.403125,0.4125,0.421875,0.29375,0.296875,0.303125,0.315625,0.33125,0.346875,0.384375,0.40625,0.43125,0.390625,0.396875,0.40625,0.4125,0.4125,0.503125,0.471875,0.475,0.478125,0.48125,0.475,0.475,0.471875,0.471875,0.590625,0.61875,0.64375,0.6875,0.70625,0.728125,0.640625,0.634375,0.63125,0.628125,0.61875,0.615625,0.6125,0.6125,0.753125,0.765625,0.778125,0.7125,0.7,0.690625,0.684375,0.678125,0.66875,0.6625,0.65,0.796875,0.80625,0.8125,psychodidae_benin-sandfly-sampling_f_r_1f323ba1c082.png,psychodidae_benin-sandfly-sampling_f_r_1f323ba1c082.tif,Sergentomyia distincta
,/Users/kristophernolte/Documents/phd_sandfly/json/psychodidae_benin-sandfly-sampling_f_r_aabcaa286f2a.png,Full Skeleton,1312,right,,,0.6328125,0.659375,0.75625,0.8703125,0.9609375,0.984375,0.921875,0.8140625,0.7109375,0.603125,0.5125,0.40625,0.325,0.221875,0.246875,0.325,0.425,0.509375,0.6125,0.696875,0.74375,0.771875,0.575,0.390625,0.6515625,0.6734375,0.6953125,0.7171875,0.7390625,0.5765625,0.51875,0.4609375,0.6828125,0.7078125,0.7328125,0.7859375,0.815625,0.8453125,0.89375,0.9171875,0.940625,0.83125,0.790625,0.7515625,0.7109375,0.671875,0.9796875,0.9,0.8390625,0.7765625,0.715625,0.653125,0.5921875,0.5296875,0.46875,0.978125,0.9609375,0.9421875,0.8984375,0.8703125,0.8421875,0.8765625,0.83125,0.7859375,0.740625,0.69375,0.6484375,0.603125,0.5578125,0.790625,0.7640625,0.7375,0.7828125,0.7484375,0.7140625,0.68125,0.646875,0.6125,0.5796875,0.5453125,0.684375,0.6578125,0.63125,0.30625,0.29375,0.2875,0.278125,0.26875,0.33125,0.3375,0.35,0.221875,0.225,0.23125,0.25625,0.275,0.296875,0.3375,0.35625,0.38125,0.340625,0.34375,0.346875,0.346875,0.346875,0.4625,0.428125,0.425,0.428125,0.421875,0.415625,0.409375,0.409375,0.403125,0.546875,0.575,0.596875,0.64375,0.665625,0.684375,0.59375,0.584375,0.58125,0.571875,0.56875,0.5625,0.55625,0.55625,0.715625,0.73125,0.740625,0.675,0.6625,0.653125,0.64375,0.634375,0.625,0.615625,0.603125,0.759375,0.765625,0.771875,psychodidae_benin-sandfly-sampling_f_r_aabcaa286f2a.png,psychodidae_benin-sandfly-sampling_f_r_aabcaa286f2a.tif,Sergentomyia distincta
,/Users/kristophernolte/Documents/phd_sandfly/json/psychodidae_benin-sandfly-sampling_f_r_bac70510c6c4.png,Full Skeleton,1507,right,,,0.653125,0.6828125,0.7953125,0.9015625,0.9734375,0.9875,0.9234375,0.8203125,0.721875,0.578125,0.4640625,0.4,0.3125,0.2,0.234375,0.315625,0.434375,0.515625,0.634375,0.71875,0.771875,0.8,0.578125,0.3875,0.675,0.7,0.7234375,0.7484375,0.771875,0.5890625,0.525,0.4609375,0.7109375,0.7390625,0.7671875,0.821875,0.85,0.8765625,0.9203125,0.940625,0.9609375,0.8609375,0.81875,0.7765625,0.7359375,0.69375,0.984375,0.9109375,0.846875,0.7828125,0.71875,0.6546875,0.590625,0.5265625,0.4625,0.9828125,0.9640625,0.94375,0.9,0.8734375,0.846875,0.8734375,0.821875,0.7703125,0.7203125,0.66875,0.6171875,0.5671875,0.515625,0.796875,0.771875,0.746875,0.7828125,0.7421875,0.703125,0.6625,0.6234375,0.5828125,0.54375,0.503125,0.6859375,0.65,0.6140625,0.2875,0.275,0.265625,0.259375,0.253125,0.31875,0.328125,0.34375,0.2,0.20625,0.215625,0.24375,0.2625,0.284375,0.33125,0.3625,0.39375,0.33125,0.334375,0.3375,0.3375,0.3375,0.471875,0.43125,0.428125,0.428125,0.421875,0.4125,0.409375,0.409375,0.409375,0.55625,0.590625,0.61875,0.66875,0.690625,0.7125,0.609375,0.60625,0.59375,0.584375,0.575,0.56875,0.5625,0.5625,0.740625,0.75625,0.76875,0.690625,0.678125,0.665625,0.65625,0.646875,0.634375,0.621875,0.609375,0.790625,0.796875,0.803125,psychodidae_benin-sandfly-sampling_f_r_bac70510c6c4.png,psychodidae_benin-sandfly-sampling_f_r_bac70510c6c4.tif,Sergentomyia schwetzi
,/Users/kristophernolte/Documents/phd_sandfly/json/psychodidae_benin-sandfly-sampling_f_r_e56a3fecce46.png,Repaired,1277,left,,,0.3265625,0.3171875,0.2109375,0.13125,0.0375,0.015625,0.0828125,0.18125,0.275,0.3859375,0.4515625,0.5359375,0.175,0.078125,0.096875,0.15,0.259375,0.34375,0.446875,0.521875,0.56875,0.59375,0.421875,0.253125,0.3109375,0.290625,0.2703125,0.2515625,0.23125,0.3796875,0.4328125,0.4859375,0.290625,0.2625,0.2359375,0.190625,0.1703125,0.15,0.10625,0.08125,0.05625,0.1625,0.1953125,0.228125,0.2609375,0.29375,0.0203125,0.0921875,0.146875,0.203125,0.2578125,0.3140625,0.36875,0.425,0.4796875,0.021875,0.0421875,0.0625,0.10625,0.13125,0.15625,0.121875,0.1625,0.2046875,0.2453125,0.2875,0.328125,0.3703125,0.4109375,0.203125,0.2265625,0.25,0.2078125,0.2390625,0.2703125,0.3,0.33125,0.3625,0.3921875,0.4234375,0.3015625,0.3296875,0.3578125,0.15,0.1375,0.128125,0.121875,0.1125,0.184375,0.19375,0.209375,0.071875,0.071875,0.08125,0.1,0.109375,0.13125,0.165625,0.19375,0.215625,0.171875,0.18125,0.184375,0.190625,0.1875,0.3,0.2625,0.2625,0.2625,0.2625,0.2625,0.259375,0.265625,0.265625,0.38125,0.4125,0.434375,0.471875,0.49375,0.509375,0.421875,0.415625,0.4125,0.40625,0.403125,0.4,0.403125,0.403125,0.540625,0.553125,0.5625,0.496875,0.490625,0.484375,0.478125,0.471875,0.465625,0.459375,0.446875,0.590625,0.590625,0.59375,psychodidae_benin-sandfly-sampling_f_r_e56a3fecce46.png,psychodidae_benin-sandfly-sampling_f_r_e56a3fecce46.tif,Sergentomyia distincta
,/Users/kristophernolte/Documents/phd_sandfly/json/psychodidae_ecosap_f_l_077d61401c9d.png,Full Skeleton,1490,left,,,0.33125,0.2921875,0.19375,0.1015625,0.0375,0.0234375,0.071875,0.165625,0.253125,0.371875,0.4421875,0.528125,0.3375,0.240625,0.259375,0.3375,0.43125,0.5,0.590625,0.66875,0.70625,0.728125,0.55625,0.39375,0.309375,0.2859375,0.2625,0.2390625,0.215625,0.38125,0.43125,0.48125,0.2671875,0.2421875,0.2171875,0.1703125,0.146875,0.1234375,0.084375,0.065625,0.0484375,0.1390625,0.178125,0.2171875,0.2546875,0.29375,0.0203125,0.0921875,0.146875,0.2015625,0.25625,0.3109375,0.365625,0.4203125,0.475,0.025,0.0390625,0.0546875,0.090625,0.115625,0.140625,0.1125,0.153125,0.1953125,0.2359375,0.278125,0.31875,0.3609375,0.4015625,0.1859375,0.2078125,0.2296875,0.19375,0.225,0.25625,0.2875,0.31875,0.35,0.38125,0.4125,0.2828125,0.3125,0.3421875,0.315625,0.30625,0.296875,0.290625,0.28125,0.34375,0.35,0.3625,0.2375,0.2375,0.240625,0.26875,0.2875,0.303125,0.353125,0.371875,0.4,0.35,0.35625,0.35625,0.3625,0.35625,0.465625,0.428125,0.428125,0.428125,0.425,0.41875,0.4125,0.4125,0.409375,0.53125,0.559375,0.58125,0.621875,0.64375,0.6625,0.571875,0.56875,0.5625,0.553125,0.55,0.54375,0.540625,0.540625,0.684375,0.69375,0.703125,0.64375,0.634375,0.625,0.615625,0.609375,0.6,0.59375,0.58125,0.71875,0.725,0.728125,psychodidae_ecosap_f_l_077d61401c9d.png,psychodidae_ecosap_f_l_077d61401c9d.tif,Sergentomyia distincta
,/Users/kristophernolte/Documents/phd_sandfly/json/psychodidae_ecosap_f_l_08b42cc3a99c.png,Repaired,515,left,,,0.3421875,0.296875,0.1703125,0.0921875,0.03125,0.015625,0.0703125,0.15625,0.2265625,0.34375,0.490625,0.54375,0.271875,0.153125,0.196875,0.2625,0.346875,0.425,0.525,0.603125,0.65625,0.703125,0.515625,0.34375,0.3171875,0.2875,0.2578125,0.228125,0.1984375,0.39375,0.4453125,0.496875,0.265625,0.2328125,0.2015625,0.15,0.1296875,0.109375,0.075,0.0578125,0.040625,0.1328125,0.175,0.2171875,0.2578125,0.3,0.0171875,0.0875,0.14375,0.2015625,0.2578125,0.315625,0.371875,0.4296875,0.4859375,0.01875,0.0359375,0.0515625,0.0890625,0.1109375,0.1328125,0.1171875,0.1640625,0.2109375,0.2578125,0.3046875,0.3515625,0.3984375,0.4453125,0.1703125,0.1890625,0.2078125,0.1921875,0.2296875,0.2671875,0.3046875,0.3421875,0.3796875,0.4171875,0.4546875,0.2546875,0.284375,0.3140625,0.240625,0.225,0.215625,0.209375,0.20625,0.275,0.2875,0.303125,0.153125,0.15625,0.165625,0.20625,0.2125,0.228125,0.265625,0.284375,0.3125,0.259375,0.26875,0.275,0.28125,0.2875,0.38125,0.340625,0.34375,0.34375,0.35,0.346875,0.35,0.353125,0.35625,0.459375,0.48125,0.509375,0.55,0.571875,0.590625,0.509375,0.5,0.496875,0.49375,0.490625,0.48125,0.490625,0.490625,0.625,0.640625,0.65,0.584375,0.578125,0.571875,0.571875,0.5625,0.553125,0.553125,0.540625,0.690625,0.696875,0.7,psychodidae_ecosap_f_l_08b42cc3a99c.png,psychodidae_ecosap_f_l_08b42cc3a99c.tif,Sergentomyia schwetzi
,/Users/kristophernolte/Documents/phd_sandfly/json/psychodidae_ecosap_f_l_0f0d0b0b1a84.png,Full Skeleton,1346,left,,,0.2921875,0.2578125,0.15,0.09375,0.0203125,0.0125,0.06875,0.1453125,0.221875,0.3421875,0.4265625,0.4984375,0.321875,0.221875,0.284375,0.328125,0.44375,0.515625,0.603125,0.66875,0.709375,0.73125,0.534375,0.359375,0.26875,0.2453125,0.221875,0.1984375,0.175,0.34375,0.396875,0.4484375,0.2296875,0.2015625,0.1734375,0.1359375,0.1203125,0.10625,0.0734375,0.0515625,0.0296875,0.1265625,0.1609375,0.19375,0.228125,0.2609375,0.0125,0.0734375,0.1265625,0.1796875,0.2328125,0.2875,0.340625,0.39375,0.446875,0.0171875,0.034375,0.0515625,0.084375,0.1046875,0.125,0.1078125,0.146875,0.1875,0.2265625,0.2671875,0.30625,0.346875,0.3859375,0.1640625,0.1828125,0.2015625,0.175,0.20625,0.2375,0.26875,0.3015625,0.3328125,0.3640625,0.3953125,0.2515625,0.28125,0.3109375,0.303125,0.296875,0.290625,0.284375,0.28125,0.325,0.325,0.328125,0.225,0.2375,0.253125,0.290625,0.296875,0.303125,0.346875,0.375,0.403125,0.34375,0.35,0.353125,0.35,0.346875,0.478125,0.434375,0.428125,0.41875,0.4125,0.4,0.396875,0.390625,0.384375,0.546875,0.56875,0.59375,0.63125,0.646875,0.6625,0.584375,0.571875,0.559375,0.55,0.540625,0.534375,0.528125,0.521875,0.684375,0.69375,0.703125,0.6375,0.625,0.615625,0.60625,0.596875,0.5875,0.578125,0.5625,0.721875,0.728125,0.734375,psychodidae_ecosap_f_l_0f0d0b0b1a84.png,psychodidae_ecosap_f_l_0f0d0b0b1a84.tif,Sergentomyia africana
,/Users/kristophernolte/Documents/phd_sandfly/json/psychodidae_ecosap_f_l_133b4432a3de.png,Full Skeleton,1422,left,,,0.278125,0.271875,0.1703125,0.0921875,0.0265625,0.009375,0.065625,0.1421875,0.228125,0.3390625,0.421875,0.515625,0.34375,0.253125,0.284375,0.340625,0.43125,0.5,0.59375,0.6625,0.709375,0.740625,0.565625,0.396875,0.2625,0.24375,0.225,0.20625,0.1875,0.3375,0.396875,0.45625,0.246875,0.2203125,0.1953125,0.1515625,0.13125,0.1109375,0.075,0.05625,0.0390625,0.121875,0.153125,0.184375,0.215625,0.246875,0.0125,0.0796875,0.134375,0.1890625,0.24375,0.2984375,0.353125,0.4078125,0.4625,0.015625,0.0328125,0.0484375,0.0828125,0.103125,0.121875,0.1046875,0.14375,0.184375,0.2234375,0.2640625,0.303125,0.34375,0.3828125,0.1625,0.184375,0.20625,0.171875,0.203125,0.234375,0.265625,0.296875,0.328125,0.359375,0.390625,0.2546875,0.2828125,0.3109375,0.325,0.315625,0.309375,0.30625,0.3,0.346875,0.35,0.359375,0.25625,0.259375,0.26875,0.290625,0.303125,0.315625,0.353125,0.375,0.4,0.353125,0.35625,0.359375,0.3625,0.3625,0.459375,0.434375,0.43125,0.428125,0.425,0.41875,0.41875,0.415625,0.4125,0.53125,0.5625,0.58125,0.621875,0.640625,0.653125,0.578125,0.571875,0.565625,0.5625,0.559375,0.553125,0.55,0.546875,0.68125,0.696875,0.70625,0.64375,0.6375,0.63125,0.625,0.615625,0.609375,0.6,0.590625,0.728125,0.734375,0.740625,psychodidae_ecosap_f_l_133b4432a3de.png,psychodidae_ecosap_f_l_133b4432a3de.tif,Sergentomyia africana
,/Users/kristophernolte/Documents/phd_sandfly/json/psychodidae_ecosap_f_l_139fe093c69d.png,Full Skeleton,1795,left,,,0.3671875,0.2375,0.15,0.084375,0.0421875,0.021875,0.0640625,0.1296875,0.2203125,0.35,0.515625,0.5125,0.415625,0.303125,0.34375,0.415625,0.49375,0.571875,0.66875,0.7375,0.790625,0.809375,0.59375,0.45625,0.334375,0.296875,0.259375,0.2234375,0.1859375,0.403125,0.440625,0.478125,0.215625,0.1921875,0.1703125,0.1328125,0.115625,0.0984375,0.0734375,0.0609375,0.0484375,0.1296875,0.1765625,0.225,0.271875,0.31875,0.025,0.0921875,0.1453125,0.196875,0.25,0.3015625,0.3546875,0.40625,0.459375,0.0234375,0.0359375,0.05,0.078125,0.0953125,0.1125,0.1125,0.1625,0.2125,0.2625,0.3140625,0.3640625,0.4140625,0.4640625,0.15,0.1734375,0.196875,0.1703125,0.2140625,0.2578125,0.3015625,0.34375,0.3875,0.43125,0.475,0.2515625,0.284375,0.3171875,0.390625,0.384375,0.378125,0.36875,0.3625,0.415625,0.41875,0.428125,0.309375,0.315625,0.325,0.35,0.36875,0.3875,0.425,0.44375,0.46875,0.425,0.428125,0.43125,0.434375,0.43125,0.528125,0.496875,0.49375,0.49375,0.490625,0.4875,0.48125,0.478125,0.471875,0.6,0.628125,0.653125,0.69375,0.7125,0.73125,0.646875,0.6375,0.63125,0.621875,0.609375,0.603125,0.59375,0.5875,0.759375,0.771875,0.7875,0.7125,0.7,0.690625,0.678125,0.665625,0.653125,0.64375,0.628125,0.803125,0.80625,0.8125,psychodidae_ecosap_f_l_139fe093c69d.png,psychodidae_ecosap_f_l_139fe093c69d.tif,Sergentomyia ingrami
,/Users/kristophernolte/Documents/phd_sandfly/json/psychodidae_ecosap_f_l_13aa9630be65.png,Repaired,516,left,,,0.34375,0.3125,0.21875,0.13125,0.0734375,0.0453125,0.0921875,0.1671875,0.2546875,0.371875,0.446875,0.5171875,0.346875,0.246875,0.275,0.33125,0.396875,0.46875,0.559375,0.61875,0.675,0.7125,0.54375,0.4,0.3265625,0.3046875,0.2828125,0.2609375,0.2390625,0.3875,0.43125,0.475,0.2890625,0.265625,0.2421875,0.1953125,0.171875,0.1484375,0.115625,0.1,0.084375,0.165625,0.2015625,0.2375,0.271875,0.3078125,0.053125,0.121875,0.171875,0.2203125,0.2703125,0.31875,0.36875,0.4171875,0.4671875,0.046875,0.0609375,0.0765625,0.10625,0.1265625,0.146875,0.13125,0.1703125,0.2109375,0.25,0.2890625,0.3296875,0.36875,0.4078125,0.184375,0.2078125,0.23125,0.196875,0.228125,0.259375,0.290625,0.321875,0.353125,0.384375,0.415625,0.28125,0.3109375,0.340625,0.325,0.3125,0.3,0.2875,0.284375,0.35,0.35625,0.371875,0.24375,0.24375,0.246875,0.278125,0.290625,0.3,0.334375,0.35,0.36875,0.334375,0.3375,0.346875,0.353125,0.35625,0.425,0.403125,0.40625,0.409375,0.4125,0.40625,0.4125,0.4125,0.409375,0.496875,0.525,0.54375,0.584375,0.6,0.609375,0.546875,0.540625,0.5375,0.534375,0.528125,0.521875,0.528125,0.528125,0.64375,0.65625,0.671875,0.609375,0.603125,0.6,0.59375,0.584375,0.578125,0.575,0.565625,0.7,0.709375,0.7125,psychodidae_ecosap_f_l_13aa9630be65.png,psychodidae_ecosap_f_l_13aa9630be65.tif,Sergentomyia africana
,/Users/kristophernolte/Documents/phd_sandfly/json/psychodidae_ecosap_f_l_170f9bbbdd7b.png,Repaired,1260,left,,,0.3625,0.3296875,0.221875,0.1234375,0.0515625,0.028125,0.0875,0.19375,0.296875,0.425,0.5,0.6296875,0.33125,0.225,0.259375,0.33125,0.4375,0.51875,0.625,0.70625,0.75625,0.78125,0.584375,0.384375,0.3421875,0.3171875,0.2921875,0.26875,0.24375,0.4296875,0.496875,0.5640625,0.303125,0.2765625,0.25,0.196875,0.171875,0.146875,0.1046875,0.0859375,0.0671875,0.1625,0.203125,0.24375,0.2828125,0.3234375,0.028125,0.1140625,0.178125,0.2421875,0.30625,0.371875,0.4359375,0.5,0.5640625,0.028125,0.046875,0.0671875,0.1109375,0.1390625,0.165625,0.13125,0.178125,0.2234375,0.2703125,0.315625,0.3625,0.4078125,0.4546875,0.2171875,0.24375,0.2703125,0.225,0.259375,0.29375,0.328125,0.3625,0.396875,0.43125,0.465625,0.328125,0.3609375,0.3921875,0.309375,0.3,0.29375,0.284375,0.278125,0.334375,0.3375,0.346875,0.228125,0.234375,0.240625,0.265625,0.284375,0.3,0.3375,0.365625,0.396875,0.346875,0.35,0.35625,0.359375,0.353125,0.471875,0.440625,0.4375,0.434375,0.43125,0.425,0.415625,0.415625,0.409375,0.559375,0.590625,0.609375,0.65625,0.675,0.696875,0.609375,0.603125,0.59375,0.5875,0.58125,0.575,0.56875,0.56875,0.725,0.740625,0.753125,0.678125,0.671875,0.6625,0.65625,0.646875,0.6375,0.628125,0.6125,0.771875,0.778125,0.78125,psychodidae_ecosap_f_l_170f9bbbdd7b.png,psychodidae_ecosap_f_l_170f9bbbdd7b.tif,Sergentomyia distincta
,/Users/kristophernolte/Documents/phd_sandfly/json/psychodidae_ecosap_f_l_1aee16248bf1.png,Repaired,1415,left,,,0.35,0.3125,0.2015625,0.1046875,0.0328125,0.015625,0.075,0.1671875,0.259375,0.4,0.484375,0.5703125,0.334375,0.228125,0.259375,0.33125,0.44375,0.528125,0.61875,0.6875,0.721875,0.75,0.55625,0.3875,0.3265625,0.3015625,0.275,0.25,0.225,0.4046875,0.4609375,0.515625,0.284375,0.25625,0.228125,0.178125,0.153125,0.1296875,0.084375,0.0640625,0.0453125,0.1421875,0.184375,0.2265625,0.26875,0.3109375,0.0171875,0.0921875,0.1515625,0.2109375,0.2703125,0.33125,0.390625,0.45,0.509375,0.0234375,0.040625,0.0578125,0.0953125,0.11875,0.1421875,0.11875,0.1640625,0.209375,0.2546875,0.3015625,0.346875,0.3921875,0.4375,0.1890625,0.2125,0.2359375,0.2,0.2359375,0.271875,0.3078125,0.34375,0.3796875,0.415625,0.4515625,0.29375,0.3296875,0.3640625,0.3125,0.303125,0.296875,0.2875,0.278125,0.334375,0.34375,0.35625,0.228125,0.234375,0.240625,0.271875,0.2875,0.303125,0.353125,0.371875,0.403125,0.346875,0.35,0.35625,0.359375,0.35625,0.48125,0.440625,0.43125,0.428125,0.425,0.415625,0.4125,0.409375,0.40625,0.5625,0.584375,0.609375,0.64375,0.665625,0.68125,0.596875,0.5875,0.58125,0.575,0.56875,0.559375,0.55625,0.55,0.70625,0.715625,0.71875,0.659375,0.653125,0.646875,0.634375,0.621875,0.6125,0.6,0.5875,0.7375,0.746875,0.753125,psychodidae_ecosap_f_l_1aee16248bf1.png,psychodidae_ecosap_f_l_1aee16248bf1.tif,Sergentomyia africana
,/Users/kristophernolte/Documents/phd_sandfly/json/psychodidae_ecosap_f_l_1bf39a718416.png,Full Skeleton,1667,left,,,0.4671875,0.2859375,0.1484375,0.0828125,0.0265625,0.009375,0.0640625,0.153125,0.26875,0.421875,0.6375,0.675,0.315625,0.175,0.25,0.321875,0.43125,0.528125,0.646875,0.7375,0.803125,0.8375,0.56875,0.38125,0.4171875,0.3640625,0.309375,0.25625,0.203125,0.51875,0.571875,0.625,0.2515625,0.215625,0.18125,0.13125,0.1140625,0.096875,0.0671875,0.05,0.034375,0.146875,0.2109375,0.275,0.3390625,0.403125,0.0140625,0.0984375,0.1703125,0.2421875,0.3140625,0.3859375,0.4578125,0.5296875,0.6015625,0.0125,0.028125,0.0453125,0.0828125,0.10625,0.1296875,0.125,0.1890625,0.253125,0.3171875,0.38125,0.4453125,0.509375,0.5734375,0.1796875,0.209375,0.2390625,0.2046875,0.259375,0.3140625,0.3671875,0.421875,0.4765625,0.5296875,0.584375,0.3046875,0.34375,0.3828125,0.28125,0.271875,0.265625,0.25625,0.246875,0.315625,0.325,0.340625,0.18125,0.196875,0.215625,0.253125,0.26875,0.290625,0.334375,0.3625,0.396875,0.328125,0.33125,0.334375,0.3375,0.3375,0.475,0.428125,0.425,0.421875,0.41875,0.415625,0.409375,0.403125,0.4,0.5625,0.596875,0.628125,0.678125,0.7,0.721875,0.615625,0.60625,0.596875,0.5875,0.578125,0.56875,0.5625,0.55625,0.7625,0.778125,0.79375,0.70625,0.690625,0.678125,0.665625,0.65,0.640625,0.628125,0.609375,0.821875,0.83125,0.834375,psychodidae_ecosap_f_l_1bf39a718416.png,psychodidae_ecosap_f_l_1bf39a718416.tif,Sergentomyia ingrami
,/Users/kristophernolte/Documents/phd_sandfly/json/psychodidae_ecosap_f_l_1c1395d1caff.png,Repaired,1804,left,,,0.434375,0.2859375,0.19375,0.13125,0.0953125,0.071875,0.103125,0.1734375,0.265625,0.375,0.5765625,0.596875,0.3875,0.275,0.30625,0.39375,0.465625,0.553125,0.634375,0.70625,0.7625,0.803125,0.6,0.45,0.3953125,0.3546875,0.3140625,0.2734375,0.2328125,0.475,0.515625,0.55625,0.2640625,0.240625,0.2171875,0.1765625,0.1609375,0.14375,0.1203125,0.109375,0.1,0.18125,0.2328125,0.2828125,0.334375,0.384375,0.078125,0.15,0.20625,0.2625,0.3171875,0.3734375,0.4296875,0.484375,0.540625,0.071875,0.0796875,0.090625,0.1171875,0.1359375,0.1546875,0.1546875,0.2078125,0.2609375,0.3125,0.365625,0.41875,0.4703125,0.5234375,0.19375,0.2171875,0.240625,0.215625,0.2609375,0.30625,0.3515625,0.396875,0.4421875,0.4875,0.5328125,0.2890625,0.3171875,0.3453125,0.359375,0.353125,0.346875,0.3375,0.328125,0.390625,0.4,0.4125,0.271875,0.278125,0.290625,0.309375,0.34375,0.365625,0.403125,0.41875,0.440625,0.4,0.403125,0.40625,0.40625,0.40625,0.50625,0.46875,0.471875,0.46875,0.46875,0.465625,0.459375,0.45625,0.4625,0.575,0.59375,0.615625,0.665625,0.684375,0.696875,0.621875,0.615625,0.609375,0.603125,0.596875,0.590625,0.5875,0.58125,0.734375,0.75,0.759375,0.69375,0.684375,0.675,0.665625,0.659375,0.65,0.640625,0.63125,0.7875,0.8,0.80625,psychodidae_ecosap_f_l_1c1395d1caff.png,psychodidae_ecosap_f_l_1c1395d1caff.tif,Sergentomyia ingrami
,/Users/kristophernolte/Documents/phd_sandfly/json/psychodidae_ecosap_f_l_1d0a7eed33ce.png,Full Skeleton,1423,left,,,0.3484375,0.3203125,0.2046875,0.1109375,0.0359375,0.0109375,0.078125,0.1609375,0.246875,0.4046875,0.490625,0.584375,0.35,0.2375,0.26875,0.3375,0.434375,0.515625,0.61875,0.6875,0.74375,0.78125,0.578125,0.403125,0.328125,0.303125,0.278125,0.253125,0.228125,0.4078125,0.4671875,0.5265625,0.2921875,0.2625,0.2328125,0.18125,0.15625,0.1328125,0.0921875,0.071875,0.0515625,0.15,0.190625,0.2296875,0.2703125,0.309375,0.0171875,0.096875,0.1578125,0.21875,0.2796875,0.340625,0.4015625,0.4625,0.5234375,0.0171875,0.0375,0.0578125,0.096875,0.11875,0.1390625,0.121875,0.16875,0.2140625,0.2609375,0.30625,0.353125,0.3984375,0.4453125,0.18125,0.203125,0.225,0.1953125,0.2328125,0.2703125,0.30625,0.34375,0.38125,0.4171875,0.4546875,0.2859375,0.325,0.3640625,0.328125,0.315625,0.30625,0.296875,0.2875,0.353125,0.35625,0.365625,0.234375,0.24375,0.246875,0.275,0.290625,0.309375,0.35,0.371875,0.4,0.35,0.35625,0.365625,0.36875,0.36875,0.46875,0.4375,0.434375,0.434375,0.43125,0.425,0.425,0.421875,0.41875,0.553125,0.58125,0.603125,0.64375,0.6625,0.678125,0.59375,0.5875,0.58125,0.575,0.56875,0.565625,0.5625,0.559375,0.709375,0.725,0.7375,0.6625,0.653125,0.646875,0.640625,0.634375,0.625,0.615625,0.603125,0.765625,0.778125,0.784375,psychodidae_ecosap_f_l_1d0a7eed33ce.png,psychodidae_ecosap_f_l_1d0a7eed33ce.tif,Sergentomyia africana
,/Users/kristophernolte/Documents/phd_sandfly/json/psychodidae_ecosap_f_l_1d1440fb335e.png,Repaired,1295,left,,,0.30625,0.3140625,0.2109375,0.1265625,0.0328125,0.0125,0.075,0.1921875,0.284375,0.4140625,0.4515625,0.5359375,0.29375,0.203125,0.240625,0.2875,0.39375,0.490625,0.5875,0.665625,0.703125,0.715625,0.540625,0.353125,0.29375,0.2765625,0.2609375,0.24375,0.228125,0.3640625,0.421875,0.4796875,0.2875,0.2609375,0.234375,0.1890625,0.1671875,0.1453125,0.1015625,0.0765625,0.0515625,0.15625,0.1859375,0.2171875,0.246875,0.2765625,0.015625,0.0875,0.14375,0.2,0.25625,0.3125,0.36875,0.425,0.48125,0.0203125,0.0390625,0.05625,0.1015625,0.13125,0.1609375,0.1171875,0.159375,0.2015625,0.24375,0.2859375,0.328125,0.3703125,0.4125,0.2125,0.2359375,0.259375,0.21875,0.2484375,0.278125,0.30625,0.3359375,0.365625,0.39375,0.4234375,0.315625,0.3484375,0.38125,0.275,0.2625,0.25625,0.25,0.246875,0.303125,0.309375,0.31875,0.203125,0.209375,0.215625,0.24375,0.25,0.2625,0.30625,0.325,0.353125,0.303125,0.30625,0.3125,0.315625,0.315625,0.440625,0.396875,0.39375,0.39375,0.3875,0.38125,0.378125,0.378125,0.371875,0.525,0.553125,0.571875,0.621875,0.640625,0.659375,0.565625,0.559375,0.553125,0.546875,0.5375,0.528125,0.525,0.521875,0.684375,0.69375,0.7,0.640625,0.628125,0.61875,0.60625,0.6,0.590625,0.58125,0.571875,0.715625,0.721875,0.721875,psychodidae_ecosap_f_l_1d1440fb335e.png,psychodidae_ecosap_f_l_1d1440fb335e.tif,Sergentomyia distincta
,/Users/kristophernolte/Documents/phd_sandfly/json/psychodidae_ecosap_f_l_1e856cb7ed25.png,Full Skeleton,1306,left,,,0.30625,0.28125,0.1921875,0.10625,0.0296875,0.0109375,0.075,0.1625,0.240625,0.3546875,0.4203125,0.5046875,0.378125,0.290625,0.315625,0.36875,0.45625,0.51875,0.603125,0.659375,0.690625,0.7125,0.559375,0.41875,0.290625,0.2703125,0.25,0.23125,0.2109375,0.35625,0.40625,0.45625,0.259375,0.2375,0.215625,0.171875,0.15,0.128125,0.0859375,0.065625,0.0453125,0.1390625,0.1734375,0.20625,0.240625,0.2734375,0.0140625,0.08125,0.134375,0.1875,0.240625,0.29375,0.346875,0.4,0.453125,0.01875,0.0375,0.05625,0.0953125,0.1171875,0.1390625,0.1109375,0.15,0.1890625,0.228125,0.265625,0.3046875,0.34375,0.3828125,0.18125,0.2015625,0.2203125,0.1890625,0.2171875,0.246875,0.275,0.3046875,0.3328125,0.3625,0.390625,0.2671875,0.296875,0.325,0.359375,0.35,0.346875,0.340625,0.334375,0.375,0.378125,0.3875,0.2875,0.29375,0.296875,0.31875,0.321875,0.334375,0.38125,0.39375,0.41875,0.384375,0.390625,0.396875,0.396875,0.39375,0.48125,0.45625,0.453125,0.45,0.45,0.44375,0.4375,0.434375,0.434375,0.553125,0.575,0.59375,0.625,0.6375,0.653125,0.58125,0.575,0.565625,0.5625,0.55625,0.553125,0.546875,0.54375,0.675,0.684375,0.690625,0.6375,0.63125,0.621875,0.615625,0.60625,0.6,0.590625,0.58125,0.70625,0.7125,0.715625,psychodidae_ecosap_f_l_1e856cb7ed25.png,psychodidae_ecosap_f_l_1e856cb7ed25.tif,Sergentomyia africana
,/Users/kristophernolte/Documents/phd_sandfly/json/psychodidae_ecosap_f_l_21b731bc105b.png,Full Skeleton,1436,left,,,0.39375,0.328125,0.1984375,0.1015625,0.03125,0.0140625,0.0734375,0.1609375,0.271875,0.4140625,0.5484375,0.6296875,0.303125,0.178125,0.228125,0.321875,0.446875,0.534375,0.634375,0.721875,0.784375,0.81875,0.584375,0.365625,0.3640625,0.33125,0.296875,0.2640625,0.23125,0.453125,0.5125,0.571875,0.2953125,0.2625,0.2296875,0.1734375,0.1484375,0.1234375,0.0828125,0.0625,0.04375,0.15,0.1984375,0.2484375,0.296875,0.3453125,0.015625,0.096875,0.1640625,0.2296875,0.296875,0.3625,0.4296875,0.4953125,0.5625,0.0203125,0.0375,0.0546875,0.0921875,0.115625,0.1375,0.1265625,0.1796875,0.2328125,0.2859375,0.3390625,0.3921875,0.4453125,0.4984375,0.1875,0.215625,0.24375,0.2,0.24375,0.2875,0.33125,0.375,0.41875,0.4625,0.50625,0.30625,0.3421875,0.378125,0.275,0.2625,0.253125,0.25,0.246875,0.30625,0.3125,0.325,0.18125,0.190625,0.203125,0.2375,0.2625,0.284375,0.3375,0.36875,0.40625,0.33125,0.334375,0.334375,0.3375,0.33125,0.4875,0.4375,0.43125,0.428125,0.425,0.4125,0.40625,0.396875,0.390625,0.56875,0.596875,0.61875,0.665625,0.6875,0.70625,0.6125,0.60625,0.603125,0.596875,0.5875,0.58125,0.571875,0.565625,0.746875,0.759375,0.775,0.69375,0.6875,0.675,0.665625,0.653125,0.640625,0.63125,0.615625,0.803125,0.809375,0.81875,psychodidae_ecosap_f_l_21b731bc105b.png,psychodidae_ecosap_f_l_21b731bc105b.tif,Sergentomyia schwetzi
,/Users/kristophernolte/Documents/phd_sandfly/json/psychodidae_ecosap_f_l_24e54d6693fe.png,Full Skeleton,1313,left,,,0.321875,0.2703125,0.1890625,0.0953125,0.0265625,0.0109375,0.071875,0.1671875,0.2546875,0.3765625,0.44375,0.540625,0.33125,0.221875,0.2625,0.340625,0.45,0.53125,0.634375,0.703125,0.7375,0.753125,0.559375,0.378125,0.3015625,0.278125,0.2546875,0.2328125,0.209375,0.3765625,0.43125,0.4859375,0.25,0.2296875,0.209375,0.165625,0.1421875,0.11875,0.0765625,0.0578125,0.0390625,0.1328125,0.1703125,0.209375,0.246875,0.284375,0.0109375,0.0828125,0.140625,0.196875,0.2546875,0.3109375,0.36875,0.425,0.4828125,0.015625,0.034375,0.053125,0.09375,0.11875,0.1421875,0.1109375,0.153125,0.1953125,0.2359375,0.278125,0.3203125,0.3609375,0.403125,0.1890625,0.2109375,0.2328125,0.1953125,0.2265625,0.2578125,0.2890625,0.3203125,0.3515625,0.3828125,0.4140625,0.2828125,0.3140625,0.3453125,0.3125,0.30625,0.296875,0.290625,0.284375,0.33125,0.3375,0.346875,0.225,0.234375,0.24375,0.271875,0.2875,0.30625,0.35625,0.384375,0.4125,0.353125,0.35625,0.359375,0.359375,0.353125,0.4875,0.446875,0.44375,0.434375,0.425,0.415625,0.409375,0.403125,0.396875,0.565625,0.596875,0.621875,0.659375,0.678125,0.69375,0.6125,0.6,0.5875,0.578125,0.565625,0.559375,0.55,0.54375,0.71875,0.728125,0.734375,0.675,0.6625,0.65,0.6375,0.625,0.6125,0.6,0.5875,0.753125,0.75625,0.75625,psychodidae_ecosap_f_l_24e54d6693fe.png,psychodidae_ecosap_f_l_24e54d6693fe.tif,Sergentomyia distincta
,/Users/kristophernolte/Documents/phd_sandfly/json/psychodidae_ecosap_f_l_27ed91226e97.png,Full Skeleton,489,left,,,0.325,0.2921875,0.1890625,0.1,0.0296875,0.0109375,0.0640625,0.14375,0.2203125,0.34375,0.4609375,0.5171875,0.28125,0.190625,0.215625,0.271875,0.359375,0.43125,0.525,0.5875,0.628125,0.671875,0.48125,0.328125,0.3046875,0.28125,0.2578125,0.234375,0.2109375,0.371875,0.4203125,0.46875,0.2671875,0.240625,0.2140625,0.1671875,0.14375,0.1203125,0.0828125,0.0625,0.04375,0.1375,0.175,0.2125,0.25,0.2875,0.0140625,0.0828125,0.1375,0.1921875,0.246875,0.3,0.3546875,0.409375,0.4640625,0.0140625,0.03125,0.046875,0.08125,0.1015625,0.121875,0.10625,0.15,0.1953125,0.2390625,0.284375,0.328125,0.3734375,0.4171875,0.1609375,0.18125,0.2,0.178125,0.2140625,0.25,0.284375,0.3203125,0.35625,0.390625,0.4265625,0.25,0.28125,0.3125,0.259375,0.25,0.24375,0.234375,0.23125,0.284375,0.2875,0.3,0.190625,0.19375,0.196875,0.221875,0.23125,0.24375,0.2875,0.30625,0.325,0.28125,0.290625,0.290625,0.296875,0.296875,0.390625,0.359375,0.35625,0.35625,0.353125,0.35,0.346875,0.35,0.346875,0.4625,0.490625,0.509375,0.546875,0.5625,0.578125,0.503125,0.496875,0.4875,0.484375,0.475,0.46875,0.465625,0.4625,0.609375,0.621875,0.628125,0.565625,0.55625,0.553125,0.54375,0.534375,0.53125,0.51875,0.50625,0.653125,0.65625,0.6625,psychodidae_ecosap_f_l_27ed91226e97.png,psychodidae_ecosap_f_l_27ed91226e97.tif,Sergentomyia africana
,/Users/kristophernolte/Documents/phd_sandfly/json/psychodidae_ecosap_f_l_28610b4233d0.png,Repaired,1324,left,,,0.4125,0.3421875,0.2296875,0.128125,0.0390625,0.0265625,0.09375,0.2015625,0.325,0.4453125,0.559375,0.646875,0.353125,0.23125,0.271875,0.35625,0.48125,0.575,0.675,0.7625,0.815625,0.828125,0.603125,0.396875,0.384375,0.353125,0.321875,0.290625,0.259375,0.4703125,0.5296875,0.5890625,0.3140625,0.2859375,0.2578125,0.2046875,0.178125,0.153125,0.10625,0.0828125,0.059375,0.1734375,0.221875,0.26875,0.3171875,0.3640625,0.028125,0.10625,0.1734375,0.240625,0.3078125,0.3765625,0.44375,0.5109375,0.578125,0.0328125,0.053125,0.0734375,0.1171875,0.1453125,0.1734375,0.1453125,0.196875,0.2484375,0.3,0.353125,0.4046875,0.45625,0.5078125,0.2296875,0.2609375,0.2921875,0.2375,0.278125,0.31875,0.359375,0.4,0.440625,0.48125,0.521875,0.3515625,0.3828125,0.4140625,0.334375,0.31875,0.3125,0.303125,0.296875,0.35,0.353125,0.3625,0.2375,0.24375,0.246875,0.284375,0.3,0.321875,0.371875,0.4,0.434375,0.371875,0.38125,0.384375,0.384375,0.38125,0.528125,0.471875,0.46875,0.459375,0.453125,0.440625,0.43125,0.428125,0.421875,0.615625,0.640625,0.665625,0.70625,0.728125,0.753125,0.653125,0.640625,0.628125,0.615625,0.60625,0.596875,0.59375,0.584375,0.7875,0.803125,0.815625,0.728125,0.715625,0.703125,0.690625,0.68125,0.66875,0.65625,0.6375,0.8375,0.8375,0.8375,psychodidae_ecosap_f_l_28610b4233d0.png,psychodidae_ecosap_f_l_28610b4233d0.tif,Sergentomyia africana
,/Users/kristophernolte/Documents/phd_sandfly/json/psychodidae_ecosap_f_l_2bad6e464d87.png,Full Skeleton,1730,left,,,0.378125,0.26875,0.171875,0.103125,0.053125,0.034375,0.0734375,0.1453125,0.25,0.3796875,0.5015625,0.5390625,0.340625,0.225,0.265625,0.334375,0.41875,0.4875,0.584375,0.65,0.7125,0.740625,0.54375,0.396875,0.3453125,0.3109375,0.275,0.240625,0.20625,0.41875,0.459375,0.5,0.24375,0.21875,0.19375,0.1546875,0.1359375,0.1171875,0.0890625,0.0734375,0.059375,0.1484375,0.1953125,0.240625,0.2875,0.3328125,0.0375,0.10625,0.1609375,0.2140625,0.26875,0.321875,0.3765625,0.4296875,0.484375,0.0328125,0.046875,0.0578125,0.0890625,0.1078125,0.1265625,0.1203125,0.1671875,0.215625,0.2625,0.3109375,0.3578125,0.40625,0.453125,0.1671875,0.1953125,0.221875,0.184375,0.2234375,0.2640625,0.303125,0.34375,0.3828125,0.4234375,0.4625,0.28125,0.3140625,0.346875,0.315625,0.30625,0.3,0.290625,0.28125,0.34375,0.353125,0.365625,0.225,0.23125,0.246875,0.271875,0.284375,0.303125,0.346875,0.365625,0.3875,0.340625,0.34375,0.35,0.35625,0.359375,0.45,0.41875,0.415625,0.415625,0.415625,0.4125,0.409375,0.409375,0.409375,0.515625,0.54375,0.571875,0.6125,0.634375,0.64375,0.571875,0.565625,0.559375,0.55,0.546875,0.540625,0.534375,0.53125,0.678125,0.696875,0.70625,0.634375,0.63125,0.625,0.6125,0.60625,0.596875,0.5875,0.575,0.728125,0.734375,0.740625,psychodidae_ecosap_f_l_2bad6e464d87.png,psychodidae_ecosap_f_l_2bad6e464d87.tif,Sergentomyia ingrami
,/Users/kristophernolte/Documents/phd_sandfly/json/psychodidae_ecosap_f_l_2f11e9745006.png,Repaired,1580,left,,,0.3625,0.2578125,0.1671875,0.103125,0.06875,0.0515625,0.0921875,0.1625,0.23125,0.3484375,0.5015625,0.528125,0.309375,0.215625,0.253125,0.303125,0.384375,0.4375,0.53125,0.59375,0.6375,0.671875,0.490625,0.359375,0.3296875,0.296875,0.2640625,0.23125,0.1984375,0.4046875,0.446875,0.4890625,0.234375,0.2109375,0.1875,0.1515625,0.134375,0.1171875,0.090625,0.078125,0.06875,0.1453125,0.1890625,0.2328125,0.2765625,0.3203125,0.053125,0.11875,0.1703125,0.221875,0.271875,0.3234375,0.375,0.425,0.4765625,0.0453125,0.0609375,0.0765625,0.10625,0.125,0.14375,0.1375,0.1828125,0.228125,0.2734375,0.31875,0.3640625,0.409375,0.4546875,0.1765625,0.1953125,0.2125,0.2,0.2375,0.2765625,0.3140625,0.353125,0.390625,0.4296875,0.4671875,0.259375,0.2890625,0.31875,0.2875,0.284375,0.275,0.26875,0.265625,0.3125,0.31875,0.328125,0.2125,0.2125,0.21875,0.259375,0.26875,0.28125,0.31875,0.334375,0.35625,0.31875,0.325,0.33125,0.33125,0.328125,0.403125,0.3875,0.3875,0.3875,0.3875,0.384375,0.378125,0.375,0.375,0.46875,0.5,0.521875,0.559375,0.571875,0.5875,0.515625,0.5125,0.503125,0.5,0.49375,0.4875,0.4875,0.4875,0.615625,0.628125,0.634375,0.578125,0.56875,0.559375,0.553125,0.546875,0.540625,0.5375,0.540625,0.665625,0.66875,0.66875,psychodidae_ecosap_f_l_2f11e9745006.png,psychodidae_ecosap_f_l_2f11e9745006.tif,Sergentomyia schwetzi
,/Users/kristophernolte/Documents/phd_sandfly/json/psychodidae_ecosap_f_l_2fa175523d6e.png,Full Skeleton,1781,left,,,0.4015625,0.25625,0.1640625,0.0984375,0.0484375,0.0234375,0.0625,0.1359375,0.2390625,0.3796875,0.5375,0.5828125,0.35,0.228125,0.265625,0.340625,0.440625,0.521875,0.615625,0.696875,0.771875,0.8,0.578125,0.41875,0.365625,0.325,0.284375,0.24375,0.203125,0.446875,0.49375,0.540625,0.234375,0.2109375,0.1875,0.146875,0.1296875,0.1125,0.0828125,0.0671875,0.0546875,0.1484375,0.2,0.25,0.3015625,0.3515625,0.028125,0.1078125,0.1671875,0.2265625,0.2859375,0.3453125,0.4046875,0.4640625,0.5234375,0.021875,0.0328125,0.046875,0.0765625,0.096875,0.115625,0.115625,0.16875,0.221875,0.275,0.328125,0.38125,0.434375,0.4875,0.159375,0.1859375,0.2125,0.1796875,0.225,0.2703125,0.3140625,0.359375,0.4046875,0.4484375,0.49375,0.2734375,0.309375,0.34375,0.321875,0.309375,0.303125,0.29375,0.2875,0.353125,0.3625,0.378125,0.228125,0.2375,0.246875,0.275,0.290625,0.3125,0.353125,0.378125,0.409375,0.353125,0.35625,0.3625,0.36875,0.36875,0.478125,0.4375,0.434375,0.43125,0.43125,0.428125,0.425,0.425,0.43125,0.55,0.578125,0.6,0.646875,0.66875,0.684375,0.6,0.59375,0.590625,0.58125,0.575,0.56875,0.5625,0.5625,0.73125,0.75,0.765625,0.678125,0.671875,0.659375,0.65,0.640625,0.63125,0.621875,0.609375,0.790625,0.796875,0.8,psychodidae_ecosap_f_l_2fa175523d6e.png,psychodidae_ecosap_f_l_2fa175523d6e.tif,Sergentomyia ingrami
,/Users/kristophernolte/Documents/phd_sandfly/json/psychodidae_ecosap_f_l_2fe55ce141cd.png,Full Skeleton,1847,left,,,0.384375,0.2296875,0.146875,0.0796875,0.0296875,0.0109375,0.05,0.1359375,0.2328125,0.353125,0.5109375,0.546875,0.328125,0.2125,0.265625,0.34375,0.440625,0.51875,0.596875,0.671875,0.721875,0.746875,0.5375,0.3875,0.346875,0.30625,0.265625,0.2265625,0.1859375,0.425,0.4671875,0.5078125,0.209375,0.1875,0.165625,0.1296875,0.1109375,0.09375,0.065625,0.0515625,0.0375,0.1296875,0.18125,0.2328125,0.2828125,0.334375,0.0140625,0.0859375,0.14375,0.2015625,0.259375,0.315625,0.3734375,0.43125,0.4890625,0.0125,0.0234375,0.0359375,0.06875,0.090625,0.1125,0.1,0.1515625,0.203125,0.2546875,0.30625,0.3578125,0.409375,0.4609375,0.159375,0.184375,0.2078125,0.175,0.2171875,0.259375,0.3015625,0.34375,0.3859375,0.428125,0.4703125,0.2609375,0.2921875,0.321875,0.30625,0.296875,0.290625,0.284375,0.28125,0.334375,0.340625,0.35625,0.21875,0.23125,0.24375,0.275,0.290625,0.3125,0.359375,0.384375,0.4125,0.346875,0.346875,0.35,0.353125,0.35,0.478125,0.43125,0.421875,0.41875,0.415625,0.4125,0.40625,0.403125,0.4,0.54375,0.56875,0.5875,0.628125,0.64375,0.659375,0.58125,0.575,0.565625,0.553125,0.546875,0.534375,0.528125,0.525,0.690625,0.70625,0.721875,0.646875,0.6375,0.625,0.6125,0.603125,0.590625,0.58125,0.56875,0.7375,0.74375,0.75,psychodidae_ecosap_f_l_2fe55ce141cd.png,psychodidae_ecosap_f_l_2fe55ce141cd.tif,Sergentomyia ingrami
,/Users/kristophernolte/Documents/phd_sandfly/json/psychodidae_ecosap_f_l_3316c4981415.png,Full Skeleton,1366,left,,,0.3421875,0.3078125,0.1984375,0.1015625,0.0296875,0.0109375,0.075,0.1671875,0.2546875,0.4,0.49375,0.5625,0.31875,0.2125,0.24375,0.321875,0.43125,0.521875,0.63125,0.7125,0.76875,0.790625,0.584375,0.38125,0.321875,0.296875,0.271875,0.246875,0.221875,0.396875,0.453125,0.5078125,0.28125,0.253125,0.225,0.1734375,0.1484375,0.1234375,0.08125,0.0609375,0.0421875,0.140625,0.18125,0.221875,0.2625,0.303125,0.015625,0.0875,0.146875,0.20625,0.265625,0.325,0.384375,0.44375,0.503125,0.01875,0.0375,0.05625,0.0953125,0.11875,0.1421875,0.1203125,0.1671875,0.2140625,0.2609375,0.3078125,0.3546875,0.4015625,0.4484375,0.1859375,0.209375,0.23125,0.2015625,0.2375,0.275,0.3109375,0.3484375,0.384375,0.421875,0.4578125,0.2890625,0.3265625,0.3625,0.296875,0.284375,0.275,0.26875,0.2625,0.321875,0.328125,0.340625,0.209375,0.215625,0.225,0.253125,0.26875,0.290625,0.3375,0.3625,0.39375,0.334375,0.3375,0.340625,0.34375,0.34375,0.471875,0.43125,0.428125,0.428125,0.421875,0.415625,0.4125,0.409375,0.40625,0.559375,0.590625,0.61875,0.6625,0.68125,0.703125,0.6125,0.609375,0.6,0.59375,0.58125,0.575,0.56875,0.56875,0.734375,0.75,0.759375,0.6875,0.675,0.665625,0.65625,0.646875,0.640625,0.628125,0.6125,0.784375,0.790625,0.79375,psychodidae_ecosap_f_l_3316c4981415.png,psychodidae_ecosap_f_l_3316c4981415.tif,Sergentomyia schwetzi
,/Users/kristophernolte/Documents/phd_sandfly/json/psychodidae_ecosap_f_l_355afef3f273.png,Full Skeleton,1757,left,,,0.3765625,0.246875,0.128125,0.075,0.028125,0.0109375,0.0546875,0.1296875,0.2109375,0.3625,0.53125,0.553125,0.278125,0.159375,0.228125,0.284375,0.384375,0.459375,0.553125,0.628125,0.6875,0.71875,0.48125,0.328125,0.3375,0.2953125,0.253125,0.2125,0.1703125,0.4203125,0.465625,0.5109375,0.2171875,0.1875,0.1578125,0.1140625,0.1,0.0859375,0.0609375,0.046875,0.034375,0.125,0.175,0.2265625,0.2765625,0.3265625,0.0140625,0.0859375,0.14375,0.203125,0.2609375,0.31875,0.378125,0.4359375,0.49375,0.009375,0.0234375,0.0390625,0.0703125,0.090625,0.109375,0.1078125,0.1609375,0.2140625,0.2671875,0.3203125,0.3734375,0.4265625,0.4796875,0.1484375,0.16875,0.1890625,0.171875,0.2171875,0.2625,0.3078125,0.353125,0.3984375,0.44375,0.4890625,0.2484375,0.2859375,0.3234375,0.253125,0.24375,0.2375,0.23125,0.228125,0.28125,0.284375,0.296875,0.1625,0.178125,0.190625,0.2375,0.253125,0.265625,0.303125,0.328125,0.35625,0.296875,0.3,0.3,0.303125,0.303125,0.41875,0.378125,0.371875,0.371875,0.365625,0.359375,0.35,0.346875,0.34375,0.490625,0.51875,0.5375,0.575,0.596875,0.61875,0.534375,0.521875,0.5125,0.50625,0.49375,0.4875,0.478125,0.471875,0.65,0.6625,0.678125,0.603125,0.59375,0.578125,0.56875,0.559375,0.546875,0.534375,0.515625,0.709375,0.715625,0.71875,psychodidae_ecosap_f_l_355afef3f273.png,psychodidae_ecosap_f_l_355afef3f273.tif,Sergentomyia ingrami
,/Users/kristophernolte/Documents/phd_sandfly/json/psychodidae_ecosap_f_l_36eb764c498e.png,Full Skeleton,320,right,,,0.6828125,0.7171875,0.8203125,0.896875,0.965625,0.984375,0.9328125,0.84375,0.759375,0.646875,0.5515625,0.4609375,0.33125,0.23125,0.2625,0.325,0.421875,0.490625,0.58125,0.65625,0.70625,0.7375,0.55,0.390625,0.7046875,0.728125,0.7515625,0.775,0.7984375,0.6265625,0.5703125,0.5140625,0.7421875,0.76875,0.7953125,0.840625,0.859375,0.8796875,0.915625,0.934375,0.953125,0.8609375,0.825,0.7890625,0.753125,0.7171875,0.98125,0.9109375,0.8546875,0.7984375,0.7421875,0.6859375,0.6296875,0.5734375,0.5171875,0.978125,0.965625,0.95,0.9140625,0.890625,0.8671875,0.890625,0.8484375,0.80625,0.7640625,0.7203125,0.678125,0.6359375,0.59375,0.825,0.803125,0.78125,0.8125,0.7796875,0.746875,0.7140625,0.68125,0.6484375,0.615625,0.5828125,0.73125,0.703125,0.675,0.30625,0.296875,0.2875,0.28125,0.275,0.334375,0.340625,0.353125,0.234375,0.234375,0.24375,0.271875,0.284375,0.296875,0.334375,0.353125,0.384375,0.3375,0.34375,0.35,0.353125,0.35,0.453125,0.41875,0.415625,0.415625,0.4125,0.409375,0.40625,0.403125,0.40625,0.521875,0.546875,0.56875,0.6125,0.63125,0.646875,0.565625,0.559375,0.55625,0.55,0.54375,0.540625,0.534375,0.534375,0.675,0.690625,0.7,0.63125,0.625,0.61875,0.609375,0.6,0.590625,0.5875,0.578125,0.725,0.73125,0.7375,psychodidae_ecosap_f_l_36eb764c498e.png,psychodidae_ecosap_f_l_36eb764c498e.tif,Sergentomyia africana
,/Users/kristophernolte/Documents/phd_sandfly/json/psychodidae_ecosap_f_l_42b0a64e58bb.png,Full Skeleton,1721,left,,,0.3484375,0.221875,0.134375,0.071875,0.028125,0.0078125,0.034375,0.1140625,0.2046875,0.3234375,0.4765625,0.5125,0.346875,0.2375,0.2875,0.35625,0.440625,0.51875,0.584375,0.66875,0.734375,0.7625,0.55625,0.4,0.315625,0.2796875,0.2421875,0.20625,0.1703125,0.3890625,0.43125,0.471875,0.2,0.1765625,0.1546875,0.11875,0.1015625,0.0859375,0.059375,0.046875,0.0359375,0.1171875,0.1640625,0.2109375,0.25625,0.303125,0.0140625,0.08125,0.134375,0.1890625,0.2421875,0.296875,0.35,0.4046875,0.4578125,0.0078125,0.0140625,0.0234375,0.05,0.071875,0.0921875,0.0828125,0.13125,0.18125,0.2296875,0.2796875,0.328125,0.378125,0.4265625,0.1328125,0.15625,0.1796875,0.153125,0.19375,0.234375,0.275,0.315625,0.35625,0.396875,0.4375,0.2328125,0.2625,0.2921875,0.321875,0.3125,0.30625,0.303125,0.3,0.35,0.35625,0.36875,0.24375,0.253125,0.265625,0.29375,0.3125,0.328125,0.36875,0.390625,0.4125,0.3625,0.3625,0.365625,0.365625,0.365625,0.475,0.440625,0.434375,0.43125,0.43125,0.428125,0.421875,0.415625,0.415625,0.5375,0.55625,0.571875,0.615625,0.640625,0.659375,0.590625,0.584375,0.575,0.56875,0.559375,0.553125,0.546875,0.54375,0.7,0.715625,0.728125,0.659375,0.653125,0.640625,0.628125,0.621875,0.6125,0.6,0.5875,0.753125,0.759375,0.765625,psychodidae_ecosap_f_l_42b0a64e58bb.png,psychodidae_ecosap_f_l_42b0a64e58bb.tif,Sergentomyia ingrami
,/Users/kristophernolte/Documents/phd_sandfly/json/psychodidae_ecosap_f_l_43b337f178f4.png,Full Skeleton,1637,left,,,0.3546875,0.2359375,0.1453125,0.078125,0.0296875,0.0078125,0.0484375,0.1203125,0.20625,0.3375,0.51875,0.55625,0.34375,0.21875,0.2625,0.33125,0.41875,0.5,0.6,0.68125,0.74375,0.778125,0.5625,0.409375,0.3234375,0.2875,0.2515625,0.215625,0.1796875,0.4046875,0.45625,0.5078125,0.2140625,0.190625,0.1671875,0.128125,0.1109375,0.09375,0.0640625,0.05,0.0375,0.121875,0.16875,0.215625,0.2625,0.309375,0.0125,0.0875,0.1453125,0.2046875,0.2625,0.321875,0.3796875,0.4390625,0.496875,0.009375,0.01875,0.0328125,0.0625,0.08125,0.1,0.1,0.153125,0.2046875,0.2578125,0.309375,0.3625,0.4140625,0.4671875,0.1390625,0.1609375,0.1828125,0.1625,0.2078125,0.2515625,0.296875,0.340625,0.3859375,0.4296875,0.475,0.2375,0.2703125,0.303125,0.31875,0.309375,0.3,0.290625,0.28125,0.35,0.35625,0.371875,0.225,0.23125,0.240625,0.271875,0.284375,0.303125,0.34375,0.365625,0.390625,0.346875,0.35,0.359375,0.3625,0.3625,0.45625,0.421875,0.425,0.428125,0.43125,0.428125,0.425,0.425,0.425,0.528125,0.559375,0.5875,0.63125,0.653125,0.671875,0.584375,0.575,0.571875,0.565625,0.559375,0.553125,0.546875,0.54375,0.70625,0.721875,0.734375,0.65625,0.646875,0.6375,0.628125,0.621875,0.6125,0.603125,0.590625,0.7625,0.771875,0.775,psychodidae_ecosap_f_l_43b337f178f4.png,psychodidae_ecosap_f_l_43b337f178f4.tif,Sergentomyia ingrami
,/Users/kristophernolte/Documents/phd_sandfly/json/psychodidae_ecosap_f_l_4a9642de0b11.png,Full Skeleton,1691,left,,,0.3625,0.240625,0.1375,0.071875,0.0265625,0.009375,0.0515625,0.1265625,0.221875,0.3484375,0.4828125,0.521875,0.271875,0.15,0.190625,0.259375,0.34375,0.421875,0.51875,0.60625,0.6625,0.6875,0.484375,0.328125,0.328125,0.2890625,0.2515625,0.2125,0.175,0.403125,0.44375,0.484375,0.215625,0.1890625,0.1625,0.1203125,0.103125,0.0859375,0.059375,0.046875,0.034375,0.1203125,0.16875,0.2171875,0.265625,0.3140625,0.0109375,0.08125,0.1359375,0.190625,0.2453125,0.3015625,0.35625,0.4109375,0.465625,0.009375,0.021875,0.0359375,0.065625,0.0859375,0.10625,0.0984375,0.146875,0.1953125,0.24375,0.290625,0.3390625,0.3875,0.4359375,0.1484375,0.1734375,0.196875,0.1640625,0.2046875,0.2453125,0.284375,0.325,0.365625,0.4046875,0.4453125,0.2515625,0.284375,0.315625,0.24375,0.23125,0.221875,0.215625,0.20625,0.275,0.28125,0.296875,0.15,0.15625,0.16875,0.2,0.215625,0.234375,0.26875,0.29375,0.31875,0.26875,0.275,0.28125,0.284375,0.2875,0.38125,0.34375,0.346875,0.35,0.35,0.346875,0.346875,0.34375,0.34375,0.45,0.478125,0.503125,0.55,0.571875,0.59375,0.509375,0.503125,0.5,0.49375,0.484375,0.478125,0.471875,0.471875,0.628125,0.64375,0.65625,0.584375,0.575,0.565625,0.55625,0.546875,0.5375,0.53125,0.515625,0.678125,0.6875,0.690625,psychodidae_ecosap_f_l_4a9642de0b11.png,psychodidae_ecosap_f_l_4a9642de0b11.tif,Sergentomyia ingrami
,/Users/kristophernolte/Documents/phd_sandfly/json/psychodidae_ecosap_f_l_52801f7be616.png,Repaired,1736,left,,,0.4828125,0.3046875,0.19375,0.1015625,0.0515625,0.0234375,0.0796875,0.1703125,0.275,0.44375,0.6484375,0.6671875,0.321875,0.190625,0.259375,0.359375,0.45,0.55,0.65625,0.746875,0.825,0.8625,0.58125,0.3875,0.4359375,0.3875,0.3390625,0.290625,0.2421875,0.5296875,0.5765625,0.6234375,0.275,0.2453125,0.215625,0.16875,0.14375,0.11875,0.0875,0.071875,0.059375,0.1640625,0.228125,0.2921875,0.3546875,0.41875,0.0296875,0.11875,0.1875,0.25625,0.325,0.3921875,0.4609375,0.5296875,0.5984375,0.0234375,0.0421875,0.0609375,0.0984375,0.121875,0.1453125,0.1421875,0.2046875,0.26875,0.33125,0.3953125,0.4578125,0.521875,0.584375,0.19375,0.2203125,0.246875,0.2234375,0.2765625,0.3296875,0.3828125,0.4375,0.490625,0.54375,0.596875,0.315625,0.3578125,0.4,0.290625,0.28125,0.278125,0.26875,0.259375,0.325,0.334375,0.35,0.190625,0.203125,0.215625,0.265625,0.2875,0.3125,0.365625,0.39375,0.41875,0.34375,0.346875,0.35,0.35,0.346875,0.496875,0.44375,0.4375,0.434375,0.43125,0.425,0.41875,0.409375,0.40625,0.584375,0.61875,0.64375,0.69375,0.715625,0.7375,0.634375,0.625,0.6125,0.6,0.590625,0.58125,0.571875,0.56875,0.778125,0.796875,0.81875,0.721875,0.709375,0.7,0.68125,0.66875,0.65625,0.64375,0.625,0.85,0.85625,0.8625,psychodidae_ecosap_f_l_52801f7be616.png,psychodidae_ecosap_f_l_52801f7be616.tif,Sergentomyia ingrami
,/Users/kristophernolte/Documents/phd_sandfly/json/psychodidae_ecosap_f_l_52d95f3c949d.png,Full Skeleton,1287,left,,,0.33125,0.3296875,0.2296875,0.153125,0.0640625,0.05,0.1140625,0.1984375,0.3015625,0.4078125,0.48125,0.5421875,0.409375,0.315625,0.340625,0.390625,0.50625,0.565625,0.665625,0.725,0.771875,0.796875,0.625,0.465625,0.3171875,0.3,0.28125,0.2640625,0.246875,0.384375,0.4375,0.490625,0.3046875,0.2796875,0.2546875,0.2109375,0.1921875,0.1734375,0.1296875,0.1046875,0.08125,0.1828125,0.2125,0.2421875,0.271875,0.3015625,0.0515625,0.1171875,0.1703125,0.2234375,0.2765625,0.3296875,0.3828125,0.4359375,0.4890625,0.0578125,0.0765625,0.0953125,0.1328125,0.1546875,0.1765625,0.1515625,0.1921875,0.234375,0.275,0.3171875,0.3578125,0.4,0.440625,0.221875,0.2484375,0.275,0.228125,0.259375,0.2921875,0.3234375,0.3546875,0.3875,0.41875,0.45,0.325,0.353125,0.3796875,0.390625,0.378125,0.36875,0.3625,0.35625,0.4125,0.421875,0.43125,0.315625,0.321875,0.325,0.34375,0.35625,0.36875,0.40625,0.428125,0.459375,0.4125,0.41875,0.421875,0.425,0.425,0.534375,0.49375,0.490625,0.490625,0.4875,0.484375,0.484375,0.48125,0.48125,0.603125,0.634375,0.653125,0.6875,0.703125,0.721875,0.640625,0.63125,0.628125,0.625,0.621875,0.615625,0.6125,0.6125,0.746875,0.759375,0.771875,0.703125,0.696875,0.690625,0.6875,0.68125,0.675,0.665625,0.653125,0.790625,0.796875,0.8,psychodidae_ecosap_f_l_52d95f3c949d.png,psychodidae_ecosap_f_l_52d95f3c949d.tif,Sergentomyia africana
,/Users/kristophernolte/Documents/phd_sandfly/json/psychodidae_ecosap_f_l_5d5ff7fc5086.png,Full Skeleton,1428,left,,,0.3234375,0.265625,0.1671875,0.0796875,0.0234375,0.009375,0.0671875,0.1515625,0.2359375,0.321875,0.4765625,0.5421875,0.325,0.215625,0.25625,0.334375,0.43125,0.50625,0.60625,0.69375,0.74375,0.775,0.565625,0.384375,0.2984375,0.271875,0.2453125,0.21875,0.1921875,0.378125,0.434375,0.4890625,0.2421875,0.2171875,0.1921875,0.1453125,0.121875,0.1,0.0640625,0.0484375,0.0328125,0.1203125,0.1609375,0.2015625,0.2421875,0.2828125,0.0109375,0.08125,0.1390625,0.196875,0.2546875,0.3125,0.3703125,0.428125,0.4859375,0.015625,0.0328125,0.05,0.084375,0.10625,0.128125,0.1125,0.1578125,0.203125,0.2484375,0.2953125,0.340625,0.3859375,0.43125,0.1703125,0.1921875,0.2140625,0.1859375,0.221875,0.259375,0.2953125,0.33125,0.36875,0.4046875,0.440625,0.25625,0.278125,0.3,0.303125,0.29375,0.2875,0.28125,0.275,0.328125,0.33125,0.34375,0.21875,0.228125,0.2375,0.265625,0.284375,0.303125,0.346875,0.371875,0.396875,0.346875,0.346875,0.35,0.35625,0.35,0.465625,0.43125,0.43125,0.428125,0.421875,0.4125,0.40625,0.40625,0.403125,0.5375,0.56875,0.59375,0.6375,0.659375,0.68125,0.590625,0.5875,0.58125,0.571875,0.565625,0.55625,0.553125,0.55,0.7125,0.728125,0.740625,0.66875,0.659375,0.65,0.6375,0.628125,0.61875,0.609375,0.6,0.759375,0.765625,0.775,psychodidae_ecosap_f_l_5d5ff7fc5086.png,psychodidae_ecosap_f_l_5d5ff7fc5086.tif,Sergentomyia schwetzi
,/Users/kristophernolte/Documents/phd_sandfly/json/psychodidae_ecosap_f_l_674c56be9348.png,Full Skeleton,1318,left,,,0.3046875,0.2765625,0.1765625,0.09375,0.0234375,0.009375,0.0625,0.1453125,0.234375,0.3359375,0.44375,0.5265625,0.29375,0.209375,0.225,0.2875,0.384375,0.45,0.54375,0.6125,0.659375,0.69375,0.503125,0.34375,0.284375,0.2625,0.240625,0.21875,0.196875,0.359375,0.415625,0.471875,0.2515625,0.2265625,0.2015625,0.15625,0.134375,0.1125,0.075,0.05625,0.0375,0.1265625,0.1625,0.1984375,0.234375,0.2703125,0.0109375,0.078125,0.134375,0.190625,0.246875,0.303125,0.359375,0.415625,0.471875,0.015625,0.03125,0.046875,0.0796875,0.1015625,0.1234375,0.1046875,0.146875,0.1890625,0.23125,0.2734375,0.315625,0.3578125,0.4,0.165625,0.1890625,0.2109375,0.178125,0.2109375,0.2453125,0.278125,0.3125,0.3453125,0.3796875,0.4125,0.2578125,0.284375,0.309375,0.275,0.265625,0.259375,0.25,0.240625,0.296875,0.30625,0.309375,0.203125,0.203125,0.209375,0.225,0.23125,0.25,0.296875,0.31875,0.346875,0.296875,0.303125,0.309375,0.309375,0.3125,0.415625,0.38125,0.38125,0.378125,0.371875,0.36875,0.3625,0.3625,0.359375,0.48125,0.5125,0.534375,0.571875,0.590625,0.60625,0.521875,0.5125,0.509375,0.503125,0.496875,0.49375,0.4875,0.4875,0.634375,0.646875,0.653125,0.5875,0.578125,0.56875,0.5625,0.55625,0.55,0.540625,0.53125,0.675,0.6875,0.69375,psychodidae_ecosap_f_l_674c56be9348.png,psychodidae_ecosap_f_l_674c56be9348.tif,Sergentomyia africana
,/Users/kristophernolte/Documents/phd_sandfly/json/psychodidae_ecosap_f_l_6a9d2d6a995a.png,Full Skeleton,1597,left,,,0.3734375,0.2578125,0.1578125,0.0875,0.0296875,0.009375,0.0546875,0.1328125,0.2390625,0.371875,0.496875,0.5375,0.340625,0.228125,0.275,0.346875,0.446875,0.528125,0.628125,0.696875,0.753125,0.778125,0.565625,0.396875,0.3375,0.3015625,0.265625,0.2296875,0.19375,0.4140625,0.45625,0.496875,0.2328125,0.20625,0.18125,0.1390625,0.1203125,0.1015625,0.071875,0.0546875,0.0375,0.134375,0.1828125,0.2296875,0.278125,0.325,0.0140625,0.0859375,0.1421875,0.1984375,0.2546875,0.3125,0.36875,0.425,0.48125,0.0109375,0.0234375,0.0390625,0.071875,0.0921875,0.1125,0.1015625,0.1515625,0.2015625,0.2515625,0.3,0.35,0.4,0.45,0.1578125,0.184375,0.2109375,0.171875,0.2125,0.253125,0.29375,0.334375,0.375,0.415625,0.45625,0.2703125,0.3046875,0.3375,0.31875,0.309375,0.303125,0.296875,0.29375,0.346875,0.353125,0.365625,0.23125,0.2375,0.25,0.28125,0.3,0.31875,0.359375,0.3875,0.415625,0.359375,0.3625,0.365625,0.365625,0.3625,0.48125,0.44375,0.4375,0.434375,0.434375,0.428125,0.421875,0.41875,0.415625,0.559375,0.590625,0.615625,0.653125,0.66875,0.6875,0.6,0.590625,0.58125,0.571875,0.5625,0.55625,0.55,0.546875,0.71875,0.73125,0.746875,0.675,0.659375,0.65,0.6375,0.625,0.615625,0.609375,0.596875,0.76875,0.775,0.78125,psychodidae_ecosap_f_l_6a9d2d6a995a.png,psychodidae_ecosap_f_l_6a9d2d6a995a.tif,Sergentomyia ingrami
,/Users/kristophernolte/Documents/phd_sandfly/json/psychodidae_ecosap_f_l_71543d011e4e.png,Full Skeleton,442,right,,,0.709375,0.709375,0.803125,0.8828125,0.9671875,0.9875,0.921875,0.8390625,0.7609375,0.640625,0.584375,0.49375,0.359375,0.275,0.296875,0.3375,0.425,0.496875,0.6,0.659375,0.696875,0.715625,0.55625,0.40625,0.7234375,0.7390625,0.75625,0.771875,0.7875,0.65625,0.6015625,0.546875,0.7328125,0.75625,0.7796875,0.821875,0.8421875,0.8625,0.9046875,0.9265625,0.9484375,0.8546875,0.825,0.796875,0.7671875,0.7390625,0.984375,0.915625,0.8625,0.809375,0.7578125,0.7046875,0.6515625,0.6,0.546875,0.98125,0.9625,0.9421875,0.903125,0.88125,0.8609375,0.8875,0.85,0.8125,0.775,0.7359375,0.6984375,0.6609375,0.6234375,0.8203125,0.8,0.78125,0.8140625,0.7859375,0.75625,0.728125,0.6984375,0.6703125,0.640625,0.6125,0.73125,0.7015625,0.671875,0.340625,0.334375,0.328125,0.325,0.31875,0.3625,0.36875,0.375,0.275,0.278125,0.284375,0.3,0.309375,0.31875,0.35,0.365625,0.3875,0.359375,0.365625,0.371875,0.375,0.375,0.453125,0.434375,0.434375,0.434375,0.434375,0.428125,0.425,0.421875,0.421875,0.534375,0.5625,0.5875,0.621875,0.6375,0.65,0.575,0.56875,0.565625,0.559375,0.553125,0.55,0.54375,0.540625,0.675,0.684375,0.69375,0.634375,0.625,0.61875,0.6125,0.60625,0.596875,0.590625,0.578125,0.7125,0.715625,0.71875,psychodidae_ecosap_f_l_71543d011e4e.png,psychodidae_ecosap_f_l_71543d011e4e.tif,Sergentomyia schwetzi
,/Users/kristophernolte/Documents/phd_sandfly/json/psychodidae_ecosap_f_l_776b58691907.png,Full Skeleton,475,right,,,0.621875,0.6546875,0.7703125,0.8640625,0.9578125,0.98125,0.9109375,0.8015625,0.7078125,0.540625,0.44375,0.340625,0.35625,0.259375,0.2875,0.35,0.465625,0.559375,0.675,0.75625,0.8125,0.840625,0.61875,0.421875,0.646875,0.671875,0.696875,0.721875,0.746875,0.5515625,0.48125,0.4109375,0.6828125,0.7125,0.740625,0.79375,0.8171875,0.840625,0.8875,0.9125,0.9375,0.825,0.784375,0.7421875,0.7015625,0.6609375,0.978125,0.890625,0.821875,0.753125,0.684375,0.615625,0.546875,0.478125,0.409375,0.975,0.953125,0.9328125,0.8859375,0.8578125,0.8296875,0.8609375,0.809375,0.75625,0.7046875,0.6515625,0.6,0.546875,0.4953125,0.7796875,0.75625,0.7328125,0.7640625,0.7234375,0.6828125,0.64375,0.603125,0.5625,0.5234375,0.4828125,0.6671875,0.625,0.5828125,0.334375,0.321875,0.315625,0.309375,0.303125,0.365625,0.375,0.384375,0.25625,0.2625,0.26875,0.29375,0.30625,0.325,0.365625,0.39375,0.425,0.371875,0.38125,0.38125,0.384375,0.38125,0.509375,0.465625,0.465625,0.4625,0.45625,0.45,0.446875,0.44375,0.440625,0.6,0.63125,0.659375,0.70625,0.728125,0.746875,0.653125,0.646875,0.634375,0.628125,0.61875,0.6125,0.60625,0.603125,0.778125,0.79375,0.80625,0.73125,0.71875,0.709375,0.7,0.690625,0.678125,0.665625,0.653125,0.83125,0.8375,0.84375,psychodidae_ecosap_f_l_776b58691907.png,psychodidae_ecosap_f_l_776b58691907.tif,Sergentomyia africana
,/Users/kristophernolte/Documents/phd_sandfly/json/psychodidae_ecosap_f_l_7835e5ced487.png,Full Skeleton,438,left,,,0.3,0.271875,0.1953125,0.1046875,0.0296875,0.0125,0.065625,0.15625,0.2421875,0.3546875,0.409375,0.5078125,0.35,0.25625,0.284375,0.340625,0.43125,0.5125,0.6125,0.6875,0.721875,0.740625,0.575,0.409375,0.284375,0.265625,0.2484375,0.2296875,0.2125,0.3515625,0.4046875,0.4578125,0.253125,0.2328125,0.2140625,0.171875,0.1484375,0.125,0.084375,0.0640625,0.04375,0.1375,0.1703125,0.203125,0.2359375,0.26875,0.0125,0.0828125,0.1359375,0.1890625,0.2421875,0.2953125,0.3484375,0.4015625,0.4546875,0.015625,0.0328125,0.0484375,0.0859375,0.109375,0.1328125,0.1015625,0.140625,0.178125,0.2171875,0.2546875,0.29375,0.33125,0.3703125,0.1765625,0.1984375,0.2203125,0.1828125,0.2109375,0.240625,0.26875,0.296875,0.3265625,0.3546875,0.3828125,0.2703125,0.2984375,0.3265625,0.33125,0.31875,0.309375,0.303125,0.3,0.353125,0.359375,0.36875,0.259375,0.2625,0.26875,0.2875,0.3,0.3125,0.353125,0.371875,0.396875,0.35625,0.3625,0.36875,0.371875,0.365625,0.46875,0.434375,0.434375,0.4375,0.4375,0.43125,0.428125,0.425,0.421875,0.54375,0.575,0.6,0.64375,0.6625,0.678125,0.59375,0.5875,0.584375,0.58125,0.56875,0.56875,0.5625,0.5625,0.703125,0.7125,0.721875,0.665625,0.65625,0.646875,0.640625,0.63125,0.621875,0.6125,0.6,0.734375,0.740625,0.74375,psychodidae_ecosap_f_l_7835e5ced487.png,psychodidae_ecosap_f_l_7835e5ced487.tif,Sergentomyia distincta
,/Users/kristophernolte/Documents/phd_sandfly/json/psychodidae_ecosap_f_l_7a29f1cb36b3.png,Full Skeleton,1735,left,,,0.3546875,0.215625,0.1296875,0.0671875,0.0234375,0.009375,0.0546875,0.13125,0.225,0.3546875,0.4859375,0.5140625,0.215625,0.115625,0.171875,0.253125,0.34375,0.425,0.51875,0.578125,0.621875,0.64375,0.41875,0.259375,0.31875,0.28125,0.2421875,0.2046875,0.1671875,0.3953125,0.4359375,0.4765625,0.19375,0.171875,0.15,0.1140625,0.096875,0.08125,0.0546875,0.040625,0.028125,0.115625,0.1640625,0.2125,0.2609375,0.309375,0.0109375,0.0765625,0.13125,0.1859375,0.240625,0.2953125,0.35,0.4046875,0.459375,0.009375,0.0234375,0.0390625,0.0703125,0.090625,0.1109375,0.1,0.1484375,0.196875,0.2453125,0.2921875,0.340625,0.3890625,0.4375,0.153125,0.1765625,0.2,0.16875,0.209375,0.2484375,0.2890625,0.328125,0.36875,0.4078125,0.4484375,0.25625,0.2890625,0.321875,0.196875,0.19375,0.190625,0.1875,0.184375,0.21875,0.221875,0.23125,0.121875,0.134375,0.15,0.18125,0.196875,0.221875,0.2625,0.290625,0.315625,0.25625,0.253125,0.25,0.246875,0.24375,0.38125,0.3375,0.328125,0.31875,0.3125,0.303125,0.29375,0.284375,0.28125,0.453125,0.484375,0.509375,0.54375,0.55625,0.571875,0.49375,0.48125,0.46875,0.453125,0.44375,0.43125,0.41875,0.4125,0.596875,0.609375,0.6125,0.553125,0.540625,0.525,0.509375,0.496875,0.484375,0.471875,0.45625,0.6375,0.640625,0.646875,psychodidae_ecosap_f_l_7a29f1cb36b3.png,psychodidae_ecosap_f_l_7a29f1cb36b3.tif,Sergentomyia ingrami
,/Users/kristophernolte/Documents/phd_sandfly/json/psychodidae_ecosap_f_l_7b56ccbcdd4f.png,Repaired,1332,left,,,0.3546875,0.3328125,0.2140625,0.1171875,0.0328125,0.0140625,0.08125,0.1984375,0.303125,0.4421875,0.496875,0.5984375,0.2875,0.178125,0.209375,0.29375,0.421875,0.509375,0.6125,0.69375,0.734375,0.740625,0.540625,0.340625,0.3328125,0.309375,0.284375,0.2609375,0.2375,0.415625,0.4765625,0.5375,0.3015625,0.2703125,0.2390625,0.1890625,0.1640625,0.1390625,0.09375,0.0703125,0.0453125,0.15625,0.1953125,0.2359375,0.275,0.3140625,0.0140625,0.0953125,0.1578125,0.2203125,0.2828125,0.346875,0.409375,0.471875,0.534375,0.021875,0.0421875,0.0609375,0.1078125,0.1375,0.1671875,0.1265625,0.1734375,0.21875,0.265625,0.3109375,0.3578125,0.403125,0.45,0.2234375,0.25,0.2765625,0.2265625,0.2609375,0.2953125,0.328125,0.3625,0.396875,0.4296875,0.4640625,0.3375,0.371875,0.40625,0.265625,0.253125,0.246875,0.24375,0.234375,0.29375,0.29375,0.3,0.178125,0.184375,0.190625,0.21875,0.246875,0.2625,0.309375,0.340625,0.371875,0.309375,0.3125,0.315625,0.315625,0.309375,0.459375,0.415625,0.40625,0.396875,0.390625,0.38125,0.371875,0.365625,0.359375,0.546875,0.58125,0.6,0.646875,0.665625,0.684375,0.590625,0.575,0.5625,0.553125,0.546875,0.5375,0.528125,0.525,0.715625,0.721875,0.734375,0.6625,0.646875,0.6375,0.625,0.6125,0.603125,0.5875,0.571875,0.74375,0.74375,0.746875,psychodidae_ecosap_f_l_7b56ccbcdd4f.png,psychodidae_ecosap_f_l_7b56ccbcdd4f.tif,Sergentomyia distincta
,/Users/kristophernolte/Documents/phd_sandfly/json/psychodidae_ecosap_f_l_7cd0965e4f5b.png,Full Skeleton,1367,left,,,0.2984375,0.2984375,0.203125,0.1171875,0.0328125,0.0109375,0.0796875,0.18125,0.2625,0.3875,0.4640625,0.55625,0.340625,0.24375,0.26875,0.328125,0.434375,0.51875,0.6125,0.69375,0.734375,0.75625,0.571875,0.4,0.284375,0.2671875,0.25,0.234375,0.2171875,0.3625,0.428125,0.4921875,0.275,0.2515625,0.228125,0.18125,0.159375,0.1375,0.0953125,0.071875,0.0515625,0.1453125,0.1765625,0.2078125,0.2375,0.26875,0.015625,0.090625,0.1484375,0.20625,0.2640625,0.3234375,0.38125,0.4390625,0.496875,0.021875,0.0421875,0.059375,0.1015625,0.128125,0.1546875,0.121875,0.1640625,0.2078125,0.25,0.2921875,0.3359375,0.378125,0.4203125,0.2,0.2203125,0.240625,0.209375,0.2421875,0.2734375,0.30625,0.3375,0.3703125,0.4015625,0.434375,0.29375,0.325,0.35625,0.321875,0.3125,0.30625,0.296875,0.290625,0.346875,0.353125,0.359375,0.24375,0.25,0.253125,0.278125,0.290625,0.303125,0.340625,0.365625,0.39375,0.35,0.35625,0.359375,0.3625,0.359375,0.471875,0.440625,0.440625,0.4375,0.43125,0.425,0.421875,0.41875,0.415625,0.55625,0.578125,0.603125,0.64375,0.665625,0.684375,0.59375,0.5875,0.58125,0.575,0.56875,0.559375,0.55625,0.55625,0.7125,0.721875,0.73125,0.665625,0.65,0.64375,0.6375,0.628125,0.61875,0.6125,0.6,0.75,0.75625,0.75625,psychodidae_ecosap_f_l_7cd0965e4f5b.png,psychodidae_ecosap_f_l_7cd0965e4f5b.tif,Sergentomyia distincta
,/Users/kristophernolte/Documents/phd_sandfly/json/psychodidae_ecosap_f_l_81ebacaaa963.png,Repaired,532,left,,,0.4015625,0.334375,0.2015625,0.1046875,0.0296875,0.0140625,0.05,0.1734375,0.2828125,0.434375,0.5953125,0.6390625,0.290625,0.15625,0.20625,0.303125,0.4375,0.534375,0.628125,0.75625,0.81875,0.846875,0.575,0.3625,0.3703125,0.3359375,0.303125,0.26875,0.2359375,0.4609375,0.5203125,0.5796875,0.3015625,0.2671875,0.234375,0.1765625,0.1515625,0.1265625,0.084375,0.0625,0.0421875,0.153125,0.203125,0.253125,0.303125,0.353125,0.015625,0.096875,0.1640625,0.2328125,0.3,0.36875,0.4359375,0.5046875,0.571875,0.015625,0.025,0.0375,0.0796875,0.1109375,0.1421875,0.1078125,0.16875,0.2296875,0.290625,0.3515625,0.4125,0.4734375,0.534375,0.1984375,0.2265625,0.2546875,0.21875,0.265625,0.3140625,0.3609375,0.4078125,0.45625,0.503125,0.55,0.31875,0.3578125,0.3953125,0.259375,0.24375,0.234375,0.228125,0.221875,0.29375,0.303125,0.315625,0.159375,0.165625,0.178125,0.215625,0.240625,0.265625,0.325,0.3625,0.39375,0.315625,0.31875,0.321875,0.321875,0.31875,0.48125,0.43125,0.425,0.421875,0.41875,0.40625,0.4,0.39375,0.3875,0.559375,0.584375,0.603125,0.675,0.709375,0.740625,0.628125,0.628125,0.61875,0.60625,0.596875,0.578125,0.565625,0.559375,0.78125,0.8,0.815625,0.728125,0.715625,0.703125,0.684375,0.66875,0.653125,0.6375,0.61875,0.8375,0.846875,0.85,psychodidae_ecosap_f_l_81ebacaaa963.png,psychodidae_ecosap_f_l_81ebacaaa963.tif,Sergentomyia schwetzi
,/Users/kristophernolte/Documents/phd_sandfly/json/psychodidae_ecosap_f_l_83140de8db73.png,Full Skeleton,1456,left,,,0.3546875,0.309375,0.209375,0.1234375,0.05625,0.034375,0.084375,0.1765625,0.2625,0.384375,0.459375,0.51875,0.3625,0.259375,0.284375,0.35,0.45625,0.525,0.6125,0.696875,0.746875,0.78125,0.596875,0.421875,0.3328125,0.3078125,0.2828125,0.2578125,0.2328125,0.3953125,0.4375,0.4796875,0.284375,0.259375,0.234375,0.1875,0.165625,0.14375,0.1046875,0.0859375,0.0671875,0.1609375,0.2,0.2390625,0.278125,0.3171875,0.0390625,0.10625,0.1578125,0.209375,0.2609375,0.3125,0.3640625,0.415625,0.4671875,0.0375,0.053125,0.06875,0.1015625,0.1265625,0.1515625,0.125,0.1671875,0.209375,0.2515625,0.2921875,0.334375,0.3765625,0.41875,0.196875,0.21875,0.240625,0.20625,0.2375,0.2703125,0.3015625,0.3328125,0.365625,0.396875,0.428125,0.290625,0.321875,0.353125,0.3375,0.328125,0.31875,0.3125,0.309375,0.371875,0.375,0.3875,0.25625,0.259375,0.2625,0.290625,0.30625,0.31875,0.3625,0.390625,0.415625,0.365625,0.371875,0.38125,0.384375,0.38125,0.4875,0.453125,0.45625,0.453125,0.453125,0.453125,0.446875,0.446875,0.440625,0.55625,0.578125,0.603125,0.64375,0.66875,0.684375,0.60625,0.6,0.596875,0.59375,0.590625,0.5875,0.5875,0.584375,0.71875,0.73125,0.74375,0.675,0.671875,0.665625,0.65625,0.653125,0.64375,0.634375,0.625,0.7625,0.775,0.78125,psychodidae_ecosap_f_l_83140de8db73.png,psychodidae_ecosap_f_l_83140de8db73.tif,Sergentomyia schwetzi
,/Users/kristophernolte/Documents/phd_sandfly/json/psychodidae_ecosap_f_l_83d8c9ffdc87.png,Repaired,1266,left,,,0.39375,0.3703125,0.275,0.1984375,0.125,0.1078125,0.1734375,0.2640625,0.3546875,0.4671875,0.521875,0.5984375,0.321875,0.23125,0.265625,0.3375,0.440625,0.521875,0.609375,0.671875,0.7125,0.71875,0.540625,0.359375,0.3765625,0.35625,0.3359375,0.315625,0.2953125,0.4453125,0.496875,0.5484375,0.346875,0.321875,0.296875,0.2546875,0.234375,0.2140625,0.178125,0.1578125,0.1375,0.23125,0.2640625,0.296875,0.3296875,0.3625,0.1078125,0.1765625,0.2296875,0.2828125,0.3359375,0.3875,0.440625,0.49375,0.546875,0.11875,0.1359375,0.1546875,0.19375,0.2171875,0.240625,0.2109375,0.25,0.2890625,0.328125,0.3671875,0.40625,0.4453125,0.484375,0.284375,0.3078125,0.33125,0.290625,0.3203125,0.3484375,0.378125,0.40625,0.4359375,0.4640625,0.49375,0.3828125,0.4109375,0.4390625,0.3,0.29375,0.2875,0.28125,0.275,0.321875,0.321875,0.33125,0.228125,0.234375,0.246875,0.275,0.2875,0.296875,0.35,0.375,0.4,0.35,0.35,0.35,0.35,0.34375,0.478125,0.4375,0.43125,0.425,0.415625,0.40625,0.39375,0.384375,0.378125,0.553125,0.578125,0.596875,0.634375,0.65,0.665625,0.584375,0.578125,0.565625,0.55625,0.54375,0.5375,0.528125,0.525,0.6875,0.7,0.709375,0.646875,0.6375,0.628125,0.615625,0.60625,0.59375,0.584375,0.56875,0.725,0.728125,0.725,psychodidae_ecosap_f_l_83d8c9ffdc87.png,psychodidae_ecosap_f_l_83d8c9ffdc87.tif,Sergentomyia distincta
,/Users/kristophernolte/Documents/phd_sandfly/json/psychodidae_ecosap_f_l_8485e5d03093.png,Full Skeleton,1726,left,,,0.3859375,0.2359375,0.140625,0.075,0.028125,0.009375,0.05,0.128125,0.2296875,0.35625,0.534375,0.584375,0.325,0.203125,0.25625,0.334375,0.425,0.50625,0.6125,0.7,0.76875,0.803125,0.56875,0.38125,0.346875,0.30625,0.2640625,0.2234375,0.1828125,0.4359375,0.4859375,0.5359375,0.2125,0.1875,0.1625,0.1234375,0.10625,0.0890625,0.0625,0.0484375,0.0359375,0.1265625,0.178125,0.23125,0.2828125,0.334375,0.0140625,0.0890625,0.1515625,0.2140625,0.275,0.3375,0.4,0.4609375,0.5234375,0.009375,0.01875,0.034375,0.0671875,0.0875,0.1078125,0.103125,0.15625,0.2109375,0.2640625,0.31875,0.371875,0.4265625,0.4796875,0.15,0.1765625,0.203125,0.1734375,0.21875,0.2640625,0.309375,0.3546875,0.4,0.4453125,0.490625,0.2609375,0.2921875,0.3234375,0.303125,0.29375,0.2875,0.28125,0.275,0.328125,0.334375,0.346875,0.20625,0.21875,0.23125,0.265625,0.284375,0.303125,0.346875,0.371875,0.396875,0.346875,0.346875,0.35,0.353125,0.35,0.465625,0.428125,0.428125,0.421875,0.421875,0.4125,0.409375,0.403125,0.4,0.534375,0.565625,0.59375,0.646875,0.66875,0.690625,0.6,0.596875,0.5875,0.58125,0.571875,0.565625,0.55625,0.553125,0.728125,0.74375,0.759375,0.678125,0.66875,0.65625,0.65,0.640625,0.628125,0.61875,0.603125,0.7875,0.796875,0.803125,psychodidae_ecosap_f_l_8485e5d03093.png,psychodidae_ecosap_f_l_8485e5d03093.tif,Sergentomyia ingrami
,/Users/kristophernolte/Documents/phd_sandfly/json/psychodidae_ecosap_f_l_86ced2ffaf81.png,Full Skeleton,1336,left,,,0.296875,0.2734375,0.171875,0.0921875,0.028125,0.015625,0.071875,0.165625,0.25,0.3703125,0.4328125,0.5140625,0.3625,0.26875,0.296875,0.371875,0.46875,0.5375,0.621875,0.678125,0.71875,0.73125,0.56875,0.4125,0.278125,0.25625,0.234375,0.2125,0.190625,0.3515625,0.40625,0.4609375,0.2484375,0.2234375,0.1984375,0.1515625,0.13125,0.1109375,0.075,0.0578125,0.040625,0.1265625,0.1609375,0.1953125,0.2296875,0.2640625,0.01875,0.08125,0.1359375,0.1890625,0.24375,0.296875,0.3515625,0.4046875,0.459375,0.0234375,0.0390625,0.0546875,0.09375,0.1171875,0.140625,0.109375,0.15,0.190625,0.23125,0.271875,0.3125,0.353125,0.39375,0.184375,0.20625,0.228125,0.19375,0.2234375,0.2546875,0.284375,0.3140625,0.3453125,0.375,0.4046875,0.2796875,0.309375,0.3390625,0.340625,0.33125,0.328125,0.321875,0.315625,0.3625,0.36875,0.375,0.265625,0.275,0.278125,0.309375,0.328125,0.340625,0.384375,0.40625,0.43125,0.384375,0.3875,0.3875,0.384375,0.38125,0.5,0.465625,0.459375,0.453125,0.45,0.440625,0.434375,0.43125,0.428125,0.56875,0.590625,0.609375,0.646875,0.659375,0.675,0.6,0.59375,0.590625,0.58125,0.571875,0.565625,0.559375,0.55625,0.696875,0.703125,0.715625,0.6625,0.653125,0.64375,0.634375,0.628125,0.61875,0.60625,0.59375,0.73125,0.73125,0.734375,psychodidae_ecosap_f_l_86ced2ffaf81.png,psychodidae_ecosap_f_l_86ced2ffaf81.tif,Sergentomyia distincta
,/Users/kristophernolte/Documents/phd_sandfly/json/psychodidae_ecosap_f_l_8939e2104939.png,Full Skeleton,1649,left,,,0.3734375,0.24375,0.1453125,0.078125,0.0296875,0.009375,0.053125,0.1203125,0.2140625,0.3484375,0.5234375,0.54375,0.35,0.246875,0.2875,0.353125,0.434375,0.5125,0.603125,0.66875,0.721875,0.75,0.55625,0.409375,0.3375,0.2984375,0.259375,0.221875,0.1828125,0.415625,0.459375,0.503125,0.21875,0.19375,0.16875,0.128125,0.1109375,0.09375,0.065625,0.0515625,0.0375,0.1265625,0.1765625,0.2265625,0.275,0.325,0.0140625,0.0859375,0.14375,0.2015625,0.2578125,0.315625,0.3734375,0.4296875,0.4875,0.0109375,0.0234375,0.0375,0.06875,0.0859375,0.103125,0.1046875,0.1578125,0.2109375,0.2625,0.315625,0.36875,0.4203125,0.4734375,0.14375,0.1671875,0.190625,0.1625,0.2078125,0.253125,0.2984375,0.34375,0.3890625,0.434375,0.4796875,0.2453125,0.2796875,0.3140625,0.325,0.315625,0.309375,0.30625,0.303125,0.35625,0.3625,0.378125,0.25,0.259375,0.26875,0.296875,0.309375,0.325,0.365625,0.3875,0.409375,0.3625,0.3625,0.36875,0.36875,0.365625,0.46875,0.4375,0.434375,0.434375,0.43125,0.425,0.425,0.425,0.425,0.540625,0.56875,0.590625,0.628125,0.64375,0.659375,0.58125,0.575,0.56875,0.5625,0.55625,0.55,0.54375,0.540625,0.690625,0.703125,0.71875,0.646875,0.640625,0.63125,0.625,0.61875,0.609375,0.6,0.5875,0.7375,0.74375,0.75,psychodidae_ecosap_f_l_8939e2104939.png,psychodidae_ecosap_f_l_8939e2104939.tif,Sergentomyia ingrami
,/Users/kristophernolte/Documents/phd_sandfly/json/psychodidae_ecosap_f_l_8f7a5114d1f0.png,Full Skeleton,1748,left,,,0.421875,0.2703125,0.16875,0.0828125,0.0296875,0.0078125,0.053125,0.15,0.2578125,0.3984375,0.58125,0.5921875,0.34375,0.2125,0.259375,0.34375,0.44375,0.5375,0.63125,0.71875,0.771875,0.809375,0.565625,0.390625,0.38125,0.3390625,0.2953125,0.253125,0.2109375,0.4640625,0.5078125,0.55,0.2453125,0.21875,0.19375,0.146875,0.125,0.103125,0.06875,0.053125,0.0375,0.1390625,0.1953125,0.253125,0.309375,0.365625,0.0125,0.0921875,0.1546875,0.2171875,0.2796875,0.3421875,0.4046875,0.4671875,0.5296875,0.009375,0.0234375,0.0375,0.075,0.1,0.125,0.1109375,0.1703125,0.228125,0.2875,0.3453125,0.4046875,0.4625,0.521875,0.175,0.203125,0.2296875,0.19375,0.2421875,0.290625,0.3390625,0.3890625,0.4375,0.4859375,0.534375,0.290625,0.3265625,0.3625,0.315625,0.30625,0.296875,0.2875,0.28125,0.346875,0.353125,0.3625,0.215625,0.225,0.2375,0.271875,0.2875,0.309375,0.35625,0.384375,0.4125,0.35625,0.3625,0.3625,0.36875,0.36875,0.4875,0.44375,0.440625,0.4375,0.4375,0.434375,0.428125,0.421875,0.41875,0.565625,0.596875,0.61875,0.665625,0.6875,0.709375,0.615625,0.60625,0.596875,0.590625,0.58125,0.56875,0.5625,0.553125,0.7375,0.753125,0.76875,0.69375,0.68125,0.671875,0.659375,0.646875,0.6375,0.621875,0.60625,0.79375,0.803125,0.80625,psychodidae_ecosap_f_l_8f7a5114d1f0.png,psychodidae_ecosap_f_l_8f7a5114d1f0.tif,Sergentomyia ingrami
,/Users/kristophernolte/Documents/phd_sandfly/json/psychodidae_ecosap_f_l_8f967a4ed29c.png,Full Skeleton,1363,left,,,0.3171875,0.2953125,0.190625,0.1046875,0.028125,0.0109375,0.06875,0.1578125,0.2578125,0.3703125,0.4609375,0.5265625,0.340625,0.2375,0.26875,0.334375,0.4375,0.51875,0.615625,0.684375,0.728125,0.75625,0.559375,0.390625,0.2984375,0.2765625,0.2546875,0.2328125,0.2109375,0.36875,0.421875,0.475,0.26875,0.2421875,0.215625,0.16875,0.146875,0.125,0.084375,0.0640625,0.04375,0.1390625,0.175,0.2109375,0.246875,0.2828125,0.0125,0.0828125,0.1375,0.19375,0.2484375,0.3046875,0.359375,0.415625,0.4703125,0.015625,0.0328125,0.05,0.0890625,0.1125,0.134375,0.1125,0.15625,0.2,0.24375,0.2875,0.33125,0.375,0.41875,0.18125,0.20625,0.23125,0.1875,0.221875,0.25625,0.290625,0.325,0.359375,0.39375,0.428125,0.284375,0.3125,0.340625,0.321875,0.3125,0.303125,0.29375,0.2875,0.340625,0.346875,0.359375,0.2375,0.24375,0.25,0.275,0.290625,0.309375,0.35,0.371875,0.403125,0.35,0.35625,0.3625,0.3625,0.3625,0.475,0.434375,0.43125,0.43125,0.425,0.41875,0.415625,0.415625,0.4125,0.553125,0.58125,0.6,0.640625,0.659375,0.675,0.59375,0.584375,0.575,0.56875,0.559375,0.55,0.54375,0.54375,0.703125,0.7125,0.725,0.659375,0.65,0.640625,0.63125,0.621875,0.6125,0.6,0.5875,0.74375,0.75,0.75625,psychodidae_ecosap_f_l_8f967a4ed29c.png,psychodidae_ecosap_f_l_8f967a4ed29c.tif,Sergentomyia africana
,/Users/kristophernolte/Documents/phd_sandfly/json/psychodidae_ecosap_f_l_90a327c1d3cd.png,Full Skeleton,1340,left,,,0.31875,0.315625,0.1890625,0.1140625,0.03125,0.015625,0.0703125,0.1640625,0.26875,0.403125,0.459375,0.565625,0.290625,0.196875,0.23125,0.284375,0.390625,0.4625,0.546875,0.6375,0.684375,0.70625,0.5375,0.3625,0.2984375,0.2765625,0.2546875,0.2328125,0.2109375,0.38125,0.44375,0.50625,0.2828125,0.25,0.2171875,0.1703125,0.15,0.13125,0.0921875,0.0703125,0.0484375,0.146875,0.18125,0.215625,0.25,0.284375,0.015625,0.090625,0.15,0.209375,0.26875,0.328125,0.3875,0.446875,0.50625,0.0234375,0.0390625,0.0546875,0.0890625,0.1140625,0.1390625,0.1125,0.15625,0.2,0.24375,0.2859375,0.3296875,0.3734375,0.4171875,0.1859375,0.2140625,0.240625,0.196875,0.2296875,0.2625,0.2953125,0.3296875,0.3625,0.3953125,0.428125,0.3,0.334375,0.36875,0.265625,0.253125,0.246875,0.240625,0.234375,0.3,0.30625,0.321875,0.19375,0.196875,0.209375,0.240625,0.246875,0.25625,0.3,0.315625,0.35,0.3,0.303125,0.309375,0.309375,0.309375,0.421875,0.384375,0.384375,0.38125,0.38125,0.378125,0.38125,0.378125,0.375,0.49375,0.51875,0.5375,0.578125,0.6,0.625,0.54375,0.540625,0.534375,0.528125,0.525,0.521875,0.51875,0.51875,0.659375,0.665625,0.68125,0.61875,0.6125,0.603125,0.596875,0.5875,0.58125,0.575,0.565625,0.70625,0.7125,0.7125,psychodidae_ecosap_f_l_90a327c1d3cd.png,psychodidae_ecosap_f_l_90a327c1d3cd.tif,Sergentomyia distincta
,/Users/kristophernolte/Documents/phd_sandfly/json/psychodidae_ecosap_f_l_984a78f7093e.png,Full Skeleton,1747,left,,,0.3703125,0.25,0.1515625,0.0765625,0.0265625,0.0109375,0.0578125,0.1421875,0.234375,0.375,0.54375,0.571875,0.384375,0.28125,0.325,0.40625,0.503125,0.58125,0.665625,0.734375,0.78125,0.796875,0.58125,0.440625,0.334375,0.296875,0.2609375,0.2234375,0.1875,0.4203125,0.471875,0.5234375,0.225,0.2,0.175,0.1328125,0.1125,0.09375,0.0625,0.0484375,0.034375,0.125,0.175,0.225,0.2734375,0.3234375,0.0140625,0.0859375,0.146875,0.2078125,0.26875,0.3296875,0.390625,0.4515625,0.5125,0.0125,0.028125,0.0421875,0.0765625,0.0984375,0.1203125,0.1109375,0.165625,0.21875,0.2734375,0.3265625,0.38125,0.434375,0.4890625,0.1640625,0.1875,0.2109375,0.184375,0.2296875,0.275,0.3203125,0.365625,0.4109375,0.45625,0.5015625,0.2671875,0.303125,0.3390625,0.365625,0.359375,0.353125,0.346875,0.346875,0.390625,0.396875,0.40625,0.2875,0.296875,0.30625,0.33125,0.353125,0.371875,0.421875,0.44375,0.471875,0.4125,0.4125,0.4125,0.4125,0.409375,0.540625,0.49375,0.484375,0.48125,0.475,0.465625,0.459375,0.45625,0.45625,0.609375,0.6375,0.65625,0.6875,0.70625,0.721875,0.64375,0.63125,0.621875,0.609375,0.6,0.590625,0.58125,0.571875,0.75,0.765625,0.775,0.703125,0.69375,0.68125,0.665625,0.653125,0.640625,0.628125,0.615625,0.79375,0.8,0.8,psychodidae_ecosap_f_l_984a78f7093e.png,psychodidae_ecosap_f_l_984a78f7093e.tif,Sergentomyia ingrami
,/Users/kristophernolte/Documents/phd_sandfly/json/psychodidae_ecosap_f_l_9acac9c47f58.png,Full Skeleton,1316,left,,,0.30625,0.278125,0.1921875,0.10625,0.028125,0.009375,0.0703125,0.1703125,0.24375,0.365625,0.41875,0.5015625,0.325,0.228125,0.2625,0.325,0.43125,0.50625,0.6,0.665625,0.696875,0.71875,0.553125,0.378125,0.2890625,0.26875,0.25,0.2296875,0.2109375,0.3546875,0.4046875,0.4546875,0.25625,0.234375,0.2125,0.1703125,0.1484375,0.1265625,0.0859375,0.0640625,0.04375,0.1375,0.171875,0.20625,0.2390625,0.2734375,0.0125,0.0796875,0.1328125,0.1859375,0.2375,0.290625,0.34375,0.3953125,0.4484375,0.01875,0.0359375,0.053125,0.09375,0.11875,0.14375,0.10625,0.1453125,0.184375,0.2234375,0.2625,0.3015625,0.340625,0.3796875,0.1875,0.20625,0.225,0.1953125,0.2234375,0.2515625,0.2796875,0.3078125,0.3359375,0.3640625,0.3921875,0.271875,0.303125,0.334375,0.30625,0.296875,0.290625,0.284375,0.278125,0.33125,0.334375,0.34375,0.23125,0.2375,0.24375,0.26875,0.28125,0.3,0.340625,0.365625,0.39375,0.340625,0.34375,0.346875,0.346875,0.346875,0.4625,0.428125,0.425,0.41875,0.415625,0.409375,0.403125,0.4,0.396875,0.540625,0.56875,0.5875,0.625,0.640625,0.65625,0.578125,0.571875,0.5625,0.55625,0.55,0.54375,0.540625,0.5375,0.678125,0.6875,0.69375,0.640625,0.63125,0.621875,0.6125,0.60625,0.596875,0.5875,0.575,0.71875,0.721875,0.721875,psychodidae_ecosap_f_l_9acac9c47f58.png,psychodidae_ecosap_f_l_9acac9c47f58.tif,Sergentomyia distincta
,/Users/kristophernolte/Documents/phd_sandfly/json/psychodidae_ecosap_f_l_a13029a714ed.png,Full Skeleton,455,left,,,0.309375,0.29375,0.1890625,0.1125,0.0375,0.0140625,0.0859375,0.15625,0.2375,0.3796875,0.4375,0.515625,0.325,0.23125,0.253125,0.296875,0.371875,0.440625,0.546875,0.60625,0.65,0.690625,0.53125,0.3875,0.2921875,0.271875,0.25,0.2296875,0.209375,0.3609375,0.4140625,0.465625,0.26875,0.2421875,0.215625,0.1703125,0.15,0.1296875,0.09375,0.0734375,0.053125,0.1453125,0.178125,0.2109375,0.24375,0.2765625,0.01875,0.0890625,0.1421875,0.1953125,0.2484375,0.303125,0.35625,0.409375,0.4625,0.01875,0.040625,0.0625,0.1015625,0.1203125,0.1375,0.125,0.1640625,0.2046875,0.24375,0.2828125,0.3234375,0.3625,0.4015625,0.175,0.1953125,0.215625,0.1859375,0.2171875,0.2484375,0.2796875,0.3109375,0.3421875,0.3734375,0.4046875,0.2703125,0.30625,0.3421875,0.296875,0.2875,0.28125,0.275,0.26875,0.328125,0.340625,0.353125,0.225,0.23125,0.2375,0.259375,0.265625,0.275,0.303125,0.325,0.34375,0.31875,0.325,0.33125,0.334375,0.3375,0.4,0.3875,0.390625,0.396875,0.396875,0.403125,0.396875,0.4,0.4,0.484375,0.5125,0.534375,0.56875,0.5875,0.596875,0.528125,0.525,0.51875,0.51875,0.5125,0.5125,0.509375,0.509375,0.625,0.6375,0.646875,0.584375,0.578125,0.575,0.575,0.571875,0.565625,0.55625,0.55,0.675,0.68125,0.69375,psychodidae_ecosap_f_l_a13029a714ed.png,psychodidae_ecosap_f_l_a13029a714ed.tif,Sergentomyia africana
,/Users/kristophernolte/Documents/phd_sandfly/json/psychodidae_ecosap_f_l_a6e8cf208c9d.png,Repaired,1178,left,,,0.340625,0.3453125,0.2640625,0.1890625,0.1171875,0.11875,0.1578125,0.2609375,0.3390625,0.4515625,0.475,0.5421875,0.33125,0.2625,0.296875,0.34375,0.446875,0.528125,0.59375,0.65625,0.675,0.66875,0.53125,0.3625,0.328125,0.315625,0.303125,0.290625,0.278125,0.390625,0.4421875,0.49375,0.325,0.303125,0.2828125,0.24375,0.2234375,0.203125,0.1671875,0.1453125,0.1234375,0.2140625,0.2390625,0.265625,0.290625,0.315625,0.1171875,0.1640625,0.2109375,0.259375,0.30625,0.353125,0.4015625,0.4484375,0.4953125,0.1171875,0.1296875,0.14375,0.18125,0.2078125,0.234375,0.190625,0.2265625,0.2625,0.296875,0.3328125,0.36875,0.403125,0.4390625,0.278125,0.2984375,0.31875,0.28125,0.30625,0.33125,0.3546875,0.3796875,0.4046875,0.428125,0.453125,0.365625,0.39375,0.421875,0.315625,0.3125,0.309375,0.30625,0.3,0.334375,0.328125,0.334375,0.259375,0.265625,0.271875,0.3,0.30625,0.315625,0.359375,0.3875,0.4125,0.35625,0.353125,0.35625,0.35625,0.353125,0.4875,0.440625,0.434375,0.428125,0.41875,0.409375,0.4,0.390625,0.384375,0.55625,0.58125,0.590625,0.61875,0.634375,0.646875,0.575,0.571875,0.565625,0.553125,0.540625,0.534375,0.528125,0.521875,0.665625,0.671875,0.675,0.63125,0.61875,0.609375,0.6,0.590625,0.578125,0.56875,0.559375,0.690625,0.690625,0.68125,psychodidae_ecosap_f_l_a6e8cf208c9d.png,psychodidae_ecosap_f_l_a6e8cf208c9d.tif,Sergentomyia distincta
,/Users/kristophernolte/Documents/phd_sandfly/json/psychodidae_ecosap_f_l_aa1dfa40e664.png,Full Skeleton,1714,left,,,0.3625,0.2515625,0.159375,0.084375,0.03125,0.009375,0.0515625,0.1296875,0.2359375,0.3609375,0.521875,0.5578125,0.303125,0.1875,0.21875,0.284375,0.371875,0.453125,0.553125,0.625,0.6875,0.715625,0.525,0.371875,0.3296875,0.2953125,0.2609375,0.2265625,0.1921875,0.4109375,0.4609375,0.5109375,0.2296875,0.20625,0.1828125,0.140625,0.1203125,0.1015625,0.0703125,0.0546875,0.040625,0.1296875,0.1765625,0.2234375,0.26875,0.315625,0.015625,0.0890625,0.146875,0.20625,0.2640625,0.3234375,0.38125,0.440625,0.4984375,0.009375,0.021875,0.0359375,0.06875,0.0890625,0.109375,0.103125,0.15625,0.209375,0.2609375,0.3140625,0.3671875,0.41875,0.471875,0.153125,0.18125,0.2078125,0.171875,0.215625,0.259375,0.303125,0.346875,0.390625,0.434375,0.478125,0.2671875,0.2984375,0.3296875,0.275,0.265625,0.25625,0.246875,0.240625,0.30625,0.315625,0.33125,0.1875,0.19375,0.2,0.225,0.240625,0.259375,0.296875,0.31875,0.340625,0.296875,0.30625,0.3125,0.31875,0.31875,0.409375,0.375,0.378125,0.38125,0.38125,0.378125,0.375,0.38125,0.384375,0.48125,0.5125,0.5375,0.58125,0.6,0.615625,0.534375,0.53125,0.525,0.51875,0.5125,0.5125,0.50625,0.50625,0.653125,0.671875,0.68125,0.60625,0.6,0.59375,0.584375,0.58125,0.571875,0.565625,0.55625,0.70625,0.715625,0.71875,psychodidae_ecosap_f_l_aa1dfa40e664.png,psychodidae_ecosap_f_l_aa1dfa40e664.tif,Sergentomyia ingrami
,/Users/kristophernolte/Documents/phd_sandfly/json/psychodidae_ecosap_f_l_abf63d220b42.png,Full Skeleton,1491,left,,,0.3578125,0.315625,0.1984375,0.1078125,0.0328125,0.0109375,0.075,0.1734375,0.26875,0.396875,0.534375,0.56875,0.33125,0.228125,0.265625,0.35625,0.446875,0.53125,0.625,0.696875,0.74375,0.771875,0.5625,0.39375,0.334375,0.30625,0.2796875,0.2515625,0.225,0.4109375,0.4640625,0.5171875,0.2859375,0.25625,0.2265625,0.175,0.15,0.125,0.0875,0.0671875,0.046875,0.1484375,0.190625,0.2328125,0.275,0.3171875,0.0140625,0.0921875,0.1515625,0.2109375,0.2703125,0.3296875,0.3890625,0.4484375,0.5078125,0.0203125,0.0390625,0.05625,0.0984375,0.1234375,0.1484375,0.125,0.1765625,0.228125,0.278125,0.3296875,0.38125,0.43125,0.4828125,0.1953125,0.2203125,0.24375,0.2109375,0.2515625,0.2921875,0.3328125,0.3734375,0.4140625,0.4546875,0.4953125,0.3,0.3328125,0.3640625,0.309375,0.296875,0.2875,0.28125,0.278125,0.3375,0.34375,0.353125,0.23125,0.234375,0.246875,0.278125,0.29375,0.31875,0.365625,0.38125,0.409375,0.353125,0.35625,0.359375,0.359375,0.35625,0.484375,0.44375,0.4375,0.4375,0.434375,0.425,0.415625,0.415625,0.415625,0.565625,0.59375,0.6125,0.653125,0.671875,0.690625,0.596875,0.590625,0.58125,0.575,0.565625,0.559375,0.553125,0.546875,0.715625,0.728125,0.740625,0.66875,0.659375,0.646875,0.6375,0.628125,0.61875,0.609375,0.59375,0.759375,0.76875,0.771875,psychodidae_ecosap_f_l_abf63d220b42.png,psychodidae_ecosap_f_l_abf63d220b42.tif,Sergentomyia schwetzi
,/Users/kristophernolte/Documents/phd_sandfly/json/psychodidae_ecosap_f_l_acda49aa2761.png,Full Skeleton,1646,left,,,0.3125,0.209375,0.1234375,0.0671875,0.0265625,0.0109375,0.0421875,0.1125,0.2015625,0.3203125,0.44375,0.4625,0.35,0.25625,0.29375,0.353125,0.434375,0.5,0.58125,0.646875,0.690625,0.703125,0.51875,0.3875,0.2828125,0.2515625,0.21875,0.1875,0.15625,0.35,0.3890625,0.4265625,0.1890625,0.1671875,0.1453125,0.109375,0.09375,0.078125,0.0546875,0.04375,0.0328125,0.1078125,0.1484375,0.1890625,0.2296875,0.2703125,0.0140625,0.075,0.1234375,0.171875,0.2203125,0.26875,0.3171875,0.365625,0.4140625,0.0109375,0.01875,0.0296875,0.05625,0.075,0.09375,0.0859375,0.13125,0.175,0.2203125,0.2640625,0.309375,0.353125,0.3984375,0.13125,0.1546875,0.178125,0.1484375,0.1859375,0.2234375,0.2609375,0.2984375,0.3359375,0.3734375,0.4109375,0.2296875,0.259375,0.2890625,0.328125,0.321875,0.31875,0.315625,0.3125,0.35,0.353125,0.359375,0.259375,0.2625,0.275,0.303125,0.31875,0.33125,0.3625,0.384375,0.40625,0.365625,0.36875,0.36875,0.371875,0.36875,0.465625,0.43125,0.43125,0.428125,0.421875,0.41875,0.409375,0.40625,0.403125,0.525,0.55,0.571875,0.6125,0.628125,0.64375,0.565625,0.55625,0.553125,0.54375,0.534375,0.53125,0.51875,0.5125,0.665625,0.678125,0.6875,0.621875,0.615625,0.60625,0.596875,0.5875,0.578125,0.565625,0.55,0.703125,0.70625,0.709375,psychodidae_ecosap_f_l_acda49aa2761.png,psychodidae_ecosap_f_l_acda49aa2761.tif,Sergentomyia ingrami
,/Users/kristophernolte/Documents/phd_sandfly/json/psychodidae_ecosap_f_l_b0b9da4cc059.png,Repaired,1170,left,,,0.2953125,0.2796875,0.19375,0.1203125,0.04375,0.0203125,0.0765625,0.1640625,0.2375,0.353125,0.4109375,0.4671875,0.328125,0.253125,0.26875,0.31875,0.384375,0.446875,0.521875,0.5875,0.628125,0.653125,0.515625,0.384375,0.2796875,0.2625,0.2453125,0.228125,0.2109375,0.3375,0.38125,0.425,0.2578125,0.2359375,0.2140625,0.1734375,0.153125,0.1328125,0.1,0.0796875,0.059375,0.1484375,0.178125,0.2078125,0.2375,0.2671875,0.025,0.090625,0.1375,0.184375,0.23125,0.2796875,0.3265625,0.3734375,0.4203125,0.0265625,0.04375,0.059375,0.09375,0.1171875,0.140625,0.1125,0.15,0.1875,0.225,0.2625,0.3,0.3375,0.375,0.18125,0.2,0.21875,0.190625,0.21875,0.246875,0.2734375,0.3015625,0.3296875,0.35625,0.384375,0.2640625,0.29375,0.3234375,0.3125,0.303125,0.296875,0.2875,0.284375,0.334375,0.34375,0.353125,0.25,0.253125,0.253125,0.26875,0.278125,0.284375,0.321875,0.328125,0.34375,0.321875,0.325,0.334375,0.3375,0.340625,0.40625,0.384375,0.384375,0.3875,0.390625,0.3875,0.39375,0.396875,0.4,0.478125,0.490625,0.5125,0.55,0.5625,0.578125,0.515625,0.515625,0.5125,0.509375,0.50625,0.503125,0.5,0.503125,0.609375,0.61875,0.628125,0.575,0.56875,0.5625,0.559375,0.55625,0.55,0.54375,0.5375,0.646875,0.653125,0.65625,psychodidae_ecosap_f_l_b0b9da4cc059.png,psychodidae_ecosap_f_l_b0b9da4cc059.tif,Sergentomyia schwetzi
,/Users/kristophernolte/Documents/phd_sandfly/json/psychodidae_ecosap_f_l_b62e2df0a2c2.png,Full Skeleton,1326,left,,,0.3359375,0.3375,0.225,0.146875,0.0765625,0.046875,0.1046875,0.1890625,0.275,0.38125,0.5015625,0.5734375,0.278125,0.184375,0.2,0.259375,0.34375,0.421875,0.521875,0.596875,0.640625,0.68125,0.5,0.340625,0.3203125,0.3,0.28125,0.2609375,0.2421875,0.3953125,0.4546875,0.5140625,0.309375,0.28125,0.253125,0.2046875,0.184375,0.1640625,0.128125,0.1078125,0.0890625,0.178125,0.209375,0.240625,0.271875,0.303125,0.0546875,0.13125,0.1859375,0.2421875,0.296875,0.353125,0.4078125,0.4640625,0.51875,0.0484375,0.0671875,0.0859375,0.1234375,0.1453125,0.1671875,0.1484375,0.1921875,0.2375,0.28125,0.325,0.3703125,0.4140625,0.4578125,0.209375,0.23125,0.253125,0.221875,0.2578125,0.2921875,0.328125,0.3625,0.3984375,0.4328125,0.46875,0.2984375,0.3265625,0.353125,0.25625,0.24375,0.2375,0.228125,0.221875,0.28125,0.290625,0.3,0.178125,0.18125,0.184375,0.20625,0.21875,0.234375,0.26875,0.2875,0.30625,0.278125,0.284375,0.290625,0.290625,0.290625,0.375,0.353125,0.35625,0.35625,0.353125,0.35,0.353125,0.35625,0.35625,0.45625,0.48125,0.50625,0.553125,0.571875,0.590625,0.503125,0.5,0.496875,0.49375,0.490625,0.4875,0.484375,0.484375,0.6125,0.625,0.6375,0.565625,0.559375,0.55625,0.553125,0.546875,0.54375,0.534375,0.525,0.665625,0.66875,0.678125,psychodidae_ecosap_f_l_b62e2df0a2c2.png,psychodidae_ecosap_f_l_b62e2df0a2c2.tif,Sergentomyia africana
,/Users/kristophernolte/Documents/phd_sandfly/json/psychodidae_ecosap_f_l_ba8a7ac0bf54.png,Full Skeleton,1351,left,,,0.325,0.3078125,0.2,0.103125,0.03125,0.0125,0.06875,0.1578125,0.246875,0.3671875,0.428125,0.5171875,0.315625,0.21875,0.240625,0.2875,0.384375,0.45,0.54375,0.61875,0.665625,0.696875,0.534375,0.3875,0.3078125,0.2859375,0.2640625,0.2421875,0.2203125,0.3734375,0.421875,0.4703125,0.28125,0.253125,0.2265625,0.1765625,0.1515625,0.1265625,0.084375,0.0640625,0.04375,0.1390625,0.1765625,0.2140625,0.25,0.2875,0.0140625,0.084375,0.1390625,0.1921875,0.246875,0.3,0.3546875,0.4078125,0.4625,0.0171875,0.034375,0.0515625,0.0875,0.1109375,0.134375,0.10625,0.146875,0.1875,0.228125,0.2671875,0.3078125,0.3484375,0.3890625,0.178125,0.2015625,0.2234375,0.1859375,0.215625,0.246875,0.2765625,0.30625,0.3375,0.3671875,0.396875,0.2765625,0.30625,0.3359375,0.290625,0.284375,0.275,0.265625,0.253125,0.321875,0.334375,0.35,0.2125,0.2125,0.21875,0.24375,0.25625,0.265625,0.3,0.321875,0.346875,0.303125,0.3125,0.31875,0.325,0.328125,0.4125,0.38125,0.378125,0.378125,0.38125,0.378125,0.384375,0.3875,0.39375,0.484375,0.509375,0.534375,0.571875,0.590625,0.609375,0.525,0.521875,0.51875,0.5125,0.5125,0.5125,0.5125,0.5125,0.6375,0.65,0.659375,0.59375,0.5875,0.584375,0.578125,0.575,0.56875,0.5625,0.553125,0.68125,0.69375,0.696875,psychodidae_ecosap_f_l_ba8a7ac0bf54.png,psychodidae_ecosap_f_l_ba8a7ac0bf54.tif,Sergentomyia africana
,/Users/kristophernolte/Documents/phd_sandfly/json/psychodidae_ecosap_f_l_bb8b9d9f7f62.png,Full Skeleton,1283,left,,,0.3078125,0.2890625,0.1890625,0.0984375,0.0265625,0.0109375,0.084375,0.1921875,0.278125,0.41875,0.4578125,0.5640625,0.3625,0.259375,0.296875,0.371875,0.48125,0.5625,0.653125,0.721875,0.75,0.771875,0.5875,0.415625,0.2890625,0.26875,0.2484375,0.228125,0.2078125,0.371875,0.4375,0.5015625,0.2640625,0.2390625,0.2140625,0.165625,0.1421875,0.11875,0.0796875,0.059375,0.0390625,0.1328125,0.16875,0.203125,0.2390625,0.2734375,0.0109375,0.0859375,0.1453125,0.2046875,0.2640625,0.325,0.384375,0.44375,0.503125,0.021875,0.0421875,0.0625,0.1078125,0.1359375,0.1640625,0.125,0.1671875,0.2078125,0.25,0.290625,0.3328125,0.3734375,0.415625,0.2125,0.234375,0.25625,0.2171875,0.246875,0.278125,0.3078125,0.3375,0.36875,0.3984375,0.428125,0.3125,0.3484375,0.3828125,0.34375,0.3375,0.328125,0.31875,0.315625,0.365625,0.365625,0.378125,0.2625,0.265625,0.278125,0.30625,0.325,0.340625,0.384375,0.4125,0.44375,0.384375,0.3875,0.3875,0.3875,0.38125,0.51875,0.478125,0.471875,0.4625,0.45,0.4375,0.43125,0.428125,0.428125,0.603125,0.628125,0.65,0.68125,0.7,0.7125,0.6375,0.621875,0.609375,0.596875,0.5875,0.578125,0.571875,0.571875,0.734375,0.74375,0.75,0.6875,0.675,0.665625,0.653125,0.646875,0.634375,0.625,0.6125,0.765625,0.76875,0.771875,psychodidae_ecosap_f_l_bb8b9d9f7f62.png,psychodidae_ecosap_f_l_bb8b9d9f7f62.tif,Sergentomyia distincta
,/Users/kristophernolte/Documents/phd_sandfly/json/psychodidae_ecosap_f_l_bffc28f2a2d1.png,Full Skeleton,454,left,,,0.275,0.2609375,0.1859375,0.10625,0.03125,0.0140625,0.078125,0.1625,0.2375,0.3328125,0.378125,0.459375,0.328125,0.259375,0.26875,0.31875,0.396875,0.46875,0.553125,0.60625,0.64375,0.6625,0.51875,0.375,0.2625,0.246875,0.23125,0.215625,0.2,0.3203125,0.3671875,0.4140625,0.2421875,0.2234375,0.2046875,0.1640625,0.1421875,0.1203125,0.0875,0.0671875,0.046875,0.134375,0.1625,0.190625,0.21875,0.246875,0.0125,0.078125,0.125,0.1734375,0.2203125,0.26875,0.315625,0.3640625,0.4109375,0.0234375,0.0421875,0.059375,0.096875,0.11875,0.140625,0.1109375,0.14375,0.178125,0.2109375,0.24375,0.278125,0.3109375,0.34375,0.1796875,0.1984375,0.2171875,0.184375,0.209375,0.2328125,0.2578125,0.28125,0.30625,0.3296875,0.3546875,0.2578125,0.2828125,0.3078125,0.309375,0.296875,0.290625,0.284375,0.278125,0.328125,0.334375,0.34375,0.25625,0.253125,0.253125,0.271875,0.278125,0.284375,0.325,0.33125,0.35625,0.325,0.328125,0.33125,0.3375,0.340625,0.43125,0.4,0.396875,0.396875,0.39375,0.39375,0.390625,0.390625,0.390625,0.503125,0.525,0.54375,0.575,0.5875,0.6,0.53125,0.528125,0.51875,0.51875,0.5125,0.509375,0.503125,0.50625,0.625,0.6375,0.64375,0.5875,0.58125,0.575,0.56875,0.565625,0.55625,0.55,0.54375,0.6625,0.665625,0.66875,psychodidae_ecosap_f_l_bffc28f2a2d1.png,psychodidae_ecosap_f_l_bffc28f2a2d1.tif,Sergentomyia schwetzi
,/Users/kristophernolte/Documents/phd_sandfly/json/psychodidae_ecosap_f_l_ccb757dd0f29.png,Full Skeleton,1730,left,,,0.40625,0.2515625,0.1640625,0.0828125,0.025,0.0109375,0.0578125,0.1421875,0.234375,0.35625,0.5171875,0.571875,0.353125,0.225,0.2625,0.346875,0.440625,0.51875,0.6125,0.690625,0.746875,0.78125,0.5625,0.40625,0.36875,0.328125,0.2859375,0.2453125,0.2046875,0.4484375,0.490625,0.5328125,0.2296875,0.20625,0.184375,0.14375,0.121875,0.1015625,0.065625,0.0484375,0.0328125,0.1359375,0.190625,0.2453125,0.2984375,0.353125,0.0125,0.0859375,0.146875,0.2078125,0.26875,0.3296875,0.390625,0.4515625,0.5125,0.0140625,0.028125,0.0421875,0.0765625,0.0984375,0.1203125,0.1078125,0.159375,0.2109375,0.2625,0.3125,0.3640625,0.415625,0.4671875,0.1640625,0.1875,0.2109375,0.18125,0.2234375,0.265625,0.3078125,0.35,0.3921875,0.434375,0.4765625,0.2625,0.29375,0.325,0.325,0.315625,0.309375,0.296875,0.2875,0.35625,0.3625,0.375,0.228125,0.234375,0.24375,0.271875,0.29375,0.315625,0.353125,0.378125,0.40625,0.353125,0.359375,0.365625,0.36875,0.371875,0.478125,0.434375,0.434375,0.434375,0.434375,0.43125,0.425,0.421875,0.425,0.546875,0.575,0.596875,0.6375,0.659375,0.678125,0.596875,0.5875,0.584375,0.575,0.565625,0.55625,0.553125,0.546875,0.7125,0.725,0.740625,0.665625,0.65625,0.646875,0.634375,0.625,0.61875,0.60625,0.59375,0.76875,0.775,0.778125,psychodidae_ecosap_f_l_ccb757dd0f29.png,psychodidae_ecosap_f_l_ccb757dd0f29.tif,Sergentomyia ingrami
,/Users/kristophernolte/Documents/phd_sandfly/json/psychodidae_ecosap_f_l_d3907bf0f980.png,Full Skeleton,1305,left,,,0.34375,0.315625,0.2078125,0.1421875,0.059375,0.0390625,0.1,0.184375,0.2640625,0.3953125,0.4859375,0.5578125,0.378125,0.284375,0.315625,0.3625,0.453125,0.509375,0.60625,0.671875,0.715625,0.7375,0.56875,0.43125,0.3234375,0.3,0.2765625,0.253125,0.2296875,0.396875,0.4515625,0.5046875,0.2875,0.259375,0.23125,0.190625,0.1734375,0.15625,0.1203125,0.0984375,0.0765625,0.175,0.209375,0.2421875,0.2765625,0.309375,0.0453125,0.1140625,0.1703125,0.225,0.28125,0.3359375,0.3921875,0.446875,0.503125,0.0421875,0.0609375,0.0796875,0.11875,0.140625,0.1625,0.140625,0.184375,0.228125,0.2703125,0.3140625,0.3578125,0.4,0.44375,0.203125,0.2234375,0.24375,0.2140625,0.2484375,0.2828125,0.3171875,0.3515625,0.3859375,0.4203125,0.4546875,0.296875,0.3296875,0.3625,0.35625,0.346875,0.3375,0.33125,0.328125,0.38125,0.3875,0.4,0.284375,0.2875,0.29375,0.315625,0.321875,0.340625,0.36875,0.390625,0.415625,0.375,0.38125,0.3875,0.390625,0.390625,0.475,0.446875,0.446875,0.446875,0.446875,0.44375,0.44375,0.44375,0.44375,0.546875,0.575,0.59375,0.628125,0.64375,0.6625,0.584375,0.584375,0.575,0.56875,0.565625,0.559375,0.55625,0.55625,0.684375,0.7,0.709375,0.64375,0.640625,0.63125,0.625,0.61875,0.609375,0.603125,0.59375,0.73125,0.7375,0.74375,psychodidae_ecosap_f_l_d3907bf0f980.png,psychodidae_ecosap_f_l_d3907bf0f980.tif,Sergentomyia africana
,/Users/kristophernolte/Documents/phd_sandfly/json/psychodidae_ecosap_f_l_d4b5ed35b5dc.png,Full Skeleton,1736,left,,,0.3734375,0.2328125,0.1515625,0.0828125,0.04375,0.025,0.06875,0.134375,0.221875,0.33125,0.490625,0.5171875,0.36875,0.25,0.296875,0.371875,0.44375,0.528125,0.615625,0.68125,0.7375,0.76875,0.5625,0.415625,0.3390625,0.3015625,0.2640625,0.2265625,0.1890625,0.409375,0.446875,0.4828125,0.2125,0.1921875,0.171875,0.134375,0.115625,0.0984375,0.071875,0.0609375,0.05,0.13125,0.1796875,0.228125,0.2765625,0.325,0.028125,0.0953125,0.1484375,0.2015625,0.2546875,0.30625,0.359375,0.4125,0.465625,0.0265625,0.0390625,0.053125,0.0828125,0.1,0.1171875,0.115625,0.1625,0.209375,0.25625,0.303125,0.35,0.396875,0.44375,0.1546875,0.1765625,0.1984375,0.171875,0.2125,0.253125,0.2921875,0.3328125,0.3734375,0.4125,0.453125,0.246875,0.275,0.303125,0.34375,0.334375,0.328125,0.321875,0.315625,0.371875,0.378125,0.3875,0.25625,0.26875,0.278125,0.30625,0.321875,0.340625,0.384375,0.4,0.41875,0.375,0.378125,0.38125,0.384375,0.3875,0.48125,0.446875,0.44375,0.446875,0.446875,0.44375,0.4375,0.434375,0.434375,0.55625,0.58125,0.603125,0.640625,0.659375,0.675,0.59375,0.5875,0.58125,0.575,0.56875,0.559375,0.55625,0.55,0.7,0.715625,0.728125,0.659375,0.65,0.64375,0.634375,0.625,0.615625,0.60625,0.59375,0.75625,0.7625,0.771875,psychodidae_ecosap_f_l_d4b5ed35b5dc.png,psychodidae_ecosap_f_l_d4b5ed35b5dc.tif,Sergentomyia ingrami
,/Users/kristophernolte/Documents/phd_sandfly/json/psychodidae_ecosap_f_l_dbabf9372cf1.png,Full Skeleton,1838,left,,,0.4390625,0.2765625,0.1703125,0.0890625,0.03125,0.009375,0.053125,0.14375,0.2390625,0.390625,0.571875,0.6046875,0.334375,0.203125,0.25,0.334375,0.43125,0.515625,0.615625,0.703125,0.7625,0.796875,0.565625,0.39375,0.396875,0.3515625,0.30625,0.2609375,0.215625,0.48125,0.5234375,0.565625,0.25,0.2234375,0.196875,0.15,0.128125,0.10625,0.0734375,0.0578125,0.0421875,0.146875,0.20625,0.2640625,0.3234375,0.38125,0.0140625,0.09375,0.1578125,0.221875,0.2859375,0.35,0.4140625,0.478125,0.5421875,0.0109375,0.0234375,0.0375,0.0734375,0.096875,0.1203125,0.1109375,0.16875,0.2265625,0.284375,0.3421875,0.4,0.4578125,0.515625,0.165625,0.190625,0.2140625,0.1875,0.2359375,0.284375,0.3328125,0.38125,0.4296875,0.478125,0.5265625,0.275,0.3140625,0.3515625,0.303125,0.29375,0.2875,0.278125,0.271875,0.340625,0.346875,0.359375,0.20625,0.215625,0.225,0.259375,0.278125,0.3,0.34375,0.36875,0.396875,0.34375,0.346875,0.353125,0.353125,0.35625,0.46875,0.428125,0.425,0.421875,0.421875,0.421875,0.41875,0.415625,0.4125,0.54375,0.575,0.6,0.646875,0.66875,0.690625,0.6,0.59375,0.584375,0.578125,0.571875,0.565625,0.55625,0.553125,0.725,0.740625,0.75625,0.671875,0.665625,0.659375,0.65,0.640625,0.628125,0.61875,0.603125,0.78125,0.790625,0.796875,psychodidae_ecosap_f_l_dbabf9372cf1.png,psychodidae_ecosap_f_l_dbabf9372cf1.tif,Sergentomyia ingrami
,/Users/kristophernolte/Documents/phd_sandfly/json/psychodidae_ecosap_f_l_de8ec8e603df.png,Full Skeleton,1454,left,,,0.3859375,0.303125,0.1984375,0.1046875,0.021875,0.0109375,0.08125,0.196875,0.2890625,0.409375,0.5203125,0.5703125,0.35,0.25625,0.290625,0.365625,0.48125,0.546875,0.6375,0.7,0.73125,0.74375,0.565625,0.403125,0.35625,0.325,0.2921875,0.2609375,0.2296875,0.4328125,0.4796875,0.5265625,0.278125,0.2515625,0.225,0.175,0.15,0.1265625,0.0828125,0.0609375,0.0375,0.1515625,0.1984375,0.2453125,0.2921875,0.3390625,0.009375,0.0828125,0.14375,0.2046875,0.265625,0.3265625,0.3875,0.4484375,0.509375,0.01875,0.0390625,0.059375,0.1078125,0.1375,0.1671875,0.128125,0.1765625,0.2265625,0.275,0.3234375,0.3734375,0.421875,0.4703125,0.21875,0.2421875,0.265625,0.23125,0.2671875,0.303125,0.3390625,0.3765625,0.4125,0.4484375,0.484375,0.3171875,0.3484375,0.378125,0.33125,0.321875,0.31875,0.3125,0.309375,0.353125,0.3625,0.371875,0.25625,0.265625,0.271875,0.3,0.31875,0.334375,0.375,0.409375,0.4375,0.375,0.378125,0.378125,0.378125,0.375,0.5125,0.4625,0.45625,0.45,0.446875,0.434375,0.428125,0.425,0.41875,0.584375,0.609375,0.628125,0.6625,0.68125,0.690625,0.6125,0.60625,0.59375,0.584375,0.571875,0.5625,0.55625,0.553125,0.715625,0.721875,0.73125,0.678125,0.6625,0.65,0.6375,0.625,0.615625,0.60625,0.59375,0.740625,0.74375,0.746875,psychodidae_ecosap_f_l_de8ec8e603df.png,psychodidae_ecosap_f_l_de8ec8e603df.tif,Sergentomyia schwetzi
,/Users/kristophernolte/Documents/phd_sandfly/json/psychodidae_ecosap_f_l_e11577e9db5d.png,Full Skeleton,1519,left,,,0.3609375,0.2921875,0.184375,0.0859375,0.0265625,0.0109375,0.059375,0.15625,0.246875,0.3703125,0.50625,0.553125,0.334375,0.225,0.26875,0.365625,0.46875,0.54375,0.628125,0.703125,0.75,0.778125,0.5625,0.3875,0.334375,0.303125,0.2734375,0.2421875,0.2125,0.409375,0.4578125,0.50625,0.265625,0.2390625,0.2125,0.159375,0.1328125,0.1078125,0.0703125,0.0546875,0.0390625,0.13125,0.178125,0.2234375,0.2703125,0.315625,0.0140625,0.084375,0.14375,0.2015625,0.2609375,0.31875,0.378125,0.4359375,0.4953125,0.015625,0.0296875,0.04375,0.08125,0.10625,0.13125,0.1078125,0.1578125,0.2078125,0.2578125,0.30625,0.35625,0.40625,0.45625,0.1765625,0.2,0.2234375,0.19375,0.2328125,0.271875,0.3109375,0.35,0.3890625,0.428125,0.4671875,0.2765625,0.3078125,0.3390625,0.3125,0.3,0.29375,0.290625,0.284375,0.3375,0.340625,0.35,0.228125,0.2375,0.25,0.28125,0.303125,0.328125,0.378125,0.40625,0.434375,0.36875,0.365625,0.3625,0.3625,0.359375,0.503125,0.459375,0.45,0.440625,0.434375,0.428125,0.41875,0.4125,0.409375,0.571875,0.59375,0.615625,0.65625,0.675,0.69375,0.60625,0.6,0.590625,0.58125,0.571875,0.5625,0.553125,0.55,0.721875,0.734375,0.74375,0.678125,0.66875,0.65625,0.646875,0.634375,0.621875,0.609375,0.596875,0.765625,0.771875,0.778125,psychodidae_ecosap_f_l_e11577e9db5d.png,psychodidae_ecosap_f_l_e11577e9db5d.tif,Sergentomyia schwetzi
,/Users/kristophernolte/Documents/phd_sandfly/json/psychodidae_ecosap_f_l_e19c70c8d078.png,Full Skeleton,400,left,,,0.340625,0.321875,0.221875,0.128125,0.0421875,0.0234375,0.0890625,0.178125,0.271875,0.403125,0.4984375,0.5625,0.29375,0.196875,0.20625,0.25625,0.346875,0.440625,0.5375,0.6,0.65625,0.684375,0.515625,0.365625,0.3234375,0.3015625,0.28125,0.259375,0.2390625,0.396875,0.453125,0.509375,0.296875,0.271875,0.246875,0.1984375,0.175,0.1515625,0.10625,0.0828125,0.0609375,0.1625,0.1984375,0.234375,0.2703125,0.30625,0.0203125,0.1,0.1578125,0.215625,0.2734375,0.33125,0.3890625,0.446875,0.5046875,0.03125,0.05,0.06875,0.1078125,0.13125,0.1546875,0.134375,0.1796875,0.225,0.2703125,0.3171875,0.3625,0.4078125,0.453125,0.1984375,0.2234375,0.246875,0.2125,0.2484375,0.284375,0.3203125,0.35625,0.3921875,0.428125,0.4640625,0.3015625,0.3359375,0.36875,0.26875,0.259375,0.25,0.240625,0.2375,0.30625,0.31875,0.33125,0.19375,0.19375,0.196875,0.2125,0.221875,0.234375,0.265625,0.284375,0.30625,0.28125,0.2875,0.296875,0.303125,0.309375,0.390625,0.359375,0.365625,0.365625,0.36875,0.36875,0.36875,0.378125,0.38125,0.475,0.50625,0.528125,0.5625,0.575,0.590625,0.515625,0.5125,0.503125,0.496875,0.5,0.496875,0.496875,0.503125,0.625,0.63125,0.65,0.578125,0.571875,0.565625,0.5625,0.559375,0.553125,0.546875,0.5375,0.684375,0.690625,0.684375,psychodidae_ecosap_f_l_e19c70c8d078.png,psychodidae_ecosap_f_l_e19c70c8d078.tif,Sergentomyia africana
,/Users/kristophernolte/Documents/phd_sandfly/json/psychodidae_ecosap_f_l_e1c326756d15.png,Full Skeleton,1633,right,,,0.6234375,0.75,0.84375,0.9125,0.965625,0.9890625,0.940625,0.8703125,0.771875,0.6328125,0.4640625,0.440625,0.35625,0.246875,0.28125,0.340625,0.421875,0.50625,0.6,0.66875,0.721875,0.75,0.553125,0.40625,0.659375,0.696875,0.734375,0.7703125,0.8078125,0.578125,0.53125,0.484375,0.7734375,0.796875,0.8203125,0.8609375,0.8796875,0.896875,0.9265625,0.9421875,0.95625,0.8640625,0.815625,0.7671875,0.71875,0.6703125,0.9828125,0.9078125,0.85,0.790625,0.7328125,0.675,0.615625,0.5578125,0.5,0.9875,0.971875,0.95625,0.925,0.90625,0.8890625,0.8890625,0.8359375,0.7828125,0.7296875,0.6765625,0.6234375,0.5703125,0.5171875,0.846875,0.821875,0.796875,0.828125,0.7828125,0.7359375,0.690625,0.6453125,0.5984375,0.553125,0.5078125,0.7390625,0.703125,0.66875,0.334375,0.321875,0.315625,0.309375,0.303125,0.359375,0.3625,0.375,0.25,0.25625,0.2625,0.2875,0.3,0.315625,0.35,0.371875,0.39375,0.359375,0.36875,0.371875,0.375,0.371875,0.459375,0.43125,0.43125,0.434375,0.434375,0.43125,0.421875,0.421875,0.41875,0.534375,0.565625,0.5875,0.625,0.64375,0.659375,0.578125,0.571875,0.56875,0.5625,0.559375,0.55,0.54375,0.540625,0.690625,0.703125,0.71875,0.64375,0.6375,0.63125,0.625,0.61875,0.609375,0.6,0.5875,0.740625,0.746875,0.75,psychodidae_ecosap_f_l_e1c326756d15.png,psychodidae_ecosap_f_l_e1c326756d15.tif,Sergentomyia ingrami
,/Users/kristophernolte/Documents/phd_sandfly/json/psychodidae_ecosap_f_l_e467f80bebbc.png,Repaired,511,left,,,0.30625,0.2484375,0.15625,0.08125,0.0265625,0.0109375,0.059375,0.15625,0.221875,0.3234375,0.4515625,0.4828125,0.246875,0.153125,0.1875,0.25625,0.35,0.4125,0.490625,0.56875,0.609375,0.63125,0.45,0.303125,0.284375,0.2578125,0.23125,0.20625,0.1796875,0.3515625,0.396875,0.4421875,0.225,0.2015625,0.178125,0.1375,0.1171875,0.0984375,0.065625,0.05,0.034375,0.11875,0.15625,0.19375,0.23125,0.26875,0.0125,0.0765625,0.1265625,0.178125,0.228125,0.2796875,0.3296875,0.38125,0.43125,0.0140625,0.0296875,0.04375,0.08125,0.10625,0.13125,0.1015625,0.1453125,0.1890625,0.2328125,0.2765625,0.3203125,0.3640625,0.4078125,0.1703125,0.1875,0.2046875,0.184375,0.21875,0.2515625,0.2859375,0.31875,0.353125,0.3859375,0.4203125,0.246875,0.271875,0.296875,0.228125,0.215625,0.209375,0.20625,0.20625,0.246875,0.253125,0.2625,0.153125,0.159375,0.16875,0.2,0.2125,0.228125,0.271875,0.29375,0.31875,0.2625,0.2625,0.265625,0.26875,0.271875,0.378125,0.340625,0.334375,0.334375,0.33125,0.328125,0.31875,0.31875,0.3125,0.440625,0.465625,0.48125,0.521875,0.540625,0.559375,0.48125,0.475,0.471875,0.465625,0.45625,0.45,0.44375,0.44375,0.584375,0.6,0.60625,0.54375,0.534375,0.525,0.51875,0.509375,0.503125,0.49375,0.478125,0.625,0.63125,0.63125,psychodidae_ecosap_f_l_e467f80bebbc.png,psychodidae_ecosap_f_l_e467f80bebbc.tif,Sergentomyia schwetzi
,/Users/kristophernolte/Documents/phd_sandfly/json/psychodidae_ecosap_f_l_e98fcd52be4c.png,Full Skeleton,1416,left,,,0.4265625,0.378125,0.2390625,0.1484375,0.0734375,0.04375,0.1296875,0.240625,0.3484375,0.478125,0.6015625,0.7078125,0.33125,0.20625,0.2875,0.365625,0.49375,0.59375,0.696875,0.75,0.80625,0.821875,0.559375,0.34375,0.396875,0.365625,0.334375,0.303125,0.271875,0.496875,0.5671875,0.6375,0.3421875,0.30625,0.2703125,0.2140625,0.1875,0.1625,0.128125,0.1046875,0.0828125,0.19375,0.240625,0.2875,0.334375,0.38125,0.0515625,0.14375,0.2140625,0.284375,0.3546875,0.4265625,0.496875,0.5671875,0.6375,0.05625,0.08125,0.1046875,0.15625,0.184375,0.2125,0.178125,0.23125,0.284375,0.3375,0.390625,0.44375,0.496875,0.55,0.2640625,0.2921875,0.3203125,0.2796875,0.3203125,0.3609375,0.4015625,0.4421875,0.4828125,0.5234375,0.5640625,0.3796875,0.4125,0.4453125,0.30625,0.3,0.3,0.296875,0.296875,0.328125,0.321875,0.321875,0.215625,0.228125,0.25,0.30625,0.309375,0.315625,0.390625,0.4125,0.446875,0.371875,0.375,0.375,0.371875,0.365625,0.534375,0.484375,0.46875,0.459375,0.440625,0.425,0.40625,0.396875,0.378125,0.6375,0.665625,0.6875,0.721875,0.7375,0.746875,0.659375,0.646875,0.628125,0.609375,0.59375,0.58125,0.5625,0.553125,0.771875,0.7875,0.803125,0.71875,0.703125,0.684375,0.66875,0.65625,0.6375,0.621875,0.596875,0.80625,0.815625,0.825,psychodidae_ecosap_f_l_e98fcd52be4c.png,psychodidae_ecosap_f_l_e98fcd52be4c.tif,Sergentomyia africana
,/Users/kristophernolte/Documents/phd_sandfly/json/psychodidae_ecosap_f_l_eb538cbf1dbc.png,Full Skeleton,1408,left,,,0.3203125,0.265625,0.16875,0.0875,0.025,0.009375,0.0640625,0.1453125,0.221875,0.346875,0.44375,0.5109375,0.334375,0.21875,0.253125,0.31875,0.425,0.503125,0.60625,0.696875,0.746875,0.775,0.571875,0.396875,0.2984375,0.271875,0.2453125,0.2203125,0.19375,0.36875,0.4171875,0.465625,0.2421875,0.2171875,0.1921875,0.1484375,0.1265625,0.10625,0.0703125,0.053125,0.0359375,0.1265625,0.165625,0.2046875,0.24375,0.2828125,0.0109375,0.078125,0.1328125,0.1875,0.240625,0.2953125,0.35,0.403125,0.4578125,0.0140625,0.0296875,0.046875,0.08125,0.103125,0.1234375,0.10625,0.1484375,0.190625,0.2328125,0.275,0.3171875,0.359375,0.4015625,0.1625,0.1828125,0.2015625,0.1765625,0.209375,0.24375,0.2765625,0.3109375,0.34375,0.378125,0.4109375,0.2515625,0.2828125,0.3140625,0.309375,0.296875,0.2875,0.278125,0.26875,0.340625,0.346875,0.359375,0.21875,0.221875,0.23125,0.25625,0.271875,0.290625,0.328125,0.35625,0.390625,0.33125,0.340625,0.35,0.35625,0.35625,0.4625,0.421875,0.421875,0.421875,0.421875,0.421875,0.415625,0.415625,0.415625,0.534375,0.5625,0.590625,0.640625,0.665625,0.68125,0.59375,0.5875,0.58125,0.571875,0.56875,0.565625,0.559375,0.55625,0.71875,0.734375,0.74375,0.671875,0.6625,0.65,0.640625,0.634375,0.628125,0.615625,0.603125,0.765625,0.771875,0.778125,psychodidae_ecosap_f_l_eb538cbf1dbc.png,psychodidae_ecosap_f_l_eb538cbf1dbc.tif,Sergentomyia schwetzi
,/Users/kristophernolte/Documents/phd_sandfly/json/psychodidae_ecosap_f_l_ed9653e31dc8.png,Full Skeleton,1310,left,,,0.2859375,0.2828125,0.1703125,0.0890625,0.0203125,0.0125,0.06875,0.1546875,0.225,0.35,0.4265625,0.5140625,0.359375,0.275,0.303125,0.353125,0.453125,0.525,0.609375,0.66875,0.7,0.71875,0.553125,0.40625,0.26875,0.2484375,0.228125,0.209375,0.1890625,0.3421875,0.4,0.4578125,0.2546875,0.2265625,0.1984375,0.15,0.1296875,0.109375,0.0703125,0.0515625,0.0328125,0.1203125,0.1546875,0.1875,0.221875,0.2546875,0.009375,0.075,0.1296875,0.184375,0.2390625,0.2953125,0.35,0.4046875,0.459375,0.01875,0.0359375,0.0515625,0.0890625,0.1109375,0.1328125,0.10625,0.146875,0.1859375,0.2265625,0.265625,0.30625,0.3453125,0.3859375,0.171875,0.1890625,0.20625,0.18125,0.2125,0.24375,0.2734375,0.3046875,0.3359375,0.365625,0.396875,0.25625,0.2875,0.31875,0.34375,0.334375,0.328125,0.321875,0.31875,0.3625,0.36875,0.375,0.275,0.278125,0.284375,0.30625,0.31875,0.33125,0.365625,0.3875,0.415625,0.36875,0.371875,0.378125,0.378125,0.378125,0.4875,0.44375,0.440625,0.440625,0.434375,0.428125,0.425,0.425,0.421875,0.55625,0.58125,0.6,0.63125,0.646875,0.659375,0.584375,0.578125,0.56875,0.5625,0.55625,0.55,0.54375,0.540625,0.68125,0.690625,0.696875,0.640625,0.634375,0.621875,0.615625,0.609375,0.6,0.590625,0.578125,0.7125,0.71875,0.721875,psychodidae_ecosap_f_l_ed9653e31dc8.png,psychodidae_ecosap_f_l_ed9653e31dc8.tif,Sergentomyia africana
,/Users/kristophernolte/Documents/phd_sandfly/json/psychodidae_ecosap_f_l_f299be7cf8b3.png,Full Skeleton,1840,left,,,0.4671875,0.3015625,0.2140625,0.1265625,0.075,0.053125,0.09375,0.1796875,0.2796875,0.4296875,0.6390625,0.675,0.321875,0.190625,0.240625,0.3375,0.4375,0.534375,0.621875,0.7125,0.778125,0.809375,0.55,0.3875,0.428125,0.384375,0.3421875,0.2984375,0.25625,0.5203125,0.5734375,0.6265625,0.2796875,0.25625,0.234375,0.190625,0.1671875,0.14375,0.1125,0.096875,0.08125,0.1828125,0.240625,0.296875,0.3546875,0.4109375,0.05625,0.140625,0.2078125,0.275,0.340625,0.4078125,0.475,0.540625,0.6078125,0.053125,0.0640625,0.078125,0.109375,0.1328125,0.15625,0.153125,0.2140625,0.275,0.3359375,0.3953125,0.45625,0.5171875,0.578125,0.203125,0.228125,0.253125,0.2296875,0.28125,0.3328125,0.384375,0.4359375,0.4875,0.5390625,0.590625,0.3171875,0.3546875,0.3921875,0.296875,0.2875,0.28125,0.271875,0.2625,0.328125,0.334375,0.35,0.196875,0.20625,0.21875,0.253125,0.275,0.3,0.35,0.378125,0.40625,0.34375,0.34375,0.35,0.35,0.346875,0.484375,0.434375,0.43125,0.425,0.421875,0.4125,0.409375,0.40625,0.4,0.5625,0.5875,0.609375,0.653125,0.678125,0.7,0.60625,0.596875,0.584375,0.575,0.565625,0.55625,0.55,0.54375,0.7375,0.75625,0.771875,0.684375,0.671875,0.659375,0.64375,0.634375,0.621875,0.609375,0.59375,0.796875,0.8125,0.815625,psychodidae_ecosap_f_l_f299be7cf8b3.png,psychodidae_ecosap_f_l_f299be7cf8b3.tif,Sergentomyia ingrami
,/Users/kristophernolte/Documents/phd_sandfly/json/psychodidae_ecosap_f_l_f2b97b5d3ccb.png,Full Skeleton,1254,left,,,0.3828125,0.3609375,0.2515625,0.140625,0.034375,0.0140625,0.084375,0.2,0.315625,0.44375,0.496875,0.6109375,0.359375,0.24375,0.265625,0.325,0.44375,0.5375,0.653125,0.75,0.809375,0.834375,0.628125,0.421875,0.3640625,0.340625,0.3171875,0.2953125,0.271875,0.4390625,0.496875,0.5546875,0.334375,0.30625,0.278125,0.2234375,0.1953125,0.1671875,0.1125,0.084375,0.05625,0.1796875,0.2203125,0.2609375,0.3015625,0.3421875,0.015625,0.0984375,0.1625,0.2265625,0.290625,0.3546875,0.41875,0.4828125,0.546875,0.0234375,0.04375,0.0640625,0.1109375,0.140625,0.1703125,0.1296875,0.175,0.221875,0.2671875,0.3125,0.359375,0.4046875,0.45,0.2265625,0.25625,0.2859375,0.2296875,0.2640625,0.296875,0.33125,0.3640625,0.3984375,0.43125,0.465625,0.346875,0.3796875,0.4109375,0.334375,0.31875,0.309375,0.3,0.290625,0.365625,0.371875,0.384375,0.24375,0.253125,0.246875,0.271875,0.284375,0.3,0.340625,0.365625,0.396875,0.35,0.359375,0.371875,0.378125,0.378125,0.4875,0.45,0.453125,0.45625,0.45625,0.453125,0.45,0.45,0.446875,0.578125,0.615625,0.640625,0.690625,0.715625,0.734375,0.634375,0.63125,0.625,0.625,0.61875,0.6125,0.609375,0.609375,0.771875,0.790625,0.803125,0.725,0.71875,0.709375,0.703125,0.69375,0.68125,0.66875,0.653125,0.828125,0.8375,0.8375,psychodidae_ecosap_f_l_f2b97b5d3ccb.png,psychodidae_ecosap_f_l_f2b97b5d3ccb.tif,Sergentomyia distincta
,/Users/kristophernolte/Documents/phd_sandfly/json/psychodidae_ecosap_f_l_f4cb569ab82d.png,Repaired,1203,left,,,0.334375,0.3140625,0.2171875,0.0921875,0.03125,0.0125,0.0921875,0.2,0.29375,0.4453125,0.471875,0.5671875,0.4375,0.340625,0.36875,0.465625,0.5625,0.65,0.753125,0.834375,0.875,0.896875,0.709375,0.496875,0.31875,0.2984375,0.278125,0.2578125,0.2375,0.3921875,0.4515625,0.5109375,0.290625,0.265625,0.240625,0.1859375,0.1546875,0.1234375,0.0765625,0.059375,0.04375,0.1296875,0.1703125,0.2109375,0.2515625,0.2921875,0.0140625,0.090625,0.15,0.209375,0.26875,0.3296875,0.3890625,0.4484375,0.5078125,0.0265625,0.0484375,0.0703125,0.1171875,0.1453125,0.171875,0.134375,0.1765625,0.21875,0.2609375,0.303125,0.3453125,0.3875,0.4296875,0.221875,0.2453125,0.26875,0.2265625,0.2578125,0.2890625,0.3203125,0.35,0.38125,0.4125,0.44375,0.33125,0.36875,0.40625,0.40625,0.403125,0.396875,0.390625,0.384375,0.440625,0.45,0.459375,0.340625,0.346875,0.353125,0.384375,0.40625,0.428125,0.484375,0.50625,0.53125,0.46875,0.4625,0.465625,0.465625,0.459375,0.603125,0.559375,0.55625,0.55,0.54375,0.534375,0.53125,0.528125,0.521875,0.690625,0.715625,0.740625,0.784375,0.803125,0.821875,0.74375,0.7375,0.728125,0.715625,0.709375,0.7,0.69375,0.69375,0.85625,0.865625,0.871875,0.809375,0.796875,0.7875,0.778125,0.771875,0.7625,0.753125,0.7375,0.890625,0.9,0.9,psychodidae_ecosap_f_l_f4cb569ab82d.png,psychodidae_ecosap_f_l_f4cb569ab82d.tif,Sergentomyia distincta
,/Users/kristophernolte/Documents/phd_sandfly/json/psychodidae_ecosap_f_l_fb02b46d0d79.png,Full Skeleton,1318,left,,,0.3015625,0.2796875,0.1984375,0.1125,0.0296875,0.009375,0.0734375,0.1609375,0.2515625,0.36875,0.43125,0.5078125,0.35625,0.2625,0.2875,0.35625,0.46875,0.546875,0.625,0.690625,0.725,0.734375,0.559375,0.403125,0.2859375,0.2671875,0.2484375,0.23125,0.2125,0.353125,0.40625,0.4578125,0.259375,0.2390625,0.21875,0.1765625,0.1546875,0.1328125,0.090625,0.06875,0.046875,0.14375,0.175,0.20625,0.2375,0.26875,0.0125,0.0828125,0.1359375,0.1890625,0.2421875,0.2953125,0.3484375,0.4015625,0.4546875,0.0171875,0.0359375,0.0546875,0.0921875,0.115625,0.1375,0.1125,0.153125,0.1921875,0.2328125,0.271875,0.3125,0.3515625,0.3921875,0.18125,0.2046875,0.228125,0.1875,0.21875,0.25,0.28125,0.3109375,0.3421875,0.3734375,0.4046875,0.2796875,0.309375,0.3390625,0.340625,0.328125,0.321875,0.315625,0.309375,0.35625,0.359375,0.371875,0.2625,0.265625,0.271875,0.29375,0.309375,0.325,0.371875,0.4,0.428125,0.36875,0.375,0.378125,0.378125,0.375,0.50625,0.4625,0.45625,0.45,0.44375,0.434375,0.428125,0.421875,0.421875,0.58125,0.603125,0.615625,0.653125,0.665625,0.68125,0.609375,0.6,0.590625,0.578125,0.56875,0.5625,0.553125,0.546875,0.703125,0.715625,0.721875,0.665625,0.65625,0.64375,0.634375,0.625,0.615625,0.603125,0.590625,0.7375,0.740625,0.740625,psychodidae_ecosap_f_l_fb02b46d0d79.png,psychodidae_ecosap_f_l_fb02b46d0d79.tif,Sergentomyia distincta
,/Users/kristophernolte/Documents/phd_sandfly/json/psychodidae_ecosap_f_r_00ccd6e3774c.png,Repaired,1354,right,,,0.659375,0.675,0.778125,0.8734375,0.9546875,0.9734375,0.903125,0.79375,0.6953125,0.56875,0.525,0.421875,0.33125,0.23125,0.271875,0.34375,0.459375,0.540625,0.6375,0.7,0.7375,0.740625,0.559375,0.375,0.6765625,0.696875,0.7171875,0.7375,0.7578125,0.6,0.540625,0.48125,0.7015625,0.728125,0.7546875,0.8015625,0.8265625,0.85,0.896875,0.9203125,0.9421875,0.8375,0.8015625,0.765625,0.7296875,0.69375,0.9734375,0.896875,0.8375,0.778125,0.71875,0.659375,0.6,0.540625,0.48125,0.9671875,0.95,0.9265625,0.878125,0.85,0.821875,0.8625,0.8203125,0.778125,0.7359375,0.69375,0.6515625,0.609375,0.5671875,0.7703125,0.7453125,0.7203125,0.7671875,0.7375,0.70625,0.6765625,0.6453125,0.615625,0.584375,0.5546875,0.6640625,0.6328125,0.6015625,0.3125,0.30625,0.3,0.29375,0.2875,0.334375,0.334375,0.34375,0.234375,0.240625,0.246875,0.278125,0.29375,0.3125,0.35625,0.38125,0.4125,0.359375,0.3625,0.3625,0.359375,0.353125,0.49375,0.453125,0.446875,0.4375,0.428125,0.415625,0.40625,0.4,0.39375,0.584375,0.625,0.6375,0.6625,0.684375,0.690625,0.609375,0.596875,0.5875,0.58125,0.56875,0.5625,0.553125,0.546875,0.71875,0.73125,0.7375,0.675,0.6625,0.653125,0.640625,0.628125,0.61875,0.60625,0.590625,0.75,0.75625,0.759375,psychodidae_ecosap_f_r_00ccd6e3774c.png,psychodidae_ecosap_f_r_00ccd6e3774c.tif,Sergentomyia distincta
,/Users/kristophernolte/Documents/phd_sandfly/json/psychodidae_ecosap_f_r_022cafb55009.png,Full Skeleton,501,right,,,0.715625,0.74375,0.8359375,0.921875,0.9703125,0.9875,0.9296875,0.8484375,0.790625,0.671875,0.6125,0.55,0.40625,0.321875,0.346875,0.415625,0.496875,0.571875,0.646875,0.70625,0.73125,0.75,0.5875,0.440625,0.734375,0.7546875,0.775,0.7953125,0.815625,0.675,0.6328125,0.590625,0.7671875,0.790625,0.8140625,0.8578125,0.8796875,0.9015625,0.9359375,0.95,0.9625,0.8875,0.853125,0.81875,0.784375,0.75,0.984375,0.9234375,0.8765625,0.8296875,0.7828125,0.7359375,0.6890625,0.6421875,0.5953125,0.98125,0.9640625,0.946875,0.9125,0.890625,0.8703125,0.8953125,0.859375,0.825,0.7890625,0.7546875,0.71875,0.684375,0.6484375,0.8359375,0.8203125,0.80625,0.821875,0.7953125,0.76875,0.7421875,0.715625,0.6890625,0.6625,0.6359375,0.7625,0.7328125,0.703125,0.3875,0.38125,0.375,0.36875,0.3625,0.40625,0.409375,0.415625,0.321875,0.31875,0.325,0.353125,0.3625,0.38125,0.428125,0.446875,0.471875,0.425,0.428125,0.428125,0.428125,0.425,0.53125,0.496875,0.490625,0.4875,0.484375,0.475,0.46875,0.4625,0.459375,0.603125,0.628125,0.640625,0.671875,0.6875,0.7,0.63125,0.625,0.6125,0.60625,0.596875,0.590625,0.58125,0.578125,0.725,0.73125,0.734375,0.68125,0.671875,0.6625,0.653125,0.646875,0.6375,0.628125,0.6125,0.75,0.753125,0.753125,psychodidae_ecosap_f_r_022cafb55009.png,psychodidae_ecosap_f_r_022cafb55009.tif,Sergentomyia africana
,/Users/kristophernolte/Documents/phd_sandfly/json/psychodidae_ecosap_f_r_02cfa69c64cd.png,Full Skeleton,430,right,,,0.6828125,0.6921875,0.790625,0.8921875,0.9640625,0.984375,0.90625,0.8109375,0.7296875,0.59375,0.540625,0.4765625,0.3125,0.23125,0.25625,0.328125,0.425,0.50625,0.590625,0.64375,0.671875,0.684375,0.521875,0.3625,0.6984375,0.7171875,0.7359375,0.7546875,0.7734375,0.63125,0.578125,0.5265625,0.7171875,0.7421875,0.7671875,0.815625,0.8421875,0.86875,0.9109375,0.93125,0.95,0.8578125,0.821875,0.7875,0.7515625,0.7171875,0.9828125,0.9109375,0.85625,0.8015625,0.7484375,0.69375,0.6390625,0.5859375,0.53125,0.971875,0.95,0.928125,0.8828125,0.859375,0.8359375,0.8671875,0.8265625,0.7859375,0.7453125,0.7046875,0.6640625,0.6234375,0.5828125,0.790625,0.7703125,0.75,0.784375,0.753125,0.721875,0.6921875,0.6609375,0.6296875,0.6,0.56875,0.696875,0.6625,0.628125,0.290625,0.28125,0.278125,0.275,0.271875,0.315625,0.31875,0.325,0.228125,0.23125,0.2375,0.2625,0.278125,0.3,0.340625,0.3625,0.390625,0.3375,0.334375,0.334375,0.3375,0.33125,0.4625,0.41875,0.4125,0.40625,0.396875,0.390625,0.384375,0.38125,0.378125,0.540625,0.5625,0.578125,0.6125,0.625,0.6375,0.565625,0.55625,0.546875,0.5375,0.528125,0.521875,0.5125,0.509375,0.659375,0.665625,0.671875,0.615625,0.60625,0.596875,0.5875,0.58125,0.571875,0.559375,0.55,0.684375,0.6875,0.690625,psychodidae_ecosap_f_r_02cfa69c64cd.png,psychodidae_ecosap_f_r_02cfa69c64cd.tif,Sergentomyia schwetzi
,/Users/kristophernolte/Documents/phd_sandfly/json/psychodidae_ecosap_f_r_07229062fdae.png,Full Skeleton,1282,right,,,0.6640625,0.6765625,0.7875,0.88125,0.9671875,0.9859375,0.915625,0.8296875,0.7359375,0.6140625,0.5140625,0.4359375,0.328125,0.228125,0.25625,0.309375,0.415625,0.490625,0.6,0.675,0.734375,0.76875,0.56875,0.384375,0.6828125,0.7046875,0.725,0.746875,0.7671875,0.6078125,0.55,0.4921875,0.7046875,0.7328125,0.7609375,0.8109375,0.834375,0.8578125,0.903125,0.9265625,0.95,0.8453125,0.809375,0.771875,0.7359375,0.7,0.984375,0.909375,0.85,0.790625,0.73125,0.671875,0.6125,0.553125,0.49375,0.978125,0.9578125,0.9375,0.896875,0.875,0.853125,0.8734375,0.828125,0.7828125,0.7375,0.69375,0.6484375,0.603125,0.5578125,0.809375,0.784375,0.7609375,0.796875,0.7609375,0.725,0.690625,0.6546875,0.61875,0.584375,0.5484375,0.70625,0.675,0.6453125,0.309375,0.296875,0.2875,0.28125,0.275,0.334375,0.340625,0.353125,0.228125,0.23125,0.2375,0.259375,0.271875,0.284375,0.321875,0.346875,0.375,0.325,0.33125,0.340625,0.34375,0.346875,0.45,0.4125,0.4125,0.4125,0.409375,0.40625,0.403125,0.403125,0.403125,0.53125,0.5625,0.5875,0.63125,0.65,0.665625,0.584375,0.578125,0.56875,0.5625,0.559375,0.553125,0.55,0.546875,0.696875,0.715625,0.728125,0.653125,0.64375,0.6375,0.63125,0.625,0.615625,0.60625,0.596875,0.75,0.7625,0.76875,psychodidae_ecosap_f_r_07229062fdae.png,psychodidae_ecosap_f_r_07229062fdae.tif,Sergentomyia africana
,/Users/kristophernolte/Documents/phd_sandfly/json/psychodidae_ecosap_f_r_0870aa3d4723.png,Full Skeleton,1282,right,,,0.65625,0.6859375,0.790625,0.8796875,0.9703125,0.984375,0.915625,0.8109375,0.7234375,0.6171875,0.5234375,0.4359375,0.35,0.246875,0.275,0.340625,0.4625,0.53125,0.634375,0.70625,0.75,0.778125,0.58125,0.40625,0.675,0.6984375,0.721875,0.7453125,0.76875,0.6,0.54375,0.4875,0.7125,0.7390625,0.765625,0.8125,0.8359375,0.859375,0.903125,0.928125,0.953125,0.84375,0.80625,0.76875,0.73125,0.69375,0.984375,0.9109375,0.8515625,0.7921875,0.7328125,0.6734375,0.6140625,0.5546875,0.4953125,0.9734375,0.9546875,0.9359375,0.890625,0.8640625,0.8375,0.8734375,0.8296875,0.7859375,0.7421875,0.6984375,0.6546875,0.6109375,0.5671875,0.7890625,0.7671875,0.7453125,0.7828125,0.75,0.7171875,0.684375,0.6515625,0.61875,0.5859375,0.553125,0.696875,0.6703125,0.64375,0.328125,0.315625,0.309375,0.303125,0.296875,0.353125,0.35625,0.371875,0.246875,0.253125,0.2625,0.28125,0.296875,0.3125,0.353125,0.378125,0.415625,0.35625,0.3625,0.36875,0.371875,0.36875,0.49375,0.45,0.446875,0.44375,0.44375,0.434375,0.43125,0.428125,0.421875,0.56875,0.6,0.625,0.6625,0.68125,0.696875,0.609375,0.603125,0.596875,0.590625,0.584375,0.575,0.571875,0.56875,0.725,0.7375,0.746875,0.678125,0.66875,0.6625,0.653125,0.64375,0.634375,0.625,0.609375,0.765625,0.76875,0.775,psychodidae_ecosap_f_r_0870aa3d4723.png,psychodidae_ecosap_f_r_0870aa3d4723.tif,Sergentomyia distincta
,/Users/kristophernolte/Documents/phd_sandfly/json/psychodidae_ecosap_f_r_0d1412d21478.png,Full Skeleton,1404,right,,,0.6125,0.6515625,0.784375,0.8890625,0.965625,0.9828125,0.9046875,0.7953125,0.70625,0.5421875,0.41875,0.3734375,0.309375,0.19375,0.240625,0.33125,0.45625,0.553125,0.66875,0.746875,0.7875,0.80625,0.578125,0.36875,0.6390625,0.66875,0.6984375,0.7265625,0.75625,0.553125,0.4921875,0.43125,0.684375,0.71875,0.7515625,0.8109375,0.8375,0.8640625,0.909375,0.93125,0.9515625,0.84375,0.796875,0.75,0.703125,0.65625,0.98125,0.9,0.834375,0.76875,0.703125,0.6375,0.571875,0.50625,0.440625,0.971875,0.95,0.928125,0.8796875,0.8515625,0.8234375,0.853125,0.7984375,0.74375,0.6890625,0.6359375,0.58125,0.5265625,0.471875,0.775,0.7515625,0.7296875,0.75625,0.7140625,0.671875,0.6296875,0.5859375,0.54375,0.5015625,0.459375,0.665625,0.625,0.584375,0.2875,0.275,0.26875,0.265625,0.259375,0.3125,0.3125,0.325,0.196875,0.203125,0.21875,0.253125,0.271875,0.29375,0.346875,0.378125,0.4125,0.340625,0.340625,0.34375,0.34375,0.3375,0.503125,0.446875,0.4375,0.434375,0.428125,0.415625,0.40625,0.4,0.39375,0.596875,0.628125,0.653125,0.7,0.721875,0.740625,0.640625,0.628125,0.6125,0.6,0.5875,0.575,0.565625,0.5625,0.765625,0.778125,0.7875,0.709375,0.69375,0.678125,0.6625,0.65625,0.640625,0.628125,0.615625,0.80625,0.809375,0.8125,psychodidae_ecosap_f_r_0d1412d21478.png,psychodidae_ecosap_f_r_0d1412d21478.tif,Sergentomyia schwetzi
,/Users/kristophernolte/Documents/phd_sandfly/json/psychodidae_ecosap_f_r_17eb2ec4724a.png,Full Skeleton,1481,right,,,0.6234375,0.690625,0.8015625,0.896875,0.9671875,0.9875,0.928125,0.8375,0.7375,0.6046875,0.4703125,0.3953125,0.321875,0.20625,0.259375,0.35,0.471875,0.546875,0.65,0.734375,0.790625,0.815625,0.590625,0.384375,0.6515625,0.68125,0.7109375,0.740625,0.7703125,0.5671875,0.509375,0.453125,0.71875,0.746875,0.775,0.825,0.85,0.875,0.915625,0.9359375,0.9546875,0.8515625,0.80625,0.759375,0.7140625,0.66875,0.98125,0.9046875,0.840625,0.7765625,0.7125,0.65,0.5859375,0.521875,0.4578125,0.9828125,0.9640625,0.946875,0.9078125,0.884375,0.8609375,0.8796875,0.828125,0.7765625,0.725,0.675,0.6234375,0.571875,0.5203125,0.8140625,0.7890625,0.7640625,0.7984375,0.7578125,0.715625,0.675,0.6328125,0.5921875,0.55,0.509375,0.7046875,0.671875,0.6390625,0.296875,0.284375,0.278125,0.271875,0.271875,0.328125,0.33125,0.340625,0.209375,0.21875,0.234375,0.26875,0.290625,0.315625,0.36875,0.4,0.434375,0.35,0.346875,0.35,0.35,0.346875,0.50625,0.45625,0.446875,0.4375,0.434375,0.428125,0.41875,0.415625,0.4125,0.58125,0.6125,0.6375,0.68125,0.703125,0.721875,0.63125,0.621875,0.615625,0.603125,0.59375,0.584375,0.575,0.571875,0.75625,0.771875,0.784375,0.7125,0.703125,0.6875,0.675,0.665625,0.653125,0.64375,0.625,0.80625,0.815625,0.81875,psychodidae_ecosap_f_r_17eb2ec4724a.png,psychodidae_ecosap_f_r_17eb2ec4724a.tif,Sergentomyia schwetzi
,/Users/kristophernolte/Documents/phd_sandfly/json/psychodidae_ecosap_f_r_1a64449dfac0.png,Full Skeleton,1252,right,,,0.7,0.73125,0.8171875,0.896875,0.9703125,0.9859375,0.9171875,0.825,0.7453125,0.6234375,0.5765625,0.50625,0.30625,0.215625,0.253125,0.315625,0.421875,0.49375,0.58125,0.646875,0.678125,0.6875,0.515625,0.35,0.7171875,0.7375,0.7578125,0.7765625,0.796875,0.6515625,0.603125,0.5546875,0.753125,0.775,0.796875,0.8375,0.8578125,0.878125,0.9171875,0.9375,0.9546875,0.8640625,0.83125,0.7984375,0.765625,0.7328125,0.9859375,0.91875,0.8671875,0.815625,0.7640625,0.7125,0.6609375,0.609375,0.5578125,0.975,0.95625,0.9375,0.896875,0.8734375,0.85,0.8796875,0.8421875,0.8046875,0.7671875,0.728125,0.690625,0.653125,0.615625,0.80625,0.7859375,0.765625,0.8,0.771875,0.74375,0.715625,0.6875,0.659375,0.63125,0.603125,0.715625,0.684375,0.6546875,0.290625,0.28125,0.278125,0.271875,0.26875,0.309375,0.3125,0.31875,0.21875,0.225,0.234375,0.259375,0.275,0.290625,0.33125,0.359375,0.384375,0.33125,0.33125,0.33125,0.33125,0.325,0.45625,0.4125,0.40625,0.4,0.396875,0.3875,0.384375,0.38125,0.371875,0.528125,0.55,0.56875,0.60625,0.621875,0.6375,0.5625,0.55625,0.546875,0.5375,0.525,0.515625,0.509375,0.50625,0.659375,0.66875,0.675,0.61875,0.60625,0.596875,0.5875,0.578125,0.56875,0.559375,0.546875,0.690625,0.69375,0.69375,psychodidae_ecosap_f_r_1a64449dfac0.png,psychodidae_ecosap_f_r_1a64449dfac0.tif,Sergentomyia distincta
,/Users/kristophernolte/Documents/phd_sandfly/json/psychodidae_ecosap_f_r_203400fbe58d.png,Full Skeleton,1850,right,,,0.6015625,0.746875,0.834375,0.9109375,0.9625,0.9859375,0.94375,0.8671875,0.7703125,0.634375,0.440625,0.40625,0.35625,0.234375,0.26875,0.334375,0.428125,0.509375,0.609375,0.69375,0.765625,0.80625,0.58125,0.41875,0.6390625,0.678125,0.7171875,0.75625,0.7953125,0.553125,0.503125,0.4546875,0.76875,0.790625,0.8125,0.853125,0.8734375,0.89375,0.925,0.940625,0.9546875,0.859375,0.8078125,0.75625,0.7046875,0.653125,0.9796875,0.9015625,0.8390625,0.778125,0.715625,0.6546875,0.5921875,0.53125,0.46875,0.9859375,0.971875,0.959375,0.928125,0.9078125,0.8875,0.8890625,0.8328125,0.7765625,0.7203125,0.665625,0.609375,0.553125,0.496875,0.8453125,0.8203125,0.7953125,0.821875,0.7734375,0.7265625,0.678125,0.63125,0.5828125,0.5359375,0.4875,0.7375,0.703125,0.66875,0.328125,0.31875,0.309375,0.303125,0.290625,0.359375,0.36875,0.384375,0.234375,0.240625,0.246875,0.275,0.290625,0.309375,0.35,0.371875,0.396875,0.353125,0.3625,0.371875,0.375,0.375,0.46875,0.43125,0.434375,0.4375,0.440625,0.4375,0.434375,0.434375,0.434375,0.5375,0.56875,0.59375,0.6375,0.659375,0.684375,0.59375,0.59375,0.5875,0.584375,0.578125,0.575,0.56875,0.565625,0.71875,0.7375,0.75625,0.678125,0.66875,0.659375,0.65,0.64375,0.634375,0.625,0.6125,0.7875,0.8,0.80625,psychodidae_ecosap_f_r_203400fbe58d.png,psychodidae_ecosap_f_r_203400fbe58d.tif,Sergentomyia ingrami
,/Users/kristophernolte/Documents/phd_sandfly/json/psychodidae_ecosap_f_r_2cf8c697d648.png,Full Skeleton,1541,right,,,0.6421875,0.6875,0.803125,0.8984375,0.96875,0.9828125,0.9265625,0.8375,0.7375,0.6046875,0.475,0.43125,0.353125,0.25,0.29375,0.365625,0.465625,0.540625,0.628125,0.703125,0.759375,0.7875,0.56875,0.396875,0.66875,0.6953125,0.7234375,0.75,0.7765625,0.5890625,0.5359375,0.4828125,0.715625,0.7453125,0.7734375,0.828125,0.853125,0.878125,0.9171875,0.9359375,0.9546875,0.85625,0.8125,0.76875,0.7265625,0.6828125,0.984375,0.909375,0.85,0.7890625,0.7296875,0.6703125,0.609375,0.55,0.490625,0.978125,0.9609375,0.94375,0.9078125,0.884375,0.8609375,0.8765625,0.8265625,0.7765625,0.7265625,0.6765625,0.6265625,0.5765625,0.5265625,0.8140625,0.7890625,0.7640625,0.7984375,0.7578125,0.7171875,0.6765625,0.6359375,0.5953125,0.5546875,0.5140625,0.70625,0.671875,0.6390625,0.3375,0.328125,0.321875,0.315625,0.3125,0.353125,0.35625,0.3625,0.253125,0.265625,0.275,0.303125,0.31875,0.3375,0.38125,0.4,0.425,0.378125,0.378125,0.38125,0.38125,0.378125,0.503125,0.459375,0.45625,0.453125,0.45,0.4375,0.428125,0.421875,0.415625,0.571875,0.596875,0.621875,0.65625,0.678125,0.69375,0.6125,0.60625,0.59375,0.5875,0.578125,0.571875,0.5625,0.55625,0.728125,0.740625,0.753125,0.68125,0.66875,0.659375,0.65,0.640625,0.628125,0.61875,0.6,0.76875,0.78125,0.784375,psychodidae_ecosap_f_r_2cf8c697d648.png,psychodidae_ecosap_f_r_2cf8c697d648.tif,Sergentomyia africana
,/Users/kristophernolte/Documents/phd_sandfly/json/psychodidae_ecosap_f_r_2e64fec1d637.png,Full Skeleton,1721,right,,,0.64375,0.771875,0.8640625,0.9328125,0.975,0.990625,0.953125,0.86875,0.7828125,0.646875,0.5078125,0.490625,0.35,0.221875,0.271875,0.359375,0.459375,0.540625,0.628125,0.7125,0.75625,0.778125,0.5625,0.4,0.678125,0.715625,0.753125,0.790625,0.828125,0.60625,0.5671875,0.528125,0.7953125,0.81875,0.8421875,0.88125,0.9,0.91875,0.946875,0.959375,0.9703125,0.884375,0.8359375,0.7875,0.7390625,0.690625,0.9875,0.921875,0.8671875,0.8140625,0.759375,0.70625,0.6515625,0.5984375,0.54375,0.9875,0.9796875,0.9671875,0.9359375,0.9140625,0.8921875,0.9046875,0.8546875,0.8046875,0.7546875,0.70625,0.65625,0.60625,0.55625,0.8484375,0.8265625,0.8046875,0.83125,0.790625,0.75,0.709375,0.66875,0.628125,0.5875,0.546875,0.75,0.715625,0.68125,0.321875,0.3125,0.30625,0.296875,0.2875,0.353125,0.359375,0.371875,0.228125,0.2375,0.25,0.28125,0.303125,0.328125,0.375,0.403125,0.43125,0.365625,0.3625,0.365625,0.36875,0.36875,0.496875,0.45,0.44375,0.4375,0.434375,0.428125,0.421875,0.421875,0.41875,0.565625,0.59375,0.615625,0.6625,0.684375,0.7,0.6125,0.6,0.5875,0.578125,0.56875,0.559375,0.55,0.546875,0.73125,0.74375,0.753125,0.68125,0.6625,0.65,0.6375,0.628125,0.61875,0.60625,0.590625,0.771875,0.778125,0.78125,psychodidae_ecosap_f_r_2e64fec1d637.png,psychodidae_ecosap_f_r_2e64fec1d637.tif,Sergentomyia ingrami
,/Users/kristophernolte/Documents/phd_sandfly/json/psychodidae_ecosap_f_r_2f51c0f9420a.png,Full Skeleton,1723,right,,,0.56875,0.7234375,0.825,0.909375,0.9625,0.984375,0.9390625,0.859375,0.740625,0.6,0.3890625,0.3625,0.31875,0.196875,0.253125,0.334375,0.434375,0.521875,0.63125,0.715625,0.778125,0.809375,0.565625,0.3875,0.6109375,0.6546875,0.6984375,0.7421875,0.7859375,0.5171875,0.4640625,0.4125,0.7484375,0.775,0.8015625,0.846875,0.86875,0.890625,0.9234375,0.9390625,0.9546875,0.853125,0.7953125,0.7375,0.68125,0.6234375,0.978125,0.896875,0.8296875,0.7625,0.696875,0.6296875,0.5625,0.496875,0.4296875,0.98125,0.9703125,0.95625,0.9234375,0.9015625,0.88125,0.878125,0.8171875,0.75625,0.6953125,0.6328125,0.571875,0.5109375,0.45,0.83125,0.8015625,0.771875,0.809375,0.75625,0.703125,0.6515625,0.5984375,0.5453125,0.49375,0.440625,0.7078125,0.671875,0.6359375,0.296875,0.2875,0.284375,0.278125,0.271875,0.325,0.33125,0.346875,0.2,0.209375,0.225,0.259375,0.28125,0.3,0.35,0.375,0.403125,0.346875,0.346875,0.35,0.35,0.346875,0.478125,0.434375,0.434375,0.43125,0.425,0.41875,0.409375,0.40625,0.40625,0.553125,0.584375,0.615625,0.6625,0.690625,0.70625,0.60625,0.596875,0.5875,0.578125,0.56875,0.559375,0.553125,0.55,0.74375,0.759375,0.771875,0.6875,0.678125,0.665625,0.65,0.6375,0.628125,0.61875,0.603125,0.79375,0.8,0.80625,psychodidae_ecosap_f_r_2f51c0f9420a.png,psychodidae_ecosap_f_r_2f51c0f9420a.tif,Sergentomyia ingrami
,/Users/kristophernolte/Documents/phd_sandfly/json/psychodidae_ecosap_f_r_3abb4df8e3ec.png,Full Skeleton,1735,right,,,0.5984375,0.771875,0.859375,0.9296875,0.975,0.9890625,0.9484375,0.8765625,0.7703125,0.6578125,0.4546875,0.4296875,0.34375,0.24375,0.290625,0.371875,0.45625,0.525,0.61875,0.684375,0.740625,0.765625,0.55,0.4,0.640625,0.684375,0.728125,0.771875,0.815625,0.55625,0.5140625,0.471875,0.79375,0.8171875,0.8390625,0.878125,0.896875,0.915625,0.9421875,0.9546875,0.9671875,0.875,0.81875,0.7640625,0.7078125,0.653125,0.9875,0.915625,0.8546875,0.79375,0.7328125,0.671875,0.6109375,0.55,0.4890625,0.9875,0.9765625,0.9625,0.9328125,0.9140625,0.8953125,0.89375,0.8390625,0.784375,0.7296875,0.675,0.6203125,0.565625,0.5109375,0.85,0.8234375,0.796875,0.83125,0.784375,0.7359375,0.6890625,0.6421875,0.59375,0.546875,0.5,0.74375,0.715625,0.6875,0.31875,0.3125,0.309375,0.30625,0.303125,0.34375,0.35,0.365625,0.246875,0.253125,0.26875,0.3,0.321875,0.34375,0.384375,0.40625,0.43125,0.375,0.371875,0.371875,0.36875,0.365625,0.4875,0.453125,0.446875,0.44375,0.4375,0.428125,0.421875,0.41875,0.415625,0.553125,0.58125,0.60625,0.64375,0.6625,0.678125,0.59375,0.5875,0.578125,0.565625,0.55625,0.546875,0.540625,0.5375,0.70625,0.721875,0.734375,0.665625,0.65625,0.64375,0.63125,0.621875,0.6125,0.6,0.5875,0.75625,0.7625,0.765625,psychodidae_ecosap_f_r_3abb4df8e3ec.png,psychodidae_ecosap_f_r_3abb4df8e3ec.tif,Sergentomyia ingrami
,/Users/kristophernolte/Documents/phd_sandfly/json/psychodidae_ecosap_f_r_3b5a07790731.png,Full Skeleton,1861,right,,,0.575,0.74375,0.853125,0.9328125,0.9671875,0.9859375,0.9390625,0.85625,0.753125,0.5828125,0.4234375,0.3984375,0.384375,0.26875,0.328125,0.428125,0.51875,0.60625,0.715625,0.790625,0.840625,0.853125,0.603125,0.43125,0.61875,0.665625,0.7125,0.759375,0.80625,0.53125,0.4859375,0.4421875,0.771875,0.8,0.828125,0.875,0.896875,0.9171875,0.940625,0.953125,0.9640625,0.8734375,0.8140625,0.753125,0.69375,0.634375,0.98125,0.9046875,0.840625,0.778125,0.7140625,0.6515625,0.5875,0.525,0.4609375,0.9875,0.9734375,0.95625,0.921875,0.9,0.878125,0.8828125,0.825,0.7671875,0.7109375,0.653125,0.5953125,0.5390625,0.48125,0.8328125,0.80625,0.7796875,0.809375,0.7609375,0.7125,0.6640625,0.615625,0.5671875,0.51875,0.4703125,0.7109375,0.66875,0.6265625,0.359375,0.353125,0.35,0.346875,0.34375,0.384375,0.390625,0.4,0.275,0.284375,0.3,0.346875,0.359375,0.39375,0.446875,0.46875,0.49375,0.428125,0.421875,0.41875,0.415625,0.4125,0.5625,0.51875,0.50625,0.496875,0.490625,0.48125,0.46875,0.459375,0.453125,0.640625,0.671875,0.696875,0.740625,0.7625,0.78125,0.684375,0.671875,0.659375,0.64375,0.628125,0.615625,0.603125,0.59375,0.8125,0.825,0.8375,0.75625,0.740625,0.725,0.709375,0.69375,0.68125,0.6625,0.64375,0.853125,0.85625,0.85625,psychodidae_ecosap_f_r_3b5a07790731.png,psychodidae_ecosap_f_r_3b5a07790731.tif,Sergentomyia ingrami
,/Users/kristophernolte/Documents/phd_sandfly/json/psychodidae_ecosap_f_r_3d3b73f2cf4a.png,Full Skeleton,1312,right,,,0.625,0.6234375,0.7359375,0.828125,0.8953125,0.9140625,0.85625,0.76875,0.675,0.54375,0.4828125,0.4,0.321875,0.21875,0.240625,0.3125,0.4,0.48125,0.578125,0.659375,0.715625,0.740625,0.55625,0.378125,0.6421875,0.6609375,0.68125,0.7,0.71875,0.56875,0.5125,0.45625,0.6515625,0.6796875,0.7078125,0.759375,0.7828125,0.80625,0.846875,0.865625,0.884375,0.7953125,0.7609375,0.7265625,0.6921875,0.6578125,0.9140625,0.840625,0.7859375,0.7296875,0.675,0.6203125,0.5640625,0.509375,0.4546875,0.9078125,0.8921875,0.875,0.8375,0.8140625,0.7921875,0.815625,0.7734375,0.73125,0.690625,0.6484375,0.60625,0.565625,0.5234375,0.7484375,0.7234375,0.7,0.7375,0.70625,0.6734375,0.6421875,0.609375,0.578125,0.5453125,0.5140625,0.64375,0.6109375,0.578125,0.303125,0.290625,0.28125,0.275,0.265625,0.325,0.334375,0.34375,0.21875,0.21875,0.225,0.25,0.2625,0.28125,0.321875,0.340625,0.3625,0.31875,0.33125,0.334375,0.340625,0.340625,0.4375,0.40625,0.40625,0.409375,0.40625,0.403125,0.4,0.4,0.39375,0.515625,0.54375,0.565625,0.609375,0.634375,0.65,0.565625,0.5625,0.55625,0.55,0.55,0.540625,0.5375,0.5375,0.6875,0.703125,0.7125,0.6375,0.63125,0.621875,0.615625,0.609375,0.6,0.590625,0.578125,0.734375,0.740625,0.746875,psychodidae_ecosap_f_r_3d3b73f2cf4a.png,psychodidae_ecosap_f_r_3d3b73f2cf4a.tif,Sergentomyia africana
,/Users/kristophernolte/Documents/phd_sandfly/json/psychodidae_ecosap_f_r_3dd40bd360a9.png,Full Skeleton,1797,right,,,0.5984375,0.759375,0.85,0.9265625,0.9703125,0.9859375,0.95,0.871875,0.7640625,0.653125,0.45,0.4203125,0.35625,0.240625,0.28125,0.36875,0.4625,0.540625,0.634375,0.71875,0.778125,0.80625,0.575,0.41875,0.6390625,0.68125,0.725,0.7671875,0.809375,0.553125,0.5078125,0.4625,0.7828125,0.80625,0.8296875,0.8703125,0.890625,0.9109375,0.9390625,0.9515625,0.965625,0.871875,0.8171875,0.7625,0.7078125,0.653125,0.9828125,0.909375,0.8484375,0.7875,0.7265625,0.665625,0.6046875,0.54375,0.4828125,0.9859375,0.9765625,0.9640625,0.9359375,0.9140625,0.89375,0.8953125,0.8390625,0.784375,0.728125,0.6734375,0.6171875,0.5625,0.50625,0.846875,0.81875,0.7921875,0.828125,0.78125,0.7328125,0.6859375,0.6390625,0.590625,0.54375,0.496875,0.7375,0.709375,0.68125,0.33125,0.321875,0.31875,0.3125,0.30625,0.3625,0.36875,0.38125,0.240625,0.25,0.259375,0.29375,0.315625,0.3375,0.38125,0.409375,0.434375,0.375,0.378125,0.38125,0.384375,0.38125,0.5,0.45625,0.45,0.45,0.446875,0.44375,0.4375,0.434375,0.434375,0.565625,0.59375,0.621875,0.66875,0.690625,0.709375,0.61875,0.60625,0.596875,0.590625,0.58125,0.571875,0.565625,0.559375,0.740625,0.759375,0.771875,0.690625,0.678125,0.665625,0.65625,0.64375,0.634375,0.621875,0.6125,0.790625,0.803125,0.80625,psychodidae_ecosap_f_r_3dd40bd360a9.png,psychodidae_ecosap_f_r_3dd40bd360a9.tif,Sergentomyia ingrami
,/Users/kristophernolte/Documents/phd_sandfly/json/psychodidae_ecosap_f_r_3edeebede92e.png,Full Skeleton,1444,right,,,0.6640625,0.69375,0.8109375,0.9,0.9734375,0.984375,0.9359375,0.83125,0.740625,0.6203125,0.525,0.45,0.3375,0.23125,0.26875,0.340625,0.4625,0.534375,0.634375,0.721875,0.771875,0.79375,0.571875,0.390625,0.6890625,0.7140625,0.7390625,0.7640625,0.7890625,0.6109375,0.55625,0.503125,0.7234375,0.753125,0.7828125,0.8328125,0.85625,0.8796875,0.9203125,0.9421875,0.9625,0.8609375,0.821875,0.78125,0.7421875,0.703125,0.984375,0.915625,0.8578125,0.7984375,0.740625,0.6828125,0.6234375,0.565625,0.5078125,0.9796875,0.9671875,0.9515625,0.9125,0.8859375,0.859375,0.890625,0.8453125,0.8,0.7546875,0.7078125,0.6625,0.6171875,0.571875,0.8109375,0.7875,0.7640625,0.8015625,0.7671875,0.73125,0.696875,0.6625,0.6265625,0.5921875,0.5578125,0.7125,0.68125,0.6515625,0.315625,0.30625,0.296875,0.29375,0.290625,0.340625,0.346875,0.359375,0.23125,0.234375,0.246875,0.278125,0.29375,0.3125,0.35625,0.3875,0.41875,0.35625,0.359375,0.3625,0.3625,0.359375,0.496875,0.453125,0.44375,0.4375,0.43125,0.425,0.41875,0.415625,0.4125,0.565625,0.596875,0.621875,0.66875,0.690625,0.709375,0.621875,0.6125,0.603125,0.59375,0.584375,0.575,0.565625,0.559375,0.740625,0.75625,0.765625,0.690625,0.678125,0.66875,0.659375,0.646875,0.634375,0.625,0.60625,0.7875,0.796875,0.796875,psychodidae_ecosap_f_r_3edeebede92e.png,psychodidae_ecosap_f_r_3edeebede92e.tif,Sergentomyia africana
,/Users/kristophernolte/Documents/phd_sandfly/json/psychodidae_ecosap_f_r_400d9620e712.png,Full Skeleton,1327,right,,,0.678125,0.70625,0.815625,0.90625,0.971875,0.9828125,0.928125,0.8421875,0.7359375,0.628125,0.56875,0.475,0.25,0.14375,0.196875,0.271875,0.3875,0.4625,0.54375,0.609375,0.64375,0.65625,0.4625,0.284375,0.6984375,0.721875,0.7453125,0.76875,0.7921875,0.628125,0.5765625,0.525,0.734375,0.7625,0.790625,0.8390625,0.8625,0.8859375,0.9234375,0.9421875,0.9609375,0.86875,0.8296875,0.790625,0.753125,0.7140625,0.9828125,0.9171875,0.8625,0.80625,0.7515625,0.696875,0.640625,0.5859375,0.53125,0.9765625,0.9609375,0.9453125,0.9078125,0.8859375,0.8640625,0.8890625,0.8484375,0.809375,0.76875,0.7296875,0.6890625,0.65,0.609375,0.815625,0.7890625,0.7625,0.815625,0.784375,0.753125,0.721875,0.690625,0.659375,0.628125,0.596875,0.709375,0.6828125,0.65625,0.23125,0.221875,0.21875,0.2125,0.209375,0.25,0.25,0.25625,0.15,0.159375,0.16875,0.20625,0.21875,0.2375,0.2875,0.3125,0.35,0.28125,0.284375,0.284375,0.28125,0.278125,0.425,0.375,0.3625,0.353125,0.34375,0.33125,0.31875,0.3125,0.30625,0.49375,0.51875,0.534375,0.571875,0.5875,0.603125,0.525,0.5125,0.5,0.4875,0.478125,0.46875,0.459375,0.45,0.625,0.6375,0.64375,0.58125,0.56875,0.55625,0.546875,0.534375,0.525,0.509375,0.496875,0.65625,0.659375,0.659375,psychodidae_ecosap_f_r_400d9620e712.png,psychodidae_ecosap_f_r_400d9620e712.tif,Sergentomyia africana
,/Users/kristophernolte/Documents/phd_sandfly/json/psychodidae_ecosap_f_r_401c7d90e25b.png,Full Skeleton,519,right,,,0.625,0.6546875,0.759375,0.8671875,0.9671875,0.9828125,0.9046875,0.790625,0.6921875,0.5609375,0.465625,0.35,0.296875,0.190625,0.21875,0.303125,0.440625,0.50625,0.628125,0.721875,0.7625,0.790625,0.565625,0.375,0.6453125,0.66875,0.6921875,0.7140625,0.7375,0.55625,0.4859375,0.415625,0.6796875,0.70625,0.7328125,0.7875,0.815625,0.84375,0.89375,0.921875,0.95,0.8265625,0.7859375,0.7453125,0.7046875,0.6640625,0.98125,0.9,0.83125,0.7625,0.69375,0.625,0.55625,0.4875,0.41875,0.975,0.9515625,0.928125,0.8796875,0.85,0.8203125,0.85625,0.8078125,0.759375,0.7109375,0.6609375,0.6125,0.5640625,0.515625,0.7671875,0.7421875,0.7171875,0.759375,0.721875,0.684375,0.6484375,0.6109375,0.5734375,0.5375,0.5,0.659375,0.6265625,0.59375,0.275,0.2625,0.25,0.246875,0.240625,0.30625,0.3125,0.33125,0.1875,0.19375,0.2,0.23125,0.25,0.26875,0.321875,0.353125,0.39375,0.3125,0.315625,0.31875,0.321875,0.321875,0.46875,0.425,0.41875,0.415625,0.40625,0.396875,0.390625,0.390625,0.3875,0.55,0.590625,0.61875,0.665625,0.6875,0.709375,0.603125,0.59375,0.584375,0.578125,0.56875,0.5625,0.55625,0.55,0.740625,0.75,0.7625,0.6875,0.671875,0.659375,0.65,0.6375,0.628125,0.615625,0.6,0.778125,0.78125,0.79375,psychodidae_ecosap_f_r_401c7d90e25b.png,psychodidae_ecosap_f_r_401c7d90e25b.tif,Sergentomyia distincta
,/Users/kristophernolte/Documents/phd_sandfly/json/psychodidae_ecosap_f_r_41050cd7658a.png,Full Skeleton,1751,right,,,0.5609375,0.7265625,0.821875,0.89375,0.95,0.9703125,0.9171875,0.83125,0.734375,0.6,0.4359375,0.4,0.3625,0.2375,0.290625,0.365625,0.465625,0.553125,0.65,0.728125,0.78125,0.81875,0.58125,0.4125,0.603125,0.646875,0.690625,0.734375,0.778125,0.5203125,0.4796875,0.4390625,0.75,0.775,0.7984375,0.840625,0.859375,0.878125,0.909375,0.925,0.940625,0.8390625,0.7828125,0.7265625,0.671875,0.615625,0.9671875,0.8890625,0.828125,0.7671875,0.70625,0.6453125,0.584375,0.5234375,0.4625,0.9671875,0.9515625,0.934375,0.8984375,0.8765625,0.8546875,0.8640625,0.8109375,0.7578125,0.7046875,0.65,0.596875,0.54375,0.490625,0.809375,0.784375,0.759375,0.790625,0.7453125,0.7015625,0.65625,0.6125,0.5671875,0.5234375,0.478125,0.703125,0.66875,0.634375,0.334375,0.325,0.31875,0.3125,0.303125,0.3625,0.371875,0.38125,0.24375,0.253125,0.259375,0.3,0.3125,0.334375,0.38125,0.403125,0.43125,0.375,0.378125,0.38125,0.384375,0.384375,0.50625,0.459375,0.45625,0.453125,0.453125,0.45,0.44375,0.4375,0.43125,0.584375,0.615625,0.6375,0.68125,0.703125,0.721875,0.628125,0.61875,0.609375,0.6,0.59375,0.584375,0.578125,0.56875,0.75,0.7625,0.778125,0.7,0.6875,0.678125,0.66875,0.65625,0.646875,0.634375,0.61875,0.803125,0.8125,0.81875,psychodidae_ecosap_f_r_41050cd7658a.png,psychodidae_ecosap_f_r_41050cd7658a.tif,Sergentomyia ingrami
,/Users/kristophernolte/Documents/phd_sandfly/json/psychodidae_ecosap_f_r_44aa64a5f648.png,Full Skeleton,1653,right,,,0.63125,0.7609375,0.853125,0.91875,0.96875,0.9890625,0.94375,0.8671875,0.7734375,0.6484375,0.459375,0.4140625,0.334375,0.2125,0.2625,0.33125,0.425,0.509375,0.609375,0.690625,0.753125,0.7875,0.559375,0.4,0.6671875,0.7046875,0.7421875,0.7796875,0.8171875,0.5765625,0.521875,0.4671875,0.784375,0.8078125,0.83125,0.8703125,0.8875,0.9046875,0.9328125,0.946875,0.9609375,0.871875,0.8234375,0.775,0.7265625,0.678125,0.9859375,0.9078125,0.846875,0.784375,0.7234375,0.6609375,0.6,0.5375,0.4765625,0.9859375,0.975,0.959375,0.928125,0.9078125,0.8875,0.890625,0.8375,0.7828125,0.7296875,0.675,0.621875,0.5671875,0.5140625,0.8453125,0.821875,0.7984375,0.8234375,0.778125,0.73125,0.6859375,0.640625,0.59375,0.5484375,0.503125,0.74375,0.7125,0.68125,0.30625,0.296875,0.290625,0.28125,0.278125,0.340625,0.346875,0.3625,0.215625,0.225,0.2375,0.26875,0.284375,0.303125,0.34375,0.36875,0.39375,0.346875,0.35,0.353125,0.359375,0.35625,0.465625,0.428125,0.428125,0.425,0.425,0.421875,0.41875,0.41875,0.415625,0.540625,0.571875,0.596875,0.640625,0.6625,0.68125,0.5875,0.58125,0.571875,0.56875,0.565625,0.55625,0.55,0.546875,0.715625,0.73125,0.74375,0.6625,0.653125,0.64375,0.6375,0.628125,0.61875,0.609375,0.59375,0.771875,0.78125,0.7875,psychodidae_ecosap_f_r_44aa64a5f648.png,psychodidae_ecosap_f_r_44aa64a5f648.tif,Sergentomyia ingrami
,/Users/kristophernolte/Documents/phd_sandfly/json/psychodidae_ecosap_f_r_47d502f91bd1.png,Full Skeleton,1245,right,,,0.6515625,0.6734375,0.7578125,0.8765625,0.946875,0.959375,0.896875,0.7953125,0.709375,0.59375,0.55,0.4546875,0.33125,0.23125,0.25625,0.3375,0.440625,0.51875,0.603125,0.66875,0.7125,0.740625,0.56875,0.390625,0.6671875,0.6859375,0.7046875,0.7234375,0.7421875,0.6015625,0.5515625,0.5015625,0.69375,0.715625,0.7359375,0.7875,0.81875,0.85,0.8953125,0.915625,0.934375,0.8390625,0.8015625,0.7640625,0.7265625,0.6890625,0.959375,0.8921875,0.8375,0.7828125,0.728125,0.6734375,0.61875,0.5640625,0.509375,0.9515625,0.9328125,0.915625,0.8734375,0.846875,0.821875,0.8609375,0.821875,0.7828125,0.74375,0.7046875,0.665625,0.6265625,0.5875,0.7765625,0.7546875,0.7328125,0.76875,0.740625,0.7140625,0.6859375,0.659375,0.63125,0.6046875,0.5765625,0.6828125,0.653125,0.6234375,0.3125,0.303125,0.296875,0.2875,0.28125,0.3375,0.340625,0.353125,0.2375,0.240625,0.24375,0.2625,0.278125,0.303125,0.35,0.375,0.4,0.34375,0.34375,0.346875,0.35,0.346875,0.478125,0.43125,0.41875,0.41875,0.415625,0.4125,0.409375,0.409375,0.403125,0.55,0.56875,0.59375,0.628125,0.646875,0.65625,0.584375,0.578125,0.571875,0.565625,0.559375,0.553125,0.55,0.553125,0.69375,0.70625,0.709375,0.65,0.640625,0.6375,0.63125,0.625,0.615625,0.60625,0.59375,0.728125,0.7375,0.74375,psychodidae_ecosap_f_r_47d502f91bd1.png,psychodidae_ecosap_f_r_47d502f91bd1.tif,Sergentomyia distincta
,/Users/kristophernolte/Documents/phd_sandfly/json/psychodidae_ecosap_f_r_48281294b90d.png,Full Skeleton,1683,right,,,0.6140625,0.7625,0.8453125,0.9171875,0.9703125,0.9890625,0.9453125,0.8703125,0.7890625,0.6421875,0.459375,0.44375,0.34375,0.215625,0.2625,0.340625,0.44375,0.53125,0.61875,0.7,0.759375,0.790625,0.55625,0.4,0.65,0.6890625,0.728125,0.7671875,0.80625,0.571875,0.528125,0.484375,0.7828125,0.8046875,0.825,0.8640625,0.8828125,0.9015625,0.9328125,0.9484375,0.9640625,0.8671875,0.815625,0.765625,0.7140625,0.6640625,0.984375,0.9125,0.8546875,0.7953125,0.7375,0.678125,0.6203125,0.5609375,0.503125,0.9859375,0.9734375,0.959375,0.93125,0.9109375,0.890625,0.8921875,0.8375,0.784375,0.7296875,0.6765625,0.621875,0.56875,0.5140625,0.8515625,0.83125,0.8109375,0.825,0.778125,0.7328125,0.6859375,0.640625,0.59375,0.5484375,0.5015625,0.7546875,0.7171875,0.6796875,0.315625,0.30625,0.303125,0.296875,0.284375,0.346875,0.353125,0.365625,0.21875,0.228125,0.2375,0.271875,0.2875,0.309375,0.35625,0.384375,0.4125,0.35,0.35625,0.3625,0.365625,0.365625,0.484375,0.440625,0.434375,0.434375,0.434375,0.428125,0.421875,0.41875,0.415625,0.559375,0.5875,0.609375,0.65,0.671875,0.690625,0.6,0.590625,0.58125,0.571875,0.5625,0.55625,0.55,0.546875,0.725,0.740625,0.753125,0.675,0.659375,0.65,0.640625,0.628125,0.615625,0.609375,0.59375,0.778125,0.784375,0.790625,psychodidae_ecosap_f_r_48281294b90d.png,psychodidae_ecosap_f_r_48281294b90d.tif,Sergentomyia ingrami
,/Users/kristophernolte/Documents/phd_sandfly/json/psychodidae_ecosap_f_r_4cd5d2262ccb.png,Repaired,1210,right,,,0.703125,0.70625,0.7953125,0.884375,0.971875,0.9875,0.928125,0.834375,0.7640625,0.6578125,0.60625,0.51875,0.346875,0.2625,0.275,0.328125,0.41875,0.471875,0.575,0.64375,0.690625,0.725,0.5625,0.415625,0.7171875,0.7328125,0.75,0.765625,0.78125,0.65625,0.609375,0.5625,0.728125,0.75,0.771875,0.8171875,0.840625,0.8640625,0.9078125,0.93125,0.9546875,0.8546875,0.8234375,0.79375,0.7625,0.7328125,0.984375,0.921875,0.871875,0.8203125,0.7703125,0.7203125,0.66875,0.61875,0.56875,0.98125,0.9640625,0.946875,0.9046875,0.88125,0.8578125,0.8953125,0.859375,0.8234375,0.7875,0.7515625,0.715625,0.6796875,0.64375,0.81875,0.8,0.7828125,0.8125,0.7859375,0.759375,0.734375,0.7078125,0.68125,0.65625,0.6296875,0.7390625,0.7125,0.6859375,0.328125,0.321875,0.3125,0.30625,0.296875,0.35625,0.36875,0.38125,0.259375,0.259375,0.2625,0.278125,0.2875,0.303125,0.340625,0.35625,0.378125,0.34375,0.35,0.359375,0.365625,0.365625,0.440625,0.4125,0.41875,0.425,0.428125,0.428125,0.43125,0.434375,0.434375,0.50625,0.534375,0.553125,0.6,0.61875,0.634375,0.565625,0.559375,0.55625,0.553125,0.553125,0.55,0.546875,0.546875,0.6625,0.675,0.6875,0.625,0.61875,0.6125,0.609375,0.603125,0.596875,0.59375,0.584375,0.709375,0.71875,0.721875,psychodidae_ecosap_f_r_4cd5d2262ccb.png,psychodidae_ecosap_f_r_4cd5d2262ccb.tif,Sergentomyia distincta
,/Users/kristophernolte/Documents/phd_sandfly/json/psychodidae_ecosap_f_r_5a7e68f77d5c.png,Full Skeleton,1385,right,,,0.68125,0.7375,0.83125,0.90625,0.9734375,0.9875,0.93125,0.8375,0.759375,0.6375,0.5609375,0.471875,0.309375,0.19375,0.228125,0.296875,0.409375,0.4875,0.596875,0.6875,0.734375,0.7625,0.55625,0.36875,0.7046875,0.7296875,0.75625,0.78125,0.80625,0.6296875,0.5765625,0.5234375,0.7609375,0.784375,0.8078125,0.85,0.8703125,0.8890625,0.9234375,0.9421875,0.9609375,0.86875,0.83125,0.79375,0.75625,0.71875,0.984375,0.91875,0.8625,0.80625,0.75,0.6953125,0.6390625,0.5828125,0.5265625,0.98125,0.965625,0.9484375,0.9125,0.8875,0.8625,0.890625,0.85,0.8078125,0.7671875,0.725,0.684375,0.6421875,0.6015625,0.8203125,0.8,0.7796875,0.8078125,0.7765625,0.7453125,0.7140625,0.6828125,0.6515625,0.6203125,0.5890625,0.73125,0.7,0.66875,0.284375,0.271875,0.2625,0.25625,0.25,0.315625,0.31875,0.33125,0.196875,0.203125,0.2125,0.2375,0.253125,0.271875,0.3125,0.3375,0.371875,0.315625,0.321875,0.328125,0.33125,0.328125,0.446875,0.40625,0.40625,0.40625,0.403125,0.4,0.396875,0.396875,0.39375,0.521875,0.55625,0.584375,0.63125,0.653125,0.675,0.578125,0.571875,0.565625,0.559375,0.553125,0.546875,0.540625,0.540625,0.70625,0.71875,0.73125,0.65625,0.64375,0.634375,0.625,0.61875,0.609375,0.6,0.584375,0.753125,0.759375,0.765625,psychodidae_ecosap_f_r_5a7e68f77d5c.png,psychodidae_ecosap_f_r_5a7e68f77d5c.tif,Sergentomyia schwetzi
,/Users/kristophernolte/Documents/phd_sandfly/json/psychodidae_ecosap_f_r_5bf7ea5ff73c.png,Repaired,1280,right,,,0.6921875,0.696875,0.803125,0.8859375,0.98125,0.9828125,0.925,0.8265625,0.7390625,0.6328125,0.58125,0.5,0.30625,0.2125,0.228125,0.2875,0.409375,0.46875,0.55625,0.634375,0.678125,0.690625,0.51875,0.35,0.7078125,0.728125,0.746875,0.7671875,0.7859375,0.64375,0.5953125,0.546875,0.7234375,0.75,0.7765625,0.825,0.846875,0.86875,0.9125,0.9390625,0.965625,0.8546875,0.821875,0.7890625,0.75625,0.7234375,0.9875,0.9296875,0.8765625,0.821875,0.76875,0.715625,0.6609375,0.6078125,0.5546875,0.9765625,0.959375,0.9421875,0.903125,0.878125,0.853125,0.8875,0.85,0.8109375,0.7734375,0.734375,0.696875,0.6578125,0.6203125,0.80625,0.784375,0.7625,0.8015625,0.7734375,0.7453125,0.7171875,0.690625,0.6625,0.634375,0.60625,0.7125,0.6859375,0.659375,0.28125,0.271875,0.265625,0.25625,0.253125,0.309375,0.3125,0.31875,0.2125,0.215625,0.215625,0.240625,0.253125,0.265625,0.296875,0.325,0.35625,0.303125,0.309375,0.31875,0.321875,0.321875,0.440625,0.390625,0.390625,0.390625,0.390625,0.384375,0.38125,0.375,0.371875,0.5,0.525,0.546875,0.584375,0.60625,0.621875,0.540625,0.5375,0.53125,0.525,0.51875,0.515625,0.509375,0.50625,0.65625,0.665625,0.671875,0.609375,0.603125,0.59375,0.584375,0.575,0.56875,0.559375,0.54375,0.684375,0.684375,0.690625,psychodidae_ecosap_f_r_5bf7ea5ff73c.png,psychodidae_ecosap_f_r_5bf7ea5ff73c.tif,Sergentomyia distincta
,/Users/kristophernolte/Documents/phd_sandfly/json/psychodidae_ecosap_f_r_66dd10e10bda.png,Full Skeleton,1296,right,,,0.6546875,0.6921875,0.7890625,0.8921875,0.9671875,0.984375,0.9125,0.8046875,0.7140625,0.5953125,0.525,0.390625,0.35,0.240625,0.278125,0.35625,0.4625,0.55,0.646875,0.703125,0.746875,0.76875,0.578125,0.40625,0.675,0.6984375,0.721875,0.7453125,0.76875,0.5875,0.5203125,0.453125,0.715625,0.740625,0.7640625,0.815625,0.8421875,0.86875,0.9109375,0.93125,0.9515625,0.853125,0.8125,0.7734375,0.7328125,0.69375,0.984375,0.903125,0.8390625,0.775,0.7109375,0.646875,0.5828125,0.51875,0.4546875,0.975,0.9546875,0.934375,0.8859375,0.859375,0.8328125,0.871875,0.828125,0.784375,0.740625,0.6984375,0.6546875,0.6109375,0.5671875,0.784375,0.7609375,0.7375,0.7734375,0.7421875,0.7109375,0.6796875,0.6484375,0.6171875,0.5859375,0.5546875,0.684375,0.6546875,0.625,0.328125,0.31875,0.309375,0.30625,0.303125,0.353125,0.353125,0.3625,0.24375,0.25,0.253125,0.2875,0.303125,0.325,0.36875,0.39375,0.421875,0.36875,0.371875,0.378125,0.375,0.36875,0.503125,0.459375,0.453125,0.44375,0.434375,0.428125,0.421875,0.415625,0.4125,0.5875,0.6125,0.634375,0.675,0.690625,0.7,0.61875,0.609375,0.6,0.590625,0.58125,0.575,0.565625,0.5625,0.725,0.7375,0.746875,0.678125,0.66875,0.659375,0.65,0.640625,0.63125,0.615625,0.603125,0.7625,0.771875,0.76875,psychodidae_ecosap_f_r_66dd10e10bda.png,psychodidae_ecosap_f_r_66dd10e10bda.tif,Sergentomyia distincta
,/Users/kristophernolte/Documents/phd_sandfly/json/psychodidae_ecosap_f_r_6b083eed0f62.png,Full Skeleton,1512,right,,,0.628125,0.6765625,0.80625,0.8984375,0.965625,0.9875,0.940625,0.85625,0.759375,0.60625,0.4578125,0.4234375,0.30625,0.1875,0.23125,0.309375,0.415625,0.49375,0.6,0.703125,0.771875,0.809375,0.56875,0.36875,0.65625,0.6859375,0.7171875,0.746875,0.7765625,0.5765625,0.525,0.4734375,0.709375,0.7421875,0.775,0.8296875,0.853125,0.8765625,0.915625,0.934375,0.953125,0.853125,0.8078125,0.7625,0.7171875,0.671875,0.98125,0.90625,0.8453125,0.7859375,0.725,0.665625,0.6046875,0.5453125,0.484375,0.984375,0.971875,0.95625,0.9234375,0.9015625,0.8796875,0.8875,0.834375,0.7796875,0.7265625,0.671875,0.61875,0.5640625,0.5109375,0.834375,0.809375,0.784375,0.8140625,0.76875,0.7234375,0.6796875,0.634375,0.5890625,0.5453125,0.5,0.721875,0.6828125,0.6453125,0.28125,0.26875,0.25625,0.253125,0.25,0.3125,0.315625,0.328125,0.1875,0.196875,0.209375,0.240625,0.259375,0.28125,0.325,0.35,0.38125,0.321875,0.321875,0.328125,0.33125,0.328125,0.45,0.4125,0.4125,0.4125,0.415625,0.409375,0.403125,0.396875,0.390625,0.521875,0.553125,0.584375,0.6375,0.665625,0.6875,0.59375,0.590625,0.5875,0.578125,0.571875,0.565625,0.559375,0.553125,0.73125,0.746875,0.7625,0.68125,0.678125,0.665625,0.659375,0.646875,0.6375,0.625,0.609375,0.79375,0.803125,0.809375,psychodidae_ecosap_f_r_6b083eed0f62.png,psychodidae_ecosap_f_r_6b083eed0f62.tif,Sergentomyia schwetzi
,/Users/kristophernolte/Documents/phd_sandfly/json/psychodidae_ecosap_f_r_6d524f050637.png,Full Skeleton,1325,right,,,0.69375,0.6828125,0.7828125,0.8890625,0.9671875,0.984375,0.9140625,0.815625,0.7296875,0.6109375,0.5265625,0.43125,0.30625,0.2,0.23125,0.30625,0.4125,0.49375,0.6,0.66875,0.7125,0.74375,0.534375,0.359375,0.70625,0.721875,0.7375,0.753125,0.76875,0.628125,0.5625,0.496875,0.7078125,0.7328125,0.7578125,0.809375,0.8375,0.8640625,0.909375,0.9296875,0.95,0.8578125,0.825,0.7921875,0.759375,0.7265625,0.9828125,0.9078125,0.8484375,0.7890625,0.7296875,0.66875,0.609375,0.55,0.490625,0.975,0.9546875,0.934375,0.890625,0.865625,0.840625,0.8734375,0.8296875,0.7859375,0.7421875,0.7,0.65625,0.6125,0.56875,0.7953125,0.7734375,0.7515625,0.7859375,0.753125,0.7203125,0.6875,0.65625,0.6234375,0.590625,0.5578125,0.7,0.6703125,0.640625,0.284375,0.271875,0.2625,0.25625,0.25,0.3125,0.315625,0.325,0.2,0.203125,0.2125,0.2375,0.25625,0.275,0.3125,0.340625,0.36875,0.3125,0.31875,0.328125,0.328125,0.325,0.45,0.40625,0.403125,0.4,0.390625,0.3875,0.384375,0.384375,0.38125,0.534375,0.5625,0.5875,0.628125,0.646875,0.6625,0.571875,0.559375,0.553125,0.54375,0.534375,0.525,0.521875,0.51875,0.6875,0.696875,0.709375,0.634375,0.621875,0.6125,0.603125,0.59375,0.584375,0.578125,0.5625,0.725,0.734375,0.7375,psychodidae_ecosap_f_r_6d524f050637.png,psychodidae_ecosap_f_r_6d524f050637.tif,Sergentomyia africana
,/Users/kristophernolte/Documents/phd_sandfly/json/psychodidae_ecosap_f_r_6e3f716b2d4c.png,Full Skeleton,509,right,,,0.690625,0.73125,0.828125,0.9109375,0.959375,0.978125,0.9328125,0.8359375,0.7515625,0.6515625,0.5140625,0.478125,0.30625,0.221875,0.2625,0.340625,0.428125,0.509375,0.578125,0.653125,0.7,0.71875,0.525,0.35,0.7125,0.7359375,0.759375,0.7828125,0.80625,0.6375,0.584375,0.53125,0.75625,0.78125,0.80625,0.85,0.8734375,0.8953125,0.925,0.940625,0.95625,0.8734375,0.8359375,0.7984375,0.7609375,0.7234375,0.978125,0.90625,0.853125,0.7984375,0.7453125,0.6921875,0.6375,0.584375,0.53125,0.975,0.9609375,0.946875,0.9140625,0.8875,0.8625,0.8875,0.840625,0.79375,0.746875,0.7015625,0.6546875,0.6078125,0.5609375,0.8171875,0.7953125,0.7734375,0.8,0.7640625,0.728125,0.6921875,0.65625,0.6203125,0.584375,0.5484375,0.728125,0.703125,0.678125,0.2875,0.28125,0.275,0.275,0.271875,0.309375,0.309375,0.3125,0.21875,0.225,0.23125,0.26875,0.284375,0.303125,0.35,0.36875,0.396875,0.3375,0.3375,0.3375,0.3375,0.33125,0.465625,0.421875,0.4125,0.40625,0.4,0.39375,0.384375,0.38125,0.371875,0.534375,0.55625,0.571875,0.609375,0.628125,0.646875,0.56875,0.559375,0.55625,0.54375,0.5375,0.528125,0.51875,0.5125,0.675,0.684375,0.69375,0.634375,0.625,0.615625,0.603125,0.59375,0.58125,0.571875,0.55625,0.7125,0.715625,0.71875,psychodidae_ecosap_f_r_6e3f716b2d4c.png,psychodidae_ecosap_f_r_6e3f716b2d4c.tif,Sergentomyia schwetzi
,/Users/kristophernolte/Documents/phd_sandfly/json/psychodidae_ecosap_f_r_6ea7c5a0df9c.png,Full Skeleton,1272,right,,,0.6875,0.696875,0.784375,0.8734375,0.953125,0.9640625,0.8921875,0.815625,0.7203125,0.596875,0.5671875,0.4828125,0.278125,0.18125,0.209375,0.26875,0.375,0.446875,0.5375,0.596875,0.65,0.65625,0.5,0.328125,0.7015625,0.71875,0.7359375,0.753125,0.7703125,0.6359375,0.584375,0.5328125,0.71875,0.740625,0.7625,0.80625,0.8296875,0.853125,0.8953125,0.9171875,0.9390625,0.84375,0.8125,0.78125,0.75,0.71875,0.965625,0.9015625,0.8484375,0.796875,0.74375,0.6921875,0.6390625,0.5875,0.534375,0.95625,0.934375,0.9140625,0.8765625,0.85625,0.8359375,0.8578125,0.821875,0.784375,0.7484375,0.7125,0.675,0.6390625,0.603125,0.79375,0.76875,0.7453125,0.7890625,0.7609375,0.7328125,0.7046875,0.678125,0.65,0.621875,0.59375,0.690625,0.659375,0.628125,0.259375,0.25,0.24375,0.234375,0.228125,0.28125,0.2875,0.29375,0.18125,0.1875,0.19375,0.215625,0.228125,0.240625,0.2875,0.315625,0.334375,0.2875,0.290625,0.29375,0.29375,0.29375,0.409375,0.375,0.371875,0.36875,0.365625,0.359375,0.353125,0.35,0.346875,0.4875,0.515625,0.53125,0.5625,0.575,0.59375,0.515625,0.509375,0.503125,0.5,0.490625,0.4875,0.484375,0.484375,0.61875,0.63125,0.640625,0.578125,0.571875,0.565625,0.559375,0.55,0.54375,0.534375,0.525,0.6625,0.665625,0.665625,psychodidae_ecosap_f_r_6ea7c5a0df9c.png,psychodidae_ecosap_f_r_6ea7c5a0df9c.tif,Sergentomyia distincta
,/Users/kristophernolte/Documents/phd_sandfly/json/psychodidae_ecosap_f_r_70ad094cfa70.png,Full Skeleton,1348,right,,,0.659375,0.6859375,0.7890625,0.8859375,0.9625,0.984375,0.921875,0.825,0.740625,0.61875,0.5125,0.4328125,0.371875,0.271875,0.296875,0.35625,0.45,0.51875,0.615625,0.6875,0.73125,0.7625,0.58125,0.425,0.6796875,0.7015625,0.7234375,0.7453125,0.7671875,0.603125,0.5453125,0.4890625,0.7109375,0.7375,0.7640625,0.8125,0.8375,0.8625,0.90625,0.9265625,0.946875,0.8484375,0.8109375,0.771875,0.734375,0.696875,0.9796875,0.9046875,0.8453125,0.7859375,0.7265625,0.66875,0.609375,0.55,0.490625,0.978125,0.959375,0.940625,0.9,0.875,0.85,0.878125,0.8328125,0.7875,0.7421875,0.6953125,0.65,0.6046875,0.559375,0.80625,0.784375,0.7625,0.7953125,0.759375,0.7234375,0.6890625,0.653125,0.6171875,0.5828125,0.546875,0.7109375,0.6796875,0.65,0.353125,0.340625,0.33125,0.321875,0.315625,0.375,0.378125,0.39375,0.271875,0.275,0.284375,0.303125,0.315625,0.33125,0.36875,0.3875,0.409375,0.371875,0.375,0.38125,0.3875,0.3875,0.478125,0.45,0.45,0.446875,0.446875,0.44375,0.440625,0.440625,0.440625,0.553125,0.58125,0.603125,0.64375,0.665625,0.68125,0.596875,0.5875,0.58125,0.578125,0.575,0.56875,0.565625,0.565625,0.703125,0.721875,0.73125,0.6625,0.653125,0.64375,0.6375,0.63125,0.625,0.615625,0.60625,0.746875,0.75625,0.7625,psychodidae_ecosap_f_r_70ad094cfa70.png,psychodidae_ecosap_f_r_70ad094cfa70.tif,Sergentomyia africana
,/Users/kristophernolte/Documents/phd_sandfly/json/psychodidae_ecosap_f_r_7771aa964809.png,Full Skeleton,1732,right,,,0.534375,0.7046875,0.8125,0.903125,0.9640625,0.9875,0.928125,0.8234375,0.715625,0.565625,0.3484375,0.315625,0.30625,0.184375,0.23125,0.328125,0.434375,0.53125,0.65,0.73125,0.790625,0.8125,0.553125,0.3625,0.578125,0.625,0.671875,0.71875,0.765625,0.4796875,0.425,0.3703125,0.73125,0.759375,0.7859375,0.8359375,0.8609375,0.884375,0.9203125,0.9375,0.9546875,0.8421875,0.7796875,0.71875,0.65625,0.5953125,0.9796875,0.8921875,0.8203125,0.7484375,0.6765625,0.6046875,0.5328125,0.4609375,0.3890625,0.9828125,0.9671875,0.9484375,0.903125,0.8765625,0.85,0.8640625,0.8,0.7359375,0.671875,0.60625,0.5421875,0.478125,0.4140625,0.7984375,0.7703125,0.74375,0.771875,0.71875,0.665625,0.6125,0.559375,0.50625,0.453125,0.4,0.678125,0.640625,0.603125,0.278125,0.26875,0.265625,0.25625,0.253125,0.30625,0.3125,0.325,0.1875,0.19375,0.20625,0.246875,0.265625,0.2875,0.340625,0.365625,0.396875,0.334375,0.334375,0.3375,0.3375,0.33125,0.48125,0.43125,0.425,0.41875,0.415625,0.40625,0.396875,0.39375,0.3875,0.56875,0.6,0.625,0.68125,0.703125,0.721875,0.621875,0.609375,0.59375,0.58125,0.56875,0.55625,0.546875,0.5375,0.75625,0.771875,0.78125,0.696875,0.68125,0.665625,0.653125,0.640625,0.625,0.615625,0.596875,0.803125,0.809375,0.815625,psychodidae_ecosap_f_r_7771aa964809.png,psychodidae_ecosap_f_r_7771aa964809.tif,Sergentomyia ingrami
,/Users/kristophernolte/Documents/phd_sandfly/json/psychodidae_ecosap_f_r_791370ffc533.png,Full Skeleton,1817,right,,,0.6015625,0.7359375,0.840625,0.91875,0.96875,0.990625,0.9453125,0.865625,0.7671875,0.63125,0.4796875,0.434375,0.346875,0.221875,0.271875,0.353125,0.440625,0.521875,0.615625,0.690625,0.75,0.78125,0.565625,0.40625,0.6390625,0.6796875,0.7203125,0.7609375,0.8015625,0.559375,0.5171875,0.475,0.7625,0.7890625,0.815625,0.8609375,0.88125,0.9015625,0.9328125,0.946875,0.9609375,0.8671875,0.8140625,0.7609375,0.7078125,0.6546875,0.984375,0.909375,0.85,0.790625,0.73125,0.671875,0.6125,0.553125,0.49375,0.9890625,0.9765625,0.9609375,0.928125,0.9078125,0.8875,0.89375,0.8421875,0.790625,0.7390625,0.6875,0.6359375,0.584375,0.5328125,0.8421875,0.8171875,0.7921875,0.825,0.78125,0.7375,0.69375,0.6515625,0.6078125,0.5640625,0.5203125,0.734375,0.7,0.665625,0.31875,0.309375,0.3,0.29375,0.2875,0.35,0.359375,0.371875,0.225,0.234375,0.25,0.284375,0.303125,0.321875,0.365625,0.390625,0.4125,0.359375,0.3625,0.3625,0.365625,0.365625,0.478125,0.4375,0.4375,0.434375,0.43125,0.428125,0.425,0.421875,0.421875,0.55,0.58125,0.603125,0.64375,0.6625,0.68125,0.596875,0.59375,0.584375,0.58125,0.571875,0.5625,0.55625,0.55,0.7125,0.728125,0.74375,0.66875,0.659375,0.65,0.640625,0.634375,0.625,0.6125,0.6,0.76875,0.775,0.78125,psychodidae_ecosap_f_r_791370ffc533.png,psychodidae_ecosap_f_r_791370ffc533.tif,Sergentomyia ingrami
,/Users/kristophernolte/Documents/phd_sandfly/json/psychodidae_ecosap_f_r_7aa6c309b7c0.png,Full Skeleton,1365,right,,,0.659375,0.690625,0.7984375,0.89375,0.965625,0.984375,0.9125,0.828125,0.75,0.628125,0.5484375,0.4734375,0.35625,0.259375,0.28125,0.346875,0.440625,0.51875,0.609375,0.671875,0.71875,0.75,0.56875,0.41875,0.68125,0.7046875,0.7296875,0.753125,0.7765625,0.6125,0.565625,0.51875,0.7171875,0.7453125,0.771875,0.821875,0.846875,0.8703125,0.9125,0.9328125,0.9515625,0.8546875,0.815625,0.7765625,0.7375,0.6984375,0.984375,0.9109375,0.85625,0.8015625,0.746875,0.6921875,0.6375,0.5828125,0.528125,0.9734375,0.953125,0.9328125,0.89375,0.871875,0.85,0.8734375,0.8328125,0.7921875,0.7515625,0.7109375,0.6703125,0.6296875,0.5890625,0.8109375,0.790625,0.7703125,0.8,0.76875,0.7375,0.70625,0.6734375,0.6421875,0.6109375,0.5796875,0.7203125,0.6890625,0.659375,0.334375,0.321875,0.309375,0.303125,0.296875,0.365625,0.371875,0.384375,0.25625,0.25625,0.2625,0.290625,0.303125,0.31875,0.359375,0.378125,0.403125,0.359375,0.365625,0.371875,0.375,0.375,0.478125,0.43125,0.428125,0.425,0.428125,0.43125,0.434375,0.43125,0.43125,0.55625,0.578125,0.6,0.634375,0.65,0.665625,0.590625,0.58125,0.578125,0.571875,0.5625,0.559375,0.553125,0.553125,0.690625,0.7,0.7125,0.646875,0.634375,0.628125,0.621875,0.615625,0.6125,0.60625,0.59375,0.7375,0.746875,0.753125,psychodidae_ecosap_f_r_7aa6c309b7c0.png,psychodidae_ecosap_f_r_7aa6c309b7c0.tif,Sergentomyia africana
,/Users/kristophernolte/Documents/phd_sandfly/json/psychodidae_ecosap_f_r_7bf5bcfc70a1.png,Full Skeleton,1356,right,,,0.65,0.6609375,0.7609375,0.875,0.959375,0.9859375,0.915625,0.8046875,0.68125,0.5640625,0.48125,0.3953125,0.34375,0.234375,0.265625,0.346875,0.459375,0.546875,0.659375,0.7375,0.784375,0.8,0.596875,0.4,0.6671875,0.6859375,0.7046875,0.7234375,0.7421875,0.5859375,0.521875,0.4578125,0.6859375,0.7109375,0.7359375,0.7890625,0.81875,0.846875,0.896875,0.9203125,0.9421875,0.8375,0.8,0.7625,0.725,0.6875,0.98125,0.896875,0.834375,0.771875,0.709375,0.6453125,0.5828125,0.5203125,0.4578125,0.9765625,0.95625,0.9359375,0.8890625,0.8609375,0.8328125,0.8703125,0.821875,0.7734375,0.725,0.6765625,0.628125,0.5796875,0.53125,0.775,0.74375,0.7125,0.7703125,0.734375,0.6984375,0.6625,0.625,0.5890625,0.553125,0.5171875,0.653125,0.6234375,0.59375,0.325,0.3125,0.303125,0.29375,0.284375,0.346875,0.353125,0.3625,0.234375,0.2375,0.25,0.275,0.29375,0.3125,0.3625,0.3875,0.41875,0.359375,0.3625,0.36875,0.371875,0.36875,0.496875,0.459375,0.45625,0.45,0.440625,0.434375,0.43125,0.428125,0.421875,0.5875,0.61875,0.64375,0.690625,0.709375,0.728125,0.6375,0.628125,0.61875,0.609375,0.6,0.590625,0.5875,0.584375,0.759375,0.771875,0.7875,0.7125,0.703125,0.690625,0.68125,0.66875,0.65625,0.640625,0.625,0.8,0.8,0.803125,psychodidae_ecosap_f_r_7bf5bcfc70a1.png,psychodidae_ecosap_f_r_7bf5bcfc70a1.tif,Sergentomyia africana
,/Users/kristophernolte/Documents/phd_sandfly/json/psychodidae_ecosap_f_r_7f80757d15d4.png,Full Skeleton,335,right,,,0.684375,0.71875,0.796875,0.890625,0.965625,0.98125,0.9265625,0.8328125,0.740625,0.628125,0.56875,0.48125,0.3375,0.25625,0.278125,0.340625,0.440625,0.51875,0.621875,0.69375,0.73125,0.74375,0.578125,0.39375,0.703125,0.721875,0.740625,0.759375,0.778125,0.634375,0.5828125,0.53125,0.7375,0.7578125,0.778125,0.8203125,0.8453125,0.86875,0.9109375,0.93125,0.9515625,0.85625,0.821875,0.7859375,0.7515625,0.7171875,0.98125,0.9125,0.859375,0.8046875,0.7515625,0.696875,0.64375,0.5890625,0.5359375,0.975,0.9609375,0.94375,0.90625,0.88125,0.8578125,0.8875,0.8484375,0.8078125,0.76875,0.728125,0.6890625,0.6484375,0.609375,0.8109375,0.7875,0.7640625,0.8046875,0.775,0.7453125,0.715625,0.6859375,0.65625,0.6265625,0.596875,0.7125,0.684375,0.65625,0.31875,0.3125,0.30625,0.3,0.296875,0.34375,0.346875,0.359375,0.25625,0.25625,0.2625,0.28125,0.296875,0.315625,0.35,0.371875,0.4,0.35625,0.3625,0.3625,0.365625,0.3625,0.478125,0.44375,0.440625,0.4375,0.434375,0.428125,0.421875,0.415625,0.4125,0.553125,0.5875,0.609375,0.653125,0.66875,0.684375,0.6,0.596875,0.590625,0.584375,0.578125,0.571875,0.565625,0.5625,0.7125,0.71875,0.728125,0.66875,0.6625,0.653125,0.646875,0.6375,0.63125,0.61875,0.60625,0.746875,0.746875,0.74375,psychodidae_ecosap_f_r_7f80757d15d4.png,psychodidae_ecosap_f_r_7f80757d15d4.tif,Sergentomyia distincta
,/Users/kristophernolte/Documents/phd_sandfly/json/psychodidae_ecosap_f_r_86a435c25f33.png,Full Skeleton,1470,right,,,0.640625,0.6875,0.7953125,0.884375,0.9453125,0.9609375,0.9140625,0.828125,0.7375,0.615625,0.5203125,0.4390625,0.33125,0.228125,0.2625,0.34375,0.43125,0.496875,0.58125,0.65,0.69375,0.721875,0.540625,0.384375,0.6640625,0.690625,0.7171875,0.7421875,0.76875,0.590625,0.5390625,0.4875,0.715625,0.74375,0.771875,0.81875,0.8421875,0.865625,0.9015625,0.91875,0.9359375,0.84375,0.803125,0.7625,0.721875,0.68125,0.9578125,0.8890625,0.8328125,0.7765625,0.7203125,0.6640625,0.6078125,0.5515625,0.4953125,0.95625,0.9421875,0.9296875,0.8953125,0.8734375,0.8515625,0.871875,0.828125,0.784375,0.740625,0.6953125,0.6515625,0.6078125,0.5640625,0.8078125,0.784375,0.7609375,0.7953125,0.7609375,0.7265625,0.6921875,0.6578125,0.6234375,0.5890625,0.5546875,0.709375,0.678125,0.646875,0.309375,0.3,0.290625,0.284375,0.278125,0.334375,0.3375,0.346875,0.228125,0.234375,0.24375,0.275,0.2875,0.309375,0.35625,0.375,0.396875,0.3375,0.34375,0.35,0.353125,0.353125,0.4625,0.421875,0.41875,0.41875,0.415625,0.409375,0.403125,0.4,0.396875,0.525,0.546875,0.571875,0.609375,0.625,0.64375,0.5625,0.55625,0.55,0.54375,0.540625,0.5375,0.528125,0.525,0.66875,0.68125,0.69375,0.625,0.61875,0.609375,0.603125,0.596875,0.584375,0.578125,0.56875,0.7125,0.721875,0.721875,psychodidae_ecosap_f_r_86a435c25f33.png,psychodidae_ecosap_f_r_86a435c25f33.tif,Sergentomyia africana
,/Users/kristophernolte/Documents/phd_sandfly/json/psychodidae_ecosap_f_r_99babcf30a28.png,Repaired,463,right,,,0.678125,0.715625,0.80625,0.8890625,0.971875,0.9828125,0.925,0.8359375,0.7453125,0.6203125,0.55,0.475,0.365625,0.28125,0.303125,0.3625,0.453125,0.51875,0.609375,0.678125,0.721875,0.740625,0.58125,0.425,0.696875,0.71875,0.740625,0.7625,0.784375,0.6265625,0.575,0.5234375,0.7390625,0.7625,0.7859375,0.828125,0.85,0.871875,0.9109375,0.934375,0.95625,0.8546875,0.81875,0.7828125,0.7484375,0.7125,0.984375,0.9171875,0.8625,0.80625,0.7515625,0.6953125,0.640625,0.584375,0.5296875,0.9765625,0.959375,0.9421875,0.90625,0.8828125,0.859375,0.8859375,0.84375,0.8015625,0.759375,0.7171875,0.675,0.6328125,0.590625,0.815625,0.7921875,0.76875,0.8078125,0.775,0.7421875,0.7109375,0.678125,0.6453125,0.6140625,0.58125,0.7140625,0.6828125,0.6515625,0.346875,0.340625,0.334375,0.328125,0.31875,0.371875,0.378125,0.390625,0.278125,0.275,0.284375,0.3125,0.31875,0.328125,0.365625,0.3875,0.409375,0.375,0.378125,0.38125,0.384375,0.384375,0.484375,0.45625,0.453125,0.45,0.446875,0.440625,0.4375,0.4375,0.4375,0.55,0.578125,0.596875,0.634375,0.653125,0.665625,0.590625,0.5875,0.584375,0.58125,0.575,0.56875,0.56875,0.565625,0.7,0.70625,0.715625,0.659375,0.653125,0.65,0.64375,0.634375,0.625,0.615625,0.603125,0.7375,0.740625,0.746875,psychodidae_ecosap_f_r_99babcf30a28.png,psychodidae_ecosap_f_r_99babcf30a28.tif,Sergentomyia africana
,/Users/kristophernolte/Documents/phd_sandfly/json/psychodidae_ecosap_f_r_9a7fd8564946.png,Full Skeleton,1587,right,,,0.6609375,0.7375,0.83125,0.915625,0.9671875,0.98125,0.9375,0.853125,0.771875,0.6390625,0.509375,0.471875,0.278125,0.175,0.2,0.275,0.34375,0.4125,0.484375,0.575,0.63125,0.659375,0.484375,0.340625,0.6875,0.7171875,0.7453125,0.775,0.803125,0.6140625,0.565625,0.5171875,0.7609375,0.784375,0.8078125,0.853125,0.8765625,0.8984375,0.9296875,0.94375,0.9578125,0.8734375,0.83125,0.7890625,0.746875,0.7046875,0.984375,0.9125,0.8578125,0.803125,0.7484375,0.6921875,0.6375,0.5828125,0.528125,0.975,0.9640625,0.9515625,0.9234375,0.9,0.8765625,0.890625,0.8421875,0.7953125,0.746875,0.7,0.6515625,0.6046875,0.55625,0.8359375,0.8140625,0.79375,0.815625,0.7765625,0.7390625,0.7,0.6625,0.6234375,0.5859375,0.546875,0.740625,0.70625,0.6734375,0.253125,0.24375,0.2375,0.228125,0.21875,0.28125,0.2875,0.303125,0.171875,0.175,0.18125,0.209375,0.225,0.24375,0.278125,0.29375,0.3125,0.275,0.2875,0.29375,0.296875,0.296875,0.375,0.353125,0.35625,0.35625,0.35625,0.35625,0.35,0.35,0.353125,0.4375,0.4625,0.475,0.521875,0.540625,0.565625,0.4875,0.490625,0.484375,0.478125,0.478125,0.471875,0.471875,0.46875,0.596875,0.615625,0.625,0.559375,0.55,0.546875,0.540625,0.534375,0.53125,0.521875,0.509375,0.653125,0.659375,0.66875,psychodidae_ecosap_f_r_9a7fd8564946.png,psychodidae_ecosap_f_r_9a7fd8564946.tif,Sergentomyia schwetzi
,/Users/kristophernolte/Documents/phd_sandfly/json/psychodidae_ecosap_f_r_9dd072d260ff.png,Repaired,431,right,,,0.6515625,0.69375,0.8515625,0.8984375,0.971875,0.984375,0.9109375,0.815625,0.734375,0.615625,0.5234375,0.4953125,0.303125,0.209375,0.2625,0.3125,0.41875,0.484375,0.60625,0.671875,0.709375,0.7375,0.54375,0.371875,0.684375,0.7171875,0.7515625,0.784375,0.8171875,0.6109375,0.5703125,0.5296875,0.7328125,0.7734375,0.8125,0.8640625,0.8765625,0.8890625,0.91875,0.9390625,0.959375,0.8578125,0.815625,0.7734375,0.73125,0.6890625,0.9828125,0.9203125,0.8671875,0.8140625,0.7609375,0.7078125,0.6546875,0.6015625,0.5484375,0.975,0.9546875,0.9328125,0.890625,0.865625,0.840625,0.8703125,0.8265625,0.7828125,0.740625,0.696875,0.653125,0.6109375,0.5671875,0.796875,0.7765625,0.75625,0.784375,0.7515625,0.71875,0.6859375,0.653125,0.6203125,0.5875,0.5546875,0.70625,0.6765625,0.646875,0.290625,0.28125,0.26875,0.271875,0.275,0.309375,0.325,0.33125,0.209375,0.215625,0.23125,0.26875,0.278125,0.290625,0.328125,0.353125,0.38125,0.325,0.33125,0.33125,0.3375,0.33125,0.45,0.4125,0.40625,0.4125,0.40625,0.4,0.39375,0.39375,0.3875,0.528125,0.565625,0.590625,0.6375,0.65,0.665625,0.5875,0.58125,0.5625,0.553125,0.55,0.54375,0.528125,0.525,0.690625,0.7,0.70625,0.646875,0.6375,0.628125,0.615625,0.609375,0.596875,0.578125,0.565625,0.73125,0.73125,0.734375,psychodidae_ecosap_f_r_9dd072d260ff.png,psychodidae_ecosap_f_r_9dd072d260ff.tif,Sergentomyia schwetzi
,/Users/kristophernolte/Documents/phd_sandfly/json/psychodidae_ecosap_f_r_9fc77321d1da.png,Full Skeleton,1353,right,,,0.609375,0.665625,0.78125,0.88125,0.9640625,0.9859375,0.9171875,0.8203125,0.728125,0.5765625,0.46875,0.3734375,0.3375,0.225,0.2625,0.33125,0.4375,0.51875,0.628125,0.7,0.75,0.775,0.575,0.3875,0.634375,0.6640625,0.69375,0.7234375,0.753125,0.55,0.490625,0.43125,0.69375,0.7234375,0.753125,0.80625,0.8328125,0.8578125,0.903125,0.925,0.946875,0.8359375,0.790625,0.7453125,0.7,0.6546875,0.9828125,0.8984375,0.8328125,0.7671875,0.7015625,0.6359375,0.5703125,0.5046875,0.4390625,0.9796875,0.959375,0.9390625,0.8953125,0.8703125,0.8453125,0.8671875,0.8171875,0.7671875,0.7171875,0.6671875,0.6171875,0.5671875,0.5171875,0.7984375,0.775,0.7515625,0.784375,0.7453125,0.7046875,0.665625,0.6265625,0.5859375,0.546875,0.5078125,0.690625,0.653125,0.615625,0.3125,0.303125,0.3,0.290625,0.284375,0.3375,0.340625,0.35,0.225,0.234375,0.24375,0.26875,0.2875,0.303125,0.34375,0.36875,0.39375,0.34375,0.35,0.35625,0.359375,0.359375,0.471875,0.434375,0.434375,0.434375,0.428125,0.421875,0.4125,0.4125,0.40625,0.559375,0.590625,0.615625,0.65625,0.675,0.69375,0.603125,0.596875,0.590625,0.584375,0.578125,0.56875,0.5625,0.559375,0.71875,0.734375,0.74375,0.675,0.665625,0.65625,0.646875,0.640625,0.63125,0.61875,0.60625,0.76875,0.775,0.778125,psychodidae_ecosap_f_r_9fc77321d1da.png,psychodidae_ecosap_f_r_9fc77321d1da.tif,Sergentomyia africana
,/Users/kristophernolte/Documents/phd_sandfly/json/psychodidae_ecosap_f_r_a205855b0bce.png,Full Skeleton,1739,right,,,0.6203125,0.7484375,0.846875,0.921875,0.9671875,0.9875,0.9453125,0.8640625,0.7703125,0.63125,0.4671875,0.43125,0.3375,0.221875,0.265625,0.346875,0.440625,0.528125,0.621875,0.703125,0.759375,0.790625,0.5625,0.40625,0.65625,0.6953125,0.7328125,0.771875,0.809375,0.571875,0.5234375,0.475,0.7734375,0.7984375,0.8234375,0.865625,0.8859375,0.9046875,0.934375,0.9484375,0.9625,0.871875,0.8203125,0.7703125,0.71875,0.66875,0.9828125,0.9078125,0.8484375,0.7890625,0.7296875,0.6703125,0.6109375,0.5515625,0.4921875,0.9859375,0.975,0.9609375,0.9296875,0.9078125,0.8859375,0.8921875,0.8390625,0.7859375,0.7328125,0.6796875,0.6265625,0.5734375,0.5203125,0.8421875,0.81875,0.7953125,0.821875,0.7765625,0.7328125,0.6875,0.64375,0.5984375,0.5546875,0.509375,0.7375,0.7015625,0.6671875,0.3125,0.303125,0.3,0.290625,0.284375,0.34375,0.353125,0.36875,0.225,0.23125,0.24375,0.275,0.29375,0.315625,0.359375,0.384375,0.4125,0.35625,0.35625,0.3625,0.3625,0.3625,0.48125,0.4375,0.434375,0.43125,0.428125,0.421875,0.41875,0.415625,0.415625,0.55625,0.5875,0.6125,0.653125,0.675,0.69375,0.603125,0.596875,0.584375,0.578125,0.56875,0.559375,0.553125,0.546875,0.725,0.7375,0.753125,0.678125,0.665625,0.653125,0.64375,0.634375,0.621875,0.609375,0.596875,0.778125,0.784375,0.7875,psychodidae_ecosap_f_r_a205855b0bce.png,psychodidae_ecosap_f_r_a205855b0bce.tif,Sergentomyia ingrami
,/Users/kristophernolte/Documents/phd_sandfly/json/psychodidae_ecosap_f_r_ab16e7b8e8bb.png,Full Skeleton,1430,right,,,0.684375,0.7125,0.8203125,0.903125,0.975,0.984375,0.9296875,0.846875,0.7671875,0.6359375,0.53125,0.496875,0.284375,0.184375,0.21875,0.284375,0.39375,0.46875,0.5625,0.634375,0.6875,0.715625,0.521875,0.35,0.70625,0.7296875,0.753125,0.7765625,0.8,0.6375,0.590625,0.54375,0.7390625,0.7671875,0.79375,0.840625,0.8625,0.8828125,0.921875,0.9421875,0.9625,0.8671875,0.8296875,0.79375,0.75625,0.7203125,0.9859375,0.921875,0.86875,0.815625,0.7625,0.709375,0.65625,0.603125,0.55,0.9796875,0.9625,0.946875,0.909375,0.8890625,0.86875,0.8875,0.8421875,0.7984375,0.753125,0.709375,0.6640625,0.6203125,0.575,0.828125,0.8078125,0.7875,0.8140625,0.778125,0.7421875,0.7078125,0.671875,0.6359375,0.6015625,0.565625,0.734375,0.7015625,0.66875,0.2625,0.25,0.24375,0.2375,0.234375,0.290625,0.296875,0.3125,0.184375,0.1875,0.196875,0.228125,0.240625,0.25625,0.3,0.325,0.35625,0.296875,0.3,0.303125,0.30625,0.303125,0.43125,0.384375,0.38125,0.378125,0.378125,0.375,0.36875,0.36875,0.365625,0.5,0.525,0.546875,0.5875,0.60625,0.625,0.54375,0.534375,0.528125,0.521875,0.515625,0.509375,0.50625,0.503125,0.65625,0.671875,0.684375,0.615625,0.60625,0.6,0.590625,0.584375,0.575,0.565625,0.55,0.703125,0.715625,0.715625,psychodidae_ecosap_f_r_ab16e7b8e8bb.png,psychodidae_ecosap_f_r_ab16e7b8e8bb.tif,Sergentomyia schwetzi
,/Users/kristophernolte/Documents/phd_sandfly/json/psychodidae_ecosap_f_r_ac1184901954.png,Repaired,1435,right,,,0.6484375,0.7,0.80625,0.8875,0.9421875,0.9484375,0.9125,0.8375,0.74375,0.6265625,0.5078125,0.459375,0.334375,0.228125,0.26875,0.3375,0.44375,0.5375,0.609375,0.68125,0.7375,0.771875,0.571875,0.390625,0.675,0.7015625,0.728125,0.7546875,0.78125,0.6015625,0.553125,0.50625,0.7265625,0.753125,0.7796875,0.8265625,0.8484375,0.86875,0.903125,0.91875,0.934375,0.8484375,0.8078125,0.7671875,0.7265625,0.6859375,0.940625,0.8890625,0.8359375,0.78125,0.728125,0.6734375,0.6203125,0.565625,0.5125,0.9484375,0.9375,0.925,0.896875,0.8765625,0.8578125,0.86875,0.8234375,0.778125,0.7328125,0.6875,0.6421875,0.596875,0.5515625,0.815625,0.7921875,0.76875,0.803125,0.765625,0.728125,0.690625,0.6546875,0.6171875,0.5796875,0.5421875,0.715625,0.6859375,0.65625,0.309375,0.3,0.290625,0.2875,0.28125,0.3375,0.346875,0.35625,0.23125,0.2375,0.246875,0.275,0.29375,0.309375,0.353125,0.378125,0.409375,0.35,0.353125,0.359375,0.3625,0.359375,0.490625,0.4375,0.43125,0.434375,0.434375,0.425,0.41875,0.415625,0.4125,0.5625,0.5875,0.603125,0.6375,0.659375,0.675,0.590625,0.584375,0.578125,0.575,0.56875,0.5625,0.55625,0.55625,0.70625,0.71875,0.73125,0.6625,0.65625,0.65,0.640625,0.634375,0.621875,0.61875,0.603125,0.75625,0.765625,0.76875,psychodidae_ecosap_f_r_ac1184901954.png,psychodidae_ecosap_f_r_ac1184901954.tif,Sergentomyia schwetzi
,/Users/kristophernolte/Documents/phd_sandfly/json/psychodidae_ecosap_f_r_b0fbf652e438.png,Full Skeleton,1398,right,,,0.6078125,0.6875,0.778125,0.8609375,0.91875,0.9359375,0.8828125,0.7984375,0.725,0.6125,0.4828125,0.434375,0.34375,0.25,0.284375,0.359375,0.453125,0.51875,0.603125,0.68125,0.725,0.759375,0.5625,0.396875,0.6359375,0.6640625,0.69375,0.721875,0.75,0.5640625,0.5203125,0.4765625,0.709375,0.7328125,0.7546875,0.7984375,0.8203125,0.8421875,0.8765625,0.8921875,0.9078125,0.81875,0.7765625,0.7328125,0.690625,0.6484375,0.9328125,0.865625,0.8125,0.7578125,0.7046875,0.65,0.596875,0.5421875,0.4890625,0.93125,0.915625,0.9,0.8640625,0.8421875,0.8203125,0.8390625,0.79375,0.75,0.7046875,0.6609375,0.615625,0.571875,0.5265625,0.78125,0.7625,0.74375,0.765625,0.7296875,0.69375,0.659375,0.6234375,0.5875,0.553125,0.5171875,0.696875,0.66875,0.640625,0.325,0.31875,0.315625,0.3125,0.303125,0.35,0.35,0.3625,0.246875,0.25625,0.265625,0.29375,0.309375,0.334375,0.371875,0.39375,0.41875,0.36875,0.36875,0.371875,0.375,0.371875,0.48125,0.45,0.44375,0.440625,0.440625,0.43125,0.421875,0.41875,0.415625,0.55,0.578125,0.59375,0.634375,0.653125,0.671875,0.5875,0.58125,0.575,0.56875,0.559375,0.553125,0.546875,0.546875,0.7,0.709375,0.721875,0.653125,0.646875,0.634375,0.625,0.615625,0.609375,0.6,0.5875,0.746875,0.753125,0.759375,psychodidae_ecosap_f_r_b0fbf652e438.png,psychodidae_ecosap_f_r_b0fbf652e438.tif,Sergentomyia schwetzi
,/Users/kristophernolte/Documents/phd_sandfly/json/psychodidae_ecosap_f_r_b2087f9f3b54.png,Full Skeleton,413,right,,,0.653125,0.6828125,0.7765625,0.8703125,0.96875,0.98125,0.9171875,0.8171875,0.7265625,0.590625,0.5359375,0.4390625,0.35,0.246875,0.284375,0.321875,0.4375,0.51875,0.63125,0.70625,0.759375,0.784375,0.596875,0.4125,0.6703125,0.6921875,0.7125,0.734375,0.7546875,0.6,0.5453125,0.490625,0.721875,0.7625,0.803125,0.8,0.8234375,0.846875,0.896875,0.9234375,0.95,0.8375,0.8,0.7640625,0.7265625,0.690625,0.9828125,0.9109375,0.8515625,0.7921875,0.734375,0.675,0.615625,0.5578125,0.4984375,0.9765625,0.9578125,0.9375,0.8953125,0.86875,0.84375,0.875,0.8328125,0.790625,0.7484375,0.70625,0.6640625,0.621875,0.5796875,0.796875,0.7734375,0.75,0.7859375,0.7546875,0.7234375,0.6921875,0.6609375,0.6296875,0.5984375,0.5671875,0.69375,0.659375,0.625,0.328125,0.315625,0.309375,0.3,0.29375,0.353125,0.3625,0.378125,0.25,0.259375,0.26875,0.2875,0.2875,0.3,0.334375,0.3625,0.3875,0.35,0.3625,0.36875,0.371875,0.371875,0.478125,0.434375,0.440625,0.440625,0.440625,0.434375,0.43125,0.428125,0.428125,0.55625,0.590625,0.61875,0.6625,0.68125,0.7,0.60625,0.6,0.596875,0.59375,0.5875,0.578125,0.575,0.578125,0.73125,0.74375,0.75625,0.684375,0.678125,0.671875,0.6625,0.65625,0.646875,0.6375,0.625,0.775,0.778125,0.7875,psychodidae_ecosap_f_r_b2087f9f3b54.png,psychodidae_ecosap_f_r_b2087f9f3b54.tif,Sergentomyia distincta
,/Users/kristophernolte/Documents/phd_sandfly/json/psychodidae_ecosap_f_r_b984e77c80b8.png,Repaired,1140,right,,,0.6671875,0.715625,0.828125,0.88125,0.9546875,0.975,0.9125,0.821875,0.71875,0.603125,0.5265625,0.478125,0.396875,0.30625,0.340625,0.396875,0.490625,0.55,0.6375,0.7,0.734375,0.75,0.578125,0.4375,0.69375,0.7203125,0.746875,0.7734375,0.8,0.6203125,0.571875,0.525,0.74375,0.7734375,0.803125,0.8421875,0.85625,0.8703125,0.9,0.9203125,0.940625,0.8453125,0.809375,0.7734375,0.7375,0.7015625,0.971875,0.9015625,0.8484375,0.7953125,0.7421875,0.6890625,0.6359375,0.5828125,0.5296875,0.96875,0.95,0.93125,0.8921875,0.86875,0.8453125,0.871875,0.828125,0.7859375,0.7421875,0.7,0.65625,0.6140625,0.5703125,0.796875,0.7703125,0.7453125,0.7921875,0.759375,0.725,0.6921875,0.6578125,0.625,0.590625,0.5578125,0.6921875,0.6625,0.6328125,0.378125,0.36875,0.365625,0.359375,0.353125,0.4,0.403125,0.40625,0.30625,0.3125,0.315625,0.35,0.3625,0.375,0.40625,0.428125,0.453125,0.4125,0.4125,0.415625,0.41875,0.415625,0.515625,0.4875,0.484375,0.48125,0.475,0.46875,0.459375,0.45625,0.453125,0.5875,0.609375,0.628125,0.6625,0.678125,0.69375,0.615625,0.6125,0.609375,0.6,0.59375,0.5875,0.578125,0.571875,0.71875,0.728125,0.7375,0.675,0.66875,0.659375,0.65,0.6375,0.628125,0.61875,0.60625,0.75,0.75,0.75,psychodidae_ecosap_f_r_b984e77c80b8.png,psychodidae_ecosap_f_r_b984e77c80b8.tif,Sergentomyia africana
,/Users/kristophernolte/Documents/phd_sandfly/json/psychodidae_ecosap_f_r_bbe5222789d7.png,Full Skeleton,1697,right,,,0.590625,0.7578125,0.8390625,0.9125,0.9671875,0.9890625,0.9390625,0.8484375,0.75,0.628125,0.4390625,0.4265625,0.3,0.2,0.240625,0.33125,0.41875,0.503125,0.5875,0.65625,0.7125,0.728125,0.50625,0.35625,0.6296875,0.671875,0.7140625,0.75625,0.7984375,0.55,0.5078125,0.465625,0.778125,0.8,0.8203125,0.8578125,0.878125,0.8984375,0.9265625,0.9421875,0.9578125,0.859375,0.8046875,0.7515625,0.696875,0.64375,0.9828125,0.9078125,0.8484375,0.7875,0.728125,0.6671875,0.6078125,0.546875,0.4875,0.9859375,0.9703125,0.9546875,0.91875,0.8953125,0.871875,0.8859375,0.8296875,0.7734375,0.71875,0.6625,0.60625,0.5515625,0.4953125,0.825,0.8,0.775,0.80625,0.759375,0.7140625,0.6671875,0.621875,0.575,0.5296875,0.4828125,0.7203125,0.6890625,0.659375,0.275,0.26875,0.2625,0.2625,0.259375,0.3,0.30625,0.31875,0.2,0.209375,0.21875,0.253125,0.275,0.296875,0.340625,0.3625,0.3875,0.33125,0.325,0.325,0.325,0.321875,0.459375,0.4125,0.403125,0.396875,0.39375,0.3875,0.378125,0.371875,0.36875,0.53125,0.55625,0.578125,0.615625,0.63125,0.646875,0.565625,0.55625,0.54375,0.53125,0.521875,0.515625,0.503125,0.496875,0.678125,0.69375,0.709375,0.63125,0.61875,0.603125,0.5875,0.578125,0.56875,0.55625,0.54375,0.721875,0.73125,0.73125,psychodidae_ecosap_f_r_bbe5222789d7.png,psychodidae_ecosap_f_r_bbe5222789d7.tif,Sergentomyia ingrami
,/Users/kristophernolte/Documents/phd_sandfly/json/psychodidae_ecosap_f_r_bc5f20ffbc8d.png,Full Skeleton,1259,right,,,0.725,0.7296875,0.8109375,0.8984375,0.9703125,0.9859375,0.9296875,0.8375,0.7609375,0.6546875,0.6046875,0.528125,0.375,0.29375,0.31875,0.36875,0.4625,0.534375,0.6125,0.659375,0.6875,0.709375,0.553125,0.4125,0.7375,0.753125,0.7671875,0.7828125,0.796875,0.6765625,0.6265625,0.578125,0.75,0.771875,0.7921875,0.8328125,0.85625,0.8796875,0.9171875,0.9359375,0.9546875,0.8703125,0.840625,0.8109375,0.7828125,0.753125,0.9859375,0.921875,0.871875,0.8234375,0.7734375,0.725,0.675,0.6265625,0.5765625,0.9796875,0.9625,0.946875,0.9078125,0.884375,0.8609375,0.8953125,0.859375,0.821875,0.7859375,0.75,0.7125,0.6765625,0.640625,0.81875,0.8,0.78125,0.815625,0.7890625,0.7625,0.7359375,0.709375,0.6828125,0.65625,0.6296875,0.734375,0.7078125,0.68125,0.359375,0.35,0.34375,0.3375,0.334375,0.378125,0.38125,0.3875,0.290625,0.290625,0.296875,0.321875,0.328125,0.34375,0.375,0.4,0.425,0.384375,0.390625,0.390625,0.390625,0.390625,0.496875,0.459375,0.45625,0.453125,0.45,0.44375,0.440625,0.4375,0.434375,0.565625,0.5875,0.603125,0.63125,0.640625,0.65625,0.584375,0.578125,0.56875,0.559375,0.553125,0.546875,0.540625,0.540625,0.675,0.678125,0.6875,0.6375,0.628125,0.621875,0.609375,0.603125,0.59375,0.584375,0.575,0.7,0.70625,0.709375,psychodidae_ecosap_f_r_bc5f20ffbc8d.png,psychodidae_ecosap_f_r_bc5f20ffbc8d.tif,Sergentomyia distincta
,/Users/kristophernolte/Documents/phd_sandfly/json/psychodidae_ecosap_f_r_beb5cde3c812.png,Full Skeleton,1641,right,,,0.609375,0.7515625,0.8484375,0.9265625,0.9765625,0.9890625,0.946875,0.8671875,0.76875,0.63125,0.4546875,0.4234375,0.3375,0.228125,0.26875,0.34375,0.43125,0.5125,0.603125,0.684375,0.746875,0.775,0.553125,0.39375,0.646875,0.6875,0.728125,0.7671875,0.8078125,0.5625,0.515625,0.46875,0.775,0.8,0.825,0.86875,0.8890625,0.909375,0.940625,0.9546875,0.96875,0.8734375,0.8203125,0.7671875,0.7140625,0.6609375,0.9875,0.915625,0.8546875,0.7921875,0.73125,0.66875,0.6078125,0.5453125,0.484375,0.9859375,0.975,0.9609375,0.9296875,0.909375,0.8890625,0.8921875,0.8375,0.7828125,0.728125,0.6734375,0.61875,0.5640625,0.509375,0.84375,0.81875,0.79375,0.8234375,0.7765625,0.7296875,0.684375,0.6375,0.590625,0.5453125,0.4984375,0.734375,0.7,0.665625,0.3125,0.303125,0.296875,0.290625,0.284375,0.34375,0.35,0.3625,0.23125,0.240625,0.25,0.278125,0.296875,0.315625,0.353125,0.375,0.4,0.35,0.35,0.35625,0.359375,0.35625,0.46875,0.428125,0.421875,0.421875,0.421875,0.41875,0.4125,0.4125,0.4125,0.540625,0.56875,0.590625,0.634375,0.653125,0.671875,0.58125,0.575,0.571875,0.565625,0.55625,0.55,0.54375,0.5375,0.709375,0.725,0.7375,0.659375,0.646875,0.6375,0.63125,0.61875,0.609375,0.6,0.5875,0.765625,0.775,0.778125,psychodidae_ecosap_f_r_beb5cde3c812.png,psychodidae_ecosap_f_r_beb5cde3c812.tif,Sergentomyia ingrami
,/Users/kristophernolte/Documents/phd_sandfly/json/psychodidae_ecosap_f_r_c6dd3d578344.png,Full Skeleton,465,right,,,0.63125,0.6578125,0.7671875,0.8625,0.9625,0.98125,0.9046875,0.8,0.6984375,0.559375,0.4734375,0.365625,0.325,0.21875,0.25,0.321875,0.45,0.540625,0.6375,0.709375,0.75625,0.78125,0.571875,0.384375,0.6515625,0.675,0.6984375,0.721875,0.7453125,0.5640625,0.496875,0.4296875,0.684375,0.7125,0.7390625,0.790625,0.815625,0.8390625,0.8890625,0.915625,0.9421875,0.8265625,0.7875,0.7484375,0.709375,0.6703125,0.9828125,0.896875,0.83125,0.7640625,0.6984375,0.63125,0.565625,0.4984375,0.4328125,0.9703125,0.9484375,0.9265625,0.88125,0.8546875,0.828125,0.859375,0.8109375,0.7625,0.7140625,0.6671875,0.61875,0.5703125,0.521875,0.775,0.75,0.725,0.76875,0.73125,0.6953125,0.6578125,0.621875,0.584375,0.5484375,0.5109375,0.665625,0.6296875,0.5953125,0.3,0.2875,0.28125,0.275,0.271875,0.325,0.33125,0.34375,0.215625,0.221875,0.23125,0.259375,0.278125,0.29375,0.34375,0.371875,0.403125,0.340625,0.34375,0.34375,0.35,0.34375,0.49375,0.4375,0.434375,0.428125,0.421875,0.409375,0.403125,0.4,0.396875,0.58125,0.60625,0.628125,0.665625,0.68125,0.7,0.6125,0.60625,0.59375,0.584375,0.575,0.56875,0.55625,0.55625,0.728125,0.740625,0.753125,0.68125,0.671875,0.6625,0.653125,0.646875,0.63125,0.621875,0.60625,0.775,0.78125,0.784375,psychodidae_ecosap_f_r_c6dd3d578344.png,psychodidae_ecosap_f_r_c6dd3d578344.tif,Sergentomyia africana
,/Users/kristophernolte/Documents/phd_sandfly/json/psychodidae_ecosap_f_r_c86716b15928.png,Full Skeleton,1269,right,,,0.6703125,0.6984375,0.7921875,0.871875,0.9578125,0.9734375,0.884375,0.8,0.7140625,0.58125,0.553125,0.4578125,0.3375,0.246875,0.28125,0.34375,0.45625,0.525,0.621875,0.671875,0.709375,0.715625,0.553125,0.384375,0.6890625,0.709375,0.7296875,0.75,0.7703125,0.6171875,0.5640625,0.5109375,0.721875,0.746875,0.771875,0.8125,0.8328125,0.853125,0.8953125,0.91875,0.9421875,0.840625,0.80625,0.771875,0.7375,0.703125,0.9703125,0.903125,0.846875,0.790625,0.7359375,0.6796875,0.6234375,0.56875,0.5125,0.959375,0.934375,0.909375,0.865625,0.84375,0.821875,0.85,0.8125,0.775,0.7375,0.7015625,0.6640625,0.6265625,0.5890625,0.7796875,0.7578125,0.7359375,0.7765625,0.7484375,0.7203125,0.6921875,0.6640625,0.6359375,0.6078125,0.5796875,0.6828125,0.6484375,0.615625,0.31875,0.3125,0.30625,0.303125,0.3,0.3375,0.340625,0.35,0.246875,0.246875,0.253125,0.290625,0.303125,0.321875,0.35625,0.38125,0.409375,0.3625,0.36875,0.36875,0.365625,0.35625,0.490625,0.45,0.440625,0.4375,0.43125,0.41875,0.4125,0.40625,0.4,0.565625,0.590625,0.6125,0.646875,0.659375,0.665625,0.590625,0.584375,0.571875,0.565625,0.55625,0.546875,0.540625,0.5375,0.690625,0.696875,0.70625,0.646875,0.6375,0.628125,0.621875,0.6125,0.603125,0.590625,0.578125,0.728125,0.725,0.725,psychodidae_ecosap_f_r_c86716b15928.png,psychodidae_ecosap_f_r_c86716b15928.tif,Sergentomyia distincta
,/Users/kristophernolte/Documents/phd_sandfly/json/psychodidae_ecosap_f_r_cca4830f4d26.png,Full Skeleton,448,left,,,0.303125,0.3109375,0.2140625,0.1234375,0.0328125,0.0140625,0.0734375,0.1625,0.2578125,0.3890625,0.4484375,0.540625,0.346875,0.2625,0.278125,0.321875,0.41875,0.5,0.596875,0.6625,0.70625,0.73125,0.565625,0.403125,0.2890625,0.2734375,0.2578125,0.2421875,0.2265625,0.3625,0.421875,0.48125,0.2875,0.2625,0.2375,0.1921875,0.16875,0.146875,0.1,0.0765625,0.053125,0.1515625,0.1828125,0.2140625,0.24375,0.275,0.0140625,0.0890625,0.1453125,0.2015625,0.2578125,0.315625,0.371875,0.428125,0.484375,0.021875,0.0390625,0.05625,0.0921875,0.115625,0.1390625,0.1140625,0.15625,0.1984375,0.240625,0.28125,0.3234375,0.365625,0.4078125,0.184375,0.209375,0.2328125,0.190625,0.2234375,0.2546875,0.2875,0.31875,0.3515625,0.3828125,0.415625,0.2875,0.321875,0.3546875,0.328125,0.31875,0.3125,0.30625,0.296875,0.353125,0.3625,0.371875,0.259375,0.2625,0.265625,0.28125,0.290625,0.30625,0.3375,0.35625,0.38125,0.34375,0.353125,0.3625,0.365625,0.365625,0.45625,0.428125,0.425,0.428125,0.428125,0.421875,0.421875,0.421875,0.421875,0.534375,0.565625,0.584375,0.621875,0.6375,0.65625,0.571875,0.571875,0.565625,0.5625,0.559375,0.553125,0.546875,0.546875,0.68125,0.69375,0.70625,0.6375,0.634375,0.628125,0.621875,0.6125,0.60625,0.596875,0.5875,0.725,0.728125,0.734375,psychodidae_ecosap_f_r_cca4830f4d26.png,psychodidae_ecosap_f_r_cca4830f4d26.tif,Sergentomyia schwetzi
,/Users/kristophernolte/Documents/phd_sandfly/json/psychodidae_ecosap_f_r_d05378e7f261.png,Full Skeleton,1483,right,,,0.678125,0.7171875,0.825,0.90625,0.9671875,0.9828125,0.928125,0.8421875,0.7625,0.6265625,0.5609375,0.4984375,0.3625,0.26875,0.3,0.365625,0.465625,0.534375,0.625,0.69375,0.734375,0.753125,0.578125,0.421875,0.7015625,0.7265625,0.7515625,0.7765625,0.8015625,0.6328125,0.5875,0.5421875,0.74375,0.771875,0.7984375,0.8453125,0.8671875,0.8875,0.9234375,0.9421875,0.9609375,0.86875,0.83125,0.7921875,0.7546875,0.7171875,0.9828125,0.915625,0.8640625,0.8109375,0.759375,0.7078125,0.6546875,0.603125,0.5515625,0.978125,0.9609375,0.9453125,0.9078125,0.8859375,0.8640625,0.8875,0.846875,0.80625,0.765625,0.7234375,0.6828125,0.6421875,0.6015625,0.8234375,0.803125,0.7828125,0.8140625,0.7828125,0.75,0.71875,0.6859375,0.6546875,0.621875,0.590625,0.7296875,0.6953125,0.6609375,0.340625,0.33125,0.325,0.31875,0.315625,0.36875,0.375,0.3875,0.265625,0.275,0.28125,0.30625,0.325,0.340625,0.375,0.40625,0.428125,0.378125,0.38125,0.384375,0.3875,0.384375,0.496875,0.4625,0.459375,0.45625,0.453125,0.446875,0.440625,0.4375,0.4375,0.565625,0.59375,0.615625,0.65,0.66875,0.68125,0.603125,0.596875,0.59375,0.5875,0.58125,0.571875,0.56875,0.56875,0.709375,0.71875,0.73125,0.66875,0.659375,0.65,0.646875,0.6375,0.63125,0.61875,0.60625,0.746875,0.753125,0.75625,psychodidae_ecosap_f_r_d05378e7f261.png,psychodidae_ecosap_f_r_d05378e7f261.tif,Sergentomyia schwetzi
,/Users/kristophernolte/Documents/phd_sandfly/json/psychodidae_ecosap_f_r_db068e27647b.png,Full Skeleton,1425,right,,,0.6703125,0.7125,0.81875,0.9,0.971875,0.9875,0.925,0.834375,0.7625,0.6390625,0.55,0.496875,0.346875,0.259375,0.29375,0.359375,0.44375,0.5125,0.60625,0.675,0.7125,0.734375,0.55625,0.4,0.69375,0.71875,0.74375,0.76875,0.79375,0.6265625,0.5828125,0.5390625,0.7390625,0.765625,0.7921875,0.8390625,0.859375,0.8796875,0.91875,0.9375,0.95625,0.8625,0.8234375,0.784375,0.746875,0.7078125,0.9859375,0.9203125,0.8671875,0.8140625,0.7609375,0.709375,0.65625,0.603125,0.55,0.98125,0.9625,0.94375,0.9046875,0.88125,0.8578125,0.884375,0.8421875,0.8,0.7578125,0.7171875,0.675,0.6328125,0.590625,0.8171875,0.7984375,0.78125,0.80625,0.7734375,0.7421875,0.709375,0.678125,0.6453125,0.6140625,0.58125,0.7328125,0.7015625,0.6703125,0.325,0.315625,0.3125,0.309375,0.309375,0.35,0.353125,0.365625,0.259375,0.265625,0.275,0.303125,0.31875,0.334375,0.371875,0.3875,0.409375,0.36875,0.36875,0.371875,0.371875,0.36875,0.475,0.440625,0.44375,0.44375,0.440625,0.4375,0.428125,0.425,0.41875,0.546875,0.575,0.596875,0.63125,0.65,0.665625,0.5875,0.5875,0.571875,0.5625,0.55625,0.55,0.546875,0.54375,0.690625,0.7,0.709375,0.65,0.6375,0.63125,0.621875,0.6125,0.60625,0.596875,0.584375,0.728125,0.734375,0.7375,psychodidae_ecosap_f_r_db068e27647b.png,psychodidae_ecosap_f_r_db068e27647b.tif,Sergentomyia schwetzi
,/Users/kristophernolte/Documents/phd_sandfly/json/psychodidae_ecosap_f_r_dbb94c11c6a6.png,Full Skeleton,1203,right,,,0.7453125,0.725,0.825,0.8921875,0.9734375,0.984375,0.934375,0.8203125,0.734375,0.625,0.5921875,0.5125,0.36875,0.290625,0.321875,0.375,0.48125,0.534375,0.621875,0.696875,0.734375,0.740625,0.584375,0.409375,0.75625,0.7703125,0.784375,0.796875,0.8109375,0.6875,0.628125,0.5703125,0.75,0.7765625,0.8015625,0.8421875,0.8609375,0.8796875,0.9140625,0.9375,0.9609375,0.86875,0.84375,0.81875,0.79375,0.76875,0.9828125,0.9234375,0.871875,0.8203125,0.76875,0.71875,0.6671875,0.615625,0.5640625,0.98125,0.9671875,0.9515625,0.909375,0.8796875,0.85,0.896875,0.859375,0.8203125,0.7828125,0.74375,0.70625,0.6671875,0.6296875,0.8,0.778125,0.75625,0.7953125,0.7703125,0.74375,0.71875,0.6921875,0.6671875,0.640625,0.615625,0.709375,0.68125,0.653125,0.35625,0.35,0.340625,0.334375,0.33125,0.375,0.375,0.378125,0.29375,0.29375,0.3,0.325,0.3375,0.35,0.38125,0.409375,0.440625,0.384375,0.3875,0.3875,0.390625,0.3875,0.50625,0.475,0.46875,0.465625,0.45625,0.45,0.446875,0.440625,0.43125,0.5625,0.590625,0.60625,0.646875,0.665625,0.6875,0.615625,0.6125,0.603125,0.59375,0.5875,0.58125,0.575,0.571875,0.7125,0.721875,0.728125,0.678125,0.66875,0.659375,0.65,0.640625,0.63125,0.621875,0.609375,0.74375,0.746875,0.753125,psychodidae_ecosap_f_r_dbb94c11c6a6.png,psychodidae_ecosap_f_r_dbb94c11c6a6.tif,Sergentomyia distincta
,/Users/kristophernolte/Documents/phd_sandfly/json/psychodidae_ecosap_f_r_ef1cde38ff60.png,Full Skeleton,1391,right,,,0.628125,0.70625,0.7984375,0.8953125,0.971875,0.9859375,0.9203125,0.828125,0.7375,0.6171875,0.4875,0.4171875,0.440625,0.334375,0.365625,0.4375,0.553125,0.621875,0.725,0.8,0.846875,0.871875,0.6625,0.49375,0.6546875,0.684375,0.7140625,0.74375,0.7734375,0.575,0.521875,0.46875,0.728125,0.7515625,0.775,0.8234375,0.8484375,0.8734375,0.915625,0.9375,0.959375,0.8515625,0.80625,0.7609375,0.7171875,0.671875,0.9859375,0.9109375,0.85,0.7875,0.7265625,0.6640625,0.603125,0.540625,0.4796875,0.98125,0.9609375,0.940625,0.9,0.8765625,0.853125,0.8734375,0.825,0.7765625,0.728125,0.6796875,0.63125,0.5828125,0.534375,0.8078125,0.784375,0.7609375,0.796875,0.7578125,0.71875,0.6796875,0.640625,0.6015625,0.5625,0.5234375,0.7078125,0.678125,0.6484375,0.41875,0.409375,0.4,0.396875,0.390625,0.44375,0.446875,0.459375,0.334375,0.340625,0.35,0.375,0.39375,0.40625,0.453125,0.478125,0.509375,0.453125,0.45625,0.4625,0.465625,0.465625,0.5875,0.54375,0.5375,0.534375,0.528125,0.521875,0.515625,0.5125,0.509375,0.659375,0.6875,0.7125,0.75625,0.775,0.790625,0.7,0.69375,0.68125,0.671875,0.665625,0.65625,0.65,0.646875,0.81875,0.83125,0.84375,0.76875,0.75625,0.74375,0.734375,0.725,0.715625,0.703125,0.690625,0.859375,0.865625,0.871875,psychodidae_ecosap_f_r_ef1cde38ff60.png,psychodidae_ecosap_f_r_ef1cde38ff60.tif,Sergentomyia africana
,/Users/kristophernolte/Documents/phd_sandfly/json/psychodidae_ecosap_f_r_f2e1089391f2.png,Full Skeleton,1321,right,,,0.6578125,0.675,0.790625,0.8890625,0.9671875,0.9859375,0.9234375,0.8203125,0.725,0.596875,0.5296875,0.425,0.309375,0.209375,0.234375,0.3,0.396875,0.46875,0.575,0.646875,0.69375,0.728125,0.534375,0.365625,0.6765625,0.7,0.7234375,0.7453125,0.76875,0.6,0.540625,0.48125,0.703125,0.7328125,0.7609375,0.815625,0.840625,0.865625,0.909375,0.93125,0.9515625,0.8515625,0.8125,0.7734375,0.734375,0.6953125,0.98125,0.9078125,0.846875,0.7875,0.7265625,0.6671875,0.60625,0.546875,0.4859375,0.98125,0.9625,0.94375,0.9,0.8734375,0.846875,0.88125,0.8375,0.79375,0.75,0.7046875,0.6609375,0.6171875,0.5734375,0.796875,0.7734375,0.75,0.790625,0.7578125,0.725,0.6921875,0.659375,0.6265625,0.59375,0.5609375,0.69375,0.6609375,0.6296875,0.2875,0.275,0.265625,0.259375,0.253125,0.3125,0.315625,0.325,0.20625,0.209375,0.21875,0.240625,0.25625,0.271875,0.3125,0.334375,0.359375,0.309375,0.315625,0.325,0.328125,0.328125,0.428125,0.396875,0.39375,0.39375,0.39375,0.3875,0.384375,0.38125,0.378125,0.50625,0.5375,0.559375,0.6,0.61875,0.6375,0.55625,0.546875,0.54375,0.534375,0.53125,0.525,0.521875,0.51875,0.665625,0.675,0.6875,0.625,0.615625,0.60625,0.596875,0.590625,0.58125,0.571875,0.559375,0.7125,0.71875,0.715625,psychodidae_ecosap_f_r_f2e1089391f2.png,psychodidae_ecosap_f_r_f2e1089391f2.tif,Sergentomyia africana
,/Users/kristophernolte/Documents/phd_sandfly/json/psychodidae_ecosap_f_r_f507283bfa12.png,Full Skeleton,475,right,,,0.659375,0.6859375,0.7875,0.8765625,0.965625,0.984375,0.9109375,0.8140625,0.7265625,0.6234375,0.5265625,0.46875,0.315625,0.21875,0.24375,0.290625,0.39375,0.465625,0.56875,0.63125,0.6625,0.684375,0.51875,0.371875,0.678125,0.7,0.721875,0.74375,0.765625,0.6109375,0.5625,0.5140625,0.7109375,0.7375,0.7640625,0.809375,0.8328125,0.8546875,0.9,0.9234375,0.946875,0.840625,0.8046875,0.7671875,0.73125,0.6953125,0.98125,0.9109375,0.85625,0.8,0.7453125,0.690625,0.634375,0.5796875,0.525,0.9765625,0.9546875,0.9328125,0.8890625,0.8640625,0.8390625,0.86875,0.8265625,0.7828125,0.740625,0.6984375,0.6546875,0.6125,0.5703125,0.7921875,0.7703125,0.7484375,0.7859375,0.753125,0.7203125,0.6875,0.65625,0.6234375,0.590625,0.5578125,0.7015625,0.675,0.65,0.296875,0.2875,0.278125,0.26875,0.259375,0.31875,0.325,0.3375,0.215625,0.21875,0.225,0.24375,0.25625,0.26875,0.30625,0.33125,0.35625,0.3125,0.321875,0.325,0.33125,0.33125,0.425,0.396875,0.39375,0.39375,0.390625,0.3875,0.3875,0.38125,0.38125,0.509375,0.5375,0.559375,0.596875,0.609375,0.621875,0.54375,0.534375,0.528125,0.521875,0.51875,0.5125,0.509375,0.503125,0.646875,0.65,0.659375,0.60625,0.59375,0.590625,0.58125,0.571875,0.565625,0.559375,0.55,0.678125,0.6875,0.6875,psychodidae_ecosap_f_r_f507283bfa12.png,psychodidae_ecosap_f_r_f507283bfa12.tif,Sergentomyia africana
,/Users/kristophernolte/Documents/phd_sandfly/json/psychodidae_ecosap_f_r_f530f573f689.png,Full Skeleton,1734,right,,,0.615625,0.75,0.84375,0.9234375,0.9734375,0.9859375,0.9421875,0.86875,0.7640625,0.6390625,0.4828125,0.4421875,0.325,0.215625,0.265625,0.346875,0.440625,0.525,0.6125,0.684375,0.7375,0.759375,0.540625,0.384375,0.6515625,0.690625,0.7296875,0.7671875,0.80625,0.571875,0.528125,0.484375,0.7734375,0.7984375,0.821875,0.8640625,0.884375,0.9046875,0.9375,0.9515625,0.9671875,0.871875,0.8203125,0.76875,0.7171875,0.665625,0.9859375,0.915625,0.85625,0.796875,0.7375,0.678125,0.61875,0.559375,0.5,0.9828125,0.971875,0.9578125,0.9265625,0.9078125,0.8890625,0.8921875,0.840625,0.7890625,0.7390625,0.6875,0.6359375,0.5859375,0.534375,0.84375,0.8171875,0.790625,0.8296875,0.7859375,0.7421875,0.6984375,0.6546875,0.6109375,0.5671875,0.5234375,0.734375,0.703125,0.671875,0.3,0.29375,0.2875,0.28125,0.28125,0.328125,0.334375,0.35,0.221875,0.23125,0.24375,0.275,0.29375,0.315625,0.35625,0.3875,0.4125,0.35,0.35,0.35,0.35,0.35,0.48125,0.4375,0.43125,0.425,0.41875,0.4125,0.403125,0.4,0.4,0.553125,0.578125,0.596875,0.640625,0.659375,0.675,0.5875,0.58125,0.571875,0.5625,0.553125,0.540625,0.534375,0.528125,0.709375,0.71875,0.73125,0.659375,0.65,0.640625,0.625,0.615625,0.603125,0.59375,0.578125,0.753125,0.759375,0.7625,psychodidae_ecosap_f_r_f530f573f689.png,psychodidae_ecosap_f_r_f530f573f689.tif,Sergentomyia ingrami
,/Users/kristophernolte/Documents/phd_sandfly/json/psychodidae_ecosap_f_r_f641eca5390a.png,Full Skeleton,1604,right,,,0.65,0.7703125,0.859375,0.9234375,0.9703125,0.990625,0.946875,0.8765625,0.7828125,0.66875,0.5578125,0.5125,0.328125,0.21875,0.2625,0.328125,0.415625,0.49375,0.58125,0.646875,0.7,0.725,0.525,0.378125,0.684375,0.7203125,0.7546875,0.790625,0.825,0.615625,0.5796875,0.5453125,0.7921875,0.815625,0.8375,0.875,0.8921875,0.909375,0.9359375,0.95,0.9625,0.878125,0.8328125,0.7859375,0.740625,0.6953125,0.984375,0.9203125,0.86875,0.81875,0.7671875,0.7171875,0.665625,0.615625,0.5640625,0.9890625,0.9765625,0.9625,0.93125,0.9125,0.8953125,0.9046875,0.8609375,0.8171875,0.775,0.73125,0.6875,0.6453125,0.6015625,0.853125,0.8296875,0.80625,0.8421875,0.80625,0.7703125,0.734375,0.6984375,0.6625,0.6265625,0.590625,0.7546875,0.7265625,0.6984375,0.30625,0.296875,0.290625,0.284375,0.278125,0.334375,0.340625,0.35,0.221875,0.23125,0.24375,0.26875,0.2875,0.303125,0.340625,0.365625,0.3875,0.340625,0.34375,0.346875,0.35,0.346875,0.453125,0.415625,0.4125,0.4125,0.409375,0.40625,0.4,0.396875,0.39375,0.521875,0.55,0.56875,0.603125,0.621875,0.6375,0.559375,0.553125,0.54375,0.5375,0.528125,0.521875,0.515625,0.5125,0.66875,0.68125,0.69375,0.621875,0.615625,0.60625,0.596875,0.5875,0.575,0.565625,0.553125,0.715625,0.721875,0.725,psychodidae_ecosap_f_r_f641eca5390a.png,psychodidae_ecosap_f_r_f641eca5390a.tif,Sergentomyia ingrami
,/Users/kristophernolte/Documents/phd_sandfly/json/psychodidae_ecosap_f_r_f86c8092f49d.png,Full Skeleton,1374,right,,,0.6359375,0.6921875,0.784375,0.871875,0.9609375,0.9828125,0.921875,0.825,0.71875,0.5875,0.4703125,0.3796875,0.271875,0.159375,0.19375,0.25625,0.378125,0.4625,0.571875,0.659375,0.709375,0.73125,0.51875,0.334375,0.659375,0.684375,0.709375,0.734375,0.759375,0.571875,0.5078125,0.44375,0.715625,0.7390625,0.7625,0.80625,0.828125,0.85,0.8953125,0.9203125,0.94375,0.834375,0.79375,0.7546875,0.7140625,0.675,0.978125,0.896875,0.8328125,0.7671875,0.703125,0.6375,0.5734375,0.5078125,0.44375,0.9765625,0.959375,0.940625,0.9,0.875,0.85,0.8734375,0.8234375,0.771875,0.721875,0.671875,0.6203125,0.5703125,0.5203125,0.8,0.7734375,0.746875,0.790625,0.75,0.709375,0.6703125,0.6296875,0.5890625,0.55,0.509375,0.6875,0.6546875,0.621875,0.25,0.240625,0.225,0.21875,0.2125,0.278125,0.284375,0.29375,0.1625,0.165625,0.175,0.2,0.21875,0.23125,0.271875,0.3,0.33125,0.275,0.284375,0.290625,0.29375,0.290625,0.415625,0.378125,0.378125,0.378125,0.371875,0.3625,0.35625,0.353125,0.353125,0.5,0.53125,0.55625,0.6,0.621875,0.64375,0.546875,0.540625,0.534375,0.525,0.51875,0.509375,0.50625,0.5,0.68125,0.69375,0.70625,0.625,0.6125,0.603125,0.59375,0.584375,0.575,0.5625,0.546875,0.73125,0.73125,0.734375,psychodidae_ecosap_f_r_f86c8092f49d.png,psychodidae_ecosap_f_r_f86c8092f49d.tif,Sergentomyia africana
,/Users/kristophernolte/Documents/phd_sandfly/json/psychodidae_ecosap_f_r_fc0d72a694d2.png,Full Skeleton,1288,right,,,0.684375,0.7,0.8078125,0.8828125,0.953125,0.971875,0.90625,0.8203125,0.734375,0.6359375,0.528125,0.4609375,0.325,0.228125,0.25,0.3125,0.4125,0.484375,0.584375,0.646875,0.6875,0.7,0.521875,0.365625,0.703125,0.725,0.7453125,0.7671875,0.7875,0.628125,0.571875,0.515625,0.7265625,0.7546875,0.78125,0.8265625,0.846875,0.865625,0.9015625,0.9203125,0.9390625,0.85,0.8171875,0.7828125,0.75,0.7171875,0.9671875,0.8984375,0.84375,0.7890625,0.734375,0.6796875,0.625,0.5703125,0.515625,0.965625,0.9453125,0.9265625,0.8859375,0.8640625,0.8421875,0.8640625,0.821875,0.7796875,0.7375,0.6953125,0.653125,0.6109375,0.56875,0.8,0.778125,0.75625,0.790625,0.7578125,0.725,0.6921875,0.659375,0.6265625,0.59375,0.5609375,0.7109375,0.6859375,0.6609375,0.303125,0.29375,0.2875,0.28125,0.271875,0.328125,0.328125,0.3375,0.225,0.228125,0.23125,0.259375,0.271875,0.2875,0.321875,0.346875,0.371875,0.33125,0.3375,0.34375,0.346875,0.34375,0.446875,0.409375,0.4125,0.4125,0.40625,0.4,0.396875,0.390625,0.3875,0.521875,0.55,0.571875,0.609375,0.625,0.640625,0.559375,0.55,0.540625,0.53125,0.521875,0.515625,0.5125,0.509375,0.6625,0.675,0.684375,0.61875,0.609375,0.6,0.590625,0.584375,0.575,0.5625,0.55,0.696875,0.703125,0.703125,psychodidae_ecosap_f_r_fc0d72a694d2.png,psychodidae_ecosap_f_r_fc0d72a694d2.tif,Sergentomyia africana
,/Users/kristophernolte/Documents/phd_sandfly/json/psychodidae_moldova-sandfly-sampling_f_l_00b945694639.png,Full Skeleton,1804,left,,,0.346875,0.30625,0.1765625,0.090625,0.0421875,0.021875,0.0734375,0.159375,0.2453125,0.3578125,0.4359375,0.490625,0.290625,0.18125,0.221875,0.3,0.3875,0.465625,0.55,0.628125,0.690625,0.740625,0.51875,0.3625,0.321875,0.2921875,0.2640625,0.234375,0.20625,0.3828125,0.4203125,0.45625,0.2734375,0.240625,0.2078125,0.1546875,0.1328125,0.1109375,0.0765625,0.0625,0.0484375,0.13125,0.175,0.21875,0.2609375,0.3046875,0.025,0.0921875,0.1421875,0.1921875,0.2421875,0.2921875,0.3421875,0.3921875,0.4421875,0.0265625,0.0421875,0.0578125,0.0921875,0.1140625,0.1359375,0.1125,0.153125,0.19375,0.234375,0.2734375,0.3140625,0.3546875,0.3953125,0.1796875,0.2015625,0.2234375,0.1890625,0.2203125,0.2515625,0.2828125,0.3125,0.34375,0.375,0.40625,0.271875,0.3,0.328125,0.259375,0.25,0.24375,0.240625,0.240625,0.296875,0.3125,0.328125,0.1875,0.19375,0.2,0.23125,0.25,0.26875,0.309375,0.328125,0.35625,0.303125,0.303125,0.30625,0.309375,0.309375,0.421875,0.378125,0.375,0.375,0.371875,0.371875,0.375,0.375,0.375,0.49375,0.51875,0.540625,0.575,0.59375,0.615625,0.528125,0.521875,0.515625,0.5125,0.50625,0.503125,0.503125,0.50625,0.65,0.671875,0.6875,0.60625,0.6,0.590625,0.5875,0.578125,0.571875,0.5625,0.546875,0.709375,0.721875,0.7375,psychodidae_moldova-sandfly-sampling_f_l_00b945694639.png,psychodidae_moldova-sandfly-sampling_f_l_00b945694639.tif,Phlebotomus papatasi
,/Users/kristophernolte/Documents/phd_sandfly/json/psychodidae_moldova-sandfly-sampling_f_l_13d98958b58f.png,Repaired,1883,left,,,0.3796875,0.3296875,0.1875,0.1234375,0.075,0.053125,0.096875,0.1859375,0.275,0.36875,0.4875,0.50625,0.278125,0.165625,0.2,0.271875,0.353125,0.4375,0.5125,0.63125,0.696875,0.74375,0.528125,0.353125,0.3515625,0.31875,0.2859375,0.253125,0.2203125,0.4109375,0.44375,0.4765625,0.29375,0.2578125,0.221875,0.1703125,0.1515625,0.1328125,0.109375,0.0953125,0.08125,0.165625,0.2078125,0.2515625,0.29375,0.3359375,0.05625,0.121875,0.1703125,0.21875,0.265625,0.3140625,0.3625,0.409375,0.4578125,0.05625,0.06875,0.0828125,0.115625,0.1390625,0.1625,0.1390625,0.1828125,0.2265625,0.2703125,0.3125,0.35625,0.4,0.44375,0.2078125,0.2296875,0.2515625,0.2171875,0.2515625,0.284375,0.31875,0.3515625,0.3859375,0.41875,0.453125,0.296875,0.3203125,0.34375,0.246875,0.23125,0.228125,0.21875,0.21875,0.284375,0.30625,0.325,0.1625,0.165625,0.18125,0.209375,0.225,0.240625,0.28125,0.303125,0.321875,0.28125,0.284375,0.290625,0.3,0.3,0.390625,0.353125,0.35625,0.359375,0.3625,0.3625,0.3625,0.36875,0.36875,0.465625,0.490625,0.50625,0.546875,0.575,0.60625,0.509375,0.509375,0.50625,0.503125,0.503125,0.5,0.49375,0.5,0.646875,0.665625,0.684375,0.6,0.590625,0.584375,0.58125,0.575,0.565625,0.565625,0.553125,0.71875,0.728125,0.740625,psychodidae_moldova-sandfly-sampling_f_l_13d98958b58f.png,psychodidae_moldova-sandfly-sampling_f_l_13d98958b58f.tif,Phlebotomus papatasi
,/Users/kristophernolte/Documents/phd_sandfly/json/psychodidae_moldova-sandfly-sampling_f_l_1b08592633b8.png,Full Skeleton,1802,left,,,0.35,0.2984375,0.178125,0.0984375,0.0484375,0.028125,0.078125,0.1671875,0.2484375,0.34375,0.43125,0.4625,0.259375,0.15625,0.190625,0.275,0.359375,0.434375,0.515625,0.6,0.6625,0.703125,0.48125,0.31875,0.3234375,0.29375,0.265625,0.2359375,0.2078125,0.378125,0.40625,0.434375,0.2671875,0.2359375,0.2046875,0.1578125,0.1375,0.1171875,0.084375,0.0703125,0.0578125,0.140625,0.1828125,0.225,0.2671875,0.309375,0.03125,0.09375,0.140625,0.1859375,0.2328125,0.278125,0.325,0.3703125,0.4171875,0.0328125,0.0484375,0.0625,0.096875,0.1203125,0.14375,0.1171875,0.15625,0.1953125,0.234375,0.2734375,0.3125,0.3515625,0.390625,0.1828125,0.2046875,0.2265625,0.196875,0.2265625,0.25625,0.2859375,0.315625,0.3453125,0.375,0.4046875,0.271875,0.2953125,0.31875,0.23125,0.21875,0.2125,0.20625,0.20625,0.265625,0.278125,0.290625,0.15625,0.1625,0.16875,0.203125,0.221875,0.240625,0.2875,0.30625,0.328125,0.278125,0.278125,0.278125,0.28125,0.28125,0.39375,0.35625,0.353125,0.353125,0.35,0.35,0.34375,0.34375,0.340625,0.4625,0.4875,0.50625,0.546875,0.565625,0.5875,0.503125,0.496875,0.49375,0.4875,0.48125,0.475,0.471875,0.465625,0.625,0.640625,0.65625,0.578125,0.571875,0.565625,0.55625,0.546875,0.5375,0.525,0.5125,0.678125,0.690625,0.696875,psychodidae_moldova-sandfly-sampling_f_l_1b08592633b8.png,psychodidae_moldova-sandfly-sampling_f_l_1b08592633b8.tif,Phlebotomus papatasi
,/Users/kristophernolte/Documents/phd_sandfly/json/psychodidae_moldova-sandfly-sampling_f_l_2d44a192dafa.png,Repaired,1715,left,,,0.38125,0.3421875,0.2,0.1296875,0.0765625,0.053125,0.10625,0.1859375,0.2765625,0.36875,0.46875,0.490625,0.265625,0.153125,0.178125,0.2375,0.33125,0.415625,0.5,0.5875,0.6625,0.703125,0.503125,0.346875,0.353125,0.321875,0.290625,0.259375,0.228125,0.409375,0.4375,0.465625,0.3078125,0.271875,0.2359375,0.1828125,0.165625,0.1484375,0.115625,0.1,0.084375,0.16875,0.2109375,0.2546875,0.296875,0.3390625,0.0578125,0.121875,0.16875,0.2140625,0.2609375,0.30625,0.353125,0.3984375,0.4453125,0.059375,0.075,0.090625,0.1234375,0.14375,0.1640625,0.1453125,0.1859375,0.2265625,0.2671875,0.30625,0.346875,0.3875,0.428125,0.20625,0.2296875,0.253125,0.215625,0.246875,0.278125,0.309375,0.3421875,0.3734375,0.4046875,0.4359375,0.2984375,0.321875,0.3453125,0.234375,0.215625,0.209375,0.2,0.2,0.278125,0.296875,0.315625,0.15,0.153125,0.1625,0.1875,0.2,0.215625,0.25625,0.271875,0.3,0.259375,0.265625,0.265625,0.278125,0.28125,0.36875,0.334375,0.3375,0.340625,0.34375,0.34375,0.35,0.353125,0.359375,0.446875,0.471875,0.4875,0.53125,0.55,0.575,0.484375,0.478125,0.478125,0.478125,0.478125,0.478125,0.478125,0.478125,0.6125,0.63125,0.65,0.56875,0.565625,0.559375,0.55625,0.55,0.54375,0.5375,0.53125,0.675,0.6875,0.696875,psychodidae_moldova-sandfly-sampling_f_l_2d44a192dafa.png,psychodidae_moldova-sandfly-sampling_f_l_2d44a192dafa.tif,Phlebotomus papatasi
,/Users/kristophernolte/Documents/phd_sandfly/json/psychodidae_moldova-sandfly-sampling_f_l_37bb3d51e369.png,Repaired,1736,left,,,0.375,0.3140625,0.2015625,0.1078125,0.078125,0.05625,0.103125,0.171875,0.2578125,0.3625,0.4515625,0.49375,0.259375,0.15,0.1875,0.2875,0.34375,0.43125,0.509375,0.584375,0.653125,0.696875,0.49375,0.33125,0.3484375,0.31875,0.2890625,0.259375,0.2296875,0.4046875,0.4359375,0.465625,0.2859375,0.2578125,0.2296875,0.178125,0.153125,0.128125,0.1,0.090625,0.08125,0.1515625,0.196875,0.2421875,0.2875,0.3328125,0.0625,0.1234375,0.1703125,0.2171875,0.2625,0.309375,0.35625,0.4015625,0.4484375,0.0609375,0.075,0.0890625,0.1171875,0.1359375,0.153125,0.140625,0.1796875,0.21875,0.2578125,0.296875,0.3359375,0.375,0.4140625,0.1921875,0.2140625,0.2359375,0.203125,0.234375,0.265625,0.296875,0.328125,0.359375,0.390625,0.421875,0.28125,0.3078125,0.334375,0.234375,0.221875,0.215625,0.209375,0.20625,0.271875,0.2875,0.303125,0.153125,0.15625,0.16875,0.2,0.21875,0.246875,0.290625,0.30625,0.325,0.28125,0.275,0.278125,0.278125,0.284375,0.38125,0.34375,0.346875,0.35,0.35,0.35,0.346875,0.346875,0.346875,0.459375,0.484375,0.5,0.534375,0.553125,0.571875,0.490625,0.4875,0.484375,0.478125,0.478125,0.475,0.471875,0.475,0.6125,0.63125,0.646875,0.565625,0.559375,0.553125,0.55,0.546875,0.5375,0.53125,0.51875,0.675,0.684375,0.696875,psychodidae_moldova-sandfly-sampling_f_l_37bb3d51e369.png,psychodidae_moldova-sandfly-sampling_f_l_37bb3d51e369.tif,Phlebotomus papatasi
,/Users/kristophernolte/Documents/phd_sandfly/json/psychodidae_moldova-sandfly-sampling_f_l_423f4efa9410.png,Repaired,1669,left,,,0.36875,0.3375,0.2078125,0.1328125,0.0875,0.0625,0.1171875,0.2109375,0.2953125,0.40625,0.4625,0.503125,0.321875,0.2125,0.253125,0.3375,0.421875,0.515625,0.5875,0.659375,0.70625,0.734375,0.521875,0.359375,0.3453125,0.3171875,0.2890625,0.2609375,0.2328125,0.4015625,0.4359375,0.4703125,0.30625,0.2734375,0.240625,0.1890625,0.16875,0.15,0.1203125,0.10625,0.0953125,0.171875,0.2109375,0.25,0.2890625,0.328125,0.0640625,0.1328125,0.1796875,0.2265625,0.271875,0.31875,0.365625,0.4109375,0.4578125,0.0703125,0.0859375,0.1015625,0.1375,0.1625,0.1859375,0.153125,0.1921875,0.23125,0.26875,0.3078125,0.346875,0.384375,0.4234375,0.2296875,0.2515625,0.2734375,0.2375,0.265625,0.29375,0.321875,0.3515625,0.3796875,0.4078125,0.4359375,0.321875,0.35,0.378125,0.29375,0.284375,0.28125,0.28125,0.28125,0.328125,0.33125,0.334375,0.21875,0.23125,0.234375,0.26875,0.2875,0.309375,0.346875,0.371875,0.39375,0.346875,0.34375,0.34375,0.34375,0.33125,0.46875,0.421875,0.4125,0.4125,0.40625,0.4,0.39375,0.390625,0.384375,0.54375,0.565625,0.584375,0.61875,0.634375,0.65,0.56875,0.559375,0.55,0.546875,0.5375,0.528125,0.51875,0.5125,0.678125,0.6875,0.7,0.634375,0.625,0.6125,0.603125,0.590625,0.58125,0.575,0.55625,0.721875,0.725,0.734375,psychodidae_moldova-sandfly-sampling_f_l_423f4efa9410.png,psychodidae_moldova-sandfly-sampling_f_l_423f4efa9410.tif,Phlebotomus papatasi
,/Users/kristophernolte/Documents/phd_sandfly/json/psychodidae_moldova-sandfly-sampling_f_l_4e70b6089c32.png,Full Skeleton,1791,left,,,0.3625,0.3078125,0.175,0.0875,0.0328125,0.009375,0.0609375,0.15,0.240625,0.3703125,0.45625,0.4828125,0.365625,0.271875,0.309375,0.3875,0.48125,0.559375,0.64375,0.7125,0.7625,0.796875,0.59375,0.428125,0.3328125,0.3015625,0.2703125,0.2390625,0.2078125,0.3921875,0.4234375,0.4546875,0.275,0.240625,0.2078125,0.153125,0.1296875,0.1078125,0.0734375,0.0578125,0.04375,0.13125,0.178125,0.225,0.2703125,0.3171875,0.0140625,0.0828125,0.1328125,0.1828125,0.2328125,0.2828125,0.3328125,0.3828125,0.4328125,0.0125,0.028125,0.04375,0.0796875,0.103125,0.1265625,0.1046875,0.1484375,0.1921875,0.2359375,0.28125,0.325,0.36875,0.4125,0.171875,0.1953125,0.2171875,0.18125,0.215625,0.25,0.284375,0.31875,0.353125,0.3875,0.421875,0.271875,0.3046875,0.3375,0.340625,0.334375,0.328125,0.325,0.325,0.36875,0.38125,0.396875,0.271875,0.2875,0.2875,0.321875,0.340625,0.359375,0.4,0.425,0.453125,0.396875,0.39375,0.39375,0.39375,0.390625,0.515625,0.471875,0.46875,0.46875,0.4625,0.4625,0.45625,0.453125,0.446875,0.590625,0.615625,0.63125,0.66875,0.6875,0.703125,0.61875,0.609375,0.603125,0.596875,0.590625,0.5875,0.578125,0.578125,0.728125,0.740625,0.753125,0.684375,0.675,0.665625,0.659375,0.65,0.64375,0.634375,0.621875,0.78125,0.790625,0.796875,psychodidae_moldova-sandfly-sampling_f_l_4e70b6089c32.png,psychodidae_moldova-sandfly-sampling_f_l_4e70b6089c32.tif,Phlebotomus papatasi
,/Users/kristophernolte/Documents/phd_sandfly/json/psychodidae_moldova-sandfly-sampling_f_l_52343a3bf17c.png,Full Skeleton,1886,left,,,0.3234375,0.2921875,0.165625,0.08125,0.028125,0.0078125,0.05625,0.134375,0.228125,0.3484375,0.4234375,0.465625,0.3,0.190625,0.23125,0.30625,0.396875,0.478125,0.5625,0.646875,0.715625,0.7625,0.5375,0.36875,0.2984375,0.271875,0.2453125,0.21875,0.1921875,0.359375,0.3953125,0.43125,0.2609375,0.228125,0.196875,0.14375,0.121875,0.1,0.065625,0.053125,0.0375,0.121875,0.1625,0.203125,0.24375,0.284375,0.0125,0.0765625,0.125,0.1734375,0.221875,0.271875,0.3203125,0.36875,0.4171875,0.0109375,0.0265625,0.040625,0.0734375,0.09375,0.1140625,0.096875,0.1375,0.1796875,0.2203125,0.2609375,0.303125,0.34375,0.384375,0.15625,0.1796875,0.203125,0.1640625,0.196875,0.2296875,0.2625,0.2953125,0.328125,0.3609375,0.39375,0.25625,0.2875,0.3171875,0.271875,0.259375,0.253125,0.25,0.246875,0.30625,0.31875,0.334375,0.19375,0.196875,0.209375,0.24375,0.2625,0.278125,0.321875,0.346875,0.365625,0.31875,0.321875,0.325,0.328125,0.325,0.4375,0.4,0.396875,0.4,0.396875,0.396875,0.39375,0.390625,0.3875,0.50625,0.534375,0.553125,0.590625,0.6125,0.63125,0.54375,0.5375,0.53125,0.525,0.521875,0.51875,0.515625,0.515625,0.671875,0.690625,0.70625,0.628125,0.61875,0.615625,0.609375,0.6,0.59375,0.584375,0.571875,0.7375,0.75,0.7625,psychodidae_moldova-sandfly-sampling_f_l_52343a3bf17c.png,psychodidae_moldova-sandfly-sampling_f_l_52343a3bf17c.tif,Phlebotomus papatasi
,/Users/kristophernolte/Documents/phd_sandfly/json/psychodidae_moldova-sandfly-sampling_f_l_62aa54c2bd21.png,Repaired,1786,left,,,0.3921875,0.3125,0.1984375,0.096875,0.05625,0.034375,0.078125,0.1625,0.253125,0.3546875,0.475,0.5203125,0.309375,0.178125,0.203125,0.2875,0.3625,0.44375,0.51875,0.615625,0.684375,0.740625,0.5375,0.378125,0.3625,0.3296875,0.296875,0.2640625,0.23125,0.425,0.4578125,0.490625,0.284375,0.25625,0.228125,0.1734375,0.1484375,0.1234375,0.0859375,0.0734375,0.0609375,0.1421875,0.1921875,0.2421875,0.2921875,0.3421875,0.0375,0.1078125,0.159375,0.2109375,0.2625,0.3140625,0.365625,0.4171875,0.46875,0.0375,0.05,0.0640625,0.0953125,0.1171875,0.1390625,0.121875,0.165625,0.2109375,0.2546875,0.2984375,0.34375,0.3875,0.43125,0.18125,0.2046875,0.228125,0.196875,0.23125,0.2671875,0.3015625,0.3375,0.371875,0.4078125,0.4421875,0.275,0.3015625,0.328125,0.271875,0.25625,0.240625,0.2375,0.234375,0.31875,0.328125,0.34375,0.18125,0.184375,0.190625,0.215625,0.2375,0.25625,0.3,0.315625,0.3375,0.303125,0.3,0.303125,0.31875,0.321875,0.4,0.36875,0.375,0.375,0.378125,0.384375,0.384375,0.3875,0.39375,0.46875,0.490625,0.50625,0.553125,0.578125,0.6,0.515625,0.515625,0.51875,0.5125,0.515625,0.515625,0.51875,0.515625,0.646875,0.6625,0.675,0.60625,0.6,0.596875,0.59375,0.584375,0.58125,0.578125,0.559375,0.7125,0.721875,0.734375,psychodidae_moldova-sandfly-sampling_f_l_62aa54c2bd21.png,psychodidae_moldova-sandfly-sampling_f_l_62aa54c2bd21.tif,Phlebotomus papatasi
,/Users/kristophernolte/Documents/phd_sandfly/json/psychodidae_moldova-sandfly-sampling_f_l_63ce2db728ed.png,Full Skeleton,1731,left,,,0.3515625,0.3140625,0.18125,0.1109375,0.0578125,0.0328125,0.0890625,0.1640625,0.25,0.3484375,0.4421875,0.4828125,0.325,0.225,0.259375,0.328125,0.425,0.5,0.58125,0.6375,0.69375,0.721875,0.5375,0.390625,0.325,0.2953125,0.2671875,0.2375,0.209375,0.384375,0.41875,0.4515625,0.28125,0.246875,0.2140625,0.1640625,0.1453125,0.1265625,0.0953125,0.08125,0.065625,0.15,0.190625,0.23125,0.271875,0.3125,0.0390625,0.1046875,0.1515625,0.1984375,0.2453125,0.29375,0.340625,0.3875,0.434375,0.0375,0.0546875,0.071875,0.10625,0.125,0.14375,0.128125,0.1671875,0.20625,0.2453125,0.284375,0.3234375,0.3625,0.4015625,0.184375,0.20625,0.228125,0.19375,0.225,0.25625,0.2875,0.31875,0.35,0.38125,0.4125,0.2734375,0.2984375,0.3234375,0.296875,0.2875,0.28125,0.278125,0.275,0.33125,0.34375,0.3625,0.221875,0.228125,0.2375,0.26875,0.2875,0.303125,0.34375,0.36875,0.39375,0.340625,0.34375,0.34375,0.346875,0.34375,0.45625,0.415625,0.415625,0.4125,0.409375,0.40625,0.40625,0.40625,0.40625,0.528125,0.553125,0.571875,0.603125,0.621875,0.634375,0.559375,0.55625,0.546875,0.540625,0.534375,0.53125,0.528125,0.528125,0.659375,0.671875,0.6875,0.615625,0.60625,0.6,0.590625,0.584375,0.578125,0.571875,0.5625,0.7125,0.71875,0.728125,psychodidae_moldova-sandfly-sampling_f_l_63ce2db728ed.png,psychodidae_moldova-sandfly-sampling_f_l_63ce2db728ed.tif,Phlebotomus papatasi
,/Users/kristophernolte/Documents/phd_sandfly/json/psychodidae_moldova-sandfly-sampling_f_l_77a771ace69f.png,Full Skeleton,1783,left,,,0.3609375,0.328125,0.184375,0.1015625,0.059375,0.034375,0.078125,0.159375,0.246875,0.3515625,0.4703125,0.4875,0.259375,0.146875,0.190625,0.271875,0.346875,0.43125,0.521875,0.6125,0.675,0.71875,0.4875,0.33125,0.334375,0.3046875,0.275,0.2453125,0.215625,0.39375,0.4265625,0.459375,0.2921875,0.2546875,0.2171875,0.1625,0.140625,0.11875,0.0890625,0.0765625,0.065625,0.14375,0.1875,0.23125,0.275,0.31875,0.04375,0.10625,0.153125,0.2015625,0.2484375,0.296875,0.34375,0.3921875,0.4390625,0.0359375,0.05,0.0640625,0.0953125,0.1171875,0.1375,0.1203125,0.1640625,0.2078125,0.2515625,0.2953125,0.3390625,0.3828125,0.4265625,0.178125,0.2015625,0.2234375,0.1921875,0.2265625,0.2625,0.296875,0.3328125,0.3671875,0.403125,0.4375,0.271875,0.2984375,0.325,0.228125,0.21875,0.209375,0.203125,0.2,0.26875,0.28125,0.3,0.15,0.153125,0.1625,0.2,0.215625,0.234375,0.284375,0.3,0.321875,0.271875,0.26875,0.271875,0.275,0.28125,0.3875,0.346875,0.346875,0.346875,0.346875,0.346875,0.346875,0.346875,0.346875,0.459375,0.484375,0.509375,0.55,0.575,0.596875,0.50625,0.5,0.496875,0.490625,0.4875,0.484375,0.478125,0.475,0.63125,0.65,0.665625,0.5875,0.58125,0.575,0.565625,0.55625,0.546875,0.5375,0.525,0.690625,0.7,0.709375,psychodidae_moldova-sandfly-sampling_f_l_77a771ace69f.png,psychodidae_moldova-sandfly-sampling_f_l_77a771ace69f.tif,Phlebotomus papatasi
,/Users/kristophernolte/Documents/phd_sandfly/json/psychodidae_moldova-sandfly-sampling_f_l_7e2a012f42b3.png,Full Skeleton,1603,left,,,0.33125,0.2890625,0.1609375,0.0765625,0.0359375,0.009375,0.0625,0.140625,0.2328125,0.3390625,0.440625,0.4546875,0.346875,0.246875,0.28125,0.35,0.428125,0.5125,0.596875,0.659375,0.725,0.771875,0.565625,0.409375,0.30625,0.2765625,0.246875,0.21875,0.1890625,0.3625,0.39375,0.425,0.2578125,0.225,0.19375,0.1390625,0.1171875,0.0953125,0.0640625,0.0515625,0.0390625,0.11875,0.1625,0.2046875,0.2484375,0.290625,0.0140625,0.08125,0.128125,0.175,0.221875,0.2671875,0.3140625,0.3609375,0.4078125,0.015625,0.03125,0.046875,0.0796875,0.1,0.1203125,0.103125,0.1453125,0.1875,0.2296875,0.271875,0.3140625,0.35625,0.3984375,0.1625,0.1859375,0.209375,0.171875,0.20625,0.240625,0.2734375,0.3078125,0.3421875,0.375,0.409375,0.25625,0.284375,0.3109375,0.315625,0.30625,0.3,0.29375,0.29375,0.353125,0.365625,0.378125,0.240625,0.253125,0.2625,0.290625,0.30625,0.325,0.359375,0.38125,0.403125,0.3625,0.3625,0.3625,0.3625,0.365625,0.4625,0.43125,0.43125,0.43125,0.428125,0.428125,0.428125,0.425,0.428125,0.54375,0.565625,0.584375,0.61875,0.634375,0.653125,0.575,0.5625,0.55625,0.553125,0.55,0.55,0.54375,0.546875,0.68125,0.7,0.71875,0.640625,0.634375,0.628125,0.61875,0.6125,0.60625,0.603125,0.590625,0.74375,0.75625,0.765625,psychodidae_moldova-sandfly-sampling_f_l_7e2a012f42b3.png,psychodidae_moldova-sandfly-sampling_f_l_7e2a012f42b3.tif,Phlebotomus papatasi
,/Users/kristophernolte/Documents/phd_sandfly/json/psychodidae_moldova-sandfly-sampling_f_l_7eb424b42e7b.png,Full Skeleton,1735,left,,,0.3546875,0.3203125,0.1890625,0.0953125,0.034375,0.0140625,0.0671875,0.146875,0.25,0.3390625,0.4609375,0.490625,0.271875,0.159375,0.178125,0.246875,0.325,0.40625,0.5,0.590625,0.6625,0.709375,0.503125,0.34375,0.3296875,0.3015625,0.271875,0.24375,0.215625,0.3890625,0.4234375,0.4578125,0.2875,0.2546875,0.221875,0.165625,0.1421875,0.11875,0.0796875,0.0640625,0.0484375,0.1359375,0.1796875,0.2234375,0.2671875,0.3109375,0.0171875,0.084375,0.1359375,0.1859375,0.2375,0.2875,0.3390625,0.3890625,0.440625,0.0203125,0.0359375,0.0515625,0.084375,0.1046875,0.125,0.1109375,0.1546875,0.1984375,0.2421875,0.2859375,0.3296875,0.3734375,0.4171875,0.1703125,0.196875,0.2234375,0.18125,0.215625,0.2515625,0.2859375,0.321875,0.35625,0.3921875,0.4265625,0.2703125,0.29375,0.315625,0.240625,0.228125,0.21875,0.2125,0.20625,0.278125,0.29375,0.309375,0.15625,0.159375,0.1625,0.190625,0.20625,0.221875,0.259375,0.275,0.296875,0.26875,0.275,0.28125,0.2875,0.2875,0.3625,0.340625,0.346875,0.35,0.353125,0.35625,0.35625,0.359375,0.3625,0.4375,0.465625,0.4875,0.53125,0.553125,0.575,0.478125,0.478125,0.475,0.475,0.475,0.475,0.475,0.478125,0.615625,0.634375,0.653125,0.56875,0.5625,0.559375,0.55625,0.553125,0.546875,0.540625,0.53125,0.68125,0.69375,0.7,psychodidae_moldova-sandfly-sampling_f_l_7eb424b42e7b.png,psychodidae_moldova-sandfly-sampling_f_l_7eb424b42e7b.tif,Phlebotomus papatasi
,/Users/kristophernolte/Documents/phd_sandfly/json/psychodidae_moldova-sandfly-sampling_f_l_ad984574c042.png,Repaired,1673,left,,,0.3703125,0.3125,0.175,0.0890625,0.0625,0.0296875,0.075,0.1578125,0.25625,0.3515625,0.440625,0.4859375,0.265625,0.153125,0.190625,0.278125,0.375,0.459375,0.546875,0.61875,0.675,0.709375,0.484375,0.321875,0.340625,0.3078125,0.2734375,0.240625,0.2078125,0.3984375,0.428125,0.4578125,0.278125,0.24375,0.209375,0.153125,0.1296875,0.1078125,0.075,0.0609375,0.059375,0.1359375,0.1828125,0.2296875,0.2765625,0.3234375,0.034375,0.109375,0.15625,0.203125,0.25,0.296875,0.34375,0.390625,0.4375,0.0234375,0.040625,0.0578125,0.09375,0.115625,0.1359375,0.115625,0.15625,0.196875,0.2375,0.278125,0.31875,0.359375,0.4,0.1796875,0.2046875,0.2296875,0.1875,0.2203125,0.2515625,0.284375,0.315625,0.3484375,0.3796875,0.4125,0.278125,0.303125,0.3265625,0.2375,0.221875,0.21875,0.2125,0.209375,0.271875,0.28125,0.29375,0.153125,0.153125,0.1625,0.2,0.221875,0.24375,0.290625,0.315625,0.34375,0.2875,0.290625,0.290625,0.290625,0.2875,0.403125,0.36875,0.365625,0.365625,0.359375,0.35625,0.353125,0.346875,0.34375,0.4875,0.515625,0.53125,0.575,0.590625,0.609375,0.521875,0.5125,0.503125,0.496875,0.4875,0.48125,0.475,0.46875,0.640625,0.653125,0.665625,0.59375,0.584375,0.571875,0.5625,0.553125,0.54375,0.534375,0.51875,0.6875,0.696875,0.703125,psychodidae_moldova-sandfly-sampling_f_l_ad984574c042.png,psychodidae_moldova-sandfly-sampling_f_l_ad984574c042.tif,Phlebotomus papatasi
,/Users/kristophernolte/Documents/phd_sandfly/json/psychodidae_moldova-sandfly-sampling_f_l_ebdf308ad035.png,Repaired,1715,left,,,0.3453125,0.290625,0.178125,0.0984375,0.059375,0.0328125,0.075,0.1453125,0.2328125,0.3203125,0.40625,0.4484375,0.315625,0.2,0.23125,0.296875,0.371875,0.4375,0.534375,0.621875,0.696875,0.74375,0.55,0.375,0.3203125,0.2921875,0.2640625,0.2359375,0.2078125,0.3703125,0.396875,0.421875,0.2625,0.2328125,0.203125,0.1578125,0.1375,0.1171875,0.0875,0.075,0.0640625,0.1375,0.1796875,0.221875,0.2625,0.3046875,0.0390625,0.1015625,0.1453125,0.1890625,0.2328125,0.2765625,0.3203125,0.3640625,0.4078125,0.0328125,0.046875,0.0609375,0.0890625,0.1078125,0.1265625,0.1109375,0.1484375,0.184375,0.221875,0.2578125,0.2953125,0.33125,0.36875,0.1640625,0.1875,0.209375,0.171875,0.2015625,0.23125,0.2609375,0.290625,0.3203125,0.35,0.3796875,0.253125,0.275,0.296875,0.290625,0.26875,0.253125,0.246875,0.2375,0.325,0.3375,0.353125,0.196875,0.2,0.2,0.2375,0.246875,0.2625,0.30625,0.325,0.346875,0.296875,0.3,0.309375,0.3125,0.325,0.396875,0.36875,0.371875,0.378125,0.384375,0.3875,0.39375,0.4,0.4,0.465625,0.49375,0.51875,0.5625,0.584375,0.609375,0.525,0.525,0.515625,0.5125,0.521875,0.521875,0.525,0.53125,0.65,0.671875,0.6875,0.609375,0.60625,0.60625,0.596875,0.590625,0.5875,0.584375,0.578125,0.71875,0.73125,0.740625,psychodidae_moldova-sandfly-sampling_f_l_ebdf308ad035.png,psychodidae_moldova-sandfly-sampling_f_l_ebdf308ad035.tif,Phlebotomus papatasi
,/Users/kristophernolte/Documents/phd_sandfly/json/psychodidae_moldova-sandfly-sampling_f_l_f80b74850c36.png,Repaired,1634,left,,,0.4046875,0.3953125,0.2484375,0.165625,0.1265625,0.096875,0.1515625,0.23125,0.33125,0.4453125,0.471875,0.5421875,0.334375,0.25625,0.271875,0.33125,0.396875,0.475,0.553125,0.625,0.69375,0.728125,0.559375,0.428125,0.3796875,0.353125,0.3265625,0.3015625,0.275,0.4390625,0.475,0.5109375,0.3578125,0.3203125,0.2828125,0.2265625,0.2046875,0.1828125,0.153125,0.1390625,0.1328125,0.2046875,0.2453125,0.284375,0.325,0.3640625,0.103125,0.171875,0.21875,0.2640625,0.3109375,0.35625,0.403125,0.4484375,0.4953125,0.1046875,0.1203125,0.1359375,0.1671875,0.1890625,0.209375,0.1875,0.2234375,0.259375,0.2953125,0.33125,0.3671875,0.403125,0.4390625,0.2546875,0.2796875,0.3046875,0.2578125,0.284375,0.3125,0.3390625,0.365625,0.39375,0.4203125,0.446875,0.3578125,0.3875,0.415625,0.315625,0.303125,0.296875,0.28125,0.278125,0.353125,0.39375,0.4,0.246875,0.24375,0.25,0.275,0.284375,0.303125,0.334375,0.34375,0.36875,0.340625,0.340625,0.346875,0.35625,0.359375,0.425,0.4,0.4125,0.4125,0.4125,0.425,0.425,0.43125,0.440625,0.503125,0.525,0.54375,0.58125,0.603125,0.615625,0.540625,0.54375,0.54375,0.546875,0.54375,0.5375,0.534375,0.540625,0.653125,0.671875,0.68125,0.615625,0.6125,0.609375,0.60625,0.603125,0.6,0.590625,0.584375,0.709375,0.725,0.73125,psychodidae_moldova-sandfly-sampling_f_l_f80b74850c36.png,psychodidae_moldova-sandfly-sampling_f_l_f80b74850c36.tif,Phlebotomus papatasi
,/Users/kristophernolte/Documents/phd_sandfly/json/psychodidae_moldova-sandfly-sampling_f_r_02ef0f220a51.png,Full Skeleton,1934,right,,,0.6546875,0.696875,0.834375,0.921875,0.971875,0.990625,0.9421875,0.85,0.7640625,0.65,0.5609375,0.5265625,0.29375,0.19375,0.228125,0.31875,0.409375,0.49375,0.584375,0.66875,0.728125,0.753125,0.534375,0.359375,0.6828125,0.7140625,0.74375,0.775,0.8046875,0.621875,0.5890625,0.55625,0.73125,0.765625,0.8,0.85625,0.878125,0.9,0.934375,0.9484375,0.9625,0.878125,0.8328125,0.7875,0.74375,0.6984375,0.9875,0.9234375,0.8734375,0.8234375,0.7734375,0.725,0.675,0.625,0.575,0.9890625,0.975,0.959375,0.9203125,0.896875,0.8734375,0.9,0.8578125,0.815625,0.7734375,0.7296875,0.6875,0.6453125,0.603125,0.8296875,0.8078125,0.7859375,0.8203125,0.7875,0.7546875,0.721875,0.6890625,0.65625,0.6234375,0.590625,0.7359375,0.7078125,0.6796875,0.265625,0.253125,0.25,0.246875,0.246875,0.3,0.3125,0.325,0.19375,0.2,0.209375,0.240625,0.2625,0.284375,0.33125,0.353125,0.38125,0.325,0.321875,0.321875,0.321875,0.31875,0.45,0.409375,0.403125,0.396875,0.396875,0.390625,0.3875,0.384375,0.378125,0.525,0.553125,0.571875,0.615625,0.6375,0.65625,0.565625,0.559375,0.553125,0.54375,0.5375,0.528125,0.521875,0.51875,0.690625,0.70625,0.721875,0.646875,0.6375,0.628125,0.615625,0.60625,0.596875,0.584375,0.56875,0.746875,0.753125,0.75625,psychodidae_moldova-sandfly-sampling_f_r_02ef0f220a51.png,psychodidae_moldova-sandfly-sampling_f_r_02ef0f220a51.tif,Phlebotomus papatasi
,/Users/kristophernolte/Documents/phd_sandfly/json/psychodidae_moldova-sandfly-sampling_f_r_071ba8a09c35.png,Repaired,1812,right,,,0.60625,0.6859375,0.8140625,0.8828125,0.9171875,0.9484375,0.903125,0.8203125,0.73125,0.6265625,0.5359375,0.4953125,0.3375,0.23125,0.271875,0.3625,0.4125,0.49375,0.575,0.653125,0.715625,0.75,0.553125,0.396875,0.640625,0.6765625,0.7109375,0.746875,0.78125,0.578125,0.5484375,0.51875,0.7171875,0.75,0.78125,0.83125,0.85,0.86875,0.8921875,0.903125,0.9140625,0.8375,0.790625,0.74375,0.6984375,0.6515625,0.9390625,0.8703125,0.8234375,0.7765625,0.7296875,0.6828125,0.6359375,0.5890625,0.5421875,0.9484375,0.934375,0.91875,0.8859375,0.8640625,0.8421875,0.8625,0.821875,0.78125,0.740625,0.7,0.659375,0.61875,0.578125,0.8,0.7765625,0.7546875,0.7890625,0.7578125,0.725,0.69375,0.6609375,0.6296875,0.596875,0.565625,0.70625,0.6796875,0.653125,0.31875,0.303125,0.29375,0.290625,0.290625,0.346875,0.359375,0.371875,0.2375,0.2375,0.253125,0.2875,0.30625,0.328125,0.365625,0.375,0.390625,0.359375,0.35625,0.359375,0.3625,0.3625,0.446875,0.421875,0.428125,0.428125,0.425,0.425,0.425,0.415625,0.4125,0.521875,0.546875,0.565625,0.6,0.625,0.64375,0.559375,0.55625,0.553125,0.553125,0.55,0.540625,0.5375,0.5375,0.68125,0.696875,0.7125,0.6375,0.628125,0.625,0.61875,0.609375,0.603125,0.59375,0.58125,0.7375,0.74375,0.753125,psychodidae_moldova-sandfly-sampling_f_r_071ba8a09c35.png,psychodidae_moldova-sandfly-sampling_f_r_071ba8a09c35.tif,Phlebotomus papatasi
,/Users/kristophernolte/Documents/phd_sandfly/json/psychodidae_moldova-sandfly-sampling_f_r_0c8aa460b291.png,Full Skeleton,1807,right,,,0.6671875,0.7171875,0.846875,0.9328125,0.971875,0.9890625,0.9328125,0.85,0.759375,0.6578125,0.5859375,0.546875,0.253125,0.146875,0.190625,0.284375,0.365625,0.45,0.54375,0.609375,0.66875,0.70625,0.478125,0.3125,0.6953125,0.7265625,0.7578125,0.7875,0.81875,0.6375,0.60625,0.5765625,0.7484375,0.78125,0.8140625,0.86875,0.8921875,0.9140625,0.94375,0.95625,0.965625,0.8890625,0.84375,0.8,0.7546875,0.7109375,0.984375,0.925,0.878125,0.83125,0.784375,0.7359375,0.6890625,0.6421875,0.5953125,0.9859375,0.96875,0.9515625,0.9140625,0.8921875,0.871875,0.896875,0.8578125,0.81875,0.7796875,0.7421875,0.703125,0.6640625,0.625,0.8296875,0.80625,0.7828125,0.821875,0.7921875,0.7625,0.7328125,0.7015625,0.671875,0.6421875,0.6125,0.734375,0.709375,0.684375,0.225,0.2125,0.209375,0.209375,0.209375,0.259375,0.26875,0.28125,0.146875,0.15625,0.16875,0.203125,0.228125,0.25,0.296875,0.31875,0.340625,0.2875,0.28125,0.28125,0.28125,0.278125,0.40625,0.365625,0.359375,0.35625,0.353125,0.346875,0.340625,0.3375,0.33125,0.484375,0.509375,0.53125,0.56875,0.5875,0.603125,0.515625,0.509375,0.5,0.490625,0.484375,0.475,0.46875,0.465625,0.634375,0.646875,0.659375,0.5875,0.578125,0.56875,0.559375,0.546875,0.540625,0.528125,0.5125,0.690625,0.696875,0.703125,psychodidae_moldova-sandfly-sampling_f_r_0c8aa460b291.png,psychodidae_moldova-sandfly-sampling_f_r_0c8aa460b291.tif,Phlebotomus papatasi
,/Users/kristophernolte/Documents/phd_sandfly/json/psychodidae_moldova-sandfly-sampling_f_r_1b937e0b6251.png,Full Skeleton,1689,right,,,0.6609375,0.7171875,0.8234375,0.9171875,0.9625,0.98125,0.9296875,0.846875,0.7453125,0.6375,0.559375,0.5296875,0.2875,0.184375,0.225,0.3,0.38125,0.453125,0.53125,0.609375,0.66875,0.703125,0.503125,0.35,0.684375,0.7125,0.740625,0.7671875,0.7953125,0.628125,0.5953125,0.5625,0.74375,0.771875,0.7984375,0.846875,0.871875,0.8953125,0.9296875,0.94375,0.95625,0.875,0.8328125,0.7890625,0.746875,0.7046875,0.978125,0.915625,0.8671875,0.81875,0.7703125,0.7234375,0.675,0.6265625,0.578125,0.978125,0.9625,0.946875,0.9125,0.890625,0.86875,0.8890625,0.8484375,0.80625,0.765625,0.7234375,0.6828125,0.640625,0.6,0.8234375,0.796875,0.771875,0.81875,0.7859375,0.753125,0.7203125,0.6890625,0.65625,0.6234375,0.590625,0.7203125,0.6921875,0.665625,0.259375,0.246875,0.24375,0.240625,0.240625,0.290625,0.3,0.315625,0.1875,0.19375,0.203125,0.228125,0.246875,0.265625,0.3125,0.33125,0.353125,0.303125,0.303125,0.30625,0.30625,0.30625,0.4125,0.38125,0.378125,0.375,0.371875,0.36875,0.371875,0.36875,0.36875,0.484375,0.50625,0.525,0.559375,0.578125,0.596875,0.515625,0.50625,0.5,0.5,0.49375,0.490625,0.484375,0.48125,0.63125,0.65,0.6625,0.5875,0.58125,0.575,0.56875,0.559375,0.55,0.546875,0.534375,0.69375,0.7,0.70625,psychodidae_moldova-sandfly-sampling_f_r_1b937e0b6251.png,psychodidae_moldova-sandfly-sampling_f_r_1b937e0b6251.tif,Phlebotomus papatasi
,/Users/kristophernolte/Documents/phd_sandfly/json/psychodidae_moldova-sandfly-sampling_f_r_1f9eb2d527e9.png,Full Skeleton,1749,right,,,0.640625,0.6875,0.8140625,0.8953125,0.9515625,0.9765625,0.925,0.840625,0.7484375,0.6578125,0.540625,0.5109375,0.278125,0.15625,0.18125,0.25,0.340625,0.428125,0.521875,0.60625,0.684375,0.73125,0.521875,0.35625,0.6671875,0.696875,0.7265625,0.75625,0.7859375,0.6078125,0.575,0.5421875,0.71875,0.75,0.78125,0.834375,0.85625,0.8765625,0.9109375,0.9265625,0.9421875,0.853125,0.8109375,0.76875,0.7265625,0.684375,0.971875,0.903125,0.8546875,0.8046875,0.75625,0.7078125,0.6578125,0.609375,0.5609375,0.975,0.959375,0.9421875,0.90625,0.884375,0.8625,0.884375,0.8421875,0.7984375,0.75625,0.7125,0.6703125,0.6265625,0.584375,0.8203125,0.796875,0.7734375,0.809375,0.775,0.7421875,0.7078125,0.675,0.640625,0.6078125,0.5734375,0.728125,0.7046875,0.68125,0.246875,0.23125,0.221875,0.2125,0.20625,0.2875,0.303125,0.321875,0.15625,0.159375,0.165625,0.190625,0.203125,0.221875,0.259375,0.28125,0.309375,0.265625,0.275,0.28125,0.2875,0.29375,0.378125,0.34375,0.34375,0.346875,0.35,0.353125,0.35625,0.3625,0.36875,0.459375,0.484375,0.509375,0.55,0.575,0.59375,0.50625,0.503125,0.503125,0.5,0.5,0.496875,0.496875,0.5,0.6375,0.65625,0.671875,0.5875,0.584375,0.578125,0.575,0.56875,0.565625,0.559375,0.55,0.703125,0.715625,0.728125,psychodidae_moldova-sandfly-sampling_f_r_1f9eb2d527e9.png,psychodidae_moldova-sandfly-sampling_f_r_1f9eb2d527e9.tif,Phlebotomus papatasi
,/Users/kristophernolte/Documents/phd_sandfly/json/psychodidae_moldova-sandfly-sampling_f_r_23e3befca3ce.png,Full Skeleton,1782,right,,,0.653125,0.690625,0.825,0.90625,0.9640625,0.9890625,0.9375,0.8546875,0.7671875,0.646875,0.56875,0.5328125,0.340625,0.24375,0.271875,0.334375,0.421875,0.503125,0.590625,0.66875,0.728125,0.771875,0.571875,0.409375,0.6796875,0.709375,0.7390625,0.76875,0.7984375,0.6234375,0.5921875,0.5609375,0.7234375,0.7578125,0.7921875,0.8453125,0.8671875,0.8875,0.921875,0.9375,0.953125,0.8640625,0.821875,0.7796875,0.7375,0.6953125,0.9828125,0.9171875,0.86875,0.8203125,0.771875,0.725,0.6765625,0.628125,0.5796875,0.9875,0.9703125,0.9546875,0.9203125,0.8984375,0.8765625,0.896875,0.85625,0.8140625,0.7734375,0.7328125,0.690625,0.65,0.609375,0.8328125,0.8109375,0.7890625,0.825,0.7921875,0.7609375,0.728125,0.696875,0.6640625,0.6328125,0.6,0.7375,0.7078125,0.678125,0.3125,0.3,0.29375,0.2875,0.2875,0.346875,0.3625,0.378125,0.240625,0.24375,0.253125,0.278125,0.290625,0.309375,0.346875,0.371875,0.39375,0.35,0.353125,0.35625,0.359375,0.359375,0.459375,0.425,0.425,0.425,0.425,0.425,0.428125,0.425,0.425,0.534375,0.5625,0.58125,0.61875,0.6375,0.65625,0.56875,0.56875,0.5625,0.5625,0.55625,0.553125,0.55,0.553125,0.690625,0.70625,0.71875,0.646875,0.640625,0.6375,0.63125,0.628125,0.61875,0.609375,0.6,0.746875,0.75625,0.765625,psychodidae_moldova-sandfly-sampling_f_r_23e3befca3ce.png,psychodidae_moldova-sandfly-sampling_f_r_23e3befca3ce.tif,Phlebotomus papatasi
,/Users/kristophernolte/Documents/phd_sandfly/json/psychodidae_moldova-sandfly-sampling_f_r_23f653f123a2.png,Repaired,1813,right,,,0.6234375,0.6671875,0.8125,0.8921875,0.95625,0.984375,0.93125,0.840625,0.7375,0.63125,0.5328125,0.4734375,0.290625,0.171875,0.209375,0.278125,0.384375,0.475,0.565625,0.65,0.725,0.771875,0.55625,0.371875,0.653125,0.6859375,0.7171875,0.75,0.78125,0.5859375,0.546875,0.509375,0.703125,0.740625,0.778125,0.8328125,0.853125,0.8734375,0.909375,0.9265625,0.94375,0.8484375,0.803125,0.7578125,0.7125,0.6671875,0.9765625,0.903125,0.85,0.7953125,0.7421875,0.6890625,0.634375,0.58125,0.528125,0.9828125,0.965625,0.9484375,0.9125,0.8890625,0.865625,0.8875,0.84375,0.7984375,0.7546875,0.709375,0.665625,0.6203125,0.5765625,0.81875,0.7921875,0.765625,0.80625,0.771875,0.7375,0.703125,0.66875,0.634375,0.6,0.565625,0.7125,0.6859375,0.659375,0.259375,0.24375,0.2375,0.23125,0.225,0.296875,0.3125,0.3375,0.178125,0.18125,0.1875,0.215625,0.23125,0.25,0.29375,0.31875,0.346875,0.296875,0.303125,0.30625,0.309375,0.3125,0.425,0.384375,0.38125,0.38125,0.384375,0.384375,0.384375,0.384375,0.3875,0.509375,0.5375,0.55625,0.596875,0.61875,0.6375,0.553125,0.546875,0.55,0.540625,0.5375,0.534375,0.53125,0.534375,0.684375,0.7,0.71875,0.6375,0.63125,0.625,0.621875,0.615625,0.60625,0.59375,0.584375,0.74375,0.75625,0.76875,psychodidae_moldova-sandfly-sampling_f_r_23f653f123a2.png,psychodidae_moldova-sandfly-sampling_f_r_23f653f123a2.tif,Phlebotomus papatasi
,/Users/kristophernolte/Documents/phd_sandfly/json/psychodidae_moldova-sandfly-sampling_f_r_36b1090c1245.png,Repaired,1985,right,,,0.609375,0.6875,0.81875,0.9203125,0.95625,0.978125,0.9328125,0.8484375,0.7671875,0.640625,0.55625,0.49375,0.375,0.240625,0.28125,0.38125,0.465625,0.540625,0.61875,0.71875,0.784375,0.846875,0.61875,0.446875,0.64375,0.6796875,0.7140625,0.75,0.784375,0.58125,0.5515625,0.521875,0.7203125,0.753125,0.7859375,0.84375,0.86875,0.89375,0.93125,0.94375,0.9515625,0.871875,0.81875,0.765625,0.7125,0.659375,0.971875,0.90625,0.8546875,0.803125,0.7515625,0.7,0.6484375,0.596875,0.5453125,0.9765625,0.9625,0.9484375,0.9171875,0.89375,0.871875,0.8921875,0.85,0.8078125,0.765625,0.7234375,0.68125,0.6390625,0.596875,0.8328125,0.8109375,0.7890625,0.8171875,0.784375,0.7515625,0.71875,0.6859375,0.653125,0.6203125,0.5875,0.7375,0.7046875,0.6734375,0.346875,0.33125,0.321875,0.30625,0.30625,0.3875,0.403125,0.415625,0.24375,0.25,0.25625,0.29375,0.315625,0.340625,0.4,0.41875,0.440625,0.390625,0.378125,0.390625,0.390625,0.39375,0.5,0.4625,0.45625,0.453125,0.459375,0.4625,0.465625,0.4625,0.4625,0.56875,0.59375,0.609375,0.65625,0.678125,0.703125,0.615625,0.609375,0.60625,0.6,0.59375,0.5875,0.584375,0.596875,0.74375,0.759375,0.775,0.703125,0.69375,0.6875,0.68125,0.66875,0.659375,0.65625,0.640625,0.8125,0.83125,0.840625,psychodidae_moldova-sandfly-sampling_f_r_36b1090c1245.png,psychodidae_moldova-sandfly-sampling_f_r_36b1090c1245.tif,Phlebotomus papatasi
,/Users/kristophernolte/Documents/phd_sandfly/json/psychodidae_moldova-sandfly-sampling_f_r_5f9fd8dd3c70.png,Full Skeleton,1726,right,,,0.6203125,0.6671875,0.81875,0.89375,0.9359375,0.95625,0.915625,0.83125,0.7296875,0.64375,0.534375,0.5,0.2875,0.178125,0.23125,0.3125,0.3875,0.4625,0.559375,0.6375,0.69375,0.73125,0.51875,0.353125,0.6515625,0.684375,0.71875,0.7515625,0.784375,0.590625,0.559375,0.528125,0.70625,0.7453125,0.784375,0.8390625,0.8609375,0.88125,0.90625,0.9203125,0.9328125,0.8484375,0.803125,0.75625,0.7109375,0.665625,0.953125,0.8875,0.8390625,0.790625,0.7421875,0.69375,0.6453125,0.596875,0.5484375,0.9546875,0.9421875,0.93125,0.896875,0.875,0.853125,0.8734375,0.83125,0.7890625,0.746875,0.703125,0.6609375,0.61875,0.5765625,0.809375,0.7828125,0.75625,0.8,0.7671875,0.7328125,0.7,0.6671875,0.6328125,0.6,0.5671875,0.709375,0.6875,0.665625,0.25625,0.25,0.2375,0.234375,0.234375,0.29375,0.30625,0.321875,0.178125,0.184375,0.196875,0.240625,0.25625,0.275,0.31875,0.33125,0.359375,0.309375,0.30625,0.303125,0.3125,0.30625,0.425,0.38125,0.38125,0.378125,0.375,0.375,0.375,0.371875,0.36875,0.490625,0.5125,0.54375,0.590625,0.6125,0.628125,0.5375,0.528125,0.521875,0.515625,0.5125,0.50625,0.50625,0.5,0.665625,0.678125,0.690625,0.615625,0.60625,0.59375,0.5875,0.578125,0.56875,0.559375,0.55,0.709375,0.71875,0.721875,psychodidae_moldova-sandfly-sampling_f_r_5f9fd8dd3c70.png,psychodidae_moldova-sandfly-sampling_f_r_5f9fd8dd3c70.tif,Phlebotomus papatasi
,/Users/kristophernolte/Documents/phd_sandfly/json/psychodidae_moldova-sandfly-sampling_f_r_608776937943.png,Repaired,1840,right,,,0.65625,0.690625,0.840625,0.9109375,0.959375,0.978125,0.9328125,0.85,0.75625,0.640625,0.5734375,0.53125,0.31875,0.209375,0.259375,0.33125,0.4125,0.4875,0.58125,0.65625,0.709375,0.75625,0.55,0.384375,0.6859375,0.7171875,0.7484375,0.7796875,0.8109375,0.625,0.5921875,0.5609375,0.728125,0.7671875,0.8046875,0.859375,0.878125,0.896875,0.9234375,0.9375,0.9515625,0.86875,0.8265625,0.784375,0.7421875,0.7,0.975,0.9125,0.865625,0.8171875,0.7703125,0.721875,0.675,0.6265625,0.5796875,0.978125,0.9640625,0.9484375,0.915625,0.89375,0.871875,0.89375,0.853125,0.8125,0.771875,0.7328125,0.6921875,0.6515625,0.6109375,0.828125,0.8046875,0.78125,0.8234375,0.7921875,0.7609375,0.7296875,0.6984375,0.6671875,0.6359375,0.6046875,0.7296875,0.7,0.6703125,0.2875,0.278125,0.271875,0.26875,0.271875,0.321875,0.3375,0.353125,0.209375,0.21875,0.23125,0.26875,0.28125,0.303125,0.340625,0.359375,0.384375,0.3375,0.3375,0.3375,0.340625,0.3375,0.446875,0.4125,0.409375,0.40625,0.40625,0.40625,0.403125,0.403125,0.403125,0.51875,0.55,0.571875,0.6125,0.634375,0.65,0.559375,0.553125,0.546875,0.540625,0.5375,0.53125,0.528125,0.53125,0.684375,0.696875,0.70625,0.63125,0.625,0.61875,0.6125,0.60625,0.596875,0.5875,0.575,0.734375,0.740625,0.753125,psychodidae_moldova-sandfly-sampling_f_r_608776937943.png,psychodidae_moldova-sandfly-sampling_f_r_608776937943.tif,Phlebotomus papatasi
,/Users/kristophernolte/Documents/phd_sandfly/json/psychodidae_moldova-sandfly-sampling_f_r_6ee2887f30fc.png,Repaired,1707,right,,,0.5359375,0.5890625,0.7234375,0.796875,0.8453125,0.8671875,0.828125,0.7390625,0.6453125,0.5515625,0.4625,0.43125,0.259375,0.146875,0.175,0.24375,0.321875,0.40625,0.475,0.56875,0.634375,0.678125,0.484375,0.33125,0.5671875,0.5984375,0.63125,0.6625,0.69375,0.509375,0.48125,0.4546875,0.621875,0.65625,0.6890625,0.7421875,0.7625,0.78125,0.8109375,0.825,0.8390625,0.753125,0.709375,0.665625,0.621875,0.578125,0.8625,0.8,0.7546875,0.7078125,0.6625,0.615625,0.5703125,0.5234375,0.478125,0.8640625,0.853125,0.840625,0.809375,0.7859375,0.7625,0.7875,0.746875,0.70625,0.665625,0.6234375,0.5828125,0.5421875,0.5015625,0.71875,0.69375,0.6703125,0.7125,0.68125,0.65,0.61875,0.5875,0.55625,0.525,0.49375,0.6234375,0.6,0.5765625,0.240625,0.215625,0.20625,0.203125,0.196875,0.271875,0.284375,0.3,0.15,0.153125,0.15625,0.18125,0.196875,0.2125,0.25,0.26875,0.29375,0.25625,0.2625,0.26875,0.271875,0.278125,0.3625,0.33125,0.33125,0.334375,0.3375,0.3375,0.3375,0.34375,0.34375,0.43125,0.45,0.465625,0.509375,0.534375,0.55625,0.471875,0.465625,0.465625,0.459375,0.459375,0.4625,0.459375,0.4625,0.59375,0.6125,0.625,0.55,0.5375,0.534375,0.534375,0.528125,0.521875,0.51875,0.509375,0.65,0.659375,0.671875,psychodidae_moldova-sandfly-sampling_f_r_6ee2887f30fc.png,psychodidae_moldova-sandfly-sampling_f_r_6ee2887f30fc.tif,Phlebotomus papatasi
,/Users/kristophernolte/Documents/phd_sandfly/json/psychodidae_moldova-sandfly-sampling_f_r_79ee9b29f6ff.png,Full Skeleton,1695,right,,,0.6640625,0.6921875,0.8453125,0.928125,0.9671875,0.9859375,0.9390625,0.8578125,0.7625,0.6578125,0.5546875,0.5375,0.340625,0.24375,0.271875,0.3625,0.453125,0.5375,0.625,0.703125,0.753125,0.79375,0.565625,0.396875,0.69375,0.725,0.7546875,0.7859375,0.815625,0.6328125,0.6015625,0.5703125,0.7296875,0.76875,0.80625,0.8671875,0.8890625,0.9109375,0.940625,0.953125,0.9625,0.884375,0.8390625,0.7953125,0.75,0.70625,0.9828125,0.9203125,0.871875,0.8234375,0.775,0.728125,0.6796875,0.63125,0.5828125,0.98125,0.96875,0.9546875,0.9234375,0.9015625,0.8796875,0.896875,0.8546875,0.8109375,0.76875,0.7265625,0.6828125,0.640625,0.5984375,0.834375,0.8109375,0.7875,0.8265625,0.7921875,0.7578125,0.7234375,0.6890625,0.6546875,0.6203125,0.5859375,0.7375,0.7109375,0.684375,0.3125,0.303125,0.29375,0.290625,0.2875,0.346875,0.35625,0.36875,0.24375,0.246875,0.253125,0.284375,0.3,0.325,0.375,0.4,0.425,0.365625,0.3625,0.3625,0.365625,0.3625,0.49375,0.446875,0.44375,0.4375,0.434375,0.428125,0.425,0.421875,0.421875,0.565625,0.59375,0.615625,0.653125,0.675,0.69375,0.603125,0.59375,0.584375,0.575,0.56875,0.5625,0.553125,0.553125,0.721875,0.734375,0.746875,0.678125,0.66875,0.659375,0.646875,0.6375,0.628125,0.615625,0.603125,0.771875,0.78125,0.790625,psychodidae_moldova-sandfly-sampling_f_r_79ee9b29f6ff.png,psychodidae_moldova-sandfly-sampling_f_r_79ee9b29f6ff.tif,Phlebotomus papatasi
,/Users/kristophernolte/Documents/phd_sandfly/json/psychodidae_moldova-sandfly-sampling_f_r_8c6473641f9b.png,Repaired,1818,right,,,0.6359375,0.6703125,0.8,0.8734375,0.940625,0.9671875,0.90625,0.828125,0.7234375,0.615625,0.5734375,0.521875,0.2875,0.1875,0.215625,0.259375,0.371875,0.44375,0.5375,0.61875,0.6875,0.725,0.525,0.35,0.6625,0.690625,0.71875,0.7453125,0.7734375,0.60625,0.5765625,0.546875,0.703125,0.7359375,0.76875,0.8171875,0.8359375,0.8546875,0.89375,0.9140625,0.9328125,0.8375,0.796875,0.75625,0.715625,0.675,0.959375,0.8953125,0.8484375,0.8015625,0.7546875,0.7078125,0.6609375,0.6140625,0.5671875,0.9609375,0.9421875,0.925,0.890625,0.8703125,0.85,0.8703125,0.8328125,0.7953125,0.759375,0.721875,0.684375,0.6484375,0.6109375,0.8046875,0.778125,0.7515625,0.8015625,0.7734375,0.74375,0.715625,0.6859375,0.6578125,0.628125,0.6,0.7,0.671875,0.64375,0.259375,0.246875,0.240625,0.2375,0.234375,0.29375,0.303125,0.31875,0.1875,0.1875,0.19375,0.21875,0.23125,0.24375,0.278125,0.3,0.328125,0.290625,0.290625,0.29375,0.296875,0.3,0.396875,0.365625,0.3625,0.365625,0.36875,0.36875,0.36875,0.36875,0.36875,0.478125,0.50625,0.525,0.56875,0.590625,0.609375,0.528125,0.525,0.51875,0.51875,0.5125,0.509375,0.50625,0.50625,0.65,0.66875,0.684375,0.603125,0.596875,0.590625,0.5875,0.58125,0.575,0.565625,0.55625,0.709375,0.71875,0.728125,psychodidae_moldova-sandfly-sampling_f_r_8c6473641f9b.png,psychodidae_moldova-sandfly-sampling_f_r_8c6473641f9b.tif,Phlebotomus papatasi
,/Users/kristophernolte/Documents/phd_sandfly/json/psychodidae_moldova-sandfly-sampling_f_r_b2cfe0da8ac1.png,Repaired,1737,right,,,0.6546875,0.7171875,0.8578125,0.9015625,0.9453125,0.9640625,0.9109375,0.84375,0.71875,0.64375,0.5625,0.5265625,0.303125,0.209375,0.25625,0.325,0.409375,0.49375,0.571875,0.646875,0.71875,0.74375,0.528125,0.3625,0.6890625,0.7234375,0.759375,0.79375,0.828125,0.621875,0.5890625,0.55625,0.7515625,0.7875,0.821875,0.8703125,0.8828125,0.8953125,0.915625,0.9296875,0.94375,0.8609375,0.81875,0.7765625,0.7359375,0.69375,0.9625,0.9,0.853125,0.80625,0.759375,0.7140625,0.6671875,0.6203125,0.5734375,0.9578125,0.9421875,0.9265625,0.8984375,0.8796875,0.8625,0.8734375,0.834375,0.7953125,0.75625,0.7171875,0.678125,0.6390625,0.6,0.8125,0.78125,0.75,0.815625,0.784375,0.7515625,0.7203125,0.6890625,0.65625,0.625,0.59375,0.7,0.68125,0.6625,0.271875,0.2625,0.265625,0.2625,0.271875,0.309375,0.31875,0.334375,0.209375,0.209375,0.228125,0.271875,0.284375,0.3,0.334375,0.35625,0.38125,0.325,0.325,0.328125,0.325,0.325,0.446875,0.403125,0.4,0.396875,0.396875,0.390625,0.3875,0.38125,0.38125,0.521875,0.546875,0.5625,0.596875,0.615625,0.628125,0.559375,0.546875,0.540625,0.53125,0.528125,0.525,0.515625,0.5125,0.675,0.69375,0.7125,0.628125,0.628125,0.615625,0.603125,0.59375,0.58125,0.571875,0.559375,0.73125,0.7375,0.740625,psychodidae_moldova-sandfly-sampling_f_r_b2cfe0da8ac1.png,psychodidae_moldova-sandfly-sampling_f_r_b2cfe0da8ac1.tif,Phlebotomus papatasi
,/Users/kristophernolte/Documents/phd_sandfly/json/psychodidae_moldova-sandfly-sampling_f_r_b590b1ebdc56.png,Full Skeleton,1811,right,,,0.5875,0.646875,0.790625,0.8734375,0.91875,0.94375,0.8953125,0.809375,0.7203125,0.6140625,0.509375,0.4625,0.25625,0.14375,0.190625,0.265625,0.3375,0.409375,0.484375,0.578125,0.646875,0.6875,0.475,0.3125,0.61875,0.653125,0.6875,0.721875,0.75625,0.55625,0.525,0.49375,0.6828125,0.7203125,0.75625,0.8125,0.834375,0.85625,0.8859375,0.9,0.9125,0.8265625,0.778125,0.7296875,0.6828125,0.634375,0.9359375,0.86875,0.81875,0.7671875,0.7171875,0.665625,0.615625,0.5640625,0.5140625,0.940625,0.9265625,0.9109375,0.8796875,0.85625,0.8328125,0.853125,0.809375,0.7671875,0.7234375,0.68125,0.6375,0.5953125,0.5515625,0.7890625,0.765625,0.74375,0.7765625,0.74375,0.709375,0.6765625,0.6421875,0.609375,0.575,0.5421875,0.69375,0.6671875,0.640625,0.225,0.215625,0.20625,0.20625,0.2,0.2625,0.275,0.2875,0.14375,0.15,0.1625,0.196875,0.2125,0.228125,0.271875,0.290625,0.309375,0.259375,0.2625,0.26875,0.275,0.275,0.36875,0.340625,0.3375,0.3375,0.3375,0.340625,0.3375,0.334375,0.3375,0.4375,0.4625,0.475,0.51875,0.546875,0.56875,0.48125,0.48125,0.478125,0.471875,0.46875,0.4625,0.459375,0.459375,0.60625,0.621875,0.6375,0.5625,0.553125,0.546875,0.5375,0.53125,0.525,0.515625,0.50625,0.665625,0.675,0.684375,psychodidae_moldova-sandfly-sampling_f_r_b590b1ebdc56.png,psychodidae_moldova-sandfly-sampling_f_r_b590b1ebdc56.tif,Phlebotomus papatasi
,/Users/kristophernolte/Documents/phd_sandfly/json/psychodidae_moldova-sandfly-sampling_f_r_bc3395563f0c.png,Repaired,1680,right,,,0.6375,0.675,0.8125,0.8859375,0.925,0.9515625,0.90625,0.8390625,0.753125,0.6671875,0.5859375,0.5421875,0.2875,0.18125,0.203125,0.265625,0.334375,0.415625,0.503125,0.575,0.640625,0.678125,0.5,0.353125,0.6625,0.69375,0.7234375,0.7546875,0.784375,0.6140625,0.5890625,0.5640625,0.709375,0.74375,0.778125,0.83125,0.85,0.86875,0.896875,0.909375,0.921875,0.8453125,0.803125,0.7625,0.7203125,0.6796875,0.9421875,0.8828125,0.840625,0.7984375,0.75625,0.7125,0.6703125,0.628125,0.5859375,0.9484375,0.9359375,0.921875,0.89375,0.875,0.8578125,0.871875,0.8359375,0.8,0.7640625,0.728125,0.6921875,0.65625,0.6203125,0.821875,0.7984375,0.7765625,0.8109375,0.7828125,0.7546875,0.7265625,0.6984375,0.6703125,0.6421875,0.6140625,0.7328125,0.7109375,0.6890625,0.259375,0.240625,0.234375,0.228125,0.225,0.296875,0.309375,0.321875,0.18125,0.18125,0.1875,0.209375,0.221875,0.2375,0.271875,0.2875,0.309375,0.278125,0.284375,0.2875,0.296875,0.296875,0.36875,0.34375,0.346875,0.35,0.35625,0.35625,0.35625,0.3625,0.3625,0.44375,0.471875,0.49375,0.53125,0.553125,0.56875,0.4875,0.484375,0.48125,0.48125,0.48125,0.478125,0.478125,0.478125,0.603125,0.61875,0.634375,0.5625,0.55625,0.553125,0.546875,0.54375,0.540625,0.534375,0.525,0.659375,0.66875,0.675,psychodidae_moldova-sandfly-sampling_f_r_bc3395563f0c.png,psychodidae_moldova-sandfly-sampling_f_r_bc3395563f0c.tif,Phlebotomus papatasi
,/Users/kristophernolte/Documents/phd_sandfly/json/psychodidae_moldova-sandfly-sampling_f_r_bebfe58145e7.png,Full Skeleton,1796,right,,,0.6390625,0.7015625,0.8109375,0.903125,0.953125,0.975,0.925,0.8203125,0.746875,0.659375,0.54375,0.5140625,0.31875,0.2,0.234375,0.325,0.403125,0.496875,0.58125,0.675,0.73125,0.775,0.55625,0.390625,0.6640625,0.69375,0.7234375,0.753125,0.7828125,0.6078125,0.575,0.54375,0.728125,0.75625,0.784375,0.834375,0.859375,0.8828125,0.9171875,0.93125,0.9453125,0.859375,0.815625,0.771875,0.728125,0.684375,0.971875,0.9046875,0.85625,0.8078125,0.759375,0.709375,0.6609375,0.6125,0.5640625,0.971875,0.95625,0.940625,0.9015625,0.875,0.8484375,0.8828125,0.840625,0.7984375,0.75625,0.7125,0.6703125,0.628125,0.5859375,0.8046875,0.7859375,0.7671875,0.790625,0.759375,0.728125,0.696875,0.665625,0.634375,0.603125,0.571875,0.728125,0.7046875,0.6828125,0.28125,0.271875,0.2625,0.25625,0.253125,0.328125,0.340625,0.35625,0.203125,0.209375,0.215625,0.246875,0.265625,0.290625,0.334375,0.35625,0.375,0.325,0.325,0.328125,0.33125,0.33125,0.446875,0.40625,0.40625,0.40625,0.4125,0.40625,0.403125,0.403125,0.403125,0.525,0.55,0.571875,0.615625,0.6375,0.6625,0.56875,0.5625,0.55625,0.55,0.54375,0.5375,0.5375,0.5375,0.696875,0.7125,0.725,0.653125,0.640625,0.634375,0.625,0.61875,0.609375,0.596875,0.584375,0.753125,0.7625,0.771875,psychodidae_moldova-sandfly-sampling_f_r_bebfe58145e7.png,psychodidae_moldova-sandfly-sampling_f_r_bebfe58145e7.tif,Phlebotomus papatasi
,/Users/kristophernolte/Documents/phd_sandfly/json/psychodidae_moldova-sandfly-sampling_f_r_ce8cb476cd49.png,Full Skeleton,1700,right,,,0.6734375,0.7234375,0.8546875,0.928125,0.971875,0.9890625,0.9359375,0.85625,0.759375,0.6875,0.5953125,0.5515625,0.328125,0.221875,0.271875,0.353125,0.446875,0.521875,0.60625,0.66875,0.7125,0.734375,0.53125,0.378125,0.7015625,0.7328125,0.7625,0.79375,0.8234375,0.64375,0.6125,0.58125,0.75625,0.7890625,0.821875,0.8734375,0.8921875,0.9109375,0.940625,0.9546875,0.9671875,0.8859375,0.84375,0.8,0.7578125,0.715625,0.984375,0.925,0.878125,0.83125,0.784375,0.7375,0.690625,0.64375,0.596875,0.9859375,0.96875,0.953125,0.9171875,0.896875,0.8765625,0.9,0.8625,0.8234375,0.7859375,0.7484375,0.709375,0.671875,0.634375,0.8328125,0.8078125,0.784375,0.8296875,0.8,0.7703125,0.740625,0.7109375,0.68125,0.6515625,0.621875,0.7421875,0.7234375,0.70625,0.303125,0.29375,0.290625,0.2875,0.2875,0.334375,0.34375,0.353125,0.228125,0.234375,0.24375,0.284375,0.3,0.321875,0.36875,0.39375,0.41875,0.3625,0.359375,0.359375,0.359375,0.353125,0.48125,0.44375,0.434375,0.428125,0.425,0.415625,0.4125,0.403125,0.4,0.553125,0.578125,0.59375,0.628125,0.646875,0.659375,0.578125,0.56875,0.5625,0.55,0.540625,0.53125,0.525,0.51875,0.6875,0.696875,0.70625,0.64375,0.63125,0.621875,0.609375,0.6,0.5875,0.578125,0.565625,0.725,0.73125,0.734375,psychodidae_moldova-sandfly-sampling_f_r_ce8cb476cd49.png,psychodidae_moldova-sandfly-sampling_f_r_ce8cb476cd49.tif,Phlebotomus papatasi
,/Users/kristophernolte/Documents/phd_sandfly/json/psychodidae_moldova-sandfly-sampling_f_r_d1139baf42b9.png,Full Skeleton,1841,right,,,0.64375,0.678125,0.8203125,0.9015625,0.95625,0.978125,0.9296875,0.834375,0.7421875,0.6328125,0.5546875,0.5046875,0.25,0.153125,0.190625,0.2625,0.35,0.43125,0.525,0.596875,0.6625,0.703125,0.48125,0.31875,0.671875,0.7015625,0.73125,0.7609375,0.790625,0.609375,0.5734375,0.5375,0.7140625,0.75,0.7859375,0.840625,0.8625,0.8828125,0.915625,0.93125,0.946875,0.859375,0.815625,0.771875,0.7296875,0.6859375,0.975,0.90625,0.85625,0.80625,0.75625,0.7046875,0.6546875,0.6046875,0.5546875,0.9765625,0.9609375,0.9453125,0.9078125,0.8828125,0.859375,0.8890625,0.846875,0.8046875,0.7625,0.7203125,0.678125,0.6359375,0.59375,0.8125,0.7890625,0.765625,0.8046875,0.7734375,0.7421875,0.7109375,0.6796875,0.6484375,0.6171875,0.5859375,0.7171875,0.6890625,0.6609375,0.221875,0.2125,0.209375,0.20625,0.20625,0.259375,0.26875,0.284375,0.15,0.159375,0.16875,0.2,0.21875,0.234375,0.275,0.296875,0.31875,0.271875,0.275,0.275,0.275,0.271875,0.3875,0.35,0.346875,0.34375,0.340625,0.340625,0.3375,0.334375,0.3375,0.4625,0.4875,0.509375,0.553125,0.565625,0.584375,0.503125,0.49375,0.484375,0.478125,0.475,0.46875,0.465625,0.4625,0.61875,0.6375,0.65625,0.578125,0.565625,0.55625,0.55,0.540625,0.53125,0.521875,0.509375,0.68125,0.690625,0.7,psychodidae_moldova-sandfly-sampling_f_r_d1139baf42b9.png,psychodidae_moldova-sandfly-sampling_f_r_d1139baf42b9.tif,Phlebotomus papatasi
,/Users/kristophernolte/Documents/phd_sandfly/json/psychodidae_moldova-sandfly-sampling_f_r_d9fe6cb735dc.png,Full Skeleton,1761,right,,,0.628125,0.6703125,0.7984375,0.890625,0.940625,0.9640625,0.9125,0.8375,0.7359375,0.64375,0.5328125,0.49375,0.284375,0.178125,0.2,0.284375,0.375,0.459375,0.546875,0.621875,0.69375,0.734375,0.51875,0.35625,0.65625,0.684375,0.7140625,0.7421875,0.7703125,0.5953125,0.5609375,0.5265625,0.7015625,0.734375,0.7671875,0.821875,0.846875,0.871875,0.9046875,0.91875,0.9328125,0.846875,0.803125,0.759375,0.715625,0.671875,0.959375,0.8921875,0.8421875,0.7921875,0.7421875,0.6921875,0.6421875,0.5921875,0.5421875,0.9640625,0.946875,0.9296875,0.896875,0.8765625,0.8578125,0.871875,0.8296875,0.7875,0.7453125,0.703125,0.6609375,0.61875,0.5765625,0.8140625,0.7875,0.7625,0.8046875,0.7703125,0.7359375,0.7015625,0.6671875,0.6328125,0.5984375,0.5640625,0.7140625,0.690625,0.6671875,0.25625,0.240625,0.23125,0.225,0.21875,0.29375,0.30625,0.321875,0.175,0.178125,0.184375,0.20625,0.228125,0.25,0.3,0.31875,0.34375,0.284375,0.2875,0.29375,0.3,0.303125,0.415625,0.36875,0.36875,0.36875,0.36875,0.371875,0.371875,0.371875,0.375,0.490625,0.515625,0.5375,0.575,0.590625,0.609375,0.525,0.515625,0.5125,0.50625,0.503125,0.5,0.5,0.5,0.65,0.665625,0.684375,0.603125,0.59375,0.5875,0.58125,0.575,0.571875,0.5625,0.553125,0.709375,0.71875,0.725,psychodidae_moldova-sandfly-sampling_f_r_d9fe6cb735dc.png,psychodidae_moldova-sandfly-sampling_f_r_d9fe6cb735dc.tif,Phlebotomus papatasi
,/Users/kristophernolte/Documents/phd_sandfly/json/psychodidae_moldova-sandfly-sampling_f_r_db508bf2abfa.png,Full Skeleton,1734,right,,,0.6546875,0.7015625,0.83125,0.8875,0.9390625,0.9625,0.9125,0.846875,0.7515625,0.653125,0.5828125,0.528125,0.253125,0.14375,0.1875,0.25625,0.33125,0.425,0.509375,0.590625,0.665625,0.70625,0.49375,0.325,0.6828125,0.7140625,0.74375,0.775,0.8046875,0.6234375,0.590625,0.559375,0.734375,0.7671875,0.8,0.8453125,0.8609375,0.8765625,0.9015625,0.915625,0.9296875,0.85,0.8109375,0.771875,0.7328125,0.69375,0.9578125,0.89375,0.8484375,0.8015625,0.75625,0.7109375,0.6640625,0.61875,0.5734375,0.9578125,0.9421875,0.928125,0.9015625,0.8828125,0.865625,0.8765625,0.8390625,0.803125,0.765625,0.7296875,0.6921875,0.65625,0.61875,0.8265625,0.8015625,0.7765625,0.81875,0.7890625,0.759375,0.7296875,0.7,0.6703125,0.640625,0.6109375,0.728125,0.703125,0.678125,0.221875,0.20625,0.2,0.2,0.2,0.2625,0.278125,0.290625,0.14375,0.146875,0.1625,0.196875,0.209375,0.228125,0.2625,0.278125,0.3,0.25625,0.259375,0.265625,0.271875,0.26875,0.375,0.3375,0.3375,0.340625,0.3375,0.340625,0.340625,0.34375,0.34375,0.453125,0.48125,0.5,0.5375,0.559375,0.58125,0.496875,0.490625,0.4875,0.48125,0.478125,0.475,0.471875,0.475,0.621875,0.640625,0.659375,0.575,0.56875,0.5625,0.55625,0.55,0.540625,0.534375,0.521875,0.684375,0.69375,0.70625,psychodidae_moldova-sandfly-sampling_f_r_db508bf2abfa.png,psychodidae_moldova-sandfly-sampling_f_r_db508bf2abfa.tif,Phlebotomus papatasi
,/Users/kristophernolte/Documents/phd_sandfly/json/psychodidae_moldova-sandfly-sampling_f_r_dc0add3f2361.png,Full Skeleton,1768,right,,,0.653125,0.70625,0.8484375,0.9015625,0.940625,0.9625,0.9203125,0.853125,0.7671875,0.6671875,0.578125,0.5265625,0.365625,0.25,0.309375,0.375,0.44375,0.521875,0.6,0.68125,0.74375,0.784375,0.59375,0.4375,0.6828125,0.715625,0.75,0.7828125,0.815625,0.621875,0.5890625,0.5578125,0.7421875,0.778125,0.8140625,0.8625,0.878125,0.8921875,0.9125,0.925,0.9359375,0.8609375,0.81875,0.7765625,0.7359375,0.69375,0.95625,0.8953125,0.85,0.803125,0.7578125,0.7109375,0.665625,0.61875,0.5734375,0.959375,0.946875,0.934375,0.9078125,0.8890625,0.871875,0.8828125,0.8453125,0.80625,0.76875,0.7296875,0.6921875,0.653125,0.615625,0.8328125,0.8109375,0.7890625,0.825,0.79375,0.7625,0.73125,0.7015625,0.6703125,0.6390625,0.6078125,0.74375,0.71875,0.69375,0.33125,0.31875,0.309375,0.309375,0.315625,0.375,0.3875,0.40625,0.25625,0.259375,0.275,0.315625,0.328125,0.346875,0.38125,0.4,0.41875,0.375,0.378125,0.38125,0.38125,0.384375,0.478125,0.44375,0.446875,0.446875,0.45,0.446875,0.446875,0.446875,0.45,0.546875,0.571875,0.590625,0.628125,0.65,0.671875,0.5875,0.584375,0.58125,0.578125,0.578125,0.578125,0.571875,0.575,0.70625,0.721875,0.7375,0.659375,0.653125,0.65,0.64375,0.640625,0.6375,0.63125,0.621875,0.7625,0.771875,0.78125,psychodidae_moldova-sandfly-sampling_f_r_dc0add3f2361.png,psychodidae_moldova-sandfly-sampling_f_r_dc0add3f2361.tif,Phlebotomus papatasi
,/Users/kristophernolte/Documents/phd_sandfly/json/psychodidae_moldova-sandfly-sampling_f_r_ddabfcd57d46.png,Full Skeleton,1831,right,,,0.6375,0.684375,0.8203125,0.8921875,0.9390625,0.9609375,0.9078125,0.8328125,0.74375,0.6109375,0.5484375,0.5015625,0.2625,0.1625,0.203125,0.26875,0.359375,0.43125,0.53125,0.6125,0.68125,0.73125,0.503125,0.33125,0.6671875,0.6984375,0.728125,0.759375,0.7890625,0.6046875,0.5703125,0.5359375,0.71875,0.7546875,0.7890625,0.8390625,0.8578125,0.8765625,0.90625,0.921875,0.934375,0.85,0.80625,0.7640625,0.7203125,0.678125,0.95625,0.890625,0.8421875,0.79375,0.7453125,0.6953125,0.646875,0.5984375,0.55,0.9578125,0.9421875,0.925,0.89375,0.8734375,0.853125,0.86875,0.828125,0.7890625,0.7484375,0.709375,0.66875,0.6296875,0.5890625,0.8140625,0.790625,0.7671875,0.8015625,0.7703125,0.7375,0.70625,0.6734375,0.6421875,0.609375,0.578125,0.7109375,0.678125,0.6453125,0.2375,0.225,0.215625,0.215625,0.2125,0.275,0.2875,0.303125,0.15625,0.159375,0.175,0.209375,0.221875,0.2375,0.278125,0.303125,0.328125,0.278125,0.28125,0.2875,0.2875,0.2875,0.390625,0.353125,0.35625,0.353125,0.35625,0.35625,0.353125,0.353125,0.353125,0.4625,0.490625,0.51875,0.559375,0.584375,0.603125,0.5125,0.50625,0.503125,0.496875,0.49375,0.490625,0.4875,0.4875,0.6375,0.65625,0.671875,0.59375,0.5875,0.578125,0.571875,0.565625,0.559375,0.55,0.5375,0.703125,0.71875,0.728125,psychodidae_moldova-sandfly-sampling_f_r_ddabfcd57d46.png,psychodidae_moldova-sandfly-sampling_f_r_ddabfcd57d46.tif,Phlebotomus papatasi
,/Users/kristophernolte/Documents/phd_sandfly/json/psychodidae_sandlfy-regional-sampling-spain_f_l_2bfc61e02c93.png,Repaired,1527,right,,,0.6296875,0.6671875,0.7859375,0.853125,0.9109375,0.9296875,0.8828125,0.8125,0.7203125,0.6359375,0.559375,0.5296875,0.359375,0.2625,0.296875,0.35625,0.421875,0.496875,0.56875,0.634375,0.690625,0.725,0.546875,0.415625,0.6546875,0.68125,0.7078125,0.734375,0.7609375,0.6046875,0.5796875,0.5546875,0.696875,0.7265625,0.75625,0.803125,0.8203125,0.8375,0.86875,0.8828125,0.8984375,0.8171875,0.7796875,0.7421875,0.7046875,0.6671875,0.925,0.86875,0.8265625,0.784375,0.7421875,0.7,0.6578125,0.615625,0.5734375,0.925,0.9109375,0.896875,0.865625,0.8484375,0.83125,0.85,0.8140625,0.7765625,0.740625,0.703125,0.6671875,0.6296875,0.59375,0.790625,0.7671875,0.74375,0.784375,0.75625,0.728125,0.7,0.671875,0.64375,0.615625,0.5875,0.7,0.678125,0.6578125,0.334375,0.325,0.31875,0.315625,0.315625,0.36875,0.378125,0.390625,0.2625,0.26875,0.28125,0.30625,0.315625,0.3375,0.3625,0.378125,0.39375,0.371875,0.371875,0.375,0.378125,0.378125,0.453125,0.428125,0.43125,0.434375,0.434375,0.4375,0.4375,0.434375,0.43125,0.521875,0.546875,0.559375,0.590625,0.60625,0.625,0.546875,0.546875,0.546875,0.54375,0.540625,0.5375,0.534375,0.53125,0.659375,0.671875,0.684375,0.615625,0.6125,0.60625,0.6,0.59375,0.5875,0.58125,0.571875,0.70625,0.715625,0.721875,psychodidae_sandlfy-regional-sampling-spain_f_l_2bfc61e02c93.png,psychodidae_sandlfy-regional-sampling-spain_f_l_2bfc61e02c93.tif,Phlebotomus papatasi
